{"id":"1573211494325-d1ef9a82-89e4-4890-ae34-808619f6b7ab","testOrder":["org.apache.dubbo.common.serialize.fst.FstObjectOutputTest.testWriteNullBytes","org.apache.dubbo.common.serialize.fst.FstObjectOutputTest.testWriteBytes","org.apache.dubbo.common.serialize.fst.FstObjectOutputTest.testWriteFloat","org.apache.dubbo.common.serialize.fst.FstObjectOutputTest.testWriteShort","org.apache.dubbo.common.serialize.fst.FstObjectOutputTest.testWriteInt","org.apache.dubbo.common.serialize.fst.FstObjectOutputTest.testWriteUTF","org.apache.dubbo.common.serialize.fst.FstObjectOutputTest.testWriteNullBytesWithSubLength","org.apache.dubbo.common.serialize.fst.FstObjectOutputTest.testWriteBool","org.apache.dubbo.common.serialize.fst.FstObjectOutputTest.testWriteByte","org.apache.dubbo.common.serialize.fst.FstObjectOutputTest.testWriteEnum","org.apache.dubbo.common.serialize.fst.FstObjectOutputTest.testWriteLong","org.apache.dubbo.common.serialize.fst.FstObjectOutputTest.testWriteBytesWithSubLength","org.apache.dubbo.common.serialize.fst.FstObjectOutputTest.testWriteDouble","org.apache.dubbo.common.serialize.fst.FstObjectOutputTest.testWriteObject","org.apache.dubbo.common.serialize.fst.FstObjectInputTest.testEmptyByteArrayForEmptyInput"],"results":{"org.apache.dubbo.common.serialize.fst.FstObjectOutputTest.testWriteByte":{"name":"org.apache.dubbo.common.serialize.fst.FstObjectOutputTest.testWriteByte","result":"PASS","time":0.001716539,"stackTrace":[]},"org.apache.dubbo.common.serialize.fst.FstObjectOutputTest.testWriteUTF":{"name":"org.apache.dubbo.common.serialize.fst.FstObjectOutputTest.testWriteUTF","result":"PASS","time":0.001518176,"stackTrace":[]},"org.apache.dubbo.common.serialize.fst.FstObjectOutputTest.testWriteDouble":{"name":"org.apache.dubbo.common.serialize.fst.FstObjectOutputTest.testWriteDouble","result":"PASS","time":0.001850364,"stackTrace":[]},"org.apache.dubbo.common.serialize.fst.FstObjectOutputTest.testWriteEnum":{"name":"org.apache.dubbo.common.serialize.fst.FstObjectOutputTest.testWriteEnum","result":"PASS","time":0.013024001,"stackTrace":[]},"org.apache.dubbo.common.serialize.fst.FstObjectOutputTest.testWriteNullBytes":{"name":"org.apache.dubbo.common.serialize.fst.FstObjectOutputTest.testWriteNullBytes","result":"PASS","time":0.533034884,"stackTrace":[]},"org.apache.dubbo.common.serialize.fst.FstObjectOutputTest.testWriteInt":{"name":"org.apache.dubbo.common.serialize.fst.FstObjectOutputTest.testWriteInt","result":"PASS","time":0.001060334,"stackTrace":[]},"org.apache.dubbo.common.serialize.fst.FstObjectOutputTest.testWriteLong":{"name":"org.apache.dubbo.common.serialize.fst.FstObjectOutputTest.testWriteLong","result":"PASS","time":0.001444209,"stackTrace":[]},"org.apache.dubbo.common.serialize.fst.FstObjectOutputTest.testWriteNullBytesWithSubLength":{"name":"org.apache.dubbo.common.serialize.fst.FstObjectOutputTest.testWriteNullBytesWithSubLength","result":"PASS","time":0.00138463,"stackTrace":[]},"org.apache.dubbo.common.serialize.fst.FstObjectOutputTest.testWriteShort":{"name":"org.apache.dubbo.common.serialize.fst.FstObjectOutputTest.testWriteShort","result":"PASS","time":0.00169775,"stackTrace":[]},"org.apache.dubbo.common.serialize.fst.FstObjectInputTest.testEmptyByteArrayForEmptyInput":{"name":"org.apache.dubbo.common.serialize.fst.FstObjectInputTest.testEmptyByteArrayForEmptyInput","result":"PASS","time":0.001163427,"stackTrace":[]},"org.apache.dubbo.common.serialize.fst.FstObjectOutputTest.testWriteFloat":{"name":"org.apache.dubbo.common.serialize.fst.FstObjectOutputTest.testWriteFloat","result":"PASS","time":0.001610023,"stackTrace":[]},"org.apache.dubbo.common.serialize.fst.FstObjectOutputTest.testWriteBytes":{"name":"org.apache.dubbo.common.serialize.fst.FstObjectOutputTest.testWriteBytes","result":"PASS","time":0.00802637,"stackTrace":[]},"org.apache.dubbo.common.serialize.fst.FstObjectOutputTest.testWriteBytesWithSubLength":{"name":"org.apache.dubbo.common.serialize.fst.FstObjectOutputTest.testWriteBytesWithSubLength","result":"PASS","time":0.001287264,"stackTrace":[]},"org.apache.dubbo.common.serialize.fst.FstObjectOutputTest.testWriteObject":{"name":"org.apache.dubbo.common.serialize.fst.FstObjectOutputTest.testWriteObject","result":"PASS","time":0.012063686,"stackTrace":[]},"org.apache.dubbo.common.serialize.fst.FstObjectOutputTest.testWriteBool":{"name":"org.apache.dubbo.common.serialize.fst.FstObjectOutputTest.testWriteBool","result":"PASS","time":0.001665761,"stackTrace":[]}},"diffs":{}}