{"time":{"startTime":1574117722849,"endTime":1574121655663,"elapsedSeconds":3932.8140001296997},"expectedRun":{"id":"1574117690228-bd1ce0d8-d6d3-4f3a-9066-ae6bf511c24b","testOrder":["com.github.kevinsawicki.http.EncodeTest.encode","com.github.kevinsawicki.http.EncodeTest.encodeMalformedUri","com.github.kevinsawicki.http.HttpRequestTest.appendListQueryParams","com.github.kevinsawicki.http.HttpRequestTest.sendWithWriter","com.github.kevinsawicki.http.HttpRequestTest.getError","com.github.kevinsawicki.http.HttpRequestTest.getNonGzippedWithUncompressEnabled","com.github.kevinsawicki.http.HttpRequestTest.receivePrintStream","com.github.kevinsawicki.http.HttpRequestTest.appendWithNullMappedQueryParamValues","com.github.kevinsawicki.http.HttpRequestTest.optionsUrlEmpty","com.github.kevinsawicki.http.HttpRequestTest.appendEmptyMappedQueryParams","com.github.kevinsawicki.http.HttpRequestTest.sendErrorCloseStream","com.github.kevinsawicki.http.HttpRequestTest.getGzipped","com.github.kevinsawicki.http.HttpRequestTest.getUrlEncodedWithUnicode","com.github.kevinsawicki.http.HttpRequestTest.acceptCharsetHeader","com.github.kevinsawicki.http.HttpRequestTest.postMultipleFiles","com.github.kevinsawicki.http.HttpRequestTest.getAllHeaders","com.github.kevinsawicki.http.HttpRequestTest.nullUploadProgress","com.github.kevinsawicki.http.HttpRequestTest.singleSslSocketFactory","com.github.kevinsawicki.http.HttpRequestTest.getHeaders","com.github.kevinsawicki.http.HttpRequestTest.uploadProgressSendByteArray","com.github.kevinsawicki.http.HttpRequestTest.appendWithVarargsQueryParamsWithExistingParams","com.github.kevinsawicki.http.HttpRequestTest.emptyHeaders","com.github.kevinsawicki.http.HttpRequestTest.requestContentType","com.github.kevinsawicki.http.HttpRequestTest.badRequestCode","com.github.kevinsawicki.http.HttpRequestTest.getMultipleParameters","com.github.kevinsawicki.http.HttpRequestTest.getWithEscapedVarargsQueryParams","com.github.kevinsawicki.http.HttpRequestTest.appendVarargsQueryParmasWithNoPath","com.github.kevinsawicki.http.HttpRequestTest.appendMappedQueryParamsWithExistingQueryStart","com.github.kevinsawicki.http.HttpRequestTest.putUrlEmpty","com.github.kevinsawicki.http.HttpRequestTest.appendMultipleMappedQueryParams","com.github.kevinsawicki.http.HttpRequestTest.putWithVarargsQueryParams","com.github.kevinsawicki.http.HttpRequestTest.serverErrorCode","com.github.kevinsawicki.http.HttpRequestTest.singleVerifier","com.github.kevinsawicki.http.HttpRequestTest.traceUrlEmpty","com.github.kevinsawicki.http.HttpRequestTest.contentEncodingHeader","com.github.kevinsawicki.http.HttpRequestTest.getWithMappedQueryParams","com.github.kevinsawicki.http.HttpRequestTest.sendErrorReadStream","com.github.kevinsawicki.http.HttpRequestTest.malformedStringUrlCause","com.github.kevinsawicki.http.HttpRequestTest.getWithResponseCharsetAsSecondParam","com.github.kevinsawicki.http.HttpRequestTest.getMultipleParametersQuoted","com.github.kevinsawicki.http.HttpRequestTest.postWithEscapedVarargsQueryParams","com.github.kevinsawicki.http.HttpRequestTest.postFormAsEntries","com.github.kevinsawicki.http.HttpRequestTest.postUrlEmpty","com.github.kevinsawicki.http.HttpRequestTest.getEmptyParameters","com.github.kevinsawicki.http.HttpRequestTest.ifModifiedSinceHeader","com.github.kevinsawicki.http.HttpRequestTest.appendMappedQueryParamsWithPath","com.github.kevinsawicki.http.HttpRequestTest.malformedIntHeader","com.github.kevinsawicki.http.HttpRequestTest.postNonEmptyString","com.github.kevinsawicki.http.HttpRequestTest.sendDateHeaderWithoutCode","com.github.kevinsawicki.http.HttpRequestTest.headEmpty","com.github.kevinsawicki.http.HttpRequestTest.streamOfEmptyOkResponse","com.github.kevinsawicki.http.HttpRequestTest.missingIntHeader","com.github.kevinsawicki.http.HttpRequestTest.malformedStringUrl","com.github.kevinsawicki.http.HttpRequestTest.getBytes","com.github.kevinsawicki.http.HttpRequestTest.postWithMappedQueryParams","com.github.kevinsawicki.http.HttpRequestTest.headUrlEmpty","com.github.kevinsawicki.http.HttpRequestTest.uploadProgressSendReader","com.github.kevinsawicki.http.HttpRequestTest.chunkPost","com.github.kevinsawicki.http.HttpRequestTest.getToOutputCode","com.github.kevinsawicki.http.HttpRequestTest.deleteWithEscapedMappedQueryParams","com.github.kevinsawicki.http.HttpRequestTest.requestContentTypeNullCharset","com.github.kevinsawicki.http.HttpRequestTest.getMissingParameter","com.github.kevinsawicki.http.HttpRequestTest.appendVarargsQueryParamsWithPath","com.github.kevinsawicki.http.HttpRequestTest.getToOutputBody","com.github.kevinsawicki.http.HttpRequestTest.appendMultipleVarargsQueryParams","com.github.kevinsawicki.http.HttpRequestTest.appendMappedQueryParamsWithNoPath","com.github.kevinsawicki.http.HttpRequestTest.getNoContent","com.github.kevinsawicki.http.HttpRequestTest.sendIntHeaderWithoutCode","com.github.kevinsawicki.http.HttpRequestTest.nullConnectionFactory","com.github.kevinsawicki.http.HttpRequestTest.getReaderWithCharset","com.github.kevinsawicki.http.HttpRequestTest.requestContentTypeEmptyCharset","com.github.kevinsawicki.http.HttpRequestTest.appendVarargsQueryParamsWithExistingQueryStart","com.github.kevinsawicki.http.HttpRequestTest.cacheControlHeader","com.github.kevinsawicki.http.HttpRequestTest.dateHeader","com.github.kevinsawicki.http.HttpRequestTest.postNonEmptyByteArray","com.github.kevinsawicki.http.HttpRequestTest.acceptJson","com.github.kevinsawicki.http.HttpRequestTest.appendWithNullVaragsQueryParamValues","com.github.kevinsawicki.http.HttpRequestTest.getWithResponseCharset","com.github.kevinsawicki.http.HttpRequestTest.sendReceiveWithoutCode","com.github.kevinsawicki.http.HttpRequestTest.postWithVaragsQueryParams","com.github.kevinsawicki.http.HttpRequestTest.notModifiedCode","com.github.kevinsawicki.http.HttpRequestTest.getSingleParameterQuoted","com.github.kevinsawicki.http.HttpRequestTest.postWithNumericQueryParams","com.github.kevinsawicki.http.HttpRequestTest.getSingleParameter","com.github.kevinsawicki.http.HttpRequestTest.headWithMappedQueryParams","com.github.kevinsawicki.http.HttpRequestTest.deleteWithMappedQueryParams","com.github.kevinsawicki.http.HttpRequestTest.customConnectionFactory","com.github.kevinsawicki.http.HttpRequestTest.getUrlEncodedWithPercent","com.github.kevinsawicki.http.HttpRequestTest.receiveAppendable","com.github.kevinsawicki.http.HttpRequestTest.acceptEncodingHeader","com.github.kevinsawicki.http.HttpRequestTest.getEmpty","com.github.kevinsawicki.http.HttpRequestTest.getToOutputBodyWithCharset","com.github.kevinsawicki.http.HttpRequestTest.eTagHeader","com.github.kevinsawicki.http.HttpRequestTest.deleteUrlEmpty","com.github.kevinsawicki.http.HttpRequestTest.getUrlEncodedWithSpace","com.github.kevinsawicki.http.HttpRequestTest.postFormEntryWithNullValue","com.github.kevinsawicki.http.HttpRequestTest.getWithEscapedMappedQueryParams","com.github.kevinsawicki.http.HttpRequestTest.bodyOfNonEmptyErrorResponse","com.github.kevinsawicki.http.HttpRequestTest.postFormWithNoCharset","com.github.kevinsawicki.http.HttpRequestTest.appendNullVaragsQueryParams","com.github.kevinsawicki.http.HttpRequestTest.headers","com.github.kevinsawicki.http.HttpRequestTest.deleteWithEscapedVarargsQueryParams","com.github.kevinsawicki.http.HttpRequestTest.headWithEscapedVarargsQueryParams","com.github.kevinsawicki.http.HttpRequestTest.getReader","com.github.kevinsawicki.http.HttpRequestTest.postMultipart","com.github.kevinsawicki.http.HttpRequestTest.getMixQuotedParameters","com.github.kevinsawicki.http.HttpRequestTest.appendOddNumberOfParams","com.github.kevinsawicki.http.HttpRequestTest.verifierAccepts","com.github.kevinsawicki.http.HttpRequestTest.putWithMappedQueryParams","com.github.kevinsawicki.http.HttpRequestTest.postEmpty","com.github.kevinsawicki.http.HttpRequestTest.getEmptyHeaders","com.github.kevinsawicki.http.HttpRequestTest.refererHeader","com.github.kevinsawicki.http.HttpRequestTest.missingDateHeader","com.github.kevinsawicki.http.HttpRequestTest.postEmptyForm","com.github.kevinsawicki.http.HttpRequestTest.httpTrust","com.github.kevinsawicki.http.HttpRequestTest.basicAuthentication","com.github.kevinsawicki.http.HttpRequestTest.postWithLength","com.github.kevinsawicki.http.HttpRequestTest.getNonEmptyString","com.github.kevinsawicki.http.HttpRequestTest.uploadProgressSendInputStream","com.github.kevinsawicki.http.HttpRequestTest.headWithVaragsQueryParams","com.github.kevinsawicki.http.HttpRequestTest.basicProxyAuthentication","com.github.kevinsawicki.http.HttpRequestTest.acceptHeader","com.github.kevinsawicki.http.HttpRequestTest.putEmpty","com.github.kevinsawicki.http.HttpRequestTest.httpsTrust","com.github.kevinsawicki.http.HttpRequestTest.bodyOfEmptyErrorResponse","com.github.kevinsawicki.http.HttpRequestTest.noError","com.github.kevinsawicki.http.HttpRequestTest.ifNoneMatchHeader","com.github.kevinsawicki.http.HttpRequestTest.getEmptyParameter","com.github.kevinsawicki.http.HttpRequestTest.sendHeadersWithoutCode","com.github.kevinsawicki.http.HttpRequestTest.getParameterFromMissingHeader","com.github.kevinsawicki.http.HttpRequestTest.putWithEscapedVarargsQueryParams","com.github.kevinsawicki.http.HttpRequestTest.negativeBufferSize","com.github.kevinsawicki.http.HttpRequestTest.contentTypeHeader","com.github.kevinsawicki.http.HttpRequestTest.postWithEscapedMappedQueryParams","com.github.kevinsawicki.http.HttpRequestTest.expiresHeader","com.github.kevinsawicki.http.HttpRequestTest.receiveWriter","com.github.kevinsawicki.http.HttpRequestTest.putWithEscapedMappedQueryParams","com.github.kevinsawicki.http.HttpRequestTest.locationHeader","com.github.kevinsawicki.http.HttpRequestTest.postNonEmptyFile","com.github.kevinsawicki.http.HttpRequestTest.receiveFile","com.github.kevinsawicki.http.HttpRequestTest.appendNullMappedQueryParams","com.github.kevinsawicki.http.HttpRequestTest.userAgentHeader","com.github.kevinsawicki.http.HttpRequestTest.getWithVarargsQueryParams","com.github.kevinsawicki.http.HttpRequestTest.postForm","com.github.kevinsawicki.http.HttpRequestTest.optionsEmpty","com.github.kevinsawicki.http.HttpRequestTest.getParameters","com.github.kevinsawicki.http.HttpRequestTest.appendMappedQueryParamsWithExistingParams","com.github.kevinsawicki.http.HttpRequestTest.numberHeader","com.github.kevinsawicki.http.HttpRequestTest.deleteEmpty","com.github.kevinsawicki.http.HttpRequestTest.getBufferedReader","com.github.kevinsawicki.http.HttpRequestTest.appendArrayQueryParams","com.github.kevinsawicki.http.HttpRequestTest.uploadProgressSend","com.github.kevinsawicki.http.HttpRequestTest.headWithEscapedMappedQueryParams","com.github.kevinsawicki.http.HttpRequestTest.lastModifiedHeader","com.github.kevinsawicki.http.HttpRequestTest.traceEmpty","com.github.kevinsawicki.http.HttpRequestTest.serverHeader","com.github.kevinsawicki.http.HttpRequestTest.postMultipartWithContentType","com.github.kevinsawicki.http.HttpRequestTest.postNonEmptyReader","com.github.kevinsawicki.http.HttpRequestTest.getQuotedParameters","com.github.kevinsawicki.http.HttpRequestTest.deleteWithVarargsQueryParams","com.github.kevinsawicki.http.HttpRequestTest.getUrlEmpty","com.github.kevinsawicki.http.HttpRequestTest.appendEmptyVarargsQueryParams","com.github.kevinsawicki.http.HttpRequestTest.malformedDateHeader"],"results":{"com.github.kevinsawicki.http.HttpRequestTest.headUrlEmpty":{"name":"com.github.kevinsawicki.http.HttpRequestTest.headUrlEmpty","result":"PASS","time":0.013877679,"stackTrace":[]},"com.github.kevinsawicki.http.HttpRequestTest.postMultipart":{"name":"com.github.kevinsawicki.http.HttpRequestTest.postMultipart","result":"PASS","time":0.03377813,"stackTrace":[]},"com.github.kevinsawicki.http.HttpRequestTest.receivePrintStream":{"name":"com.github.kevinsawicki.http.HttpRequestTest.receivePrintStream","result":"PASS","time":0.030493401,"stackTrace":[]},"com.github.kevinsawicki.http.HttpRequestTest.postWithVaragsQueryParams":{"name":"com.github.kevinsawicki.http.HttpRequestTest.postWithVaragsQueryParams","result":"PASS","time":0.020333358,"stackTrace":[]},"com.github.kevinsawicki.http.HttpRequestTest.missingIntHeader":{"name":"com.github.kevinsawicki.http.HttpRequestTest.missingIntHeader","result":"PASS","time":0.21547432,"stackTrace":[]},"com.github.kevinsawicki.http.HttpRequestTest.deleteWithMappedQueryParams":{"name":"com.github.kevinsawicki.http.HttpRequestTest.deleteWithMappedQueryParams","result":"PASS","time":0.014361016,"stackTrace":[]},"com.github.kevinsawicki.http.HttpRequestTest.postMultipartWithContentType":{"name":"com.github.kevinsawicki.http.HttpRequestTest.postMultipartWithContentType","result":"PASS","time":0.031969462,"stackTrace":[]},"com.github.kevinsawicki.http.HttpRequestTest.ifModifiedSinceHeader":{"name":"com.github.kevinsawicki.http.HttpRequestTest.ifModifiedSinceHeader","result":"PASS","time":0.03828391,"stackTrace":[]},"com.github.kevinsawicki.http.HttpRequestTest.serverErrorCode":{"name":"com.github.kevinsawicki.http.HttpRequestTest.serverErrorCode","result":"PASS","time":0.020993056,"stackTrace":[]},"com.github.kevinsawicki.http.HttpRequestTest.appendWithNullMappedQueryParamValues":{"name":"com.github.kevinsawicki.http.HttpRequestTest.appendWithNullMappedQueryParamValues","result":"PASS","time":0.006873219,"stackTrace":[]},"com.github.kevinsawicki.http.HttpRequestTest.getMultipleParametersQuoted":{"name":"com.github.kevinsawicki.http.HttpRequestTest.getMultipleParametersQuoted","result":"PASS","time":0.016202581,"stackTrace":[]},"com.github.kevinsawicki.http.HttpRequestTest.getWithEscapedVarargsQueryParams":{"name":"com.github.kevinsawicki.http.HttpRequestTest.getWithEscapedVarargsQueryParams","result":"PASS","time":0.060313764,"stackTrace":[]},"com.github.kevinsawicki.http.HttpRequestTest.acceptEncodingHeader":{"name":"com.github.kevinsawicki.http.HttpRequestTest.acceptEncodingHeader","result":"PASS","time":0.022905097,"stackTrace":[]},"com.github.kevinsawicki.http.HttpRequestTest.httpsTrust":{"name":"com.github.kevinsawicki.http.HttpRequestTest.httpsTrust","result":"PASS","time":0.004529948,"stackTrace":[]},"com.github.kevinsawicki.http.HttpRequestTest.locationHeader":{"name":"com.github.kevinsawicki.http.HttpRequestTest.locationHeader","result":"PASS","time":0.018043379,"stackTrace":[]},"com.github.kevinsawicki.http.HttpRequestTest.appendMappedQueryParamsWithNoPath":{"name":"com.github.kevinsawicki.http.HttpRequestTest.appendMappedQueryParamsWithNoPath","result":"PASS","time":0.002718695,"stackTrace":[]},"com.github.kevinsawicki.http.HttpRequestTest.malformedDateHeader":{"name":"com.github.kevinsawicki.http.HttpRequestTest.malformedDateHeader","result":"PASS","time":0.348565839,"stackTrace":[]},"com.github.kevinsawicki.http.HttpRequestTest.getAllHeaders":{"name":"com.github.kevinsawicki.http.HttpRequestTest.getAllHeaders","result":"PASS","time":0.027164809,"stackTrace":[]},"com.github.kevinsawicki.http.HttpRequestTest.receiveAppendable":{"name":"com.github.kevinsawicki.http.HttpRequestTest.receiveAppendable","result":"PASS","time":0.023296863,"stackTrace":[]},"com.github.kevinsawicki.http.EncodeTest.encodeMalformedUri":{"name":"com.github.kevinsawicki.http.EncodeTest.encodeMalformedUri","result":"PASS","time":0.035015247,"stackTrace":[]},"com.github.kevinsawicki.http.HttpRequestTest.contentTypeHeader":{"name":"com.github.kevinsawicki.http.HttpRequestTest.contentTypeHeader","result":"PASS","time":0.012263882,"stackTrace":[]},"com.github.kevinsawicki.http.HttpRequestTest.postNonEmptyFile":{"name":"com.github.kevinsawicki.http.HttpRequestTest.postNonEmptyFile","result":"PASS","time":0.02780048,"stackTrace":[]},"com.github.kevinsawicki.http.HttpRequestTest.headWithEscapedVarargsQueryParams":{"name":"com.github.kevinsawicki.http.HttpRequestTest.headWithEscapedVarargsQueryParams","result":"ERROR","time":0.014816413,"stackTrace":[{"declaringClass":"org.junit.Assert","methodName":"fail","fileName":"Assert.java","lineNumber":93},{"declaringClass":"org.junit.Assert","methodName":"failNotEquals","fileName":"Assert.java","lineNumber":647},{"declaringClass":"org.junit.Assert","methodName":"assertEquals","fileName":"Assert.java","lineNumber":128},{"declaringClass":"org.junit.Assert","methodName":"assertEquals","fileName":"Assert.java","lineNumber":147},{"declaringClass":"com.github.kevinsawicki.http.HttpRequestTest","methodName":"headWithEscapedVarargsQueryParams","fileName":"HttpRequestTest.java","lineNumber":3024},{"declaringClass":"sun.reflect.NativeMethodAccessorImpl","methodName":"invoke0","fileName":"NativeMethodAccessorImpl.java","lineNumber":-2},{"declaringClass":"sun.reflect.NativeMethodAccessorImpl","methodName":"invoke","fileName":"NativeMethodAccessorImpl.java","lineNumber":62},{"declaringClass":"sun.reflect.DelegatingMethodAccessorImpl","methodName":"invoke","fileName":"DelegatingMethodAccessorImpl.java","lineNumber":43},{"declaringClass":"java.lang.reflect.Method","methodName":"invoke","fileName":"Method.java","lineNumber":498},{"declaringClass":"org.junit.runners.model.FrameworkMethod$1","methodName":"runReflectiveCall","fileName":"FrameworkMethod.java","lineNumber":45},{"declaringClass":"org.junit.internal.runners.model.ReflectiveCallable","methodName":"run","fileName":"ReflectiveCallable.java","lineNumber":15},{"declaringClass":"org.junit.runners.model.FrameworkMethod","methodName":"invokeExplosively","fileName":"FrameworkMethod.java","lineNumber":42},{"declaringClass":"org.junit.internal.runners.statements.InvokeMethod","methodName":"evaluate","fileName":"InvokeMethod.java","lineNumber":20},{"declaringClass":"org.junit.internal.runners.statements.RunBefores","methodName":"evaluate","fileName":"RunBefores.java","lineNumber":28},{"declaringClass":"org.junit.internal.runners.statements.RunAfters","methodName":"evaluate","fileName":"RunAfters.java","lineNumber":30},{"declaringClass":"com.reedoei.testrunner.execution.JUnitTestRunner","methodName":"runChild","fileName":"JUnitTestRunner.java","lineNumber":332},{"declaringClass":"com.reedoei.testrunner.execution.JUnitTestRunner","methodName":"run","fileName":"JUnitTestRunner.java","lineNumber":108},{"declaringClass":"org.junit.runner.JUnitCore","methodName":"run","fileName":"JUnitCore.java","lineNumber":157},{"declaringClass":"com.reedoei.testrunner.execution.JUnitTestExecutor","methodName":"execute","fileName":"JUnitTestExecutor.java","lineNumber":292},{"declaringClass":"com.reedoei.testrunner.execution.JUnitTestExecutor","methodName":"execute","fileName":"JUnitTestExecutor.java","lineNumber":328},{"declaringClass":"com.reedoei.testrunner.execution.JUnitTestExecutor","methodName":"executeWithJUnit4Runner","fileName":"JUnitTestExecutor.java","lineNumber":366},{"declaringClass":"com.reedoei.testrunner.execution.JUnitTestExecutor","methodName":"runOrder","fileName":"JUnitTestExecutor.java","lineNumber":47},{"declaringClass":"com.reedoei.testrunner.execution.Executor$","methodName":"$anonfun$run$1","fileName":"Executor.scala","lineNumber":30},{"declaringClass":"scala.runtime.java8.JFunction0$mcV$sp","methodName":"apply","fileName":"JFunction0$mcV$sp.java","lineNumber":12},{"declaringClass":"scala.util.Try$","methodName":"apply","fileName":"Try.scala","lineNumber":209},{"declaringClass":"com.reedoei.testrunner.execution.Executor$","methodName":"run","fileName":"Executor.scala","lineNumber":28},{"declaringClass":"com.reedoei.testrunner.execution.Executor$","methodName":"main","fileName":"Executor.scala","lineNumber":18},{"declaringClass":"com.reedoei.testrunner.execution.Executor","methodName":"main","fileName":"Executor.scala","lineNumber":-1}]},"com.github.kevinsawicki.http.HttpRequestTest.postFormEntryWithNullValue":{"name":"com.github.kevinsawicki.http.HttpRequestTest.postFormEntryWithNullValue","result":"PASS","time":0.01299133,"stackTrace":[]},"com.github.kevinsawicki.http.HttpRequestTest.getUrlEncodedWithUnicode":{"name":"com.github.kevinsawicki.http.HttpRequestTest.getUrlEncodedWithUnicode","result":"PASS","time":0.038993967,"stackTrace":[]},"com.github.kevinsawicki.http.HttpRequestTest.getSingleParameterQuoted":{"name":"com.github.kevinsawicki.http.HttpRequestTest.getSingleParameterQuoted","result":"PASS","time":0.015440698,"stackTrace":[]},"com.github.kevinsawicki.http.HttpRequestTest.bodyOfEmptyErrorResponse":{"name":"com.github.kevinsawicki.http.HttpRequestTest.bodyOfEmptyErrorResponse","result":"PASS","time":0.017449896,"stackTrace":[]},"com.github.kevinsawicki.http.HttpRequestTest.uploadProgressSendInputStream":{"name":"com.github.kevinsawicki.http.HttpRequestTest.uploadProgressSendInputStream","result":"PASS","time":0.018856529,"stackTrace":[]},"com.github.kevinsawicki.http.HttpRequestTest.deleteUrlEmpty":{"name":"com.github.kevinsawicki.http.HttpRequestTest.deleteUrlEmpty","result":"PASS","time":0.012816016,"stackTrace":[]},"com.github.kevinsawicki.http.HttpRequestTest.getWithResponseCharsetAsSecondParam":{"name":"com.github.kevinsawicki.http.HttpRequestTest.getWithResponseCharsetAsSecondParam","result":"PASS","time":0.034906985,"stackTrace":[]},"com.github.kevinsawicki.http.HttpRequestTest.postFormWithNoCharset":{"name":"com.github.kevinsawicki.http.HttpRequestTest.postFormWithNoCharset","result":"PASS","time":0.01564919,"stackTrace":[]},"com.github.kevinsawicki.http.HttpRequestTest.customConnectionFactory":{"name":"com.github.kevinsawicki.http.HttpRequestTest.customConnectionFactory","result":"PASS","time":0.021443703,"stackTrace":[]},"com.github.kevinsawicki.http.HttpRequestTest.getError":{"name":"com.github.kevinsawicki.http.HttpRequestTest.getError","result":"PASS","time":0.165829778,"stackTrace":[]},"com.github.kevinsawicki.http.HttpRequestTest.putEmpty":{"name":"com.github.kevinsawicki.http.HttpRequestTest.putEmpty","result":"PASS","time":0.015273487,"stackTrace":[]},"com.github.kevinsawicki.http.HttpRequestTest.requestContentType":{"name":"com.github.kevinsawicki.http.HttpRequestTest.requestContentType","result":"PASS","time":0.013436531,"stackTrace":[]},"com.github.kevinsawicki.http.HttpRequestTest.appendMappedQueryParamsWithPath":{"name":"com.github.kevinsawicki.http.HttpRequestTest.appendMappedQueryParamsWithPath","result":"PASS","time":0.003606021,"stackTrace":[]},"com.github.kevinsawicki.http.HttpRequestTest.noError":{"name":"com.github.kevinsawicki.http.HttpRequestTest.noError","result":"PASS","time":0.010421059,"stackTrace":[]},"com.github.kevinsawicki.http.HttpRequestTest.uploadProgressSend":{"name":"com.github.kevinsawicki.http.HttpRequestTest.uploadProgressSend","result":"PASS","time":0.018490535,"stackTrace":[]},"com.github.kevinsawicki.http.HttpRequestTest.postEmptyForm":{"name":"com.github.kevinsawicki.http.HttpRequestTest.postEmptyForm","result":"PASS","time":0.011935115,"stackTrace":[]},"com.github.kevinsawicki.http.HttpRequestTest.appendMultipleVarargsQueryParams":{"name":"com.github.kevinsawicki.http.HttpRequestTest.appendMultipleVarargsQueryParams","result":"PASS","time":0.004299386,"stackTrace":[]},"com.github.kevinsawicki.http.HttpRequestTest.getUrlEncodedWithPercent":{"name":"com.github.kevinsawicki.http.HttpRequestTest.getUrlEncodedWithPercent","result":"FAILURE","time":0.032850153,"stackTrace":[{"declaringClass":"org.junit.Assert","methodName":"assertEquals","fileName":"Assert.java","lineNumber":125},{"declaringClass":"org.junit.Assert","methodName":"assertEquals","fileName":"Assert.java","lineNumber":147},{"declaringClass":"com.github.kevinsawicki.http.HttpRequestTest","methodName":"getUrlEncodedWithPercent","fileName":"HttpRequestTest.java","lineNumber":329},{"declaringClass":"sun.reflect.NativeMethodAccessorImpl","methodName":"invoke0","fileName":"NativeMethodAccessorImpl.java","lineNumber":-2},{"declaringClass":"sun.reflect.NativeMethodAccessorImpl","methodName":"invoke","fileName":"NativeMethodAccessorImpl.java","lineNumber":62},{"declaringClass":"sun.reflect.DelegatingMethodAccessorImpl","methodName":"invoke","fileName":"DelegatingMethodAccessorImpl.java","lineNumber":43},{"declaringClass":"java.lang.reflect.Method","methodName":"invoke","fileName":"Method.java","lineNumber":498},{"declaringClass":"org.junit.runners.model.FrameworkMethod$1","methodName":"runReflectiveCall","fileName":"FrameworkMethod.java","lineNumber":45},{"declaringClass":"org.junit.internal.runners.model.ReflectiveCallable","methodName":"run","fileName":"ReflectiveCallable.java","lineNumber":15},{"declaringClass":"org.junit.runners.model.FrameworkMethod","methodName":"invokeExplosively","fileName":"FrameworkMethod.java","lineNumber":42},{"declaringClass":"org.junit.internal.runners.statements.InvokeMethod","methodName":"evaluate","fileName":"InvokeMethod.java","lineNumber":20},{"declaringClass":"org.junit.internal.runners.statements.RunBefores","methodName":"evaluate","fileName":"RunBefores.java","lineNumber":28},{"declaringClass":"org.junit.internal.runners.statements.RunAfters","methodName":"evaluate","fileName":"RunAfters.java","lineNumber":30},{"declaringClass":"com.reedoei.testrunner.execution.JUnitTestRunner","methodName":"runChild","fileName":"JUnitTestRunner.java","lineNumber":332},{"declaringClass":"com.reedoei.testrunner.execution.JUnitTestRunner","methodName":"run","fileName":"JUnitTestRunner.java","lineNumber":108},{"declaringClass":"org.junit.runner.JUnitCore","methodName":"run","fileName":"JUnitCore.java","lineNumber":157},{"declaringClass":"com.reedoei.testrunner.execution.JUnitTestExecutor","methodName":"execute","fileName":"JUnitTestExecutor.java","lineNumber":292},{"declaringClass":"com.reedoei.testrunner.execution.JUnitTestExecutor","methodName":"execute","fileName":"JUnitTestExecutor.java","lineNumber":328},{"declaringClass":"com.reedoei.testrunner.execution.JUnitTestExecutor","methodName":"executeWithJUnit4Runner","fileName":"JUnitTestExecutor.java","lineNumber":366},{"declaringClass":"com.reedoei.testrunner.execution.JUnitTestExecutor","methodName":"runOrder","fileName":"JUnitTestExecutor.java","lineNumber":47},{"declaringClass":"com.reedoei.testrunner.execution.Executor$","methodName":"$anonfun$run$1","fileName":"Executor.scala","lineNumber":30},{"declaringClass":"scala.runtime.java8.JFunction0$mcV$sp","methodName":"apply","fileName":"JFunction0$mcV$sp.java","lineNumber":12},{"declaringClass":"scala.util.Try$","methodName":"apply","fileName":"Try.scala","lineNumber":209},{"declaringClass":"com.reedoei.testrunner.execution.Executor$","methodName":"run","fileName":"Executor.scala","lineNumber":28},{"declaringClass":"com.reedoei.testrunner.execution.Executor$","methodName":"main","fileName":"Executor.scala","lineNumber":18},{"declaringClass":"com.reedoei.testrunner.execution.Executor","methodName":"main","fileName":"Executor.scala","lineNumber":-1}]},"com.github.kevinsawicki.http.HttpRequestTest.getParameterFromMissingHeader":{"name":"com.github.kevinsawicki.http.HttpRequestTest.getParameterFromMissingHeader","result":"PASS","time":0.014075065,"stackTrace":[]},"com.github.kevinsawicki.http.HttpRequestTest.refererHeader":{"name":"com.github.kevinsawicki.http.HttpRequestTest.refererHeader","result":"PASS","time":0.008288793,"stackTrace":[]},"com.github.kevinsawicki.http.HttpRequestTest.headWithVaragsQueryParams":{"name":"com.github.kevinsawicki.http.HttpRequestTest.headWithVaragsQueryParams","result":"ERROR","time":0.0142047,"stackTrace":[{"declaringClass":"org.junit.Assert","methodName":"fail","fileName":"Assert.java","lineNumber":93},{"declaringClass":"org.junit.Assert","methodName":"failNotEquals","fileName":"Assert.java","lineNumber":647},{"declaringClass":"org.junit.Assert","methodName":"assertEquals","fileName":"Assert.java","lineNumber":128},{"declaringClass":"org.junit.Assert","methodName":"assertEquals","fileName":"Assert.java","lineNumber":147},{"declaringClass":"com.github.kevinsawicki.http.HttpRequestTest","methodName":"headWithVaragsQueryParams","fileName":"HttpRequestTest.java","lineNumber":2969},{"declaringClass":"sun.reflect.NativeMethodAccessorImpl","methodName":"invoke0","fileName":"NativeMethodAccessorImpl.java","lineNumber":-2},{"declaringClass":"sun.reflect.NativeMethodAccessorImpl","methodName":"invoke","fileName":"NativeMethodAccessorImpl.java","lineNumber":62},{"declaringClass":"sun.reflect.DelegatingMethodAccessorImpl","methodName":"invoke","fileName":"DelegatingMethodAccessorImpl.java","lineNumber":43},{"declaringClass":"java.lang.reflect.Method","methodName":"invoke","fileName":"Method.java","lineNumber":498},{"declaringClass":"org.junit.runners.model.FrameworkMethod$1","methodName":"runReflectiveCall","fileName":"FrameworkMethod.java","lineNumber":45},{"declaringClass":"org.junit.internal.runners.model.ReflectiveCallable","methodName":"run","fileName":"ReflectiveCallable.java","lineNumber":15},{"declaringClass":"org.junit.runners.model.FrameworkMethod","methodName":"invokeExplosively","fileName":"FrameworkMethod.java","lineNumber":42},{"declaringClass":"org.junit.internal.runners.statements.InvokeMethod","methodName":"evaluate","fileName":"InvokeMethod.java","lineNumber":20},{"declaringClass":"org.junit.internal.runners.statements.RunBefores","methodName":"evaluate","fileName":"RunBefores.java","lineNumber":28},{"declaringClass":"org.junit.internal.runners.statements.RunAfters","methodName":"evaluate","fileName":"RunAfters.java","lineNumber":30},{"declaringClass":"com.reedoei.testrunner.execution.JUnitTestRunner","methodName":"runChild","fileName":"JUnitTestRunner.java","lineNumber":332},{"declaringClass":"com.reedoei.testrunner.execution.JUnitTestRunner","methodName":"run","fileName":"JUnitTestRunner.java","lineNumber":108},{"declaringClass":"org.junit.runner.JUnitCore","methodName":"run","fileName":"JUnitCore.java","lineNumber":157},{"declaringClass":"com.reedoei.testrunner.execution.JUnitTestExecutor","methodName":"execute","fileName":"JUnitTestExecutor.java","lineNumber":292},{"declaringClass":"com.reedoei.testrunner.execution.JUnitTestExecutor","methodName":"execute","fileName":"JUnitTestExecutor.java","lineNumber":328},{"declaringClass":"com.reedoei.testrunner.execution.JUnitTestExecutor","methodName":"executeWithJUnit4Runner","fileName":"JUnitTestExecutor.java","lineNumber":366},{"declaringClass":"com.reedoei.testrunner.execution.JUnitTestExecutor","methodName":"runOrder","fileName":"JUnitTestExecutor.java","lineNumber":47},{"declaringClass":"com.reedoei.testrunner.execution.Executor$","methodName":"$anonfun$run$1","fileName":"Executor.scala","lineNumber":30},{"declaringClass":"scala.runtime.java8.JFunction0$mcV$sp","methodName":"apply","fileName":"JFunction0$mcV$sp.java","lineNumber":12},{"declaringClass":"scala.util.Try$","methodName":"apply","fileName":"Try.scala","lineNumber":209},{"declaringClass":"com.reedoei.testrunner.execution.Executor$","methodName":"run","fileName":"Executor.scala","lineNumber":28},{"declaringClass":"com.reedoei.testrunner.execution.Executor$","methodName":"main","fileName":"Executor.scala","lineNumber":18},{"declaringClass":"com.reedoei.testrunner.execution.Executor","methodName":"main","fileName":"Executor.scala","lineNumber":-1}]},"com.github.kevinsawicki.http.HttpRequestTest.nullUploadProgress":{"name":"com.github.kevinsawicki.http.HttpRequestTest.nullUploadProgress","result":"PASS","time":0.017880986,"stackTrace":[]},"com.github.kevinsawicki.http.HttpRequestTest.appendWithNullVaragsQueryParamValues":{"name":"com.github.kevinsawicki.http.HttpRequestTest.appendWithNullVaragsQueryParamValues","result":"PASS","time":0.004994774,"stackTrace":[]},"com.github.kevinsawicki.http.HttpRequestTest.getSingleParameter":{"name":"com.github.kevinsawicki.http.HttpRequestTest.getSingleParameter","result":"PASS","time":0.023067139,"stackTrace":[]},"com.github.kevinsawicki.http.HttpRequestTest.appendEmptyMappedQueryParams":{"name":"com.github.kevinsawicki.http.HttpRequestTest.appendEmptyMappedQueryParams","result":"PASS","time":0.005851369,"stackTrace":[]},"com.github.kevinsawicki.http.HttpRequestTest.getUrlEmpty":{"name":"com.github.kevinsawicki.http.HttpRequestTest.getUrlEmpty","result":"PASS","time":0.009830369,"stackTrace":[]},"com.github.kevinsawicki.http.HttpRequestTest.appendMappedQueryParamsWithExistingQueryStart":{"name":"com.github.kevinsawicki.http.HttpRequestTest.appendMappedQueryParamsWithExistingQueryStart","result":"PASS","time":0.003656171,"stackTrace":[]},"com.github.kevinsawicki.http.HttpRequestTest.putWithEscapedMappedQueryParams":{"name":"com.github.kevinsawicki.http.HttpRequestTest.putWithEscapedMappedQueryParams","result":"ERROR","time":0.01498991,"stackTrace":[{"declaringClass":"org.junit.Assert","methodName":"fail","fileName":"Assert.java","lineNumber":93},{"declaringClass":"org.junit.Assert","methodName":"failNotEquals","fileName":"Assert.java","lineNumber":647},{"declaringClass":"org.junit.Assert","methodName":"assertEquals","fileName":"Assert.java","lineNumber":128},{"declaringClass":"org.junit.Assert","methodName":"assertEquals","fileName":"Assert.java","lineNumber":147},{"declaringClass":"com.github.kevinsawicki.http.HttpRequestTest","methodName":"putWithEscapedMappedQueryParams","fileName":"HttpRequestTest.java","lineNumber":2888},{"declaringClass":"sun.reflect.NativeMethodAccessorImpl","methodName":"invoke0","fileName":"NativeMethodAccessorImpl.java","lineNumber":-2},{"declaringClass":"sun.reflect.NativeMethodAccessorImpl","methodName":"invoke","fileName":"NativeMethodAccessorImpl.java","lineNumber":62},{"declaringClass":"sun.reflect.DelegatingMethodAccessorImpl","methodName":"invoke","fileName":"DelegatingMethodAccessorImpl.java","lineNumber":43},{"declaringClass":"java.lang.reflect.Method","methodName":"invoke","fileName":"Method.java","lineNumber":498},{"declaringClass":"org.junit.runners.model.FrameworkMethod$1","methodName":"runReflectiveCall","fileName":"FrameworkMethod.java","lineNumber":45},{"declaringClass":"org.junit.internal.runners.model.ReflectiveCallable","methodName":"run","fileName":"ReflectiveCallable.java","lineNumber":15},{"declaringClass":"org.junit.runners.model.FrameworkMethod","methodName":"invokeExplosively","fileName":"FrameworkMethod.java","lineNumber":42},{"declaringClass":"org.junit.internal.runners.statements.InvokeMethod","methodName":"evaluate","fileName":"InvokeMethod.java","lineNumber":20},{"declaringClass":"org.junit.internal.runners.statements.RunBefores","methodName":"evaluate","fileName":"RunBefores.java","lineNumber":28},{"declaringClass":"org.junit.internal.runners.statements.RunAfters","methodName":"evaluate","fileName":"RunAfters.java","lineNumber":30},{"declaringClass":"com.reedoei.testrunner.execution.JUnitTestRunner","methodName":"runChild","fileName":"JUnitTestRunner.java","lineNumber":332},{"declaringClass":"com.reedoei.testrunner.execution.JUnitTestRunner","methodName":"run","fileName":"JUnitTestRunner.java","lineNumber":108},{"declaringClass":"org.junit.runner.JUnitCore","methodName":"run","fileName":"JUnitCore.java","lineNumber":157},{"declaringClass":"com.reedoei.testrunner.execution.JUnitTestExecutor","methodName":"execute","fileName":"JUnitTestExecutor.java","lineNumber":292},{"declaringClass":"com.reedoei.testrunner.execution.JUnitTestExecutor","methodName":"execute","fileName":"JUnitTestExecutor.java","lineNumber":328},{"declaringClass":"com.reedoei.testrunner.execution.JUnitTestExecutor","methodName":"executeWithJUnit4Runner","fileName":"JUnitTestExecutor.java","lineNumber":366},{"declaringClass":"com.reedoei.testrunner.execution.JUnitTestExecutor","methodName":"runOrder","fileName":"JUnitTestExecutor.java","lineNumber":47},{"declaringClass":"com.reedoei.testrunner.execution.Executor$","methodName":"$anonfun$run$1","fileName":"Executor.scala","lineNumber":30},{"declaringClass":"scala.runtime.java8.JFunction0$mcV$sp","methodName":"apply","fileName":"JFunction0$mcV$sp.java","lineNumber":12},{"declaringClass":"scala.util.Try$","methodName":"apply","fileName":"Try.scala","lineNumber":209},{"declaringClass":"com.reedoei.testrunner.execution.Executor$","methodName":"run","fileName":"Executor.scala","lineNumber":28},{"declaringClass":"com.reedoei.testrunner.execution.Executor$","methodName":"main","fileName":"Executor.scala","lineNumber":18},{"declaringClass":"com.reedoei.testrunner.execution.Executor","methodName":"main","fileName":"Executor.scala","lineNumber":-1}]},"com.github.kevinsawicki.http.HttpRequestTest.contentEncodingHeader":{"name":"com.github.kevinsawicki.http.HttpRequestTest.contentEncodingHeader","result":"PASS","time":0.010151941,"stackTrace":[]},"com.github.kevinsawicki.http.HttpRequestTest.getBufferedReader":{"name":"com.github.kevinsawicki.http.HttpRequestTest.getBufferedReader","result":"PASS","time":0.010308397,"stackTrace":[]},"com.github.kevinsawicki.http.HttpRequestTest.getEmptyParameters":{"name":"com.github.kevinsawicki.http.HttpRequestTest.getEmptyParameters","result":"PASS","time":0.013701248,"stackTrace":[]},"com.github.kevinsawicki.http.HttpRequestTest.appendNullMappedQueryParams":{"name":"com.github.kevinsawicki.http.HttpRequestTest.appendNullMappedQueryParams","result":"PASS","time":0.003498179,"stackTrace":[]},"com.github.kevinsawicki.http.HttpRequestTest.postMultipleFiles":{"name":"com.github.kevinsawicki.http.HttpRequestTest.postMultipleFiles","result":"PASS","time":0.057585569,"stackTrace":[]},"com.github.kevinsawicki.http.HttpRequestTest.receiveWriter":{"name":"com.github.kevinsawicki.http.HttpRequestTest.receiveWriter","result":"PASS","time":0.02252625,"stackTrace":[]},"com.github.kevinsawicki.http.HttpRequestTest.postWithLength":{"name":"com.github.kevinsawicki.http.HttpRequestTest.postWithLength","result":"PASS","time":0.015152094,"stackTrace":[]},"com.github.kevinsawicki.http.EncodeTest.encode":{"name":"com.github.kevinsawicki.http.EncodeTest.encode","result":"PASS","time":0.323168558,"stackTrace":[]},"com.github.kevinsawicki.http.HttpRequestTest.putWithMappedQueryParams":{"name":"com.github.kevinsawicki.http.HttpRequestTest.putWithMappedQueryParams","result":"ERROR","time":0.014124166,"stackTrace":[{"declaringClass":"org.junit.Assert","methodName":"fail","fileName":"Assert.java","lineNumber":93},{"declaringClass":"org.junit.Assert","methodName":"failNotEquals","fileName":"Assert.java","lineNumber":647},{"declaringClass":"org.junit.Assert","methodName":"assertEquals","fileName":"Assert.java","lineNumber":128},{"declaringClass":"org.junit.Assert","methodName":"assertEquals","fileName":"Assert.java","lineNumber":147},{"declaringClass":"com.github.kevinsawicki.http.HttpRequestTest","methodName":"putWithMappedQueryParams","fileName":"HttpRequestTest.java","lineNumber":2833},{"declaringClass":"sun.reflect.NativeMethodAccessorImpl","methodName":"invoke0","fileName":"NativeMethodAccessorImpl.java","lineNumber":-2},{"declaringClass":"sun.reflect.NativeMethodAccessorImpl","methodName":"invoke","fileName":"NativeMethodAccessorImpl.java","lineNumber":62},{"declaringClass":"sun.reflect.DelegatingMethodAccessorImpl","methodName":"invoke","fileName":"DelegatingMethodAccessorImpl.java","lineNumber":43},{"declaringClass":"java.lang.reflect.Method","methodName":"invoke","fileName":"Method.java","lineNumber":498},{"declaringClass":"org.junit.runners.model.FrameworkMethod$1","methodName":"runReflectiveCall","fileName":"FrameworkMethod.java","lineNumber":45},{"declaringClass":"org.junit.internal.runners.model.ReflectiveCallable","methodName":"run","fileName":"ReflectiveCallable.java","lineNumber":15},{"declaringClass":"org.junit.runners.model.FrameworkMethod","methodName":"invokeExplosively","fileName":"FrameworkMethod.java","lineNumber":42},{"declaringClass":"org.junit.internal.runners.statements.InvokeMethod","methodName":"evaluate","fileName":"InvokeMethod.java","lineNumber":20},{"declaringClass":"org.junit.internal.runners.statements.RunBefores","methodName":"evaluate","fileName":"RunBefores.java","lineNumber":28},{"declaringClass":"org.junit.internal.runners.statements.RunAfters","methodName":"evaluate","fileName":"RunAfters.java","lineNumber":30},{"declaringClass":"com.reedoei.testrunner.execution.JUnitTestRunner","methodName":"runChild","fileName":"JUnitTestRunner.java","lineNumber":332},{"declaringClass":"com.reedoei.testrunner.execution.JUnitTestRunner","methodName":"run","fileName":"JUnitTestRunner.java","lineNumber":108},{"declaringClass":"org.junit.runner.JUnitCore","methodName":"run","fileName":"JUnitCore.java","lineNumber":157},{"declaringClass":"com.reedoei.testrunner.execution.JUnitTestExecutor","methodName":"execute","fileName":"JUnitTestExecutor.java","lineNumber":292},{"declaringClass":"com.reedoei.testrunner.execution.JUnitTestExecutor","methodName":"execute","fileName":"JUnitTestExecutor.java","lineNumber":328},{"declaringClass":"com.reedoei.testrunner.execution.JUnitTestExecutor","methodName":"executeWithJUnit4Runner","fileName":"JUnitTestExecutor.java","lineNumber":366},{"declaringClass":"com.reedoei.testrunner.execution.JUnitTestExecutor","methodName":"runOrder","fileName":"JUnitTestExecutor.java","lineNumber":47},{"declaringClass":"com.reedoei.testrunner.execution.Executor$","methodName":"$anonfun$run$1","fileName":"Executor.scala","lineNumber":30},{"declaringClass":"scala.runtime.java8.JFunction0$mcV$sp","methodName":"apply","fileName":"JFunction0$mcV$sp.java","lineNumber":12},{"declaringClass":"scala.util.Try$","methodName":"apply","fileName":"Try.scala","lineNumber":209},{"declaringClass":"com.reedoei.testrunner.execution.Executor$","methodName":"run","fileName":"Executor.scala","lineNumber":28},{"declaringClass":"com.reedoei.testrunner.execution.Executor$","methodName":"main","fileName":"Executor.scala","lineNumber":18},{"declaringClass":"com.reedoei.testrunner.execution.Executor","methodName":"main","fileName":"Executor.scala","lineNumber":-1}]},"com.github.kevinsawicki.http.HttpRequestTest.requestContentTypeNullCharset":{"name":"com.github.kevinsawicki.http.HttpRequestTest.requestContentTypeNullCharset","result":"PASS","time":0.021057174,"stackTrace":[]},"com.github.kevinsawicki.http.HttpRequestTest.postNonEmptyByteArray":{"name":"com.github.kevinsawicki.http.HttpRequestTest.postNonEmptyByteArray","result":"PASS","time":0.017799825,"stackTrace":[]},"com.github.kevinsawicki.http.HttpRequestTest.appendListQueryParams":{"name":"com.github.kevinsawicki.http.HttpRequestTest.appendListQueryParams","result":"PASS","time":2.158330079,"stackTrace":[]},"com.github.kevinsawicki.http.HttpRequestTest.deleteEmpty":{"name":"com.github.kevinsawicki.http.HttpRequestTest.deleteEmpty","result":"PASS","time":0.0086397,"stackTrace":[]},"com.github.kevinsawicki.http.HttpRequestTest.headers":{"name":"com.github.kevinsawicki.http.HttpRequestTest.headers","result":"PASS","time":0.011303985,"stackTrace":[]},"com.github.kevinsawicki.http.HttpRequestTest.serverHeader":{"name":"com.github.kevinsawicki.http.HttpRequestTest.serverHeader","result":"PASS","time":0.011154444,"stackTrace":[]},"com.github.kevinsawicki.http.HttpRequestTest.traceEmpty":{"name":"com.github.kevinsawicki.http.HttpRequestTest.traceEmpty","result":"PASS","time":0.01167864,"stackTrace":[]},"com.github.kevinsawicki.http.HttpRequestTest.deleteWithVarargsQueryParams":{"name":"com.github.kevinsawicki.http.HttpRequestTest.deleteWithVarargsQueryParams","result":"ERROR","time":0.014293265,"stackTrace":[{"declaringClass":"org.junit.Assert","methodName":"fail","fileName":"Assert.java","lineNumber":93},{"declaringClass":"org.junit.Assert","methodName":"failNotEquals","fileName":"Assert.java","lineNumber":647},{"declaringClass":"org.junit.Assert","methodName":"assertEquals","fileName":"Assert.java","lineNumber":128},{"declaringClass":"org.junit.Assert","methodName":"assertEquals","fileName":"Assert.java","lineNumber":147},{"declaringClass":"com.github.kevinsawicki.http.HttpRequestTest","methodName":"deleteWithVarargsQueryParams","fileName":"HttpRequestTest.java","lineNumber":2749},{"declaringClass":"sun.reflect.NativeMethodAccessorImpl","methodName":"invoke0","fileName":"NativeMethodAccessorImpl.java","lineNumber":-2},{"declaringClass":"sun.reflect.NativeMethodAccessorImpl","methodName":"invoke","fileName":"NativeMethodAccessorImpl.java","lineNumber":62},{"declaringClass":"sun.reflect.DelegatingMethodAccessorImpl","methodName":"invoke","fileName":"DelegatingMethodAccessorImpl.java","lineNumber":43},{"declaringClass":"java.lang.reflect.Method","methodName":"invoke","fileName":"Method.java","lineNumber":498},{"declaringClass":"org.junit.runners.model.FrameworkMethod$1","methodName":"runReflectiveCall","fileName":"FrameworkMethod.java","lineNumber":45},{"declaringClass":"org.junit.internal.runners.model.ReflectiveCallable","methodName":"run","fileName":"ReflectiveCallable.java","lineNumber":15},{"declaringClass":"org.junit.runners.model.FrameworkMethod","methodName":"invokeExplosively","fileName":"FrameworkMethod.java","lineNumber":42},{"declaringClass":"org.junit.internal.runners.statements.InvokeMethod","methodName":"evaluate","fileName":"InvokeMethod.java","lineNumber":20},{"declaringClass":"org.junit.internal.runners.statements.RunBefores","methodName":"evaluate","fileName":"RunBefores.java","lineNumber":28},{"declaringClass":"org.junit.internal.runners.statements.RunAfters","methodName":"evaluate","fileName":"RunAfters.java","lineNumber":30},{"declaringClass":"com.reedoei.testrunner.execution.JUnitTestRunner","methodName":"runChild","fileName":"JUnitTestRunner.java","lineNumber":332},{"declaringClass":"com.reedoei.testrunner.execution.JUnitTestRunner","methodName":"run","fileName":"JUnitTestRunner.java","lineNumber":108},{"declaringClass":"org.junit.runner.JUnitCore","methodName":"run","fileName":"JUnitCore.java","lineNumber":157},{"declaringClass":"com.reedoei.testrunner.execution.JUnitTestExecutor","methodName":"execute","fileName":"JUnitTestExecutor.java","lineNumber":292},{"declaringClass":"com.reedoei.testrunner.execution.JUnitTestExecutor","methodName":"execute","fileName":"JUnitTestExecutor.java","lineNumber":328},{"declaringClass":"com.reedoei.testrunner.execution.JUnitTestExecutor","methodName":"executeWithJUnit4Runner","fileName":"JUnitTestExecutor.java","lineNumber":366},{"declaringClass":"com.reedoei.testrunner.execution.JUnitTestExecutor","methodName":"runOrder","fileName":"JUnitTestExecutor.java","lineNumber":47},{"declaringClass":"com.reedoei.testrunner.execution.Executor$","methodName":"$anonfun$run$1","fileName":"Executor.scala","lineNumber":30},{"declaringClass":"scala.runtime.java8.JFunction0$mcV$sp","methodName":"apply","fileName":"JFunction0$mcV$sp.java","lineNumber":12},{"declaringClass":"scala.util.Try$","methodName":"apply","fileName":"Try.scala","lineNumber":209},{"declaringClass":"com.reedoei.testrunner.execution.Executor$","methodName":"run","fileName":"Executor.scala","lineNumber":28},{"declaringClass":"com.reedoei.testrunner.execution.Executor$","methodName":"main","fileName":"Executor.scala","lineNumber":18},{"declaringClass":"com.reedoei.testrunner.execution.Executor","methodName":"main","fileName":"Executor.scala","lineNumber":-1}]},"com.github.kevinsawicki.http.HttpRequestTest.sendIntHeaderWithoutCode":{"name":"com.github.kevinsawicki.http.HttpRequestTest.sendIntHeaderWithoutCode","result":"PASS","time":0.016070991,"stackTrace":[]},"com.github.kevinsawicki.http.HttpRequestTest.getToOutputBodyWithCharset":{"name":"com.github.kevinsawicki.http.HttpRequestTest.getToOutputBodyWithCharset","result":"PASS","time":0.015297583,"stackTrace":[]},"com.github.kevinsawicki.http.HttpRequestTest.postEmpty":{"name":"com.github.kevinsawicki.http.HttpRequestTest.postEmpty","result":"PASS","time":0.017403448,"stackTrace":[]},"com.github.kevinsawicki.http.HttpRequestTest.getHeaders":{"name":"com.github.kevinsawicki.http.HttpRequestTest.getHeaders","result":"PASS","time":0.022040051,"stackTrace":[]},"com.github.kevinsawicki.http.HttpRequestTest.getEmptyParameter":{"name":"com.github.kevinsawicki.http.HttpRequestTest.getEmptyParameter","result":"PASS","time":0.012795692,"stackTrace":[]},"com.github.kevinsawicki.http.HttpRequestTest.postWithNumericQueryParams":{"name":"com.github.kevinsawicki.http.HttpRequestTest.postWithNumericQueryParams","result":"PASS","time":0.018455681,"stackTrace":[]},"com.github.kevinsawicki.http.HttpRequestTest.headWithEscapedMappedQueryParams":{"name":"com.github.kevinsawicki.http.HttpRequestTest.headWithEscapedMappedQueryParams","result":"ERROR","time":0.013261146,"stackTrace":[{"declaringClass":"org.junit.Assert","methodName":"fail","fileName":"Assert.java","lineNumber":93},{"declaringClass":"org.junit.Assert","methodName":"failNotEquals","fileName":"Assert.java","lineNumber":647},{"declaringClass":"org.junit.Assert","methodName":"assertEquals","fileName":"Assert.java","lineNumber":128},{"declaringClass":"org.junit.Assert","methodName":"assertEquals","fileName":"Assert.java","lineNumber":147},{"declaringClass":"com.github.kevinsawicki.http.HttpRequestTest","methodName":"headWithEscapedMappedQueryParams","fileName":"HttpRequestTest.java","lineNumber":2998},{"declaringClass":"sun.reflect.NativeMethodAccessorImpl","methodName":"invoke0","fileName":"NativeMethodAccessorImpl.java","lineNumber":-2},{"declaringClass":"sun.reflect.NativeMethodAccessorImpl","methodName":"invoke","fileName":"NativeMethodAccessorImpl.java","lineNumber":62},{"declaringClass":"sun.reflect.DelegatingMethodAccessorImpl","methodName":"invoke","fileName":"DelegatingMethodAccessorImpl.java","lineNumber":43},{"declaringClass":"java.lang.reflect.Method","methodName":"invoke","fileName":"Method.java","lineNumber":498},{"declaringClass":"org.junit.runners.model.FrameworkMethod$1","methodName":"runReflectiveCall","fileName":"FrameworkMethod.java","lineNumber":45},{"declaringClass":"org.junit.internal.runners.model.ReflectiveCallable","methodName":"run","fileName":"ReflectiveCallable.java","lineNumber":15},{"declaringClass":"org.junit.runners.model.FrameworkMethod","methodName":"invokeExplosively","fileName":"FrameworkMethod.java","lineNumber":42},{"declaringClass":"org.junit.internal.runners.statements.InvokeMethod","methodName":"evaluate","fileName":"InvokeMethod.java","lineNumber":20},{"declaringClass":"org.junit.internal.runners.statements.RunBefores","methodName":"evaluate","fileName":"RunBefores.java","lineNumber":28},{"declaringClass":"org.junit.internal.runners.statements.RunAfters","methodName":"evaluate","fileName":"RunAfters.java","lineNumber":30},{"declaringClass":"com.reedoei.testrunner.execution.JUnitTestRunner","methodName":"runChild","fileName":"JUnitTestRunner.java","lineNumber":332},{"declaringClass":"com.reedoei.testrunner.execution.JUnitTestRunner","methodName":"run","fileName":"JUnitTestRunner.java","lineNumber":108},{"declaringClass":"org.junit.runner.JUnitCore","methodName":"run","fileName":"JUnitCore.java","lineNumber":157},{"declaringClass":"com.reedoei.testrunner.execution.JUnitTestExecutor","methodName":"execute","fileName":"JUnitTestExecutor.java","lineNumber":292},{"declaringClass":"com.reedoei.testrunner.execution.JUnitTestExecutor","methodName":"execute","fileName":"JUnitTestExecutor.java","lineNumber":328},{"declaringClass":"com.reedoei.testrunner.execution.JUnitTestExecutor","methodName":"executeWithJUnit4Runner","fileName":"JUnitTestExecutor.java","lineNumber":366},{"declaringClass":"com.reedoei.testrunner.execution.JUnitTestExecutor","methodName":"runOrder","fileName":"JUnitTestExecutor.java","lineNumber":47},{"declaringClass":"com.reedoei.testrunner.execution.Executor$","methodName":"$anonfun$run$1","fileName":"Executor.scala","lineNumber":30},{"declaringClass":"scala.runtime.java8.JFunction0$mcV$sp","methodName":"apply","fileName":"JFunction0$mcV$sp.java","lineNumber":12},{"declaringClass":"scala.util.Try$","methodName":"apply","fileName":"Try.scala","lineNumber":209},{"declaringClass":"com.reedoei.testrunner.execution.Executor$","methodName":"run","fileName":"Executor.scala","lineNumber":28},{"declaringClass":"com.reedoei.testrunner.execution.Executor$","methodName":"main","fileName":"Executor.scala","lineNumber":18},{"declaringClass":"com.reedoei.testrunner.execution.Executor","methodName":"main","fileName":"Executor.scala","lineNumber":-1}]},"com.github.kevinsawicki.http.HttpRequestTest.malformedStringUrlCause":{"name":"com.github.kevinsawicki.http.HttpRequestTest.malformedStringUrlCause","result":"PASS","time":0.003381605,"stackTrace":[]},"com.github.kevinsawicki.http.HttpRequestTest.getEmptyHeaders":{"name":"com.github.kevinsawicki.http.HttpRequestTest.getEmptyHeaders","result":"PASS","time":0.013123759,"stackTrace":[]},"com.github.kevinsawicki.http.HttpRequestTest.appendMultipleMappedQueryParams":{"name":"com.github.kevinsawicki.http.HttpRequestTest.appendMultipleMappedQueryParams","result":"PASS","time":0.0049741,"stackTrace":[]},"com.github.kevinsawicki.http.HttpRequestTest.lastModifiedHeader":{"name":"com.github.kevinsawicki.http.HttpRequestTest.lastModifiedHeader","result":"PASS","time":0.011231904,"stackTrace":[]},"com.github.kevinsawicki.http.HttpRequestTest.optionsEmpty":{"name":"com.github.kevinsawicki.http.HttpRequestTest.optionsEmpty","result":"PASS","time":0.012364601,"stackTrace":[]},"com.github.kevinsawicki.http.HttpRequestTest.verifierAccepts":{"name":"com.github.kevinsawicki.http.HttpRequestTest.verifierAccepts","result":"ERROR","time":0.006344133,"stackTrace":[{"declaringClass":"com.github.kevinsawicki.http.HttpRequestTest","methodName":"verifierAccepts","fileName":"HttpRequestTest.java","lineNumber":1797},{"declaringClass":"sun.reflect.NativeMethodAccessorImpl","methodName":"invoke0","fileName":"NativeMethodAccessorImpl.java","lineNumber":-2},{"declaringClass":"sun.reflect.NativeMethodAccessorImpl","methodName":"invoke","fileName":"NativeMethodAccessorImpl.java","lineNumber":62},{"declaringClass":"sun.reflect.DelegatingMethodAccessorImpl","methodName":"invoke","fileName":"DelegatingMethodAccessorImpl.java","lineNumber":43},{"declaringClass":"java.lang.reflect.Method","methodName":"invoke","fileName":"Method.java","lineNumber":498},{"declaringClass":"org.junit.runners.model.FrameworkMethod$1","methodName":"runReflectiveCall","fileName":"FrameworkMethod.java","lineNumber":45},{"declaringClass":"org.junit.internal.runners.model.ReflectiveCallable","methodName":"run","fileName":"ReflectiveCallable.java","lineNumber":15},{"declaringClass":"org.junit.runners.model.FrameworkMethod","methodName":"invokeExplosively","fileName":"FrameworkMethod.java","lineNumber":42},{"declaringClass":"org.junit.internal.runners.statements.InvokeMethod","methodName":"evaluate","fileName":"InvokeMethod.java","lineNumber":20},{"declaringClass":"org.junit.internal.runners.statements.RunBefores","methodName":"evaluate","fileName":"RunBefores.java","lineNumber":28},{"declaringClass":"org.junit.internal.runners.statements.RunAfters","methodName":"evaluate","fileName":"RunAfters.java","lineNumber":30},{"declaringClass":"com.reedoei.testrunner.execution.JUnitTestRunner","methodName":"runChild","fileName":"JUnitTestRunner.java","lineNumber":332},{"declaringClass":"com.reedoei.testrunner.execution.JUnitTestRunner","methodName":"run","fileName":"JUnitTestRunner.java","lineNumber":108},{"declaringClass":"org.junit.runner.JUnitCore","methodName":"run","fileName":"JUnitCore.java","lineNumber":157},{"declaringClass":"com.reedoei.testrunner.execution.JUnitTestExecutor","methodName":"execute","fileName":"JUnitTestExecutor.java","lineNumber":292},{"declaringClass":"com.reedoei.testrunner.execution.JUnitTestExecutor","methodName":"execute","fileName":"JUnitTestExecutor.java","lineNumber":328},{"declaringClass":"com.reedoei.testrunner.execution.JUnitTestExecutor","methodName":"executeWithJUnit4Runner","fileName":"JUnitTestExecutor.java","lineNumber":366},{"declaringClass":"com.reedoei.testrunner.execution.JUnitTestExecutor","methodName":"runOrder","fileName":"JUnitTestExecutor.java","lineNumber":47},{"declaringClass":"com.reedoei.testrunner.execution.Executor$","methodName":"$anonfun$run$1","fileName":"Executor.scala","lineNumber":30},{"declaringClass":"scala.runtime.java8.JFunction0$mcV$sp","methodName":"apply","fileName":"JFunction0$mcV$sp.java","lineNumber":12},{"declaringClass":"scala.util.Try$","methodName":"apply","fileName":"Try.scala","lineNumber":209},{"declaringClass":"com.reedoei.testrunner.execution.Executor$","methodName":"run","fileName":"Executor.scala","lineNumber":28},{"declaringClass":"com.reedoei.testrunner.execution.Executor$","methodName":"main","fileName":"Executor.scala","lineNumber":18},{"declaringClass":"com.reedoei.testrunner.execution.Executor","methodName":"main","fileName":"Executor.scala","lineNumber":-1}]},"com.github.kevinsawicki.http.HttpRequestTest.headWithMappedQueryParams":{"name":"com.github.kevinsawicki.http.HttpRequestTest.headWithMappedQueryParams","result":"PASS","time":0.013516016,"stackTrace":[]},"com.github.kevinsawicki.http.HttpRequestTest.chunkPost":{"name":"com.github.kevinsawicki.http.HttpRequestTest.chunkPost","result":"PASS","time":0.028080144,"stackTrace":[]},"com.github.kevinsawicki.http.HttpRequestTest.basicAuthentication":{"name":"com.github.kevinsawicki.http.HttpRequestTest.basicAuthentication","result":"PASS","time":0.030006922,"stackTrace":[]},"com.github.kevinsawicki.http.HttpRequestTest.getBytes":{"name":"com.github.kevinsawicki.http.HttpRequestTest.getBytes","result":"PASS","time":0.044458947,"stackTrace":[]},"com.github.kevinsawicki.http.HttpRequestTest.sendWithWriter":{"name":"com.github.kevinsawicki.http.HttpRequestTest.sendWithWriter","result":"PASS","time":0.764654621,"stackTrace":[]},"com.github.kevinsawicki.http.HttpRequestTest.getWithMappedQueryParams":{"name":"com.github.kevinsawicki.http.HttpRequestTest.getWithMappedQueryParams","result":"PASS","time":0.008863209,"stackTrace":[]},"com.github.kevinsawicki.http.HttpRequestTest.appendVarargsQueryParamsWithPath":{"name":"com.github.kevinsawicki.http.HttpRequestTest.appendVarargsQueryParamsWithPath","result":"PASS","time":0.005247757,"stackTrace":[]},"com.github.kevinsawicki.http.HttpRequestTest.getWithEscapedMappedQueryParams":{"name":"com.github.kevinsawicki.http.HttpRequestTest.getWithEscapedMappedQueryParams","result":"ERROR","time":0.014107333,"stackTrace":[{"declaringClass":"org.junit.Assert","methodName":"fail","fileName":"Assert.java","lineNumber":93},{"declaringClass":"org.junit.Assert","methodName":"failNotEquals","fileName":"Assert.java","lineNumber":647},{"declaringClass":"org.junit.Assert","methodName":"assertEquals","fileName":"Assert.java","lineNumber":128},{"declaringClass":"org.junit.Assert","methodName":"assertEquals","fileName":"Assert.java","lineNumber":147},{"declaringClass":"com.github.kevinsawicki.http.HttpRequestTest","methodName":"getWithEscapedMappedQueryParams","fileName":"HttpRequestTest.java","lineNumber":2668},{"declaringClass":"sun.reflect.NativeMethodAccessorImpl","methodName":"invoke0","fileName":"NativeMethodAccessorImpl.java","lineNumber":-2},{"declaringClass":"sun.reflect.NativeMethodAccessorImpl","methodName":"invoke","fileName":"NativeMethodAccessorImpl.java","lineNumber":62},{"declaringClass":"sun.reflect.DelegatingMethodAccessorImpl","methodName":"invoke","fileName":"DelegatingMethodAccessorImpl.java","lineNumber":43},{"declaringClass":"java.lang.reflect.Method","methodName":"invoke","fileName":"Method.java","lineNumber":498},{"declaringClass":"org.junit.runners.model.FrameworkMethod$1","methodName":"runReflectiveCall","fileName":"FrameworkMethod.java","lineNumber":45},{"declaringClass":"org.junit.internal.runners.model.ReflectiveCallable","methodName":"run","fileName":"ReflectiveCallable.java","lineNumber":15},{"declaringClass":"org.junit.runners.model.FrameworkMethod","methodName":"invokeExplosively","fileName":"FrameworkMethod.java","lineNumber":42},{"declaringClass":"org.junit.internal.runners.statements.InvokeMethod","methodName":"evaluate","fileName":"InvokeMethod.java","lineNumber":20},{"declaringClass":"org.junit.internal.runners.statements.RunBefores","methodName":"evaluate","fileName":"RunBefores.java","lineNumber":28},{"declaringClass":"org.junit.internal.runners.statements.RunAfters","methodName":"evaluate","fileName":"RunAfters.java","lineNumber":30},{"declaringClass":"com.reedoei.testrunner.execution.JUnitTestRunner","methodName":"runChild","fileName":"JUnitTestRunner.java","lineNumber":332},{"declaringClass":"com.reedoei.testrunner.execution.JUnitTestRunner","methodName":"run","fileName":"JUnitTestRunner.java","lineNumber":108},{"declaringClass":"org.junit.runner.JUnitCore","methodName":"run","fileName":"JUnitCore.java","lineNumber":157},{"declaringClass":"com.reedoei.testrunner.execution.JUnitTestExecutor","methodName":"execute","fileName":"JUnitTestExecutor.java","lineNumber":292},{"declaringClass":"com.reedoei.testrunner.execution.JUnitTestExecutor","methodName":"execute","fileName":"JUnitTestExecutor.java","lineNumber":328},{"declaringClass":"com.reedoei.testrunner.execution.JUnitTestExecutor","methodName":"executeWithJUnit4Runner","fileName":"JUnitTestExecutor.java","lineNumber":366},{"declaringClass":"com.reedoei.testrunner.execution.JUnitTestExecutor","methodName":"runOrder","fileName":"JUnitTestExecutor.java","lineNumber":47},{"declaringClass":"com.reedoei.testrunner.execution.Executor$","methodName":"$anonfun$run$1","fileName":"Executor.scala","lineNumber":30},{"declaringClass":"scala.runtime.java8.JFunction0$mcV$sp","methodName":"apply","fileName":"JFunction0$mcV$sp.java","lineNumber":12},{"declaringClass":"scala.util.Try$","methodName":"apply","fileName":"Try.scala","lineNumber":209},{"declaringClass":"com.reedoei.testrunner.execution.Executor$","methodName":"run","fileName":"Executor.scala","lineNumber":28},{"declaringClass":"com.reedoei.testrunner.execution.Executor$","methodName":"main","fileName":"Executor.scala","lineNumber":18},{"declaringClass":"com.reedoei.testrunner.execution.Executor","methodName":"main","fileName":"Executor.scala","lineNumber":-1}]},"com.github.kevinsawicki.http.HttpRequestTest.eTagHeader":{"name":"com.github.kevinsawicki.http.HttpRequestTest.eTagHeader","result":"PASS","time":0.010772245,"stackTrace":[]},"com.github.kevinsawicki.http.HttpRequestTest.negativeBufferSize":{"name":"com.github.kevinsawicki.http.HttpRequestTest.negativeBufferSize","result":"PASS","time":0.005194954,"stackTrace":[]},"com.github.kevinsawicki.http.HttpRequestTest.getNonEmptyString":{"name":"com.github.kevinsawicki.http.HttpRequestTest.getNonEmptyString","result":"PASS","time":0.010032574,"stackTrace":[]},"com.github.kevinsawicki.http.HttpRequestTest.getNonGzippedWithUncompressEnabled":{"name":"com.github.kevinsawicki.http.HttpRequestTest.getNonGzippedWithUncompressEnabled","result":"PASS","time":0.041829306,"stackTrace":[]},"com.github.kevinsawicki.http.HttpRequestTest.getUrlEncodedWithSpace":{"name":"com.github.kevinsawicki.http.HttpRequestTest.getUrlEncodedWithSpace","result":"FAILURE","time":0.014426252,"stackTrace":[{"declaringClass":"org.junit.Assert","methodName":"assertEquals","fileName":"Assert.java","lineNumber":125},{"declaringClass":"org.junit.Assert","methodName":"assertEquals","fileName":"Assert.java","lineNumber":147},{"declaringClass":"com.github.kevinsawicki.http.HttpRequestTest","methodName":"getUrlEncodedWithSpace","fileName":"HttpRequestTest.java","lineNumber":285},{"declaringClass":"sun.reflect.NativeMethodAccessorImpl","methodName":"invoke0","fileName":"NativeMethodAccessorImpl.java","lineNumber":-2},{"declaringClass":"sun.reflect.NativeMethodAccessorImpl","methodName":"invoke","fileName":"NativeMethodAccessorImpl.java","lineNumber":62},{"declaringClass":"sun.reflect.DelegatingMethodAccessorImpl","methodName":"invoke","fileName":"DelegatingMethodAccessorImpl.java","lineNumber":43},{"declaringClass":"java.lang.reflect.Method","methodName":"invoke","fileName":"Method.java","lineNumber":498},{"declaringClass":"org.junit.runners.model.FrameworkMethod$1","methodName":"runReflectiveCall","fileName":"FrameworkMethod.java","lineNumber":45},{"declaringClass":"org.junit.internal.runners.model.ReflectiveCallable","methodName":"run","fileName":"ReflectiveCallable.java","lineNumber":15},{"declaringClass":"org.junit.runners.model.FrameworkMethod","methodName":"invokeExplosively","fileName":"FrameworkMethod.java","lineNumber":42},{"declaringClass":"org.junit.internal.runners.statements.InvokeMethod","methodName":"evaluate","fileName":"InvokeMethod.java","lineNumber":20},{"declaringClass":"org.junit.internal.runners.statements.RunBefores","methodName":"evaluate","fileName":"RunBefores.java","lineNumber":28},{"declaringClass":"org.junit.internal.runners.statements.RunAfters","methodName":"evaluate","fileName":"RunAfters.java","lineNumber":30},{"declaringClass":"com.reedoei.testrunner.execution.JUnitTestRunner","methodName":"runChild","fileName":"JUnitTestRunner.java","lineNumber":332},{"declaringClass":"com.reedoei.testrunner.execution.JUnitTestRunner","methodName":"run","fileName":"JUnitTestRunner.java","lineNumber":108},{"declaringClass":"org.junit.runner.JUnitCore","methodName":"run","fileName":"JUnitCore.java","lineNumber":157},{"declaringClass":"com.reedoei.testrunner.execution.JUnitTestExecutor","methodName":"execute","fileName":"JUnitTestExecutor.java","lineNumber":292},{"declaringClass":"com.reedoei.testrunner.execution.JUnitTestExecutor","methodName":"execute","fileName":"JUnitTestExecutor.java","lineNumber":328},{"declaringClass":"com.reedoei.testrunner.execution.JUnitTestExecutor","methodName":"executeWithJUnit4Runner","fileName":"JUnitTestExecutor.java","lineNumber":366},{"declaringClass":"com.reedoei.testrunner.execution.JUnitTestExecutor","methodName":"runOrder","fileName":"JUnitTestExecutor.java","lineNumber":47},{"declaringClass":"com.reedoei.testrunner.execution.Executor$","methodName":"$anonfun$run$1","fileName":"Executor.scala","lineNumber":30},{"declaringClass":"scala.runtime.java8.JFunction0$mcV$sp","methodName":"apply","fileName":"JFunction0$mcV$sp.java","lineNumber":12},{"declaringClass":"scala.util.Try$","methodName":"apply","fileName":"Try.scala","lineNumber":209},{"declaringClass":"com.reedoei.testrunner.execution.Executor$","methodName":"run","fileName":"Executor.scala","lineNumber":28},{"declaringClass":"com.reedoei.testrunner.execution.Executor$","methodName":"main","fileName":"Executor.scala","lineNumber":18},{"declaringClass":"com.reedoei.testrunner.execution.Executor","methodName":"main","fileName":"Executor.scala","lineNumber":-1}]},"com.github.kevinsawicki.http.HttpRequestTest.deleteWithEscapedVarargsQueryParams":{"name":"com.github.kevinsawicki.http.HttpRequestTest.deleteWithEscapedVarargsQueryParams","result":"ERROR","time":0.014035322,"stackTrace":[{"declaringClass":"org.junit.Assert","methodName":"fail","fileName":"Assert.java","lineNumber":93},{"declaringClass":"org.junit.Assert","methodName":"failNotEquals","fileName":"Assert.java","lineNumber":647},{"declaringClass":"org.junit.Assert","methodName":"assertEquals","fileName":"Assert.java","lineNumber":128},{"declaringClass":"org.junit.Assert","methodName":"assertEquals","fileName":"Assert.java","lineNumber":147},{"declaringClass":"com.github.kevinsawicki.http.HttpRequestTest","methodName":"deleteWithEscapedVarargsQueryParams","fileName":"HttpRequestTest.java","lineNumber":2804},{"declaringClass":"sun.reflect.NativeMethodAccessorImpl","methodName":"invoke0","fileName":"NativeMethodAccessorImpl.java","lineNumber":-2},{"declaringClass":"sun.reflect.NativeMethodAccessorImpl","methodName":"invoke","fileName":"NativeMethodAccessorImpl.java","lineNumber":62},{"declaringClass":"sun.reflect.DelegatingMethodAccessorImpl","methodName":"invoke","fileName":"DelegatingMethodAccessorImpl.java","lineNumber":43},{"declaringClass":"java.lang.reflect.Method","methodName":"invoke","fileName":"Method.java","lineNumber":498},{"declaringClass":"org.junit.runners.model.FrameworkMethod$1","methodName":"runReflectiveCall","fileName":"FrameworkMethod.java","lineNumber":45},{"declaringClass":"org.junit.internal.runners.model.ReflectiveCallable","methodName":"run","fileName":"ReflectiveCallable.java","lineNumber":15},{"declaringClass":"org.junit.runners.model.FrameworkMethod","methodName":"invokeExplosively","fileName":"FrameworkMethod.java","lineNumber":42},{"declaringClass":"org.junit.internal.runners.statements.InvokeMethod","methodName":"evaluate","fileName":"InvokeMethod.java","lineNumber":20},{"declaringClass":"org.junit.internal.runners.statements.RunBefores","methodName":"evaluate","fileName":"RunBefores.java","lineNumber":28},{"declaringClass":"org.junit.internal.runners.statements.RunAfters","methodName":"evaluate","fileName":"RunAfters.java","lineNumber":30},{"declaringClass":"com.reedoei.testrunner.execution.JUnitTestRunner","methodName":"runChild","fileName":"JUnitTestRunner.java","lineNumber":332},{"declaringClass":"com.reedoei.testrunner.execution.JUnitTestRunner","methodName":"run","fileName":"JUnitTestRunner.java","lineNumber":108},{"declaringClass":"org.junit.runner.JUnitCore","methodName":"run","fileName":"JUnitCore.java","lineNumber":157},{"declaringClass":"com.reedoei.testrunner.execution.JUnitTestExecutor","methodName":"execute","fileName":"JUnitTestExecutor.java","lineNumber":292},{"declaringClass":"com.reedoei.testrunner.execution.JUnitTestExecutor","methodName":"execute","fileName":"JUnitTestExecutor.java","lineNumber":328},{"declaringClass":"com.reedoei.testrunner.execution.JUnitTestExecutor","methodName":"executeWithJUnit4Runner","fileName":"JUnitTestExecutor.java","lineNumber":366},{"declaringClass":"com.reedoei.testrunner.execution.JUnitTestExecutor","methodName":"runOrder","fileName":"JUnitTestExecutor.java","lineNumber":47},{"declaringClass":"com.reedoei.testrunner.execution.Executor$","methodName":"$anonfun$run$1","fileName":"Executor.scala","lineNumber":30},{"declaringClass":"scala.runtime.java8.JFunction0$mcV$sp","methodName":"apply","fileName":"JFunction0$mcV$sp.java","lineNumber":12},{"declaringClass":"scala.util.Try$","methodName":"apply","fileName":"Try.scala","lineNumber":209},{"declaringClass":"com.reedoei.testrunner.execution.Executor$","methodName":"run","fileName":"Executor.scala","lineNumber":28},{"declaringClass":"com.reedoei.testrunner.execution.Executor$","methodName":"main","fileName":"Executor.scala","lineNumber":18},{"declaringClass":"com.reedoei.testrunner.execution.Executor","methodName":"main","fileName":"Executor.scala","lineNumber":-1}]},"com.github.kevinsawicki.http.HttpRequestTest.sendErrorCloseStream":{"name":"com.github.kevinsawicki.http.HttpRequestTest.sendErrorCloseStream","result":"PASS","time":0.008270075,"stackTrace":[]},"com.github.kevinsawicki.http.HttpRequestTest.malformedIntHeader":{"name":"com.github.kevinsawicki.http.HttpRequestTest.malformedIntHeader","result":"PASS","time":0.010553976,"stackTrace":[]},"com.github.kevinsawicki.http.HttpRequestTest.getMultipleParameters":{"name":"com.github.kevinsawicki.http.HttpRequestTest.getMultipleParameters","result":"PASS","time":0.023897262,"stackTrace":[]},"com.github.kevinsawicki.http.HttpRequestTest.acceptCharsetHeader":{"name":"com.github.kevinsawicki.http.HttpRequestTest.acceptCharsetHeader","result":"PASS","time":0.02671025,"stackTrace":[]},"com.github.kevinsawicki.http.HttpRequestTest.appendVarargsQueryParamsWithExistingQueryStart":{"name":"com.github.kevinsawicki.http.HttpRequestTest.appendVarargsQueryParamsWithExistingQueryStart","result":"PASS","time":0.003325938,"stackTrace":[]},"com.github.kevinsawicki.http.HttpRequestTest.getWithResponseCharset":{"name":"com.github.kevinsawicki.http.HttpRequestTest.getWithResponseCharset","result":"PASS","time":0.021432808,"stackTrace":[]},"com.github.kevinsawicki.http.HttpRequestTest.getWithVarargsQueryParams":{"name":"com.github.kevinsawicki.http.HttpRequestTest.getWithVarargsQueryParams","result":"ERROR","time":0.021893164,"stackTrace":[{"declaringClass":"org.junit.Assert","methodName":"fail","fileName":"Assert.java","lineNumber":93},{"declaringClass":"org.junit.Assert","methodName":"failNotEquals","fileName":"Assert.java","lineNumber":647},{"declaringClass":"org.junit.Assert","methodName":"assertEquals","fileName":"Assert.java","lineNumber":128},{"declaringClass":"org.junit.Assert","methodName":"assertEquals","fileName":"Assert.java","lineNumber":147},{"declaringClass":"com.github.kevinsawicki.http.HttpRequestTest","methodName":"getWithVarargsQueryParams","fileName":"HttpRequestTest.java","lineNumber":2639},{"declaringClass":"sun.reflect.NativeMethodAccessorImpl","methodName":"invoke0","fileName":"NativeMethodAccessorImpl.java","lineNumber":-2},{"declaringClass":"sun.reflect.NativeMethodAccessorImpl","methodName":"invoke","fileName":"NativeMethodAccessorImpl.java","lineNumber":62},{"declaringClass":"sun.reflect.DelegatingMethodAccessorImpl","methodName":"invoke","fileName":"DelegatingMethodAccessorImpl.java","lineNumber":43},{"declaringClass":"java.lang.reflect.Method","methodName":"invoke","fileName":"Method.java","lineNumber":498},{"declaringClass":"org.junit.runners.model.FrameworkMethod$1","methodName":"runReflectiveCall","fileName":"FrameworkMethod.java","lineNumber":45},{"declaringClass":"org.junit.internal.runners.model.ReflectiveCallable","methodName":"run","fileName":"ReflectiveCallable.java","lineNumber":15},{"declaringClass":"org.junit.runners.model.FrameworkMethod","methodName":"invokeExplosively","fileName":"FrameworkMethod.java","lineNumber":42},{"declaringClass":"org.junit.internal.runners.statements.InvokeMethod","methodName":"evaluate","fileName":"InvokeMethod.java","lineNumber":20},{"declaringClass":"org.junit.internal.runners.statements.RunBefores","methodName":"evaluate","fileName":"RunBefores.java","lineNumber":28},{"declaringClass":"org.junit.internal.runners.statements.RunAfters","methodName":"evaluate","fileName":"RunAfters.java","lineNumber":30},{"declaringClass":"com.reedoei.testrunner.execution.JUnitTestRunner","methodName":"runChild","fileName":"JUnitTestRunner.java","lineNumber":332},{"declaringClass":"com.reedoei.testrunner.execution.JUnitTestRunner","methodName":"run","fileName":"JUnitTestRunner.java","lineNumber":108},{"declaringClass":"org.junit.runner.JUnitCore","methodName":"run","fileName":"JUnitCore.java","lineNumber":157},{"declaringClass":"com.reedoei.testrunner.execution.JUnitTestExecutor","methodName":"execute","fileName":"JUnitTestExecutor.java","lineNumber":292},{"declaringClass":"com.reedoei.testrunner.execution.JUnitTestExecutor","methodName":"execute","fileName":"JUnitTestExecutor.java","lineNumber":328},{"declaringClass":"com.reedoei.testrunner.execution.JUnitTestExecutor","methodName":"executeWithJUnit4Runner","fileName":"JUnitTestExecutor.java","lineNumber":366},{"declaringClass":"com.reedoei.testrunner.execution.JUnitTestExecutor","methodName":"runOrder","fileName":"JUnitTestExecutor.java","lineNumber":47},{"declaringClass":"com.reedoei.testrunner.execution.Executor$","methodName":"$anonfun$run$1","fileName":"Executor.scala","lineNumber":30},{"declaringClass":"scala.runtime.java8.JFunction0$mcV$sp","methodName":"apply","fileName":"JFunction0$mcV$sp.java","lineNumber":12},{"declaringClass":"scala.util.Try$","methodName":"apply","fileName":"Try.scala","lineNumber":209},{"declaringClass":"com.reedoei.testrunner.execution.Executor$","methodName":"run","fileName":"Executor.scala","lineNumber":28},{"declaringClass":"com.reedoei.testrunner.execution.Executor$","methodName":"main","fileName":"Executor.scala","lineNumber":18},{"declaringClass":"com.reedoei.testrunner.execution.Executor","methodName":"main","fileName":"Executor.scala","lineNumber":-1}]},"com.github.kevinsawicki.http.HttpRequestTest.deleteWithEscapedMappedQueryParams":{"name":"com.github.kevinsawicki.http.HttpRequestTest.deleteWithEscapedMappedQueryParams","result":"PASS","time":0.019908623,"stackTrace":[]},"com.github.kevinsawicki.http.HttpRequestTest.appendNullVaragsQueryParams":{"name":"com.github.kevinsawicki.http.HttpRequestTest.appendNullVaragsQueryParams","result":"PASS","time":0.003394806,"stackTrace":[]},"com.github.kevinsawicki.http.HttpRequestTest.optionsUrlEmpty":{"name":"com.github.kevinsawicki.http.HttpRequestTest.optionsUrlEmpty","result":"PASS","time":0.018608505,"stackTrace":[]},"com.github.kevinsawicki.http.HttpRequestTest.numberHeader":{"name":"com.github.kevinsawicki.http.HttpRequestTest.numberHeader","result":"PASS","time":0.013946268,"stackTrace":[]},"com.github.kevinsawicki.http.HttpRequestTest.getToOutputCode":{"name":"com.github.kevinsawicki.http.HttpRequestTest.getToOutputCode","result":"PASS","time":0.01505878,"stackTrace":[]},"com.github.kevinsawicki.http.HttpRequestTest.postForm":{"name":"com.github.kevinsawicki.http.HttpRequestTest.postForm","result":"PASS","time":0.019141781,"stackTrace":[]},"com.github.kevinsawicki.http.HttpRequestTest.postNonEmptyString":{"name":"com.github.kevinsawicki.http.HttpRequestTest.postNonEmptyString","result":"PASS","time":0.011343308,"stackTrace":[]},"com.github.kevinsawicki.http.HttpRequestTest.sendDateHeaderWithoutCode":{"name":"com.github.kevinsawicki.http.HttpRequestTest.sendDateHeaderWithoutCode","result":"PASS","time":0.01779787,"stackTrace":[]},"com.github.kevinsawicki.http.HttpRequestTest.ifNoneMatchHeader":{"name":"com.github.kevinsawicki.http.HttpRequestTest.ifNoneMatchHeader","result":"PASS","time":0.014924675,"stackTrace":[]},"com.github.kevinsawicki.http.HttpRequestTest.traceUrlEmpty":{"name":"com.github.kevinsawicki.http.HttpRequestTest.traceUrlEmpty","result":"PASS","time":0.011193209,"stackTrace":[]},"com.github.kevinsawicki.http.HttpRequestTest.httpTrust":{"name":"com.github.kevinsawicki.http.HttpRequestTest.httpTrust","result":"PASS","time":0.00561452,"stackTrace":[]},"com.github.kevinsawicki.http.HttpRequestTest.cacheControlHeader":{"name":"com.github.kevinsawicki.http.HttpRequestTest.cacheControlHeader","result":"PASS","time":0.014557213,"stackTrace":[]},"com.github.kevinsawicki.http.HttpRequestTest.appendEmptyVarargsQueryParams":{"name":"com.github.kevinsawicki.http.HttpRequestTest.appendEmptyVarargsQueryParams","result":"PASS","time":0.002711221,"stackTrace":[]},"com.github.kevinsawicki.http.HttpRequestTest.headEmpty":{"name":"com.github.kevinsawicki.http.HttpRequestTest.headEmpty","result":"PASS","time":0.013765926,"stackTrace":[]},"com.github.kevinsawicki.http.HttpRequestTest.nullConnectionFactory":{"name":"com.github.kevinsawicki.http.HttpRequestTest.nullConnectionFactory","result":"PASS","time":0.021188555,"stackTrace":[]},"com.github.kevinsawicki.http.HttpRequestTest.uploadProgressSendByteArray":{"name":"com.github.kevinsawicki.http.HttpRequestTest.uploadProgressSendByteArray","result":"PASS","time":0.048375295,"stackTrace":[]},"com.github.kevinsawicki.http.HttpRequestTest.badRequestCode":{"name":"com.github.kevinsawicki.http.HttpRequestTest.badRequestCode","result":"PASS","time":0.01516285,"stackTrace":[]},"com.github.kevinsawicki.http.HttpRequestTest.bodyOfNonEmptyErrorResponse":{"name":"com.github.kevinsawicki.http.HttpRequestTest.bodyOfNonEmptyErrorResponse","result":"PASS","time":0.012916246,"stackTrace":[]},"com.github.kevinsawicki.http.HttpRequestTest.malformedStringUrl":{"name":"com.github.kevinsawicki.http.HttpRequestTest.malformedStringUrl","result":"PASS","time":0.006700349,"stackTrace":[]},"com.github.kevinsawicki.http.HttpRequestTest.acceptJson":{"name":"com.github.kevinsawicki.http.HttpRequestTest.acceptJson","result":"PASS","time":0.012744983,"stackTrace":[]},"com.github.kevinsawicki.http.HttpRequestTest.postFormAsEntries":{"name":"com.github.kevinsawicki.http.HttpRequestTest.postFormAsEntries","result":"PASS","time":0.015736358,"stackTrace":[]},"com.github.kevinsawicki.http.HttpRequestTest.getParameters":{"name":"com.github.kevinsawicki.http.HttpRequestTest.getParameters","result":"PASS","time":0.012768452,"stackTrace":[]},"com.github.kevinsawicki.http.HttpRequestTest.streamOfEmptyOkResponse":{"name":"com.github.kevinsawicki.http.HttpRequestTest.streamOfEmptyOkResponse","result":"PASS","time":0.011167017,"stackTrace":[]},"com.github.kevinsawicki.http.HttpRequestTest.appendWithVarargsQueryParamsWithExistingParams":{"name":"com.github.kevinsawicki.http.HttpRequestTest.appendWithVarargsQueryParamsWithExistingParams","result":"PASS","time":0.006685472,"stackTrace":[]},"com.github.kevinsawicki.http.HttpRequestTest.getNoContent":{"name":"com.github.kevinsawicki.http.HttpRequestTest.getNoContent","result":"PASS","time":0.009868784,"stackTrace":[]},"com.github.kevinsawicki.http.HttpRequestTest.appendArrayQueryParams":{"name":"com.github.kevinsawicki.http.HttpRequestTest.appendArrayQueryParams","result":"PASS","time":0.004219481,"stackTrace":[]},"com.github.kevinsawicki.http.HttpRequestTest.emptyHeaders":{"name":"com.github.kevinsawicki.http.HttpRequestTest.emptyHeaders","result":"PASS","time":0.015908459,"stackTrace":[]},"com.github.kevinsawicki.http.HttpRequestTest.uploadProgressSendReader":{"name":"com.github.kevinsawicki.http.HttpRequestTest.uploadProgressSendReader","result":"PASS","time":0.03351914,"stackTrace":[]},"com.github.kevinsawicki.http.HttpRequestTest.putWithEscapedVarargsQueryParams":{"name":"com.github.kevinsawicki.http.HttpRequestTest.putWithEscapedVarargsQueryParams","result":"ERROR","time":0.016640937,"stackTrace":[{"declaringClass":"org.junit.Assert","methodName":"fail","fileName":"Assert.java","lineNumber":93},{"declaringClass":"org.junit.Assert","methodName":"failNotEquals","fileName":"Assert.java","lineNumber":647},{"declaringClass":"org.junit.Assert","methodName":"assertEquals","fileName":"Assert.java","lineNumber":128},{"declaringClass":"org.junit.Assert","methodName":"assertEquals","fileName":"Assert.java","lineNumber":147},{"declaringClass":"com.github.kevinsawicki.http.HttpRequestTest","methodName":"putWithEscapedVarargsQueryParams","fileName":"HttpRequestTest.java","lineNumber":2914},{"declaringClass":"sun.reflect.NativeMethodAccessorImpl","methodName":"invoke0","fileName":"NativeMethodAccessorImpl.java","lineNumber":-2},{"declaringClass":"sun.reflect.NativeMethodAccessorImpl","methodName":"invoke","fileName":"NativeMethodAccessorImpl.java","lineNumber":62},{"declaringClass":"sun.reflect.DelegatingMethodAccessorImpl","methodName":"invoke","fileName":"DelegatingMethodAccessorImpl.java","lineNumber":43},{"declaringClass":"java.lang.reflect.Method","methodName":"invoke","fileName":"Method.java","lineNumber":498},{"declaringClass":"org.junit.runners.model.FrameworkMethod$1","methodName":"runReflectiveCall","fileName":"FrameworkMethod.java","lineNumber":45},{"declaringClass":"org.junit.internal.runners.model.ReflectiveCallable","methodName":"run","fileName":"ReflectiveCallable.java","lineNumber":15},{"declaringClass":"org.junit.runners.model.FrameworkMethod","methodName":"invokeExplosively","fileName":"FrameworkMethod.java","lineNumber":42},{"declaringClass":"org.junit.internal.runners.statements.InvokeMethod","methodName":"evaluate","fileName":"InvokeMethod.java","lineNumber":20},{"declaringClass":"org.junit.internal.runners.statements.RunBefores","methodName":"evaluate","fileName":"RunBefores.java","lineNumber":28},{"declaringClass":"org.junit.internal.runners.statements.RunAfters","methodName":"evaluate","fileName":"RunAfters.java","lineNumber":30},{"declaringClass":"com.reedoei.testrunner.execution.JUnitTestRunner","methodName":"runChild","fileName":"JUnitTestRunner.java","lineNumber":332},{"declaringClass":"com.reedoei.testrunner.execution.JUnitTestRunner","methodName":"run","fileName":"JUnitTestRunner.java","lineNumber":108},{"declaringClass":"org.junit.runner.JUnitCore","methodName":"run","fileName":"JUnitCore.java","lineNumber":157},{"declaringClass":"com.reedoei.testrunner.execution.JUnitTestExecutor","methodName":"execute","fileName":"JUnitTestExecutor.java","lineNumber":292},{"declaringClass":"com.reedoei.testrunner.execution.JUnitTestExecutor","methodName":"execute","fileName":"JUnitTestExecutor.java","lineNumber":328},{"declaringClass":"com.reedoei.testrunner.execution.JUnitTestExecutor","methodName":"executeWithJUnit4Runner","fileName":"JUnitTestExecutor.java","lineNumber":366},{"declaringClass":"com.reedoei.testrunner.execution.JUnitTestExecutor","methodName":"runOrder","fileName":"JUnitTestExecutor.java","lineNumber":47},{"declaringClass":"com.reedoei.testrunner.execution.Executor$","methodName":"$anonfun$run$1","fileName":"Executor.scala","lineNumber":30},{"declaringClass":"scala.runtime.java8.JFunction0$mcV$sp","methodName":"apply","fileName":"JFunction0$mcV$sp.java","lineNumber":12},{"declaringClass":"scala.util.Try$","methodName":"apply","fileName":"Try.scala","lineNumber":209},{"declaringClass":"com.reedoei.testrunner.execution.Executor$","methodName":"run","fileName":"Executor.scala","lineNumber":28},{"declaringClass":"com.reedoei.testrunner.execution.Executor$","methodName":"main","fileName":"Executor.scala","lineNumber":18},{"declaringClass":"com.reedoei.testrunner.execution.Executor","methodName":"main","fileName":"Executor.scala","lineNumber":-1}]},"com.github.kevinsawicki.http.HttpRequestTest.getEmpty":{"name":"com.github.kevinsawicki.http.HttpRequestTest.getEmpty","result":"PASS","time":0.016861232,"stackTrace":[]},"com.github.kevinsawicki.http.HttpRequestTest.getReaderWithCharset":{"name":"com.github.kevinsawicki.http.HttpRequestTest.getReaderWithCharset","result":"PASS","time":0.018520708,"stackTrace":[]},"com.github.kevinsawicki.http.HttpRequestTest.getGzipped":{"name":"com.github.kevinsawicki.http.HttpRequestTest.getGzipped","result":"PASS","time":0.049923717,"stackTrace":[]},"com.github.kevinsawicki.http.HttpRequestTest.sendReceiveWithoutCode":{"name":"com.github.kevinsawicki.http.HttpRequestTest.sendReceiveWithoutCode","result":"PASS","time":0.022169894,"stackTrace":[]},"com.github.kevinsawicki.http.HttpRequestTest.appendVarargsQueryParmasWithNoPath":{"name":"com.github.kevinsawicki.http.HttpRequestTest.appendVarargsQueryParmasWithNoPath","result":"PASS","time":0.005823849,"stackTrace":[]},"com.github.kevinsawicki.http.HttpRequestTest.putWithVarargsQueryParams":{"name":"com.github.kevinsawicki.http.HttpRequestTest.putWithVarargsQueryParams","result":"PASS","time":0.024123005,"stackTrace":[]},"com.github.kevinsawicki.http.HttpRequestTest.postWithEscapedVarargsQueryParams":{"name":"com.github.kevinsawicki.http.HttpRequestTest.postWithEscapedVarargsQueryParams","result":"PASS","time":0.012946699,"stackTrace":[]},"com.github.kevinsawicki.http.HttpRequestTest.userAgentHeader":{"name":"com.github.kevinsawicki.http.HttpRequestTest.userAgentHeader","result":"PASS","time":0.012425576,"stackTrace":[]},"com.github.kevinsawicki.http.HttpRequestTest.sendHeadersWithoutCode":{"name":"com.github.kevinsawicki.http.HttpRequestTest.sendHeadersWithoutCode","result":"PASS","time":0.009655824,"stackTrace":[]},"com.github.kevinsawicki.http.HttpRequestTest.appendMappedQueryParamsWithExistingParams":{"name":"com.github.kevinsawicki.http.HttpRequestTest.appendMappedQueryParamsWithExistingParams","result":"PASS","time":0.003247222,"stackTrace":[]},"com.github.kevinsawicki.http.HttpRequestTest.basicProxyAuthentication":{"name":"com.github.kevinsawicki.http.HttpRequestTest.basicProxyAuthentication","result":"ERROR","time":0.010789987,"stackTrace":[{"declaringClass":"com.github.kevinsawicki.http.HttpRequest","methodName":"createConnection","fileName":"HttpRequest.java","lineNumber":1507},{"declaringClass":"com.github.kevinsawicki.http.HttpRequest","methodName":"getConnection","fileName":"HttpRequest.java","lineNumber":1523},{"declaringClass":"com.github.kevinsawicki.http.HttpRequest","methodName":"header","fileName":"HttpRequest.java","lineNumber":2066},{"declaringClass":"com.github.kevinsawicki.http.HttpRequest","methodName":"proxyAuthorization","fileName":"HttpRequest.java","lineNumber":2472},{"declaringClass":"com.github.kevinsawicki.http.HttpRequest","methodName":"proxyBasic","fileName":"HttpRequest.java","lineNumber":2496},{"declaringClass":"com.github.kevinsawicki.http.HttpRequestTest","methodName":"basicProxyAuthentication","fileName":"HttpRequestTest.java","lineNumber":975},{"declaringClass":"sun.reflect.NativeMethodAccessorImpl","methodName":"invoke0","fileName":"NativeMethodAccessorImpl.java","lineNumber":-2},{"declaringClass":"sun.reflect.NativeMethodAccessorImpl","methodName":"invoke","fileName":"NativeMethodAccessorImpl.java","lineNumber":62},{"declaringClass":"sun.reflect.DelegatingMethodAccessorImpl","methodName":"invoke","fileName":"DelegatingMethodAccessorImpl.java","lineNumber":43},{"declaringClass":"java.lang.reflect.Method","methodName":"invoke","fileName":"Method.java","lineNumber":498},{"declaringClass":"org.junit.runners.model.FrameworkMethod$1","methodName":"runReflectiveCall","fileName":"FrameworkMethod.java","lineNumber":45},{"declaringClass":"org.junit.internal.runners.model.ReflectiveCallable","methodName":"run","fileName":"ReflectiveCallable.java","lineNumber":15},{"declaringClass":"org.junit.runners.model.FrameworkMethod","methodName":"invokeExplosively","fileName":"FrameworkMethod.java","lineNumber":42},{"declaringClass":"org.junit.internal.runners.statements.InvokeMethod","methodName":"evaluate","fileName":"InvokeMethod.java","lineNumber":20},{"declaringClass":"org.junit.internal.runners.statements.RunBefores","methodName":"evaluate","fileName":"RunBefores.java","lineNumber":28},{"declaringClass":"org.junit.internal.runners.statements.RunAfters","methodName":"evaluate","fileName":"RunAfters.java","lineNumber":30},{"declaringClass":"com.reedoei.testrunner.execution.JUnitTestRunner","methodName":"runChild","fileName":"JUnitTestRunner.java","lineNumber":332},{"declaringClass":"com.reedoei.testrunner.execution.JUnitTestRunner","methodName":"run","fileName":"JUnitTestRunner.java","lineNumber":108},{"declaringClass":"org.junit.runner.JUnitCore","methodName":"run","fileName":"JUnitCore.java","lineNumber":157},{"declaringClass":"com.reedoei.testrunner.execution.JUnitTestExecutor","methodName":"execute","fileName":"JUnitTestExecutor.java","lineNumber":292},{"declaringClass":"com.reedoei.testrunner.execution.JUnitTestExecutor","methodName":"execute","fileName":"JUnitTestExecutor.java","lineNumber":328},{"declaringClass":"com.reedoei.testrunner.execution.JUnitTestExecutor","methodName":"executeWithJUnit4Runner","fileName":"JUnitTestExecutor.java","lineNumber":366},{"declaringClass":"com.reedoei.testrunner.execution.JUnitTestExecutor","methodName":"runOrder","fileName":"JUnitTestExecutor.java","lineNumber":47},{"declaringClass":"com.reedoei.testrunner.execution.Executor$","methodName":"$anonfun$run$1","fileName":"Executor.scala","lineNumber":30},{"declaringClass":"scala.runtime.java8.JFunction0$mcV$sp","methodName":"apply","fileName":"JFunction0$mcV$sp.java","lineNumber":12},{"declaringClass":"scala.util.Try$","methodName":"apply","fileName":"Try.scala","lineNumber":209},{"declaringClass":"com.reedoei.testrunner.execution.Executor$","methodName":"run","fileName":"Executor.scala","lineNumber":28},{"declaringClass":"com.reedoei.testrunner.execution.Executor$","methodName":"main","fileName":"Executor.scala","lineNumber":18},{"declaringClass":"com.reedoei.testrunner.execution.Executor","methodName":"main","fileName":"Executor.scala","lineNumber":-1}]},"com.github.kevinsawicki.http.HttpRequestTest.singleVerifier":{"name":"com.github.kevinsawicki.http.HttpRequestTest.singleVerifier","result":"PASS","time":0.009783921,"stackTrace":[]},"com.github.kevinsawicki.http.HttpRequestTest.expiresHeader":{"name":"com.github.kevinsawicki.http.HttpRequestTest.expiresHeader","result":"PASS","time":0.009836795,"stackTrace":[]},"com.github.kevinsawicki.http.HttpRequestTest.receiveFile":{"name":"com.github.kevinsawicki.http.HttpRequestTest.receiveFile","result":"PASS","time":0.027802785,"stackTrace":[]},"com.github.kevinsawicki.http.HttpRequestTest.postNonEmptyReader":{"name":"com.github.kevinsawicki.http.HttpRequestTest.postNonEmptyReader","result":"PASS","time":0.022896436,"stackTrace":[]},"com.github.kevinsawicki.http.HttpRequestTest.sendErrorReadStream":{"name":"com.github.kevinsawicki.http.HttpRequestTest.sendErrorReadStream","result":"PASS","time":0.006043516,"stackTrace":[]},"com.github.kevinsawicki.http.HttpRequestTest.getQuotedParameters":{"name":"com.github.kevinsawicki.http.HttpRequestTest.getQuotedParameters","result":"PASS","time":0.023191046,"stackTrace":[]},"com.github.kevinsawicki.http.HttpRequestTest.requestContentTypeEmptyCharset":{"name":"com.github.kevinsawicki.http.HttpRequestTest.requestContentTypeEmptyCharset","result":"PASS","time":0.019818661,"stackTrace":[]},"com.github.kevinsawicki.http.HttpRequestTest.notModifiedCode":{"name":"com.github.kevinsawicki.http.HttpRequestTest.notModifiedCode","result":"PASS","time":0.016527087,"stackTrace":[]},"com.github.kevinsawicki.http.HttpRequestTest.getMissingParameter":{"name":"com.github.kevinsawicki.http.HttpRequestTest.getMissingParameter","result":"PASS","time":0.022969285,"stackTrace":[]},"com.github.kevinsawicki.http.HttpRequestTest.dateHeader":{"name":"com.github.kevinsawicki.http.HttpRequestTest.dateHeader","result":"PASS","time":0.013471803,"stackTrace":[]},"com.github.kevinsawicki.http.HttpRequestTest.getToOutputBody":{"name":"com.github.kevinsawicki.http.HttpRequestTest.getToOutputBody","result":"PASS","time":0.017819103,"stackTrace":[]},"com.github.kevinsawicki.http.HttpRequestTest.singleSslSocketFactory":{"name":"com.github.kevinsawicki.http.HttpRequestTest.singleSslSocketFactory","result":"PASS","time":1.187946715,"stackTrace":[]},"com.github.kevinsawicki.http.HttpRequestTest.acceptHeader":{"name":"com.github.kevinsawicki.http.HttpRequestTest.acceptHeader","result":"PASS","time":0.014741328,"stackTrace":[]},"com.github.kevinsawicki.http.HttpRequestTest.getMixQuotedParameters":{"name":"com.github.kevinsawicki.http.HttpRequestTest.getMixQuotedParameters","result":"PASS","time":0.014335451,"stackTrace":[]},"com.github.kevinsawicki.http.HttpRequestTest.putUrlEmpty":{"name":"com.github.kevinsawicki.http.HttpRequestTest.putUrlEmpty","result":"PASS","time":0.022250987,"stackTrace":[]},"com.github.kevinsawicki.http.HttpRequestTest.postWithEscapedMappedQueryParams":{"name":"com.github.kevinsawicki.http.HttpRequestTest.postWithEscapedMappedQueryParams","result":"ERROR","time":0.012716136,"stackTrace":[{"declaringClass":"org.junit.Assert","methodName":"fail","fileName":"Assert.java","lineNumber":93},{"declaringClass":"org.junit.Assert","methodName":"failNotEquals","fileName":"Assert.java","lineNumber":647},{"declaringClass":"org.junit.Assert","methodName":"assertEquals","fileName":"Assert.java","lineNumber":128},{"declaringClass":"org.junit.Assert","methodName":"assertEquals","fileName":"Assert.java","lineNumber":147},{"declaringClass":"com.github.kevinsawicki.http.HttpRequestTest","methodName":"postWithEscapedMappedQueryParams","fileName":"HttpRequestTest.java","lineNumber":2529},{"declaringClass":"sun.reflect.NativeMethodAccessorImpl","methodName":"invoke0","fileName":"NativeMethodAccessorImpl.java","lineNumber":-2},{"declaringClass":"sun.reflect.NativeMethodAccessorImpl","methodName":"invoke","fileName":"NativeMethodAccessorImpl.java","lineNumber":62},{"declaringClass":"sun.reflect.DelegatingMethodAccessorImpl","methodName":"invoke","fileName":"DelegatingMethodAccessorImpl.java","lineNumber":43},{"declaringClass":"java.lang.reflect.Method","methodName":"invoke","fileName":"Method.java","lineNumber":498},{"declaringClass":"org.junit.runners.model.FrameworkMethod$1","methodName":"runReflectiveCall","fileName":"FrameworkMethod.java","lineNumber":45},{"declaringClass":"org.junit.internal.runners.model.ReflectiveCallable","methodName":"run","fileName":"ReflectiveCallable.java","lineNumber":15},{"declaringClass":"org.junit.runners.model.FrameworkMethod","methodName":"invokeExplosively","fileName":"FrameworkMethod.java","lineNumber":42},{"declaringClass":"org.junit.internal.runners.statements.InvokeMethod","methodName":"evaluate","fileName":"InvokeMethod.java","lineNumber":20},{"declaringClass":"org.junit.internal.runners.statements.RunBefores","methodName":"evaluate","fileName":"RunBefores.java","lineNumber":28},{"declaringClass":"org.junit.internal.runners.statements.RunAfters","methodName":"evaluate","fileName":"RunAfters.java","lineNumber":30},{"declaringClass":"com.reedoei.testrunner.execution.JUnitTestRunner","methodName":"runChild","fileName":"JUnitTestRunner.java","lineNumber":332},{"declaringClass":"com.reedoei.testrunner.execution.JUnitTestRunner","methodName":"run","fileName":"JUnitTestRunner.java","lineNumber":108},{"declaringClass":"org.junit.runner.JUnitCore","methodName":"run","fileName":"JUnitCore.java","lineNumber":157},{"declaringClass":"com.reedoei.testrunner.execution.JUnitTestExecutor","methodName":"execute","fileName":"JUnitTestExecutor.java","lineNumber":292},{"declaringClass":"com.reedoei.testrunner.execution.JUnitTestExecutor","methodName":"execute","fileName":"JUnitTestExecutor.java","lineNumber":328},{"declaringClass":"com.reedoei.testrunner.execution.JUnitTestExecutor","methodName":"executeWithJUnit4Runner","fileName":"JUnitTestExecutor.java","lineNumber":366},{"declaringClass":"com.reedoei.testrunner.execution.JUnitTestExecutor","methodName":"runOrder","fileName":"JUnitTestExecutor.java","lineNumber":47},{"declaringClass":"com.reedoei.testrunner.execution.Executor$","methodName":"$anonfun$run$1","fileName":"Executor.scala","lineNumber":30},{"declaringClass":"scala.runtime.java8.JFunction0$mcV$sp","methodName":"apply","fileName":"JFunction0$mcV$sp.java","lineNumber":12},{"declaringClass":"scala.util.Try$","methodName":"apply","fileName":"Try.scala","lineNumber":209},{"declaringClass":"com.reedoei.testrunner.execution.Executor$","methodName":"run","fileName":"Executor.scala","lineNumber":28},{"declaringClass":"com.reedoei.testrunner.execution.Executor$","methodName":"main","fileName":"Executor.scala","lineNumber":18},{"declaringClass":"com.reedoei.testrunner.execution.Executor","methodName":"main","fileName":"Executor.scala","lineNumber":-1}]},"com.github.kevinsawicki.http.HttpRequestTest.postWithMappedQueryParams":{"name":"com.github.kevinsawicki.http.HttpRequestTest.postWithMappedQueryParams","result":"PASS","time":0.030802471,"stackTrace":[]},"com.github.kevinsawicki.http.HttpRequestTest.getReader":{"name":"com.github.kevinsawicki.http.HttpRequestTest.getReader","result":"PASS","time":0.013612753,"stackTrace":[]},"com.github.kevinsawicki.http.HttpRequestTest.missingDateHeader":{"name":"com.github.kevinsawicki.http.HttpRequestTest.missingDateHeader","result":"PASS","time":0.007259119,"stackTrace":[]},"com.github.kevinsawicki.http.HttpRequestTest.appendOddNumberOfParams":{"name":"com.github.kevinsawicki.http.HttpRequestTest.appendOddNumberOfParams","result":"PASS","time":0.003021408,"stackTrace":[]},"com.github.kevinsawicki.http.HttpRequestTest.postUrlEmpty":{"name":"com.github.kevinsawicki.http.HttpRequestTest.postUrlEmpty","result":"PASS","time":0.006712573,"stackTrace":[]}},"diffs":{}},"expected":"ERROR","dependentTest":"com.github.kevinsawicki.http.HttpRequestTest.getWithVarargsQueryParams","polluters":[{"time":{"startTime":1574118667788,"endTime":1574118667789,"elapsedSeconds":9.999275207519531E-4},"index":0,"deps":["com.github.kevinsawicki.http.HttpRequestTest.customConnectionFactory"],"cleanerData":{"dependentTest":"com.github.kevinsawicki.http.HttpRequestTest.getWithVarargsQueryParams","time":{"addTime":{"startTime":1574118667869,"endTime":1574118716903,"elapsedSeconds":49.03399991989136},"totalTime":{"startTime":1574118667869,"endTime":1574120730214,"elapsedSeconds":2062.3450000286102}},"expected":"ERROR","isolationResult":"PASS","cleaners":[{"dependentTest":"com.github.kevinsawicki.http.HttpRequestTest.getWithVarargsQueryParams","originalSize":106,"cleanerTests":["com.github.kevinsawicki.http.HttpRequestTest.nullConnectionFactory"],"orderFound":0,"time":{"addTime":{"startTime":1574118667869,"endTime":1574118716903,"elapsedSeconds":49.03399991989136},"totalTime":{"startTime":1574118667869,"endTime":1574120730214,"elapsedSeconds":2062.3450000286102}}}]}}],"hash":"6222caebfec91187a3dd969cd52a4506","flakyClass":"OD"}