{"time":{"startTime":1574126180451,"endTime":1574129973339,"elapsedSeconds":3792.888000011444},"expectedRun":{"id":"1574126152165-15a12e83-9be5-4736-b786-b5250bed3dea","testOrder":["com.github.kevinsawicki.http.EncodeTest.encode","com.github.kevinsawicki.http.EncodeTest.encodeMalformedUri","com.github.kevinsawicki.http.HttpRequestTest.postMultipleFiles","com.github.kevinsawicki.http.HttpRequestTest.postWithMappedQueryParams","com.github.kevinsawicki.http.HttpRequestTest.getToOutputBody","com.github.kevinsawicki.http.HttpRequestTest.locationHeader","com.github.kevinsawicki.http.HttpRequestTest.nullConnectionFactory","com.github.kevinsawicki.http.HttpRequestTest.getWithEscapedMappedQueryParams","com.github.kevinsawicki.http.HttpRequestTest.ifNoneMatchHeader","com.github.kevinsawicki.http.HttpRequestTest.putWithMappedQueryParams","com.github.kevinsawicki.http.HttpRequestTest.appendNullVaragsQueryParams","com.github.kevinsawicki.http.HttpRequestTest.deleteWithEscapedMappedQueryParams","com.github.kevinsawicki.http.HttpRequestTest.putWithEscapedMappedQueryParams","com.github.kevinsawicki.http.HttpRequestTest.appendEmptyVarargsQueryParams","com.github.kevinsawicki.http.HttpRequestTest.getAllHeaders","com.github.kevinsawicki.http.HttpRequestTest.serverErrorCode","com.github.kevinsawicki.http.HttpRequestTest.appendNullMappedQueryParams","com.github.kevinsawicki.http.HttpRequestTest.getReader","com.github.kevinsawicki.http.HttpRequestTest.getEmptyHeaders","com.github.kevinsawicki.http.HttpRequestTest.putWithEscapedVarargsQueryParams","com.github.kevinsawicki.http.HttpRequestTest.sendDateHeaderWithoutCode","com.github.kevinsawicki.http.HttpRequestTest.notModifiedCode","com.github.kevinsawicki.http.HttpRequestTest.headers","com.github.kevinsawicki.http.HttpRequestTest.putUrlEmpty","com.github.kevinsawicki.http.HttpRequestTest.headEmpty","com.github.kevinsawicki.http.HttpRequestTest.putEmpty","com.github.kevinsawicki.http.HttpRequestTest.missingIntHeader","com.github.kevinsawicki.http.HttpRequestTest.sendIntHeaderWithoutCode","com.github.kevinsawicki.http.HttpRequestTest.cacheControlHeader","com.github.kevinsawicki.http.HttpRequestTest.optionsEmpty","com.github.kevinsawicki.http.HttpRequestTest.traceEmpty","com.github.kevinsawicki.http.HttpRequestTest.traceUrlEmpty","com.github.kevinsawicki.http.HttpRequestTest.receiveFile","com.github.kevinsawicki.http.HttpRequestTest.headWithEscapedVarargsQueryParams","com.github.kevinsawicki.http.HttpRequestTest.optionsUrlEmpty","com.github.kevinsawicki.http.HttpRequestTest.bodyOfNonEmptyErrorResponse","com.github.kevinsawicki.http.HttpRequestTest.deleteUrlEmpty","com.github.kevinsawicki.http.HttpRequestTest.sendHeadersWithoutCode","com.github.kevinsawicki.http.HttpRequestTest.appendListQueryParams","com.github.kevinsawicki.http.HttpRequestTest.malformedIntHeader","com.github.kevinsawicki.http.HttpRequestTest.postWithVaragsQueryParams","com.github.kevinsawicki.http.HttpRequestTest.postMultipart","com.github.kevinsawicki.http.HttpRequestTest.getUrlEncodedWithPercent","com.github.kevinsawicki.http.HttpRequestTest.getQuotedParameters","com.github.kevinsawicki.http.HttpRequestTest.receiveAppendable","com.github.kevinsawicki.http.HttpRequestTest.noError","com.github.kevinsawicki.http.HttpRequestTest.postMultipartWithContentType","com.github.kevinsawicki.http.HttpRequestTest.headWithVaragsQueryParams","com.github.kevinsawicki.http.HttpRequestTest.badRequestCode","com.github.kevinsawicki.http.HttpRequestTest.postWithEscapedMappedQueryParams","com.github.kevinsawicki.http.HttpRequestTest.getUrlEncodedWithSpace","com.github.kevinsawicki.http.HttpRequestTest.getWithMappedQueryParams","com.github.kevinsawicki.http.HttpRequestTest.requestContentTypeNullCharset","com.github.kevinsawicki.http.HttpRequestTest.acceptJson","com.github.kevinsawicki.http.HttpRequestTest.contentEncodingHeader","com.github.kevinsawicki.http.HttpRequestTest.bodyOfEmptyErrorResponse","com.github.kevinsawicki.http.HttpRequestTest.getWithEscapedVarargsQueryParams","com.github.kevinsawicki.http.HttpRequestTest.missingDateHeader","com.github.kevinsawicki.http.HttpRequestTest.appendWithNullMappedQueryParamValues","com.github.kevinsawicki.http.HttpRequestTest.sendErrorCloseStream","com.github.kevinsawicki.http.HttpRequestTest.postEmptyForm","com.github.kevinsawicki.http.HttpRequestTest.appendWithNullVaragsQueryParamValues","com.github.kevinsawicki.http.HttpRequestTest.postFormEntryWithNullValue","com.github.kevinsawicki.http.HttpRequestTest.getMissingParameter","com.github.kevinsawicki.http.HttpRequestTest.uploadProgressSendInputStream","com.github.kevinsawicki.http.HttpRequestTest.negativeBufferSize","com.github.kevinsawicki.http.HttpRequestTest.sendReceiveWithoutCode","com.github.kevinsawicki.http.HttpRequestTest.requestContentTypeEmptyCharset","com.github.kevinsawicki.http.HttpRequestTest.appendMappedQueryParamsWithNoPath","com.github.kevinsawicki.http.HttpRequestTest.getNonEmptyString","com.github.kevinsawicki.http.HttpRequestTest.deleteWithEscapedVarargsQueryParams","com.github.kevinsawicki.http.HttpRequestTest.getEmptyParameters","com.github.kevinsawicki.http.HttpRequestTest.singleSslSocketFactory","com.github.kevinsawicki.http.HttpRequestTest.postEmpty","com.github.kevinsawicki.http.HttpRequestTest.getEmptyParameter","com.github.kevinsawicki.http.HttpRequestTest.receivePrintStream","com.github.kevinsawicki.http.HttpRequestTest.headWithEscapedMappedQueryParams","com.github.kevinsawicki.http.HttpRequestTest.postFormAsEntries","com.github.kevinsawicki.http.HttpRequestTest.postNonEmptyFile","com.github.kevinsawicki.http.HttpRequestTest.appendVarargsQueryParmasWithNoPath","com.github.kevinsawicki.http.HttpRequestTest.postWithEscapedVarargsQueryParams","com.github.kevinsawicki.http.HttpRequestTest.getMultipleParameters","com.github.kevinsawicki.http.HttpRequestTest.headUrlEmpty","com.github.kevinsawicki.http.HttpRequestTest.appendOddNumberOfParams","com.github.kevinsawicki.http.HttpRequestTest.getBytes","com.github.kevinsawicki.http.HttpRequestTest.appendMappedQueryParamsWithExistingParams","com.github.kevinsawicki.http.HttpRequestTest.postNonEmptyReader","com.github.kevinsawicki.http.HttpRequestTest.appendWithVarargsQueryParamsWithExistingParams","com.github.kevinsawicki.http.HttpRequestTest.getWithVarargsQueryParams","com.github.kevinsawicki.http.HttpRequestTest.getWithResponseCharsetAsSecondParam","com.github.kevinsawicki.http.HttpRequestTest.getBufferedReader","com.github.kevinsawicki.http.HttpRequestTest.appendMappedQueryParamsWithExistingQueryStart","com.github.kevinsawicki.http.HttpRequestTest.appendMultipleMappedQueryParams","com.github.kevinsawicki.http.HttpRequestTest.sendWithWriter","com.github.kevinsawicki.http.HttpRequestTest.getNoContent","com.github.kevinsawicki.http.HttpRequestTest.getHeaders","com.github.kevinsawicki.http.HttpRequestTest.malformedDateHeader","com.github.kevinsawicki.http.HttpRequestTest.basicProxyAuthentication","com.github.kevinsawicki.http.HttpRequestTest.getSingleParameter","com.github.kevinsawicki.http.HttpRequestTest.appendArrayQueryParams","com.github.kevinsawicki.http.HttpRequestTest.lastModifiedHeader","com.github.kevinsawicki.http.HttpRequestTest.serverHeader","com.github.kevinsawicki.http.HttpRequestTest.appendMappedQueryParamsWithPath","com.github.kevinsawicki.http.HttpRequestTest.uploadProgressSendByteArray","com.github.kevinsawicki.http.HttpRequestTest.userAgentHeader","com.github.kevinsawicki.http.HttpRequestTest.appendEmptyMappedQueryParams","com.github.kevinsawicki.http.HttpRequestTest.streamOfEmptyOkResponse","com.github.kevinsawicki.http.HttpRequestTest.getUrlEmpty","com.github.kevinsawicki.http.HttpRequestTest.postFormWithNoCharset","com.github.kevinsawicki.http.HttpRequestTest.getWithResponseCharset","com.github.kevinsawicki.http.HttpRequestTest.acceptHeader","com.github.kevinsawicki.http.HttpRequestTest.getToOutputBodyWithCharset","com.github.kevinsawicki.http.HttpRequestTest.malformedStringUrl","com.github.kevinsawicki.http.HttpRequestTest.refererHeader","com.github.kevinsawicki.http.HttpRequestTest.verifierAccepts","com.github.kevinsawicki.http.HttpRequestTest.putWithVarargsQueryParams","com.github.kevinsawicki.http.HttpRequestTest.receiveWriter","com.github.kevinsawicki.http.HttpRequestTest.appendVarargsQueryParamsWithExistingQueryStart","com.github.kevinsawicki.http.HttpRequestTest.eTagHeader","com.github.kevinsawicki.http.HttpRequestTest.getSingleParameterQuoted","com.github.kevinsawicki.http.HttpRequestTest.getMixQuotedParameters","com.github.kevinsawicki.http.HttpRequestTest.chunkPost","com.github.kevinsawicki.http.HttpRequestTest.expiresHeader","com.github.kevinsawicki.http.HttpRequestTest.uploadProgressSend","com.github.kevinsawicki.http.HttpRequestTest.acceptCharsetHeader","com.github.kevinsawicki.http.HttpRequestTest.getParameterFromMissingHeader","com.github.kevinsawicki.http.HttpRequestTest.appendVarargsQueryParamsWithPath","com.github.kevinsawicki.http.HttpRequestTest.getUrlEncodedWithUnicode","com.github.kevinsawicki.http.HttpRequestTest.httpsTrust","com.github.kevinsawicki.http.HttpRequestTest.httpTrust","com.github.kevinsawicki.http.HttpRequestTest.getGzipped","com.github.kevinsawicki.http.HttpRequestTest.deleteWithMappedQueryParams","com.github.kevinsawicki.http.HttpRequestTest.getNonGzippedWithUncompressEnabled","com.github.kevinsawicki.http.HttpRequestTest.customConnectionFactory","com.github.kevinsawicki.http.HttpRequestTest.postNonEmptyByteArray","com.github.kevinsawicki.http.HttpRequestTest.headWithMappedQueryParams","com.github.kevinsawicki.http.HttpRequestTest.malformedStringUrlCause","com.github.kevinsawicki.http.HttpRequestTest.nullUploadProgress","com.github.kevinsawicki.http.HttpRequestTest.postNonEmptyString","com.github.kevinsawicki.http.HttpRequestTest.postUrlEmpty","com.github.kevinsawicki.http.HttpRequestTest.deleteWithVarargsQueryParams","com.github.kevinsawicki.http.HttpRequestTest.getEmpty","com.github.kevinsawicki.http.HttpRequestTest.appendMultipleVarargsQueryParams","com.github.kevinsawicki.http.HttpRequestTest.sendErrorReadStream","com.github.kevinsawicki.http.HttpRequestTest.acceptEncodingHeader","com.github.kevinsawicki.http.HttpRequestTest.basicAuthentication","com.github.kevinsawicki.http.HttpRequestTest.getMultipleParametersQuoted","com.github.kevinsawicki.http.HttpRequestTest.singleVerifier","com.github.kevinsawicki.http.HttpRequestTest.dateHeader","com.github.kevinsawicki.http.HttpRequestTest.postWithLength","com.github.kevinsawicki.http.HttpRequestTest.getParameters","com.github.kevinsawicki.http.HttpRequestTest.requestContentType","com.github.kevinsawicki.http.HttpRequestTest.getReaderWithCharset","com.github.kevinsawicki.http.HttpRequestTest.getError","com.github.kevinsawicki.http.HttpRequestTest.postForm","com.github.kevinsawicki.http.HttpRequestTest.getToOutputCode","com.github.kevinsawicki.http.HttpRequestTest.postWithNumericQueryParams","com.github.kevinsawicki.http.HttpRequestTest.contentTypeHeader","com.github.kevinsawicki.http.HttpRequestTest.uploadProgressSendReader","com.github.kevinsawicki.http.HttpRequestTest.emptyHeaders","com.github.kevinsawicki.http.HttpRequestTest.ifModifiedSinceHeader","com.github.kevinsawicki.http.HttpRequestTest.numberHeader","com.github.kevinsawicki.http.HttpRequestTest.deleteEmpty"],"results":{"com.github.kevinsawicki.http.HttpRequestTest.headUrlEmpty":{"name":"com.github.kevinsawicki.http.HttpRequestTest.headUrlEmpty","result":"PASS","time":0.016536236,"stackTrace":[]},"com.github.kevinsawicki.http.HttpRequestTest.receivePrintStream":{"name":"com.github.kevinsawicki.http.HttpRequestTest.receivePrintStream","result":"PASS","time":0.019592567,"stackTrace":[]},"com.github.kevinsawicki.http.HttpRequestTest.postMultipart":{"name":"com.github.kevinsawicki.http.HttpRequestTest.postMultipart","result":"PASS","time":0.036104985,"stackTrace":[]},"com.github.kevinsawicki.http.HttpRequestTest.postWithVaragsQueryParams":{"name":"com.github.kevinsawicki.http.HttpRequestTest.postWithVaragsQueryParams","result":"PASS","time":0.012312634,"stackTrace":[]},"com.github.kevinsawicki.http.HttpRequestTest.missingIntHeader":{"name":"com.github.kevinsawicki.http.HttpRequestTest.missingIntHeader","result":"PASS","time":0.01516236,"stackTrace":[]},"com.github.kevinsawicki.http.HttpRequestTest.postMultipartWithContentType":{"name":"com.github.kevinsawicki.http.HttpRequestTest.postMultipartWithContentType","result":"PASS","time":0.014355147,"stackTrace":[]},"com.github.kevinsawicki.http.HttpRequestTest.deleteWithMappedQueryParams":{"name":"com.github.kevinsawicki.http.HttpRequestTest.deleteWithMappedQueryParams","result":"PASS","time":0.018026265,"stackTrace":[]},"com.github.kevinsawicki.http.HttpRequestTest.ifModifiedSinceHeader":{"name":"com.github.kevinsawicki.http.HttpRequestTest.ifModifiedSinceHeader","result":"PASS","time":0.045543168,"stackTrace":[]},"com.github.kevinsawicki.http.HttpRequestTest.serverErrorCode":{"name":"com.github.kevinsawicki.http.HttpRequestTest.serverErrorCode","result":"PASS","time":0.022055695,"stackTrace":[]},"com.github.kevinsawicki.http.HttpRequestTest.appendWithNullMappedQueryParamValues":{"name":"com.github.kevinsawicki.http.HttpRequestTest.appendWithNullMappedQueryParamValues","result":"PASS","time":0.003462837,"stackTrace":[]},"com.github.kevinsawicki.http.HttpRequestTest.getMultipleParametersQuoted":{"name":"com.github.kevinsawicki.http.HttpRequestTest.getMultipleParametersQuoted","result":"PASS","time":0.010425948,"stackTrace":[]},"com.github.kevinsawicki.http.HttpRequestTest.getWithEscapedVarargsQueryParams":{"name":"com.github.kevinsawicki.http.HttpRequestTest.getWithEscapedVarargsQueryParams","result":"PASS","time":0.012685752,"stackTrace":[]},"com.github.kevinsawicki.http.HttpRequestTest.acceptEncodingHeader":{"name":"com.github.kevinsawicki.http.HttpRequestTest.acceptEncodingHeader","result":"PASS","time":0.026144004,"stackTrace":[]},"com.github.kevinsawicki.http.HttpRequestTest.appendMappedQueryParamsWithNoPath":{"name":"com.github.kevinsawicki.http.HttpRequestTest.appendMappedQueryParamsWithNoPath","result":"PASS","time":0.00832169,"stackTrace":[]},"com.github.kevinsawicki.http.HttpRequestTest.locationHeader":{"name":"com.github.kevinsawicki.http.HttpRequestTest.locationHeader","result":"PASS","time":0.017782712,"stackTrace":[]},"com.github.kevinsawicki.http.HttpRequestTest.httpsTrust":{"name":"com.github.kevinsawicki.http.HttpRequestTest.httpsTrust","result":"PASS","time":0.007098892,"stackTrace":[]},"com.github.kevinsawicki.http.HttpRequestTest.malformedDateHeader":{"name":"com.github.kevinsawicki.http.HttpRequestTest.malformedDateHeader","result":"PASS","time":0.016949236,"stackTrace":[]},"com.github.kevinsawicki.http.HttpRequestTest.getAllHeaders":{"name":"com.github.kevinsawicki.http.HttpRequestTest.getAllHeaders","result":"PASS","time":0.028052273,"stackTrace":[]},"com.github.kevinsawicki.http.HttpRequestTest.receiveAppendable":{"name":"com.github.kevinsawicki.http.HttpRequestTest.receiveAppendable","result":"PASS","time":0.024493049,"stackTrace":[]},"com.github.kevinsawicki.http.EncodeTest.encodeMalformedUri":{"name":"com.github.kevinsawicki.http.EncodeTest.encodeMalformedUri","result":"PASS","time":0.035668516,"stackTrace":[]},"com.github.kevinsawicki.http.HttpRequestTest.contentTypeHeader":{"name":"com.github.kevinsawicki.http.HttpRequestTest.contentTypeHeader","result":"PASS","time":0.020583686,"stackTrace":[]},"com.github.kevinsawicki.http.HttpRequestTest.postNonEmptyFile":{"name":"com.github.kevinsawicki.http.HttpRequestTest.postNonEmptyFile","result":"PASS","time":0.018193896,"stackTrace":[]},"com.github.kevinsawicki.http.HttpRequestTest.headWithEscapedVarargsQueryParams":{"name":"com.github.kevinsawicki.http.HttpRequestTest.headWithEscapedVarargsQueryParams","result":"PASS","time":0.014002354,"stackTrace":[]},"com.github.kevinsawicki.http.HttpRequestTest.postFormEntryWithNullValue":{"name":"com.github.kevinsawicki.http.HttpRequestTest.postFormEntryWithNullValue","result":"PASS","time":0.033618669,"stackTrace":[]},"com.github.kevinsawicki.http.HttpRequestTest.getUrlEncodedWithUnicode":{"name":"com.github.kevinsawicki.http.HttpRequestTest.getUrlEncodedWithUnicode","result":"PASS","time":0.023244338,"stackTrace":[]},"com.github.kevinsawicki.http.HttpRequestTest.getSingleParameterQuoted":{"name":"com.github.kevinsawicki.http.HttpRequestTest.getSingleParameterQuoted","result":"PASS","time":0.017077894,"stackTrace":[]},"com.github.kevinsawicki.http.HttpRequestTest.bodyOfEmptyErrorResponse":{"name":"com.github.kevinsawicki.http.HttpRequestTest.bodyOfEmptyErrorResponse","result":"PASS","time":0.00982974,"stackTrace":[]},"com.github.kevinsawicki.http.HttpRequestTest.postFormWithNoCharset":{"name":"com.github.kevinsawicki.http.HttpRequestTest.postFormWithNoCharset","result":"PASS","time":0.019052726,"stackTrace":[]},"com.github.kevinsawicki.http.HttpRequestTest.getWithResponseCharsetAsSecondParam":{"name":"com.github.kevinsawicki.http.HttpRequestTest.getWithResponseCharsetAsSecondParam","result":"PASS","time":0.017724181,"stackTrace":[]},"com.github.kevinsawicki.http.HttpRequestTest.uploadProgressSendInputStream":{"name":"com.github.kevinsawicki.http.HttpRequestTest.uploadProgressSendInputStream","result":"PASS","time":0.028308749,"stackTrace":[]},"com.github.kevinsawicki.http.HttpRequestTest.deleteUrlEmpty":{"name":"com.github.kevinsawicki.http.HttpRequestTest.deleteUrlEmpty","result":"PASS","time":0.012680863,"stackTrace":[]},"com.github.kevinsawicki.http.HttpRequestTest.customConnectionFactory":{"name":"com.github.kevinsawicki.http.HttpRequestTest.customConnectionFactory","result":"PASS","time":0.015558179,"stackTrace":[]},"com.github.kevinsawicki.http.HttpRequestTest.putEmpty":{"name":"com.github.kevinsawicki.http.HttpRequestTest.putEmpty","result":"PASS","time":0.014325812,"stackTrace":[]},"com.github.kevinsawicki.http.HttpRequestTest.getError":{"name":"com.github.kevinsawicki.http.HttpRequestTest.getError","result":"PASS","time":0.020696976,"stackTrace":[]},"com.github.kevinsawicki.http.HttpRequestTest.requestContentType":{"name":"com.github.kevinsawicki.http.HttpRequestTest.requestContentType","result":"PASS","time":0.012333657,"stackTrace":[]},"com.github.kevinsawicki.http.HttpRequestTest.noError":{"name":"com.github.kevinsawicki.http.HttpRequestTest.noError","result":"PASS","time":0.013547306,"stackTrace":[]},"com.github.kevinsawicki.http.HttpRequestTest.appendMappedQueryParamsWithPath":{"name":"com.github.kevinsawicki.http.HttpRequestTest.appendMappedQueryParamsWithPath","result":"PASS","time":0.002974262,"stackTrace":[]},"com.github.kevinsawicki.http.HttpRequestTest.uploadProgressSend":{"name":"com.github.kevinsawicki.http.HttpRequestTest.uploadProgressSend","result":"PASS","time":0.021279773,"stackTrace":[]},"com.github.kevinsawicki.http.HttpRequestTest.postEmptyForm":{"name":"com.github.kevinsawicki.http.HttpRequestTest.postEmptyForm","result":"PASS","time":0.031077105,"stackTrace":[]},"com.github.kevinsawicki.http.HttpRequestTest.appendMultipleVarargsQueryParams":{"name":"com.github.kevinsawicki.http.HttpRequestTest.appendMultipleVarargsQueryParams","result":"PASS","time":0.003191694,"stackTrace":[]},"com.github.kevinsawicki.http.HttpRequestTest.getUrlEncodedWithPercent":{"name":"com.github.kevinsawicki.http.HttpRequestTest.getUrlEncodedWithPercent","result":"PASS","time":0.016674182,"stackTrace":[]},"com.github.kevinsawicki.http.HttpRequestTest.getParameterFromMissingHeader":{"name":"com.github.kevinsawicki.http.HttpRequestTest.getParameterFromMissingHeader","result":"PASS","time":0.02358854,"stackTrace":[]},"com.github.kevinsawicki.http.HttpRequestTest.headWithVaragsQueryParams":{"name":"com.github.kevinsawicki.http.HttpRequestTest.headWithVaragsQueryParams","result":"PASS","time":0.010876596,"stackTrace":[]},"com.github.kevinsawicki.http.HttpRequestTest.refererHeader":{"name":"com.github.kevinsawicki.http.HttpRequestTest.refererHeader","result":"PASS","time":0.014713249,"stackTrace":[]},"com.github.kevinsawicki.http.HttpRequestTest.nullUploadProgress":{"name":"com.github.kevinsawicki.http.HttpRequestTest.nullUploadProgress","result":"PASS","time":0.018646151,"stackTrace":[]},"com.github.kevinsawicki.http.HttpRequestTest.appendWithNullVaragsQueryParamValues":{"name":"com.github.kevinsawicki.http.HttpRequestTest.appendWithNullVaragsQueryParamValues","result":"PASS","time":0.004445573,"stackTrace":[]},"com.github.kevinsawicki.http.HttpRequestTest.getSingleParameter":{"name":"com.github.kevinsawicki.http.HttpRequestTest.getSingleParameter","result":"PASS","time":0.025592289,"stackTrace":[]},"com.github.kevinsawicki.http.HttpRequestTest.appendEmptyMappedQueryParams":{"name":"com.github.kevinsawicki.http.HttpRequestTest.appendEmptyMappedQueryParams","result":"PASS","time":0.005844384,"stackTrace":[]},"com.github.kevinsawicki.http.HttpRequestTest.appendMappedQueryParamsWithExistingQueryStart":{"name":"com.github.kevinsawicki.http.HttpRequestTest.appendMappedQueryParamsWithExistingQueryStart","result":"PASS","time":0.003751441,"stackTrace":[]},"com.github.kevinsawicki.http.HttpRequestTest.getUrlEmpty":{"name":"com.github.kevinsawicki.http.HttpRequestTest.getUrlEmpty","result":"PASS","time":0.014494281,"stackTrace":[]},"com.github.kevinsawicki.http.HttpRequestTest.putWithEscapedMappedQueryParams":{"name":"com.github.kevinsawicki.http.HttpRequestTest.putWithEscapedMappedQueryParams","result":"PASS","time":0.013032121,"stackTrace":[]},"com.github.kevinsawicki.http.HttpRequestTest.contentEncodingHeader":{"name":"com.github.kevinsawicki.http.HttpRequestTest.contentEncodingHeader","result":"PASS","time":0.009431337,"stackTrace":[]},"com.github.kevinsawicki.http.HttpRequestTest.getBufferedReader":{"name":"com.github.kevinsawicki.http.HttpRequestTest.getBufferedReader","result":"PASS","time":0.01140596,"stackTrace":[]},"com.github.kevinsawicki.http.HttpRequestTest.getEmptyParameters":{"name":"com.github.kevinsawicki.http.HttpRequestTest.getEmptyParameters","result":"PASS","time":0.023628144,"stackTrace":[]},"com.github.kevinsawicki.http.HttpRequestTest.appendNullMappedQueryParams":{"name":"com.github.kevinsawicki.http.HttpRequestTest.appendNullMappedQueryParams","result":"PASS","time":0.003678033,"stackTrace":[]},"com.github.kevinsawicki.http.HttpRequestTest.postMultipleFiles":{"name":"com.github.kevinsawicki.http.HttpRequestTest.postMultipleFiles","result":"PASS","time":2.921020963,"stackTrace":[]},"com.github.kevinsawicki.http.HttpRequestTest.receiveWriter":{"name":"com.github.kevinsawicki.http.HttpRequestTest.receiveWriter","result":"PASS","time":0.024336803,"stackTrace":[]},"com.github.kevinsawicki.http.HttpRequestTest.postWithLength":{"name":"com.github.kevinsawicki.http.HttpRequestTest.postWithLength","result":"PASS","time":0.018438708,"stackTrace":[]},"com.github.kevinsawicki.http.HttpRequestTest.putWithMappedQueryParams":{"name":"com.github.kevinsawicki.http.HttpRequestTest.putWithMappedQueryParams","result":"PASS","time":0.013805318,"stackTrace":[]},"com.github.kevinsawicki.http.EncodeTest.encode":{"name":"com.github.kevinsawicki.http.EncodeTest.encode","result":"PASS","time":0.275479489,"stackTrace":[]},"com.github.kevinsawicki.http.HttpRequestTest.requestContentTypeNullCharset":{"name":"com.github.kevinsawicki.http.HttpRequestTest.requestContentTypeNullCharset","result":"PASS","time":0.01146973,"stackTrace":[]},"com.github.kevinsawicki.http.HttpRequestTest.postNonEmptyByteArray":{"name":"com.github.kevinsawicki.http.HttpRequestTest.postNonEmptyByteArray","result":"PASS","time":0.02168998,"stackTrace":[]},"com.github.kevinsawicki.http.HttpRequestTest.appendListQueryParams":{"name":"com.github.kevinsawicki.http.HttpRequestTest.appendListQueryParams","result":"PASS","time":0.009738032,"stackTrace":[]},"com.github.kevinsawicki.http.HttpRequestTest.deleteEmpty":{"name":"com.github.kevinsawicki.http.HttpRequestTest.deleteEmpty","result":"PASS","time":0.419130914,"stackTrace":[]},"com.github.kevinsawicki.http.HttpRequestTest.headers":{"name":"com.github.kevinsawicki.http.HttpRequestTest.headers","result":"PASS","time":0.01637056,"stackTrace":[]},"com.github.kevinsawicki.http.HttpRequestTest.serverHeader":{"name":"com.github.kevinsawicki.http.HttpRequestTest.serverHeader","result":"PASS","time":0.011043668,"stackTrace":[]},"com.github.kevinsawicki.http.HttpRequestTest.traceEmpty":{"name":"com.github.kevinsawicki.http.HttpRequestTest.traceEmpty","result":"PASS","time":0.016923603,"stackTrace":[]},"com.github.kevinsawicki.http.HttpRequestTest.deleteWithVarargsQueryParams":{"name":"com.github.kevinsawicki.http.HttpRequestTest.deleteWithVarargsQueryParams","result":"ERROR","time":0.016408208,"stackTrace":[{"declaringClass":"org.junit.Assert","methodName":"fail","fileName":"Assert.java","lineNumber":93},{"declaringClass":"org.junit.Assert","methodName":"failNotEquals","fileName":"Assert.java","lineNumber":647},{"declaringClass":"org.junit.Assert","methodName":"assertEquals","fileName":"Assert.java","lineNumber":128},{"declaringClass":"org.junit.Assert","methodName":"assertEquals","fileName":"Assert.java","lineNumber":147},{"declaringClass":"com.github.kevinsawicki.http.HttpRequestTest","methodName":"deleteWithVarargsQueryParams","fileName":"HttpRequestTest.java","lineNumber":2749},{"declaringClass":"sun.reflect.NativeMethodAccessorImpl","methodName":"invoke0","fileName":"NativeMethodAccessorImpl.java","lineNumber":-2},{"declaringClass":"sun.reflect.NativeMethodAccessorImpl","methodName":"invoke","fileName":"NativeMethodAccessorImpl.java","lineNumber":62},{"declaringClass":"sun.reflect.DelegatingMethodAccessorImpl","methodName":"invoke","fileName":"DelegatingMethodAccessorImpl.java","lineNumber":43},{"declaringClass":"java.lang.reflect.Method","methodName":"invoke","fileName":"Method.java","lineNumber":498},{"declaringClass":"org.junit.runners.model.FrameworkMethod$1","methodName":"runReflectiveCall","fileName":"FrameworkMethod.java","lineNumber":45},{"declaringClass":"org.junit.internal.runners.model.ReflectiveCallable","methodName":"run","fileName":"ReflectiveCallable.java","lineNumber":15},{"declaringClass":"org.junit.runners.model.FrameworkMethod","methodName":"invokeExplosively","fileName":"FrameworkMethod.java","lineNumber":42},{"declaringClass":"org.junit.internal.runners.statements.InvokeMethod","methodName":"evaluate","fileName":"InvokeMethod.java","lineNumber":20},{"declaringClass":"org.junit.internal.runners.statements.RunBefores","methodName":"evaluate","fileName":"RunBefores.java","lineNumber":28},{"declaringClass":"org.junit.internal.runners.statements.RunAfters","methodName":"evaluate","fileName":"RunAfters.java","lineNumber":30},{"declaringClass":"com.reedoei.testrunner.execution.JUnitTestRunner","methodName":"runChild","fileName":"JUnitTestRunner.java","lineNumber":332},{"declaringClass":"com.reedoei.testrunner.execution.JUnitTestRunner","methodName":"run","fileName":"JUnitTestRunner.java","lineNumber":108},{"declaringClass":"org.junit.runner.JUnitCore","methodName":"run","fileName":"JUnitCore.java","lineNumber":157},{"declaringClass":"com.reedoei.testrunner.execution.JUnitTestExecutor","methodName":"execute","fileName":"JUnitTestExecutor.java","lineNumber":292},{"declaringClass":"com.reedoei.testrunner.execution.JUnitTestExecutor","methodName":"execute","fileName":"JUnitTestExecutor.java","lineNumber":328},{"declaringClass":"com.reedoei.testrunner.execution.JUnitTestExecutor","methodName":"executeWithJUnit4Runner","fileName":"JUnitTestExecutor.java","lineNumber":366},{"declaringClass":"com.reedoei.testrunner.execution.JUnitTestExecutor","methodName":"runOrder","fileName":"JUnitTestExecutor.java","lineNumber":47},{"declaringClass":"com.reedoei.testrunner.execution.Executor$","methodName":"$anonfun$run$1","fileName":"Executor.scala","lineNumber":30},{"declaringClass":"scala.runtime.java8.JFunction0$mcV$sp","methodName":"apply","fileName":"JFunction0$mcV$sp.java","lineNumber":12},{"declaringClass":"scala.util.Try$","methodName":"apply","fileName":"Try.scala","lineNumber":209},{"declaringClass":"com.reedoei.testrunner.execution.Executor$","methodName":"run","fileName":"Executor.scala","lineNumber":28},{"declaringClass":"com.reedoei.testrunner.execution.Executor$","methodName":"main","fileName":"Executor.scala","lineNumber":18},{"declaringClass":"com.reedoei.testrunner.execution.Executor","methodName":"main","fileName":"Executor.scala","lineNumber":-1}]},"com.github.kevinsawicki.http.HttpRequestTest.getToOutputBodyWithCharset":{"name":"com.github.kevinsawicki.http.HttpRequestTest.getToOutputBodyWithCharset","result":"PASS","time":0.019325545,"stackTrace":[]},"com.github.kevinsawicki.http.HttpRequestTest.sendIntHeaderWithoutCode":{"name":"com.github.kevinsawicki.http.HttpRequestTest.sendIntHeaderWithoutCode","result":"PASS","time":0.019547656,"stackTrace":[]},"com.github.kevinsawicki.http.HttpRequestTest.postEmpty":{"name":"com.github.kevinsawicki.http.HttpRequestTest.postEmpty","result":"PASS","time":0.015275651,"stackTrace":[]},"com.github.kevinsawicki.http.HttpRequestTest.getHeaders":{"name":"com.github.kevinsawicki.http.HttpRequestTest.getHeaders","result":"PASS","time":0.020043704,"stackTrace":[]},"com.github.kevinsawicki.http.HttpRequestTest.getEmptyParameter":{"name":"com.github.kevinsawicki.http.HttpRequestTest.getEmptyParameter","result":"PASS","time":0.014455796,"stackTrace":[]},"com.github.kevinsawicki.http.HttpRequestTest.postWithNumericQueryParams":{"name":"com.github.kevinsawicki.http.HttpRequestTest.postWithNumericQueryParams","result":"ERROR","time":0.01345441,"stackTrace":[{"declaringClass":"org.junit.Assert","methodName":"fail","fileName":"Assert.java","lineNumber":93},{"declaringClass":"org.junit.Assert","methodName":"failNotEquals","fileName":"Assert.java","lineNumber":647},{"declaringClass":"org.junit.Assert","methodName":"assertEquals","fileName":"Assert.java","lineNumber":128},{"declaringClass":"org.junit.Assert","methodName":"assertEquals","fileName":"Assert.java","lineNumber":147},{"declaringClass":"com.github.kevinsawicki.http.HttpRequestTest","methodName":"postWithNumericQueryParams","fileName":"HttpRequestTest.java","lineNumber":2584},{"declaringClass":"sun.reflect.NativeMethodAccessorImpl","methodName":"invoke0","fileName":"NativeMethodAccessorImpl.java","lineNumber":-2},{"declaringClass":"sun.reflect.NativeMethodAccessorImpl","methodName":"invoke","fileName":"NativeMethodAccessorImpl.java","lineNumber":62},{"declaringClass":"sun.reflect.DelegatingMethodAccessorImpl","methodName":"invoke","fileName":"DelegatingMethodAccessorImpl.java","lineNumber":43},{"declaringClass":"java.lang.reflect.Method","methodName":"invoke","fileName":"Method.java","lineNumber":498},{"declaringClass":"org.junit.runners.model.FrameworkMethod$1","methodName":"runReflectiveCall","fileName":"FrameworkMethod.java","lineNumber":45},{"declaringClass":"org.junit.internal.runners.model.ReflectiveCallable","methodName":"run","fileName":"ReflectiveCallable.java","lineNumber":15},{"declaringClass":"org.junit.runners.model.FrameworkMethod","methodName":"invokeExplosively","fileName":"FrameworkMethod.java","lineNumber":42},{"declaringClass":"org.junit.internal.runners.statements.InvokeMethod","methodName":"evaluate","fileName":"InvokeMethod.java","lineNumber":20},{"declaringClass":"org.junit.internal.runners.statements.RunBefores","methodName":"evaluate","fileName":"RunBefores.java","lineNumber":28},{"declaringClass":"org.junit.internal.runners.statements.RunAfters","methodName":"evaluate","fileName":"RunAfters.java","lineNumber":30},{"declaringClass":"com.reedoei.testrunner.execution.JUnitTestRunner","methodName":"runChild","fileName":"JUnitTestRunner.java","lineNumber":332},{"declaringClass":"com.reedoei.testrunner.execution.JUnitTestRunner","methodName":"run","fileName":"JUnitTestRunner.java","lineNumber":108},{"declaringClass":"org.junit.runner.JUnitCore","methodName":"run","fileName":"JUnitCore.java","lineNumber":157},{"declaringClass":"com.reedoei.testrunner.execution.JUnitTestExecutor","methodName":"execute","fileName":"JUnitTestExecutor.java","lineNumber":292},{"declaringClass":"com.reedoei.testrunner.execution.JUnitTestExecutor","methodName":"execute","fileName":"JUnitTestExecutor.java","lineNumber":328},{"declaringClass":"com.reedoei.testrunner.execution.JUnitTestExecutor","methodName":"executeWithJUnit4Runner","fileName":"JUnitTestExecutor.java","lineNumber":366},{"declaringClass":"com.reedoei.testrunner.execution.JUnitTestExecutor","methodName":"runOrder","fileName":"JUnitTestExecutor.java","lineNumber":47},{"declaringClass":"com.reedoei.testrunner.execution.Executor$","methodName":"$anonfun$run$1","fileName":"Executor.scala","lineNumber":30},{"declaringClass":"scala.runtime.java8.JFunction0$mcV$sp","methodName":"apply","fileName":"JFunction0$mcV$sp.java","lineNumber":12},{"declaringClass":"scala.util.Try$","methodName":"apply","fileName":"Try.scala","lineNumber":209},{"declaringClass":"com.reedoei.testrunner.execution.Executor$","methodName":"run","fileName":"Executor.scala","lineNumber":28},{"declaringClass":"com.reedoei.testrunner.execution.Executor$","methodName":"main","fileName":"Executor.scala","lineNumber":18},{"declaringClass":"com.reedoei.testrunner.execution.Executor","methodName":"main","fileName":"Executor.scala","lineNumber":-1}]},"com.github.kevinsawicki.http.HttpRequestTest.headWithEscapedMappedQueryParams":{"name":"com.github.kevinsawicki.http.HttpRequestTest.headWithEscapedMappedQueryParams","result":"PASS","time":0.034055488,"stackTrace":[]},"com.github.kevinsawicki.http.HttpRequestTest.malformedStringUrlCause":{"name":"com.github.kevinsawicki.http.HttpRequestTest.malformedStringUrlCause","result":"PASS","time":0.005435923,"stackTrace":[]},"com.github.kevinsawicki.http.HttpRequestTest.getEmptyHeaders":{"name":"com.github.kevinsawicki.http.HttpRequestTest.getEmptyHeaders","result":"PASS","time":0.013623439,"stackTrace":[]},"com.github.kevinsawicki.http.HttpRequestTest.appendMultipleMappedQueryParams":{"name":"com.github.kevinsawicki.http.HttpRequestTest.appendMultipleMappedQueryParams","result":"PASS","time":0.002556023,"stackTrace":[]},"com.github.kevinsawicki.http.HttpRequestTest.lastModifiedHeader":{"name":"com.github.kevinsawicki.http.HttpRequestTest.lastModifiedHeader","result":"PASS","time":0.014310865,"stackTrace":[]},"com.github.kevinsawicki.http.HttpRequestTest.optionsEmpty":{"name":"com.github.kevinsawicki.http.HttpRequestTest.optionsEmpty","result":"PASS","time":0.012404133,"stackTrace":[]},"com.github.kevinsawicki.http.HttpRequestTest.headWithMappedQueryParams":{"name":"com.github.kevinsawicki.http.HttpRequestTest.headWithMappedQueryParams","result":"ERROR","time":0.043655923,"stackTrace":[{"declaringClass":"org.junit.Assert","methodName":"fail","fileName":"Assert.java","lineNumber":93},{"declaringClass":"org.junit.Assert","methodName":"failNotEquals","fileName":"Assert.java","lineNumber":647},{"declaringClass":"org.junit.Assert","methodName":"assertEquals","fileName":"Assert.java","lineNumber":128},{"declaringClass":"org.junit.Assert","methodName":"assertEquals","fileName":"Assert.java","lineNumber":147},{"declaringClass":"com.github.kevinsawicki.http.HttpRequestTest","methodName":"headWithMappedQueryParams","fileName":"HttpRequestTest.java","lineNumber":2943},{"declaringClass":"sun.reflect.NativeMethodAccessorImpl","methodName":"invoke0","fileName":"NativeMethodAccessorImpl.java","lineNumber":-2},{"declaringClass":"sun.reflect.NativeMethodAccessorImpl","methodName":"invoke","fileName":"NativeMethodAccessorImpl.java","lineNumber":62},{"declaringClass":"sun.reflect.DelegatingMethodAccessorImpl","methodName":"invoke","fileName":"DelegatingMethodAccessorImpl.java","lineNumber":43},{"declaringClass":"java.lang.reflect.Method","methodName":"invoke","fileName":"Method.java","lineNumber":498},{"declaringClass":"org.junit.runners.model.FrameworkMethod$1","methodName":"runReflectiveCall","fileName":"FrameworkMethod.java","lineNumber":45},{"declaringClass":"org.junit.internal.runners.model.ReflectiveCallable","methodName":"run","fileName":"ReflectiveCallable.java","lineNumber":15},{"declaringClass":"org.junit.runners.model.FrameworkMethod","methodName":"invokeExplosively","fileName":"FrameworkMethod.java","lineNumber":42},{"declaringClass":"org.junit.internal.runners.statements.InvokeMethod","methodName":"evaluate","fileName":"InvokeMethod.java","lineNumber":20},{"declaringClass":"org.junit.internal.runners.statements.RunBefores","methodName":"evaluate","fileName":"RunBefores.java","lineNumber":28},{"declaringClass":"org.junit.internal.runners.statements.RunAfters","methodName":"evaluate","fileName":"RunAfters.java","lineNumber":30},{"declaringClass":"com.reedoei.testrunner.execution.JUnitTestRunner","methodName":"runChild","fileName":"JUnitTestRunner.java","lineNumber":332},{"declaringClass":"com.reedoei.testrunner.execution.JUnitTestRunner","methodName":"run","fileName":"JUnitTestRunner.java","lineNumber":108},{"declaringClass":"org.junit.runner.JUnitCore","methodName":"run","fileName":"JUnitCore.java","lineNumber":157},{"declaringClass":"com.reedoei.testrunner.execution.JUnitTestExecutor","methodName":"execute","fileName":"JUnitTestExecutor.java","lineNumber":292},{"declaringClass":"com.reedoei.testrunner.execution.JUnitTestExecutor","methodName":"execute","fileName":"JUnitTestExecutor.java","lineNumber":328},{"declaringClass":"com.reedoei.testrunner.execution.JUnitTestExecutor","methodName":"executeWithJUnit4Runner","fileName":"JUnitTestExecutor.java","lineNumber":366},{"declaringClass":"com.reedoei.testrunner.execution.JUnitTestExecutor","methodName":"runOrder","fileName":"JUnitTestExecutor.java","lineNumber":47},{"declaringClass":"com.reedoei.testrunner.execution.Executor$","methodName":"$anonfun$run$1","fileName":"Executor.scala","lineNumber":30},{"declaringClass":"scala.runtime.java8.JFunction0$mcV$sp","methodName":"apply","fileName":"JFunction0$mcV$sp.java","lineNumber":12},{"declaringClass":"scala.util.Try$","methodName":"apply","fileName":"Try.scala","lineNumber":209},{"declaringClass":"com.reedoei.testrunner.execution.Executor$","methodName":"run","fileName":"Executor.scala","lineNumber":28},{"declaringClass":"com.reedoei.testrunner.execution.Executor$","methodName":"main","fileName":"Executor.scala","lineNumber":18},{"declaringClass":"com.reedoei.testrunner.execution.Executor","methodName":"main","fileName":"Executor.scala","lineNumber":-1}]},"com.github.kevinsawicki.http.HttpRequestTest.verifierAccepts":{"name":"com.github.kevinsawicki.http.HttpRequestTest.verifierAccepts","result":"PASS","time":0.009016241,"stackTrace":[]},"com.github.kevinsawicki.http.HttpRequestTest.basicAuthentication":{"name":"com.github.kevinsawicki.http.HttpRequestTest.basicAuthentication","result":"PASS","time":0.014204908,"stackTrace":[]},"com.github.kevinsawicki.http.HttpRequestTest.chunkPost":{"name":"com.github.kevinsawicki.http.HttpRequestTest.chunkPost","result":"PASS","time":0.027022809,"stackTrace":[]},"com.github.kevinsawicki.http.HttpRequestTest.getBytes":{"name":"com.github.kevinsawicki.http.HttpRequestTest.getBytes","result":"PASS","time":0.016175341,"stackTrace":[]},"com.github.kevinsawicki.http.HttpRequestTest.sendWithWriter":{"name":"com.github.kevinsawicki.http.HttpRequestTest.sendWithWriter","result":"PASS","time":0.011085436,"stackTrace":[]},"com.github.kevinsawicki.http.HttpRequestTest.getWithMappedQueryParams":{"name":"com.github.kevinsawicki.http.HttpRequestTest.getWithMappedQueryParams","result":"PASS","time":0.007653261,"stackTrace":[]},"com.github.kevinsawicki.http.HttpRequestTest.appendVarargsQueryParamsWithPath":{"name":"com.github.kevinsawicki.http.HttpRequestTest.appendVarargsQueryParamsWithPath","result":"PASS","time":0.007022899,"stackTrace":[]},"com.github.kevinsawicki.http.HttpRequestTest.getWithEscapedMappedQueryParams":{"name":"com.github.kevinsawicki.http.HttpRequestTest.getWithEscapedMappedQueryParams","result":"PASS","time":0.032929637,"stackTrace":[]},"com.github.kevinsawicki.http.HttpRequestTest.eTagHeader":{"name":"com.github.kevinsawicki.http.HttpRequestTest.eTagHeader","result":"PASS","time":0.016358408,"stackTrace":[]},"com.github.kevinsawicki.http.HttpRequestTest.negativeBufferSize":{"name":"com.github.kevinsawicki.http.HttpRequestTest.negativeBufferSize","result":"PASS","time":0.005937,"stackTrace":[]},"com.github.kevinsawicki.http.HttpRequestTest.getNonEmptyString":{"name":"com.github.kevinsawicki.http.HttpRequestTest.getNonEmptyString","result":"PASS","time":0.038448327,"stackTrace":[]},"com.github.kevinsawicki.http.HttpRequestTest.getUrlEncodedWithSpace":{"name":"com.github.kevinsawicki.http.HttpRequestTest.getUrlEncodedWithSpace","result":"PASS","time":0.007685251,"stackTrace":[]},"com.github.kevinsawicki.http.HttpRequestTest.getNonGzippedWithUncompressEnabled":{"name":"com.github.kevinsawicki.http.HttpRequestTest.getNonGzippedWithUncompressEnabled","result":"PASS","time":0.009531357,"stackTrace":[]},"com.github.kevinsawicki.http.HttpRequestTest.deleteWithEscapedVarargsQueryParams":{"name":"com.github.kevinsawicki.http.HttpRequestTest.deleteWithEscapedVarargsQueryParams","result":"PASS","time":0.025847368,"stackTrace":[]},"com.github.kevinsawicki.http.HttpRequestTest.sendErrorCloseStream":{"name":"com.github.kevinsawicki.http.HttpRequestTest.sendErrorCloseStream","result":"PASS","time":0.007701107,"stackTrace":[]},"com.github.kevinsawicki.http.HttpRequestTest.malformedIntHeader":{"name":"com.github.kevinsawicki.http.HttpRequestTest.malformedIntHeader","result":"PASS","time":0.013265267,"stackTrace":[]},"com.github.kevinsawicki.http.HttpRequestTest.getMultipleParameters":{"name":"com.github.kevinsawicki.http.HttpRequestTest.getMultipleParameters","result":"PASS","time":0.012589086,"stackTrace":[]},"com.github.kevinsawicki.http.HttpRequestTest.acceptCharsetHeader":{"name":"com.github.kevinsawicki.http.HttpRequestTest.acceptCharsetHeader","result":"PASS","time":0.016323973,"stackTrace":[]},"com.github.kevinsawicki.http.HttpRequestTest.appendVarargsQueryParamsWithExistingQueryStart":{"name":"com.github.kevinsawicki.http.HttpRequestTest.appendVarargsQueryParamsWithExistingQueryStart","result":"PASS","time":0.003907548,"stackTrace":[]},"com.github.kevinsawicki.http.HttpRequestTest.getWithResponseCharset":{"name":"com.github.kevinsawicki.http.HttpRequestTest.getWithResponseCharset","result":"PASS","time":0.014261903,"stackTrace":[]},"com.github.kevinsawicki.http.HttpRequestTest.getWithVarargsQueryParams":{"name":"com.github.kevinsawicki.http.HttpRequestTest.getWithVarargsQueryParams","result":"PASS","time":0.014295918,"stackTrace":[]},"com.github.kevinsawicki.http.HttpRequestTest.deleteWithEscapedMappedQueryParams":{"name":"com.github.kevinsawicki.http.HttpRequestTest.deleteWithEscapedMappedQueryParams","result":"PASS","time":0.011054284,"stackTrace":[]},"com.github.kevinsawicki.http.HttpRequestTest.appendNullVaragsQueryParams":{"name":"com.github.kevinsawicki.http.HttpRequestTest.appendNullVaragsQueryParams","result":"PASS","time":0.003084619,"stackTrace":[]},"com.github.kevinsawicki.http.HttpRequestTest.optionsUrlEmpty":{"name":"com.github.kevinsawicki.http.HttpRequestTest.optionsUrlEmpty","result":"PASS","time":0.020521871,"stackTrace":[]},"com.github.kevinsawicki.http.HttpRequestTest.numberHeader":{"name":"com.github.kevinsawicki.http.HttpRequestTest.numberHeader","result":"PASS","time":0.015107671,"stackTrace":[]},"com.github.kevinsawicki.http.HttpRequestTest.getToOutputCode":{"name":"com.github.kevinsawicki.http.HttpRequestTest.getToOutputCode","result":"PASS","time":0.009223055,"stackTrace":[]},"com.github.kevinsawicki.http.HttpRequestTest.postForm":{"name":"com.github.kevinsawicki.http.HttpRequestTest.postForm","result":"PASS","time":0.013351597,"stackTrace":[]},"com.github.kevinsawicki.http.HttpRequestTest.postNonEmptyString":{"name":"com.github.kevinsawicki.http.HttpRequestTest.postNonEmptyString","result":"PASS","time":0.014524035,"stackTrace":[]},"com.github.kevinsawicki.http.HttpRequestTest.sendDateHeaderWithoutCode":{"name":"com.github.kevinsawicki.http.HttpRequestTest.sendDateHeaderWithoutCode","result":"PASS","time":0.017622903,"stackTrace":[]},"com.github.kevinsawicki.http.HttpRequestTest.ifNoneMatchHeader":{"name":"com.github.kevinsawicki.http.HttpRequestTest.ifNoneMatchHeader","result":"PASS","time":0.017117147,"stackTrace":[]},"com.github.kevinsawicki.http.HttpRequestTest.traceUrlEmpty":{"name":"com.github.kevinsawicki.http.HttpRequestTest.traceUrlEmpty","result":"PASS","time":0.015928853,"stackTrace":[]},"com.github.kevinsawicki.http.HttpRequestTest.httpTrust":{"name":"com.github.kevinsawicki.http.HttpRequestTest.httpTrust","result":"PASS","time":0.005136632,"stackTrace":[]},"com.github.kevinsawicki.http.HttpRequestTest.cacheControlHeader":{"name":"com.github.kevinsawicki.http.HttpRequestTest.cacheControlHeader","result":"PASS","time":0.017310552,"stackTrace":[]},"com.github.kevinsawicki.http.HttpRequestTest.appendEmptyVarargsQueryParams":{"name":"com.github.kevinsawicki.http.HttpRequestTest.appendEmptyVarargsQueryParams","result":"PASS","time":0.004911867,"stackTrace":[]},"com.github.kevinsawicki.http.HttpRequestTest.nullConnectionFactory":{"name":"com.github.kevinsawicki.http.HttpRequestTest.nullConnectionFactory","result":"PASS","time":0.015468078,"stackTrace":[]},"com.github.kevinsawicki.http.HttpRequestTest.headEmpty":{"name":"com.github.kevinsawicki.http.HttpRequestTest.headEmpty","result":"PASS","time":0.022467019,"stackTrace":[]},"com.github.kevinsawicki.http.HttpRequestTest.uploadProgressSendByteArray":{"name":"com.github.kevinsawicki.http.HttpRequestTest.uploadProgressSendByteArray","result":"PASS","time":0.021972369,"stackTrace":[]},"com.github.kevinsawicki.http.HttpRequestTest.badRequestCode":{"name":"com.github.kevinsawicki.http.HttpRequestTest.badRequestCode","result":"PASS","time":0.011715029,"stackTrace":[]},"com.github.kevinsawicki.http.HttpRequestTest.acceptJson":{"name":"com.github.kevinsawicki.http.HttpRequestTest.acceptJson","result":"PASS","time":0.008483244,"stackTrace":[]},"com.github.kevinsawicki.http.HttpRequestTest.bodyOfNonEmptyErrorResponse":{"name":"com.github.kevinsawicki.http.HttpRequestTest.bodyOfNonEmptyErrorResponse","result":"PASS","time":0.024816368,"stackTrace":[]},"com.github.kevinsawicki.http.HttpRequestTest.malformedStringUrl":{"name":"com.github.kevinsawicki.http.HttpRequestTest.malformedStringUrl","result":"PASS","time":0.004910888,"stackTrace":[]},"com.github.kevinsawicki.http.HttpRequestTest.postFormAsEntries":{"name":"com.github.kevinsawicki.http.HttpRequestTest.postFormAsEntries","result":"PASS","time":0.013210228,"stackTrace":[]},"com.github.kevinsawicki.http.HttpRequestTest.getParameters":{"name":"com.github.kevinsawicki.http.HttpRequestTest.getParameters","result":"PASS","time":0.010121208,"stackTrace":[]},"com.github.kevinsawicki.http.HttpRequestTest.streamOfEmptyOkResponse":{"name":"com.github.kevinsawicki.http.HttpRequestTest.streamOfEmptyOkResponse","result":"PASS","time":0.013087228,"stackTrace":[]},"com.github.kevinsawicki.http.HttpRequestTest.appendWithVarargsQueryParamsWithExistingParams":{"name":"com.github.kevinsawicki.http.HttpRequestTest.appendWithVarargsQueryParamsWithExistingParams","result":"PASS","time":0.002854126,"stackTrace":[]},"com.github.kevinsawicki.http.HttpRequestTest.getNoContent":{"name":"com.github.kevinsawicki.http.HttpRequestTest.getNoContent","result":"PASS","time":0.014031341,"stackTrace":[]},"com.github.kevinsawicki.http.HttpRequestTest.appendArrayQueryParams":{"name":"com.github.kevinsawicki.http.HttpRequestTest.appendArrayQueryParams","result":"PASS","time":0.003793838,"stackTrace":[]},"com.github.kevinsawicki.http.HttpRequestTest.emptyHeaders":{"name":"com.github.kevinsawicki.http.HttpRequestTest.emptyHeaders","result":"PASS","time":0.009448799,"stackTrace":[]},"com.github.kevinsawicki.http.HttpRequestTest.uploadProgressSendReader":{"name":"com.github.kevinsawicki.http.HttpRequestTest.uploadProgressSendReader","result":"PASS","time":0.026453703,"stackTrace":[]},"com.github.kevinsawicki.http.HttpRequestTest.getEmpty":{"name":"com.github.kevinsawicki.http.HttpRequestTest.getEmpty","result":"PASS","time":0.01570765,"stackTrace":[]},"com.github.kevinsawicki.http.HttpRequestTest.putWithEscapedVarargsQueryParams":{"name":"com.github.kevinsawicki.http.HttpRequestTest.putWithEscapedVarargsQueryParams","result":"PASS","time":0.014194012,"stackTrace":[]},"com.github.kevinsawicki.http.HttpRequestTest.getReaderWithCharset":{"name":"com.github.kevinsawicki.http.HttpRequestTest.getReaderWithCharset","result":"PASS","time":0.01944149,"stackTrace":[]},"com.github.kevinsawicki.http.HttpRequestTest.getGzipped":{"name":"com.github.kevinsawicki.http.HttpRequestTest.getGzipped","result":"PASS","time":0.037971487,"stackTrace":[]},"com.github.kevinsawicki.http.HttpRequestTest.sendReceiveWithoutCode":{"name":"com.github.kevinsawicki.http.HttpRequestTest.sendReceiveWithoutCode","result":"PASS","time":0.025238379,"stackTrace":[]},"com.github.kevinsawicki.http.HttpRequestTest.appendVarargsQueryParmasWithNoPath":{"name":"com.github.kevinsawicki.http.HttpRequestTest.appendVarargsQueryParmasWithNoPath","result":"PASS","time":0.003034889,"stackTrace":[]},"com.github.kevinsawicki.http.HttpRequestTest.putWithVarargsQueryParams":{"name":"com.github.kevinsawicki.http.HttpRequestTest.putWithVarargsQueryParams","result":"PASS","time":0.009830229,"stackTrace":[]},"com.github.kevinsawicki.http.HttpRequestTest.postWithEscapedVarargsQueryParams":{"name":"com.github.kevinsawicki.http.HttpRequestTest.postWithEscapedVarargsQueryParams","result":"PASS","time":0.009090278,"stackTrace":[]},"com.github.kevinsawicki.http.HttpRequestTest.userAgentHeader":{"name":"com.github.kevinsawicki.http.HttpRequestTest.userAgentHeader","result":"PASS","time":0.019143037,"stackTrace":[]},"com.github.kevinsawicki.http.HttpRequestTest.sendHeadersWithoutCode":{"name":"com.github.kevinsawicki.http.HttpRequestTest.sendHeadersWithoutCode","result":"PASS","time":0.014816552,"stackTrace":[]},"com.github.kevinsawicki.http.HttpRequestTest.appendMappedQueryParamsWithExistingParams":{"name":"com.github.kevinsawicki.http.HttpRequestTest.appendMappedQueryParamsWithExistingParams","result":"PASS","time":0.004502707,"stackTrace":[]},"com.github.kevinsawicki.http.HttpRequestTest.singleVerifier":{"name":"com.github.kevinsawicki.http.HttpRequestTest.singleVerifier","result":"ERROR","time":0.006907025,"stackTrace":[{"declaringClass":"com.github.kevinsawicki.http.HttpRequestTest","methodName":"singleVerifier","fileName":"HttpRequestTest.java","lineNumber":1810},{"declaringClass":"sun.reflect.NativeMethodAccessorImpl","methodName":"invoke0","fileName":"NativeMethodAccessorImpl.java","lineNumber":-2},{"declaringClass":"sun.reflect.NativeMethodAccessorImpl","methodName":"invoke","fileName":"NativeMethodAccessorImpl.java","lineNumber":62},{"declaringClass":"sun.reflect.DelegatingMethodAccessorImpl","methodName":"invoke","fileName":"DelegatingMethodAccessorImpl.java","lineNumber":43},{"declaringClass":"java.lang.reflect.Method","methodName":"invoke","fileName":"Method.java","lineNumber":498},{"declaringClass":"org.junit.runners.model.FrameworkMethod$1","methodName":"runReflectiveCall","fileName":"FrameworkMethod.java","lineNumber":45},{"declaringClass":"org.junit.internal.runners.model.ReflectiveCallable","methodName":"run","fileName":"ReflectiveCallable.java","lineNumber":15},{"declaringClass":"org.junit.runners.model.FrameworkMethod","methodName":"invokeExplosively","fileName":"FrameworkMethod.java","lineNumber":42},{"declaringClass":"org.junit.internal.runners.statements.InvokeMethod","methodName":"evaluate","fileName":"InvokeMethod.java","lineNumber":20},{"declaringClass":"org.junit.internal.runners.statements.RunBefores","methodName":"evaluate","fileName":"RunBefores.java","lineNumber":28},{"declaringClass":"org.junit.internal.runners.statements.RunAfters","methodName":"evaluate","fileName":"RunAfters.java","lineNumber":30},{"declaringClass":"com.reedoei.testrunner.execution.JUnitTestRunner","methodName":"runChild","fileName":"JUnitTestRunner.java","lineNumber":332},{"declaringClass":"com.reedoei.testrunner.execution.JUnitTestRunner","methodName":"run","fileName":"JUnitTestRunner.java","lineNumber":108},{"declaringClass":"org.junit.runner.JUnitCore","methodName":"run","fileName":"JUnitCore.java","lineNumber":157},{"declaringClass":"com.reedoei.testrunner.execution.JUnitTestExecutor","methodName":"execute","fileName":"JUnitTestExecutor.java","lineNumber":292},{"declaringClass":"com.reedoei.testrunner.execution.JUnitTestExecutor","methodName":"execute","fileName":"JUnitTestExecutor.java","lineNumber":328},{"declaringClass":"com.reedoei.testrunner.execution.JUnitTestExecutor","methodName":"executeWithJUnit4Runner","fileName":"JUnitTestExecutor.java","lineNumber":366},{"declaringClass":"com.reedoei.testrunner.execution.JUnitTestExecutor","methodName":"runOrder","fileName":"JUnitTestExecutor.java","lineNumber":47},{"declaringClass":"com.reedoei.testrunner.execution.Executor$","methodName":"$anonfun$run$1","fileName":"Executor.scala","lineNumber":30},{"declaringClass":"scala.runtime.java8.JFunction0$mcV$sp","methodName":"apply","fileName":"JFunction0$mcV$sp.java","lineNumber":12},{"declaringClass":"scala.util.Try$","methodName":"apply","fileName":"Try.scala","lineNumber":209},{"declaringClass":"com.reedoei.testrunner.execution.Executor$","methodName":"run","fileName":"Executor.scala","lineNumber":28},{"declaringClass":"com.reedoei.testrunner.execution.Executor$","methodName":"main","fileName":"Executor.scala","lineNumber":18},{"declaringClass":"com.reedoei.testrunner.execution.Executor","methodName":"main","fileName":"Executor.scala","lineNumber":-1}]},"com.github.kevinsawicki.http.HttpRequestTest.basicProxyAuthentication":{"name":"com.github.kevinsawicki.http.HttpRequestTest.basicProxyAuthentication","result":"PASS","time":0.354929371,"stackTrace":[]},"com.github.kevinsawicki.http.HttpRequestTest.expiresHeader":{"name":"com.github.kevinsawicki.http.HttpRequestTest.expiresHeader","result":"PASS","time":0.011531962,"stackTrace":[]},"com.github.kevinsawicki.http.HttpRequestTest.sendErrorReadStream":{"name":"com.github.kevinsawicki.http.HttpRequestTest.sendErrorReadStream","result":"PASS","time":0.008060535,"stackTrace":[]},"com.github.kevinsawicki.http.HttpRequestTest.receiveFile":{"name":"com.github.kevinsawicki.http.HttpRequestTest.receiveFile","result":"PASS","time":0.02562833,"stackTrace":[]},"com.github.kevinsawicki.http.HttpRequestTest.getQuotedParameters":{"name":"com.github.kevinsawicki.http.HttpRequestTest.getQuotedParameters","result":"PASS","time":0.015273486,"stackTrace":[]},"com.github.kevinsawicki.http.HttpRequestTest.postNonEmptyReader":{"name":"com.github.kevinsawicki.http.HttpRequestTest.postNonEmptyReader","result":"PASS","time":0.019546399,"stackTrace":[]},"com.github.kevinsawicki.http.HttpRequestTest.requestContentTypeEmptyCharset":{"name":"com.github.kevinsawicki.http.HttpRequestTest.requestContentTypeEmptyCharset","result":"PASS","time":0.024664312,"stackTrace":[]},"com.github.kevinsawicki.http.HttpRequestTest.notModifiedCode":{"name":"com.github.kevinsawicki.http.HttpRequestTest.notModifiedCode","result":"PASS","time":0.011813792,"stackTrace":[]},"com.github.kevinsawicki.http.HttpRequestTest.getMissingParameter":{"name":"com.github.kevinsawicki.http.HttpRequestTest.getMissingParameter","result":"PASS","time":0.028228705,"stackTrace":[]},"com.github.kevinsawicki.http.HttpRequestTest.dateHeader":{"name":"com.github.kevinsawicki.http.HttpRequestTest.dateHeader","result":"PASS","time":0.014412841,"stackTrace":[]},"com.github.kevinsawicki.http.HttpRequestTest.getToOutputBody":{"name":"com.github.kevinsawicki.http.HttpRequestTest.getToOutputBody","result":"PASS","time":0.145013566,"stackTrace":[]},"com.github.kevinsawicki.http.HttpRequestTest.singleSslSocketFactory":{"name":"com.github.kevinsawicki.http.HttpRequestTest.singleSslSocketFactory","result":"PASS","time":1.501440445,"stackTrace":[]},"com.github.kevinsawicki.http.HttpRequestTest.getMixQuotedParameters":{"name":"com.github.kevinsawicki.http.HttpRequestTest.getMixQuotedParameters","result":"PASS","time":0.013390082,"stackTrace":[]},"com.github.kevinsawicki.http.HttpRequestTest.acceptHeader":{"name":"com.github.kevinsawicki.http.HttpRequestTest.acceptHeader","result":"PASS","time":0.020836599,"stackTrace":[]},"com.github.kevinsawicki.http.HttpRequestTest.putUrlEmpty":{"name":"com.github.kevinsawicki.http.HttpRequestTest.putUrlEmpty","result":"PASS","time":0.019582999,"stackTrace":[]},"com.github.kevinsawicki.http.HttpRequestTest.getReader":{"name":"com.github.kevinsawicki.http.HttpRequestTest.getReader","result":"PASS","time":0.029286805,"stackTrace":[]},"com.github.kevinsawicki.http.HttpRequestTest.postWithMappedQueryParams":{"name":"com.github.kevinsawicki.http.HttpRequestTest.postWithMappedQueryParams","result":"PASS","time":0.045131564,"stackTrace":[]},"com.github.kevinsawicki.http.HttpRequestTest.postWithEscapedMappedQueryParams":{"name":"com.github.kevinsawicki.http.HttpRequestTest.postWithEscapedMappedQueryParams","result":"PASS","time":0.008204488,"stackTrace":[]},"com.github.kevinsawicki.http.HttpRequestTest.appendOddNumberOfParams":{"name":"com.github.kevinsawicki.http.HttpRequestTest.appendOddNumberOfParams","result":"PASS","time":0.00482372,"stackTrace":[]},"com.github.kevinsawicki.http.HttpRequestTest.missingDateHeader":{"name":"com.github.kevinsawicki.http.HttpRequestTest.missingDateHeader","result":"PASS","time":0.011738987,"stackTrace":[]},"com.github.kevinsawicki.http.HttpRequestTest.postUrlEmpty":{"name":"com.github.kevinsawicki.http.HttpRequestTest.postUrlEmpty","result":"PASS","time":0.01554896,"stackTrace":[]}},"diffs":{}},"expected":"ERROR","dependentTest":"com.github.kevinsawicki.http.HttpRequestTest.postWithNumericQueryParams","polluters":[{"time":{"startTime":1574127667850,"endTime":1574127667850,"elapsedSeconds":0.0},"index":0,"deps":["com.github.kevinsawicki.http.HttpRequestTest.customConnectionFactory"],"cleanerData":{"dependentTest":"com.github.kevinsawicki.http.HttpRequestTest.postWithNumericQueryParams","time":{"addTime":{"startTime":1574127667904,"endTime":1574127716815,"elapsedSeconds":48.91100001335144},"totalTime":{"startTime":1574127667904,"endTime":1574129693387,"elapsedSeconds":2025.4830000400543}},"expected":"ERROR","isolationResult":"PASS","cleaners":[{"dependentTest":"com.github.kevinsawicki.http.HttpRequestTest.postWithNumericQueryParams","originalSize":139,"cleanerTests":["com.github.kevinsawicki.http.HttpRequestTest.nullConnectionFactory"],"orderFound":0,"time":{"addTime":{"startTime":1574127667904,"endTime":1574127716815,"elapsedSeconds":48.91100001335144},"totalTime":{"startTime":1574127667904,"endTime":1574129693387,"elapsedSeconds":2025.4830000400543}}}]}}],"hash":"48e3b83adb89e566f43162ecd49c4db4","flakyClass":"OD"}