{"time":{"startTime":1574121860666,"endTime":1574125670633,"elapsedSeconds":3809.9670000076294},"expectedRun":{"id":"1574121825314-3fee7ace-59c9-4cd1-a47c-15f00c5f3740","testOrder":["com.github.kevinsawicki.http.EncodeTest.encode","com.github.kevinsawicki.http.EncodeTest.encodeMalformedUri","com.github.kevinsawicki.http.HttpRequestTest.appendListQueryParams","com.github.kevinsawicki.http.HttpRequestTest.sendWithWriter","com.github.kevinsawicki.http.HttpRequestTest.getError","com.github.kevinsawicki.http.HttpRequestTest.getNonGzippedWithUncompressEnabled","com.github.kevinsawicki.http.HttpRequestTest.receivePrintStream","com.github.kevinsawicki.http.HttpRequestTest.appendWithNullMappedQueryParamValues","com.github.kevinsawicki.http.HttpRequestTest.optionsUrlEmpty","com.github.kevinsawicki.http.HttpRequestTest.appendEmptyMappedQueryParams","com.github.kevinsawicki.http.HttpRequestTest.sendErrorCloseStream","com.github.kevinsawicki.http.HttpRequestTest.getGzipped","com.github.kevinsawicki.http.HttpRequestTest.getUrlEncodedWithUnicode","com.github.kevinsawicki.http.HttpRequestTest.acceptCharsetHeader","com.github.kevinsawicki.http.HttpRequestTest.postMultipleFiles","com.github.kevinsawicki.http.HttpRequestTest.getAllHeaders","com.github.kevinsawicki.http.HttpRequestTest.nullUploadProgress","com.github.kevinsawicki.http.HttpRequestTest.singleSslSocketFactory","com.github.kevinsawicki.http.HttpRequestTest.getHeaders","com.github.kevinsawicki.http.HttpRequestTest.uploadProgressSendByteArray","com.github.kevinsawicki.http.HttpRequestTest.appendWithVarargsQueryParamsWithExistingParams","com.github.kevinsawicki.http.HttpRequestTest.emptyHeaders","com.github.kevinsawicki.http.HttpRequestTest.requestContentType","com.github.kevinsawicki.http.HttpRequestTest.badRequestCode","com.github.kevinsawicki.http.HttpRequestTest.getMultipleParameters","com.github.kevinsawicki.http.HttpRequestTest.getWithEscapedVarargsQueryParams","com.github.kevinsawicki.http.HttpRequestTest.appendVarargsQueryParmasWithNoPath","com.github.kevinsawicki.http.HttpRequestTest.appendMappedQueryParamsWithExistingQueryStart","com.github.kevinsawicki.http.HttpRequestTest.putUrlEmpty","com.github.kevinsawicki.http.HttpRequestTest.appendMultipleMappedQueryParams","com.github.kevinsawicki.http.HttpRequestTest.putWithVarargsQueryParams","com.github.kevinsawicki.http.HttpRequestTest.serverErrorCode","com.github.kevinsawicki.http.HttpRequestTest.singleVerifier","com.github.kevinsawicki.http.HttpRequestTest.traceUrlEmpty","com.github.kevinsawicki.http.HttpRequestTest.contentEncodingHeader","com.github.kevinsawicki.http.HttpRequestTest.getWithMappedQueryParams","com.github.kevinsawicki.http.HttpRequestTest.sendErrorReadStream","com.github.kevinsawicki.http.HttpRequestTest.malformedStringUrlCause","com.github.kevinsawicki.http.HttpRequestTest.getWithResponseCharsetAsSecondParam","com.github.kevinsawicki.http.HttpRequestTest.getMultipleParametersQuoted","com.github.kevinsawicki.http.HttpRequestTest.postWithEscapedVarargsQueryParams","com.github.kevinsawicki.http.HttpRequestTest.postFormAsEntries","com.github.kevinsawicki.http.HttpRequestTest.postUrlEmpty","com.github.kevinsawicki.http.HttpRequestTest.getEmptyParameters","com.github.kevinsawicki.http.HttpRequestTest.ifModifiedSinceHeader","com.github.kevinsawicki.http.HttpRequestTest.appendMappedQueryParamsWithPath","com.github.kevinsawicki.http.HttpRequestTest.malformedIntHeader","com.github.kevinsawicki.http.HttpRequestTest.postNonEmptyString","com.github.kevinsawicki.http.HttpRequestTest.sendDateHeaderWithoutCode","com.github.kevinsawicki.http.HttpRequestTest.headEmpty","com.github.kevinsawicki.http.HttpRequestTest.streamOfEmptyOkResponse","com.github.kevinsawicki.http.HttpRequestTest.missingIntHeader","com.github.kevinsawicki.http.HttpRequestTest.malformedStringUrl","com.github.kevinsawicki.http.HttpRequestTest.getBytes","com.github.kevinsawicki.http.HttpRequestTest.postWithMappedQueryParams","com.github.kevinsawicki.http.HttpRequestTest.headUrlEmpty","com.github.kevinsawicki.http.HttpRequestTest.uploadProgressSendReader","com.github.kevinsawicki.http.HttpRequestTest.chunkPost","com.github.kevinsawicki.http.HttpRequestTest.getToOutputCode","com.github.kevinsawicki.http.HttpRequestTest.deleteWithEscapedMappedQueryParams","com.github.kevinsawicki.http.HttpRequestTest.requestContentTypeNullCharset","com.github.kevinsawicki.http.HttpRequestTest.getMissingParameter","com.github.kevinsawicki.http.HttpRequestTest.appendVarargsQueryParamsWithPath","com.github.kevinsawicki.http.HttpRequestTest.getToOutputBody","com.github.kevinsawicki.http.HttpRequestTest.appendMultipleVarargsQueryParams","com.github.kevinsawicki.http.HttpRequestTest.appendMappedQueryParamsWithNoPath","com.github.kevinsawicki.http.HttpRequestTest.getNoContent","com.github.kevinsawicki.http.HttpRequestTest.sendIntHeaderWithoutCode","com.github.kevinsawicki.http.HttpRequestTest.nullConnectionFactory","com.github.kevinsawicki.http.HttpRequestTest.getReaderWithCharset","com.github.kevinsawicki.http.HttpRequestTest.requestContentTypeEmptyCharset","com.github.kevinsawicki.http.HttpRequestTest.appendVarargsQueryParamsWithExistingQueryStart","com.github.kevinsawicki.http.HttpRequestTest.cacheControlHeader","com.github.kevinsawicki.http.HttpRequestTest.dateHeader","com.github.kevinsawicki.http.HttpRequestTest.postNonEmptyByteArray","com.github.kevinsawicki.http.HttpRequestTest.acceptJson","com.github.kevinsawicki.http.HttpRequestTest.appendWithNullVaragsQueryParamValues","com.github.kevinsawicki.http.HttpRequestTest.getWithResponseCharset","com.github.kevinsawicki.http.HttpRequestTest.sendReceiveWithoutCode","com.github.kevinsawicki.http.HttpRequestTest.postWithVaragsQueryParams","com.github.kevinsawicki.http.HttpRequestTest.notModifiedCode","com.github.kevinsawicki.http.HttpRequestTest.getSingleParameterQuoted","com.github.kevinsawicki.http.HttpRequestTest.postWithNumericQueryParams","com.github.kevinsawicki.http.HttpRequestTest.getSingleParameter","com.github.kevinsawicki.http.HttpRequestTest.headWithMappedQueryParams","com.github.kevinsawicki.http.HttpRequestTest.deleteWithMappedQueryParams","com.github.kevinsawicki.http.HttpRequestTest.customConnectionFactory","com.github.kevinsawicki.http.HttpRequestTest.getUrlEncodedWithPercent","com.github.kevinsawicki.http.HttpRequestTest.receiveAppendable","com.github.kevinsawicki.http.HttpRequestTest.acceptEncodingHeader","com.github.kevinsawicki.http.HttpRequestTest.getEmpty","com.github.kevinsawicki.http.HttpRequestTest.getToOutputBodyWithCharset","com.github.kevinsawicki.http.HttpRequestTest.eTagHeader","com.github.kevinsawicki.http.HttpRequestTest.deleteUrlEmpty","com.github.kevinsawicki.http.HttpRequestTest.getUrlEncodedWithSpace","com.github.kevinsawicki.http.HttpRequestTest.postFormEntryWithNullValue","com.github.kevinsawicki.http.HttpRequestTest.getWithEscapedMappedQueryParams","com.github.kevinsawicki.http.HttpRequestTest.bodyOfNonEmptyErrorResponse","com.github.kevinsawicki.http.HttpRequestTest.postFormWithNoCharset","com.github.kevinsawicki.http.HttpRequestTest.appendNullVaragsQueryParams","com.github.kevinsawicki.http.HttpRequestTest.headers","com.github.kevinsawicki.http.HttpRequestTest.deleteWithEscapedVarargsQueryParams","com.github.kevinsawicki.http.HttpRequestTest.headWithEscapedVarargsQueryParams","com.github.kevinsawicki.http.HttpRequestTest.getReader","com.github.kevinsawicki.http.HttpRequestTest.postMultipart","com.github.kevinsawicki.http.HttpRequestTest.getMixQuotedParameters","com.github.kevinsawicki.http.HttpRequestTest.appendOddNumberOfParams","com.github.kevinsawicki.http.HttpRequestTest.verifierAccepts","com.github.kevinsawicki.http.HttpRequestTest.putWithMappedQueryParams","com.github.kevinsawicki.http.HttpRequestTest.postEmpty","com.github.kevinsawicki.http.HttpRequestTest.getEmptyHeaders","com.github.kevinsawicki.http.HttpRequestTest.refererHeader","com.github.kevinsawicki.http.HttpRequestTest.missingDateHeader","com.github.kevinsawicki.http.HttpRequestTest.postEmptyForm","com.github.kevinsawicki.http.HttpRequestTest.httpTrust","com.github.kevinsawicki.http.HttpRequestTest.basicAuthentication","com.github.kevinsawicki.http.HttpRequestTest.postWithLength","com.github.kevinsawicki.http.HttpRequestTest.getNonEmptyString","com.github.kevinsawicki.http.HttpRequestTest.uploadProgressSendInputStream","com.github.kevinsawicki.http.HttpRequestTest.headWithVaragsQueryParams","com.github.kevinsawicki.http.HttpRequestTest.basicProxyAuthentication","com.github.kevinsawicki.http.HttpRequestTest.acceptHeader","com.github.kevinsawicki.http.HttpRequestTest.putEmpty","com.github.kevinsawicki.http.HttpRequestTest.httpsTrust","com.github.kevinsawicki.http.HttpRequestTest.bodyOfEmptyErrorResponse","com.github.kevinsawicki.http.HttpRequestTest.noError","com.github.kevinsawicki.http.HttpRequestTest.ifNoneMatchHeader","com.github.kevinsawicki.http.HttpRequestTest.getEmptyParameter","com.github.kevinsawicki.http.HttpRequestTest.sendHeadersWithoutCode","com.github.kevinsawicki.http.HttpRequestTest.getParameterFromMissingHeader","com.github.kevinsawicki.http.HttpRequestTest.putWithEscapedVarargsQueryParams","com.github.kevinsawicki.http.HttpRequestTest.negativeBufferSize","com.github.kevinsawicki.http.HttpRequestTest.contentTypeHeader","com.github.kevinsawicki.http.HttpRequestTest.postWithEscapedMappedQueryParams","com.github.kevinsawicki.http.HttpRequestTest.expiresHeader","com.github.kevinsawicki.http.HttpRequestTest.receiveWriter","com.github.kevinsawicki.http.HttpRequestTest.putWithEscapedMappedQueryParams","com.github.kevinsawicki.http.HttpRequestTest.locationHeader","com.github.kevinsawicki.http.HttpRequestTest.postNonEmptyFile","com.github.kevinsawicki.http.HttpRequestTest.receiveFile","com.github.kevinsawicki.http.HttpRequestTest.appendNullMappedQueryParams","com.github.kevinsawicki.http.HttpRequestTest.userAgentHeader","com.github.kevinsawicki.http.HttpRequestTest.getWithVarargsQueryParams","com.github.kevinsawicki.http.HttpRequestTest.postForm","com.github.kevinsawicki.http.HttpRequestTest.optionsEmpty","com.github.kevinsawicki.http.HttpRequestTest.getParameters","com.github.kevinsawicki.http.HttpRequestTest.appendMappedQueryParamsWithExistingParams","com.github.kevinsawicki.http.HttpRequestTest.numberHeader","com.github.kevinsawicki.http.HttpRequestTest.deleteEmpty","com.github.kevinsawicki.http.HttpRequestTest.getBufferedReader","com.github.kevinsawicki.http.HttpRequestTest.appendArrayQueryParams","com.github.kevinsawicki.http.HttpRequestTest.uploadProgressSend","com.github.kevinsawicki.http.HttpRequestTest.headWithEscapedMappedQueryParams","com.github.kevinsawicki.http.HttpRequestTest.lastModifiedHeader","com.github.kevinsawicki.http.HttpRequestTest.traceEmpty","com.github.kevinsawicki.http.HttpRequestTest.serverHeader","com.github.kevinsawicki.http.HttpRequestTest.postMultipartWithContentType","com.github.kevinsawicki.http.HttpRequestTest.postNonEmptyReader","com.github.kevinsawicki.http.HttpRequestTest.getQuotedParameters","com.github.kevinsawicki.http.HttpRequestTest.deleteWithVarargsQueryParams","com.github.kevinsawicki.http.HttpRequestTest.getUrlEmpty","com.github.kevinsawicki.http.HttpRequestTest.appendEmptyVarargsQueryParams","com.github.kevinsawicki.http.HttpRequestTest.malformedDateHeader"],"results":{"com.github.kevinsawicki.http.HttpRequestTest.headUrlEmpty":{"name":"com.github.kevinsawicki.http.HttpRequestTest.headUrlEmpty","result":"PASS","time":0.248605673,"stackTrace":[]},"com.github.kevinsawicki.http.HttpRequestTest.postMultipart":{"name":"com.github.kevinsawicki.http.HttpRequestTest.postMultipart","result":"PASS","time":0.028443833,"stackTrace":[]},"com.github.kevinsawicki.http.HttpRequestTest.receivePrintStream":{"name":"com.github.kevinsawicki.http.HttpRequestTest.receivePrintStream","result":"PASS","time":0.02440211,"stackTrace":[]},"com.github.kevinsawicki.http.HttpRequestTest.postWithVaragsQueryParams":{"name":"com.github.kevinsawicki.http.HttpRequestTest.postWithVaragsQueryParams","result":"PASS","time":0.019424658,"stackTrace":[]},"com.github.kevinsawicki.http.HttpRequestTest.missingIntHeader":{"name":"com.github.kevinsawicki.http.HttpRequestTest.missingIntHeader","result":"PASS","time":0.008727217,"stackTrace":[]},"com.github.kevinsawicki.http.HttpRequestTest.deleteWithMappedQueryParams":{"name":"com.github.kevinsawicki.http.HttpRequestTest.deleteWithMappedQueryParams","result":"PASS","time":0.019295583,"stackTrace":[]},"com.github.kevinsawicki.http.HttpRequestTest.postMultipartWithContentType":{"name":"com.github.kevinsawicki.http.HttpRequestTest.postMultipartWithContentType","result":"PASS","time":0.028661334,"stackTrace":[]},"com.github.kevinsawicki.http.HttpRequestTest.ifModifiedSinceHeader":{"name":"com.github.kevinsawicki.http.HttpRequestTest.ifModifiedSinceHeader","result":"PASS","time":0.05554585,"stackTrace":[]},"com.github.kevinsawicki.http.HttpRequestTest.serverErrorCode":{"name":"com.github.kevinsawicki.http.HttpRequestTest.serverErrorCode","result":"PASS","time":0.030051973,"stackTrace":[]},"com.github.kevinsawicki.http.HttpRequestTest.appendWithNullMappedQueryParamValues":{"name":"com.github.kevinsawicki.http.HttpRequestTest.appendWithNullMappedQueryParamValues","result":"PASS","time":0.006452186,"stackTrace":[]},"com.github.kevinsawicki.http.HttpRequestTest.getMultipleParametersQuoted":{"name":"com.github.kevinsawicki.http.HttpRequestTest.getMultipleParametersQuoted","result":"PASS","time":0.023597342,"stackTrace":[]},"com.github.kevinsawicki.http.HttpRequestTest.getWithEscapedVarargsQueryParams":{"name":"com.github.kevinsawicki.http.HttpRequestTest.getWithEscapedVarargsQueryParams","result":"PASS","time":0.063616164,"stackTrace":[]},"com.github.kevinsawicki.http.HttpRequestTest.acceptEncodingHeader":{"name":"com.github.kevinsawicki.http.HttpRequestTest.acceptEncodingHeader","result":"PASS","time":0.027419957,"stackTrace":[]},"com.github.kevinsawicki.http.HttpRequestTest.locationHeader":{"name":"com.github.kevinsawicki.http.HttpRequestTest.locationHeader","result":"PASS","time":0.010319922,"stackTrace":[]},"com.github.kevinsawicki.http.HttpRequestTest.httpsTrust":{"name":"com.github.kevinsawicki.http.HttpRequestTest.httpsTrust","result":"PASS","time":0.004370139,"stackTrace":[]},"com.github.kevinsawicki.http.HttpRequestTest.appendMappedQueryParamsWithNoPath":{"name":"com.github.kevinsawicki.http.HttpRequestTest.appendMappedQueryParamsWithNoPath","result":"PASS","time":0.007918677,"stackTrace":[]},"com.github.kevinsawicki.http.HttpRequestTest.getAllHeaders":{"name":"com.github.kevinsawicki.http.HttpRequestTest.getAllHeaders","result":"PASS","time":0.027781341,"stackTrace":[]},"com.github.kevinsawicki.http.HttpRequestTest.malformedDateHeader":{"name":"com.github.kevinsawicki.http.HttpRequestTest.malformedDateHeader","result":"PASS","time":0.425390134,"stackTrace":[]},"com.github.kevinsawicki.http.HttpRequestTest.receiveAppendable":{"name":"com.github.kevinsawicki.http.HttpRequestTest.receiveAppendable","result":"PASS","time":0.030615562,"stackTrace":[]},"com.github.kevinsawicki.http.HttpRequestTest.contentTypeHeader":{"name":"com.github.kevinsawicki.http.HttpRequestTest.contentTypeHeader","result":"PASS","time":0.014522849,"stackTrace":[]},"com.github.kevinsawicki.http.EncodeTest.encodeMalformedUri":{"name":"com.github.kevinsawicki.http.EncodeTest.encodeMalformedUri","result":"PASS","time":0.031289998,"stackTrace":[]},"com.github.kevinsawicki.http.HttpRequestTest.postNonEmptyFile":{"name":"com.github.kevinsawicki.http.HttpRequestTest.postNonEmptyFile","result":"PASS","time":0.015769046,"stackTrace":[]},"com.github.kevinsawicki.http.HttpRequestTest.headWithEscapedVarargsQueryParams":{"name":"com.github.kevinsawicki.http.HttpRequestTest.headWithEscapedVarargsQueryParams","result":"ERROR","time":0.024848987,"stackTrace":[{"declaringClass":"org.junit.Assert","methodName":"fail","fileName":"Assert.java","lineNumber":93},{"declaringClass":"org.junit.Assert","methodName":"failNotEquals","fileName":"Assert.java","lineNumber":647},{"declaringClass":"org.junit.Assert","methodName":"assertEquals","fileName":"Assert.java","lineNumber":128},{"declaringClass":"org.junit.Assert","methodName":"assertEquals","fileName":"Assert.java","lineNumber":147},{"declaringClass":"com.github.kevinsawicki.http.HttpRequestTest","methodName":"headWithEscapedVarargsQueryParams","fileName":"HttpRequestTest.java","lineNumber":3024},{"declaringClass":"sun.reflect.NativeMethodAccessorImpl","methodName":"invoke0","fileName":"NativeMethodAccessorImpl.java","lineNumber":-2},{"declaringClass":"sun.reflect.NativeMethodAccessorImpl","methodName":"invoke","fileName":"NativeMethodAccessorImpl.java","lineNumber":62},{"declaringClass":"sun.reflect.DelegatingMethodAccessorImpl","methodName":"invoke","fileName":"DelegatingMethodAccessorImpl.java","lineNumber":43},{"declaringClass":"java.lang.reflect.Method","methodName":"invoke","fileName":"Method.java","lineNumber":498},{"declaringClass":"org.junit.runners.model.FrameworkMethod$1","methodName":"runReflectiveCall","fileName":"FrameworkMethod.java","lineNumber":45},{"declaringClass":"org.junit.internal.runners.model.ReflectiveCallable","methodName":"run","fileName":"ReflectiveCallable.java","lineNumber":15},{"declaringClass":"org.junit.runners.model.FrameworkMethod","methodName":"invokeExplosively","fileName":"FrameworkMethod.java","lineNumber":42},{"declaringClass":"org.junit.internal.runners.statements.InvokeMethod","methodName":"evaluate","fileName":"InvokeMethod.java","lineNumber":20},{"declaringClass":"org.junit.internal.runners.statements.RunBefores","methodName":"evaluate","fileName":"RunBefores.java","lineNumber":28},{"declaringClass":"org.junit.internal.runners.statements.RunAfters","methodName":"evaluate","fileName":"RunAfters.java","lineNumber":30},{"declaringClass":"com.reedoei.testrunner.execution.JUnitTestRunner","methodName":"runChild","fileName":"JUnitTestRunner.java","lineNumber":332},{"declaringClass":"com.reedoei.testrunner.execution.JUnitTestRunner","methodName":"run","fileName":"JUnitTestRunner.java","lineNumber":108},{"declaringClass":"org.junit.runner.JUnitCore","methodName":"run","fileName":"JUnitCore.java","lineNumber":157},{"declaringClass":"com.reedoei.testrunner.execution.JUnitTestExecutor","methodName":"execute","fileName":"JUnitTestExecutor.java","lineNumber":292},{"declaringClass":"com.reedoei.testrunner.execution.JUnitTestExecutor","methodName":"execute","fileName":"JUnitTestExecutor.java","lineNumber":328},{"declaringClass":"com.reedoei.testrunner.execution.JUnitTestExecutor","methodName":"executeWithJUnit4Runner","fileName":"JUnitTestExecutor.java","lineNumber":366},{"declaringClass":"com.reedoei.testrunner.execution.JUnitTestExecutor","methodName":"runOrder","fileName":"JUnitTestExecutor.java","lineNumber":47},{"declaringClass":"com.reedoei.testrunner.execution.Executor$","methodName":"$anonfun$run$1","fileName":"Executor.scala","lineNumber":30},{"declaringClass":"scala.runtime.java8.JFunction0$mcV$sp","methodName":"apply","fileName":"JFunction0$mcV$sp.java","lineNumber":12},{"declaringClass":"scala.util.Try$","methodName":"apply","fileName":"Try.scala","lineNumber":209},{"declaringClass":"com.reedoei.testrunner.execution.Executor$","methodName":"run","fileName":"Executor.scala","lineNumber":28},{"declaringClass":"com.reedoei.testrunner.execution.Executor$","methodName":"main","fileName":"Executor.scala","lineNumber":18},{"declaringClass":"com.reedoei.testrunner.execution.Executor","methodName":"main","fileName":"Executor.scala","lineNumber":-1}]},"com.github.kevinsawicki.http.HttpRequestTest.postFormEntryWithNullValue":{"name":"com.github.kevinsawicki.http.HttpRequestTest.postFormEntryWithNullValue","result":"PASS","time":0.029966621,"stackTrace":[]},"com.github.kevinsawicki.http.HttpRequestTest.getUrlEncodedWithUnicode":{"name":"com.github.kevinsawicki.http.HttpRequestTest.getUrlEncodedWithUnicode","result":"PASS","time":0.048857583,"stackTrace":[]},"com.github.kevinsawicki.http.HttpRequestTest.bodyOfEmptyErrorResponse":{"name":"com.github.kevinsawicki.http.HttpRequestTest.bodyOfEmptyErrorResponse","result":"PASS","time":0.008438124,"stackTrace":[]},"com.github.kevinsawicki.http.HttpRequestTest.getSingleParameterQuoted":{"name":"com.github.kevinsawicki.http.HttpRequestTest.getSingleParameterQuoted","result":"PASS","time":0.035903202,"stackTrace":[]},"com.github.kevinsawicki.http.HttpRequestTest.deleteUrlEmpty":{"name":"com.github.kevinsawicki.http.HttpRequestTest.deleteUrlEmpty","result":"PASS","time":0.02336671,"stackTrace":[]},"com.github.kevinsawicki.http.HttpRequestTest.postFormWithNoCharset":{"name":"com.github.kevinsawicki.http.HttpRequestTest.postFormWithNoCharset","result":"PASS","time":0.017218984,"stackTrace":[]},"com.github.kevinsawicki.http.HttpRequestTest.getWithResponseCharsetAsSecondParam":{"name":"com.github.kevinsawicki.http.HttpRequestTest.getWithResponseCharsetAsSecondParam","result":"PASS","time":0.035923457,"stackTrace":[]},"com.github.kevinsawicki.http.HttpRequestTest.uploadProgressSendInputStream":{"name":"com.github.kevinsawicki.http.HttpRequestTest.uploadProgressSendInputStream","result":"PASS","time":0.02014135,"stackTrace":[]},"com.github.kevinsawicki.http.HttpRequestTest.customConnectionFactory":{"name":"com.github.kevinsawicki.http.HttpRequestTest.customConnectionFactory","result":"PASS","time":0.024165541,"stackTrace":[]},"com.github.kevinsawicki.http.HttpRequestTest.putEmpty":{"name":"com.github.kevinsawicki.http.HttpRequestTest.putEmpty","result":"PASS","time":0.008432676,"stackTrace":[]},"com.github.kevinsawicki.http.HttpRequestTest.getError":{"name":"com.github.kevinsawicki.http.HttpRequestTest.getError","result":"PASS","time":0.300838924,"stackTrace":[]},"com.github.kevinsawicki.http.HttpRequestTest.requestContentType":{"name":"com.github.kevinsawicki.http.HttpRequestTest.requestContentType","result":"PASS","time":0.032321766,"stackTrace":[]},"com.github.kevinsawicki.http.HttpRequestTest.noError":{"name":"com.github.kevinsawicki.http.HttpRequestTest.noError","result":"PASS","time":0.009765202,"stackTrace":[]},"com.github.kevinsawicki.http.HttpRequestTest.appendMappedQueryParamsWithPath":{"name":"com.github.kevinsawicki.http.HttpRequestTest.appendMappedQueryParamsWithPath","result":"PASS","time":0.004531135,"stackTrace":[]},"com.github.kevinsawicki.http.HttpRequestTest.uploadProgressSend":{"name":"com.github.kevinsawicki.http.HttpRequestTest.uploadProgressSend","result":"PASS","time":0.022642474,"stackTrace":[]},"com.github.kevinsawicki.http.HttpRequestTest.postEmptyForm":{"name":"com.github.kevinsawicki.http.HttpRequestTest.postEmptyForm","result":"PASS","time":0.005240145,"stackTrace":[]},"com.github.kevinsawicki.http.HttpRequestTest.appendMultipleVarargsQueryParams":{"name":"com.github.kevinsawicki.http.HttpRequestTest.appendMultipleVarargsQueryParams","result":"PASS","time":0.005701409,"stackTrace":[]},"com.github.kevinsawicki.http.HttpRequestTest.getUrlEncodedWithPercent":{"name":"com.github.kevinsawicki.http.HttpRequestTest.getUrlEncodedWithPercent","result":"FAILURE","time":0.046502508,"stackTrace":[{"declaringClass":"org.junit.Assert","methodName":"assertEquals","fileName":"Assert.java","lineNumber":125},{"declaringClass":"org.junit.Assert","methodName":"assertEquals","fileName":"Assert.java","lineNumber":147},{"declaringClass":"com.github.kevinsawicki.http.HttpRequestTest","methodName":"getUrlEncodedWithPercent","fileName":"HttpRequestTest.java","lineNumber":329},{"declaringClass":"sun.reflect.NativeMethodAccessorImpl","methodName":"invoke0","fileName":"NativeMethodAccessorImpl.java","lineNumber":-2},{"declaringClass":"sun.reflect.NativeMethodAccessorImpl","methodName":"invoke","fileName":"NativeMethodAccessorImpl.java","lineNumber":62},{"declaringClass":"sun.reflect.DelegatingMethodAccessorImpl","methodName":"invoke","fileName":"DelegatingMethodAccessorImpl.java","lineNumber":43},{"declaringClass":"java.lang.reflect.Method","methodName":"invoke","fileName":"Method.java","lineNumber":498},{"declaringClass":"org.junit.runners.model.FrameworkMethod$1","methodName":"runReflectiveCall","fileName":"FrameworkMethod.java","lineNumber":45},{"declaringClass":"org.junit.internal.runners.model.ReflectiveCallable","methodName":"run","fileName":"ReflectiveCallable.java","lineNumber":15},{"declaringClass":"org.junit.runners.model.FrameworkMethod","methodName":"invokeExplosively","fileName":"FrameworkMethod.java","lineNumber":42},{"declaringClass":"org.junit.internal.runners.statements.InvokeMethod","methodName":"evaluate","fileName":"InvokeMethod.java","lineNumber":20},{"declaringClass":"org.junit.internal.runners.statements.RunBefores","methodName":"evaluate","fileName":"RunBefores.java","lineNumber":28},{"declaringClass":"org.junit.internal.runners.statements.RunAfters","methodName":"evaluate","fileName":"RunAfters.java","lineNumber":30},{"declaringClass":"com.reedoei.testrunner.execution.JUnitTestRunner","methodName":"runChild","fileName":"JUnitTestRunner.java","lineNumber":332},{"declaringClass":"com.reedoei.testrunner.execution.JUnitTestRunner","methodName":"run","fileName":"JUnitTestRunner.java","lineNumber":108},{"declaringClass":"org.junit.runner.JUnitCore","methodName":"run","fileName":"JUnitCore.java","lineNumber":157},{"declaringClass":"com.reedoei.testrunner.execution.JUnitTestExecutor","methodName":"execute","fileName":"JUnitTestExecutor.java","lineNumber":292},{"declaringClass":"com.reedoei.testrunner.execution.JUnitTestExecutor","methodName":"execute","fileName":"JUnitTestExecutor.java","lineNumber":328},{"declaringClass":"com.reedoei.testrunner.execution.JUnitTestExecutor","methodName":"executeWithJUnit4Runner","fileName":"JUnitTestExecutor.java","lineNumber":366},{"declaringClass":"com.reedoei.testrunner.execution.JUnitTestExecutor","methodName":"runOrder","fileName":"JUnitTestExecutor.java","lineNumber":47},{"declaringClass":"com.reedoei.testrunner.execution.Executor$","methodName":"$anonfun$run$1","fileName":"Executor.scala","lineNumber":30},{"declaringClass":"scala.runtime.java8.JFunction0$mcV$sp","methodName":"apply","fileName":"JFunction0$mcV$sp.java","lineNumber":12},{"declaringClass":"scala.util.Try$","methodName":"apply","fileName":"Try.scala","lineNumber":209},{"declaringClass":"com.reedoei.testrunner.execution.Executor$","methodName":"run","fileName":"Executor.scala","lineNumber":28},{"declaringClass":"com.reedoei.testrunner.execution.Executor$","methodName":"main","fileName":"Executor.scala","lineNumber":18},{"declaringClass":"com.reedoei.testrunner.execution.Executor","methodName":"main","fileName":"Executor.scala","lineNumber":-1}]},"com.github.kevinsawicki.http.HttpRequestTest.getParameterFromMissingHeader":{"name":"com.github.kevinsawicki.http.HttpRequestTest.getParameterFromMissingHeader","result":"PASS","time":0.009999118,"stackTrace":[]},"com.github.kevinsawicki.http.HttpRequestTest.headWithVaragsQueryParams":{"name":"com.github.kevinsawicki.http.HttpRequestTest.headWithVaragsQueryParams","result":"ERROR","time":0.02643275,"stackTrace":[{"declaringClass":"org.junit.Assert","methodName":"fail","fileName":"Assert.java","lineNumber":93},{"declaringClass":"org.junit.Assert","methodName":"failNotEquals","fileName":"Assert.java","lineNumber":647},{"declaringClass":"org.junit.Assert","methodName":"assertEquals","fileName":"Assert.java","lineNumber":128},{"declaringClass":"org.junit.Assert","methodName":"assertEquals","fileName":"Assert.java","lineNumber":147},{"declaringClass":"com.github.kevinsawicki.http.HttpRequestTest","methodName":"headWithVaragsQueryParams","fileName":"HttpRequestTest.java","lineNumber":2969},{"declaringClass":"sun.reflect.NativeMethodAccessorImpl","methodName":"invoke0","fileName":"NativeMethodAccessorImpl.java","lineNumber":-2},{"declaringClass":"sun.reflect.NativeMethodAccessorImpl","methodName":"invoke","fileName":"NativeMethodAccessorImpl.java","lineNumber":62},{"declaringClass":"sun.reflect.DelegatingMethodAccessorImpl","methodName":"invoke","fileName":"DelegatingMethodAccessorImpl.java","lineNumber":43},{"declaringClass":"java.lang.reflect.Method","methodName":"invoke","fileName":"Method.java","lineNumber":498},{"declaringClass":"org.junit.runners.model.FrameworkMethod$1","methodName":"runReflectiveCall","fileName":"FrameworkMethod.java","lineNumber":45},{"declaringClass":"org.junit.internal.runners.model.ReflectiveCallable","methodName":"run","fileName":"ReflectiveCallable.java","lineNumber":15},{"declaringClass":"org.junit.runners.model.FrameworkMethod","methodName":"invokeExplosively","fileName":"FrameworkMethod.java","lineNumber":42},{"declaringClass":"org.junit.internal.runners.statements.InvokeMethod","methodName":"evaluate","fileName":"InvokeMethod.java","lineNumber":20},{"declaringClass":"org.junit.internal.runners.statements.RunBefores","methodName":"evaluate","fileName":"RunBefores.java","lineNumber":28},{"declaringClass":"org.junit.internal.runners.statements.RunAfters","methodName":"evaluate","fileName":"RunAfters.java","lineNumber":30},{"declaringClass":"com.reedoei.testrunner.execution.JUnitTestRunner","methodName":"runChild","fileName":"JUnitTestRunner.java","lineNumber":332},{"declaringClass":"com.reedoei.testrunner.execution.JUnitTestRunner","methodName":"run","fileName":"JUnitTestRunner.java","lineNumber":108},{"declaringClass":"org.junit.runner.JUnitCore","methodName":"run","fileName":"JUnitCore.java","lineNumber":157},{"declaringClass":"com.reedoei.testrunner.execution.JUnitTestExecutor","methodName":"execute","fileName":"JUnitTestExecutor.java","lineNumber":292},{"declaringClass":"com.reedoei.testrunner.execution.JUnitTestExecutor","methodName":"execute","fileName":"JUnitTestExecutor.java","lineNumber":328},{"declaringClass":"com.reedoei.testrunner.execution.JUnitTestExecutor","methodName":"executeWithJUnit4Runner","fileName":"JUnitTestExecutor.java","lineNumber":366},{"declaringClass":"com.reedoei.testrunner.execution.JUnitTestExecutor","methodName":"runOrder","fileName":"JUnitTestExecutor.java","lineNumber":47},{"declaringClass":"com.reedoei.testrunner.execution.Executor$","methodName":"$anonfun$run$1","fileName":"Executor.scala","lineNumber":30},{"declaringClass":"scala.runtime.java8.JFunction0$mcV$sp","methodName":"apply","fileName":"JFunction0$mcV$sp.java","lineNumber":12},{"declaringClass":"scala.util.Try$","methodName":"apply","fileName":"Try.scala","lineNumber":209},{"declaringClass":"com.reedoei.testrunner.execution.Executor$","methodName":"run","fileName":"Executor.scala","lineNumber":28},{"declaringClass":"com.reedoei.testrunner.execution.Executor$","methodName":"main","fileName":"Executor.scala","lineNumber":18},{"declaringClass":"com.reedoei.testrunner.execution.Executor","methodName":"main","fileName":"Executor.scala","lineNumber":-1}]},"com.github.kevinsawicki.http.HttpRequestTest.refererHeader":{"name":"com.github.kevinsawicki.http.HttpRequestTest.refererHeader","result":"PASS","time":0.00710448,"stackTrace":[]},"com.github.kevinsawicki.http.HttpRequestTest.nullUploadProgress":{"name":"com.github.kevinsawicki.http.HttpRequestTest.nullUploadProgress","result":"PASS","time":0.027032729,"stackTrace":[]},"com.github.kevinsawicki.http.HttpRequestTest.appendWithNullVaragsQueryParamValues":{"name":"com.github.kevinsawicki.http.HttpRequestTest.appendWithNullVaragsQueryParamValues","result":"PASS","time":0.003836585,"stackTrace":[]},"com.github.kevinsawicki.http.HttpRequestTest.getSingleParameter":{"name":"com.github.kevinsawicki.http.HttpRequestTest.getSingleParameter","result":"PASS","time":0.018471885,"stackTrace":[]},"com.github.kevinsawicki.http.HttpRequestTest.appendEmptyMappedQueryParams":{"name":"com.github.kevinsawicki.http.HttpRequestTest.appendEmptyMappedQueryParams","result":"PASS","time":0.007891647,"stackTrace":[]},"com.github.kevinsawicki.http.HttpRequestTest.appendMappedQueryParamsWithExistingQueryStart":{"name":"com.github.kevinsawicki.http.HttpRequestTest.appendMappedQueryParamsWithExistingQueryStart","result":"PASS","time":0.006501218,"stackTrace":[]},"com.github.kevinsawicki.http.HttpRequestTest.getUrlEmpty":{"name":"com.github.kevinsawicki.http.HttpRequestTest.getUrlEmpty","result":"PASS","time":0.014087847,"stackTrace":[]},"com.github.kevinsawicki.http.HttpRequestTest.putWithEscapedMappedQueryParams":{"name":"com.github.kevinsawicki.http.HttpRequestTest.putWithEscapedMappedQueryParams","result":"ERROR","time":0.020540522,"stackTrace":[{"declaringClass":"org.junit.Assert","methodName":"fail","fileName":"Assert.java","lineNumber":93},{"declaringClass":"org.junit.Assert","methodName":"failNotEquals","fileName":"Assert.java","lineNumber":647},{"declaringClass":"org.junit.Assert","methodName":"assertEquals","fileName":"Assert.java","lineNumber":128},{"declaringClass":"org.junit.Assert","methodName":"assertEquals","fileName":"Assert.java","lineNumber":147},{"declaringClass":"com.github.kevinsawicki.http.HttpRequestTest","methodName":"putWithEscapedMappedQueryParams","fileName":"HttpRequestTest.java","lineNumber":2888},{"declaringClass":"sun.reflect.NativeMethodAccessorImpl","methodName":"invoke0","fileName":"NativeMethodAccessorImpl.java","lineNumber":-2},{"declaringClass":"sun.reflect.NativeMethodAccessorImpl","methodName":"invoke","fileName":"NativeMethodAccessorImpl.java","lineNumber":62},{"declaringClass":"sun.reflect.DelegatingMethodAccessorImpl","methodName":"invoke","fileName":"DelegatingMethodAccessorImpl.java","lineNumber":43},{"declaringClass":"java.lang.reflect.Method","methodName":"invoke","fileName":"Method.java","lineNumber":498},{"declaringClass":"org.junit.runners.model.FrameworkMethod$1","methodName":"runReflectiveCall","fileName":"FrameworkMethod.java","lineNumber":45},{"declaringClass":"org.junit.internal.runners.model.ReflectiveCallable","methodName":"run","fileName":"ReflectiveCallable.java","lineNumber":15},{"declaringClass":"org.junit.runners.model.FrameworkMethod","methodName":"invokeExplosively","fileName":"FrameworkMethod.java","lineNumber":42},{"declaringClass":"org.junit.internal.runners.statements.InvokeMethod","methodName":"evaluate","fileName":"InvokeMethod.java","lineNumber":20},{"declaringClass":"org.junit.internal.runners.statements.RunBefores","methodName":"evaluate","fileName":"RunBefores.java","lineNumber":28},{"declaringClass":"org.junit.internal.runners.statements.RunAfters","methodName":"evaluate","fileName":"RunAfters.java","lineNumber":30},{"declaringClass":"com.reedoei.testrunner.execution.JUnitTestRunner","methodName":"runChild","fileName":"JUnitTestRunner.java","lineNumber":332},{"declaringClass":"com.reedoei.testrunner.execution.JUnitTestRunner","methodName":"run","fileName":"JUnitTestRunner.java","lineNumber":108},{"declaringClass":"org.junit.runner.JUnitCore","methodName":"run","fileName":"JUnitCore.java","lineNumber":157},{"declaringClass":"com.reedoei.testrunner.execution.JUnitTestExecutor","methodName":"execute","fileName":"JUnitTestExecutor.java","lineNumber":292},{"declaringClass":"com.reedoei.testrunner.execution.JUnitTestExecutor","methodName":"execute","fileName":"JUnitTestExecutor.java","lineNumber":328},{"declaringClass":"com.reedoei.testrunner.execution.JUnitTestExecutor","methodName":"executeWithJUnit4Runner","fileName":"JUnitTestExecutor.java","lineNumber":366},{"declaringClass":"com.reedoei.testrunner.execution.JUnitTestExecutor","methodName":"runOrder","fileName":"JUnitTestExecutor.java","lineNumber":47},{"declaringClass":"com.reedoei.testrunner.execution.Executor$","methodName":"$anonfun$run$1","fileName":"Executor.scala","lineNumber":30},{"declaringClass":"scala.runtime.java8.JFunction0$mcV$sp","methodName":"apply","fileName":"JFunction0$mcV$sp.java","lineNumber":12},{"declaringClass":"scala.util.Try$","methodName":"apply","fileName":"Try.scala","lineNumber":209},{"declaringClass":"com.reedoei.testrunner.execution.Executor$","methodName":"run","fileName":"Executor.scala","lineNumber":28},{"declaringClass":"com.reedoei.testrunner.execution.Executor$","methodName":"main","fileName":"Executor.scala","lineNumber":18},{"declaringClass":"com.reedoei.testrunner.execution.Executor","methodName":"main","fileName":"Executor.scala","lineNumber":-1}]},"com.github.kevinsawicki.http.HttpRequestTest.contentEncodingHeader":{"name":"com.github.kevinsawicki.http.HttpRequestTest.contentEncodingHeader","result":"PASS","time":0.027891139,"stackTrace":[]},"com.github.kevinsawicki.http.HttpRequestTest.getBufferedReader":{"name":"com.github.kevinsawicki.http.HttpRequestTest.getBufferedReader","result":"PASS","time":0.039076595,"stackTrace":[]},"com.github.kevinsawicki.http.HttpRequestTest.getEmptyParameters":{"name":"com.github.kevinsawicki.http.HttpRequestTest.getEmptyParameters","result":"PASS","time":0.025755311,"stackTrace":[]},"com.github.kevinsawicki.http.HttpRequestTest.appendNullMappedQueryParams":{"name":"com.github.kevinsawicki.http.HttpRequestTest.appendNullMappedQueryParams","result":"PASS","time":0.002505734,"stackTrace":[]},"com.github.kevinsawicki.http.HttpRequestTest.postMultipleFiles":{"name":"com.github.kevinsawicki.http.HttpRequestTest.postMultipleFiles","result":"PASS","time":0.053098438,"stackTrace":[]},"com.github.kevinsawicki.http.HttpRequestTest.receiveWriter":{"name":"com.github.kevinsawicki.http.HttpRequestTest.receiveWriter","result":"PASS","time":0.019286083,"stackTrace":[]},"com.github.kevinsawicki.http.HttpRequestTest.postWithLength":{"name":"com.github.kevinsawicki.http.HttpRequestTest.postWithLength","result":"PASS","time":0.020812782,"stackTrace":[]},"com.github.kevinsawicki.http.HttpRequestTest.putWithMappedQueryParams":{"name":"com.github.kevinsawicki.http.HttpRequestTest.putWithMappedQueryParams","result":"ERROR","time":0.040141821,"stackTrace":[{"declaringClass":"org.junit.Assert","methodName":"fail","fileName":"Assert.java","lineNumber":93},{"declaringClass":"org.junit.Assert","methodName":"failNotEquals","fileName":"Assert.java","lineNumber":647},{"declaringClass":"org.junit.Assert","methodName":"assertEquals","fileName":"Assert.java","lineNumber":128},{"declaringClass":"org.junit.Assert","methodName":"assertEquals","fileName":"Assert.java","lineNumber":147},{"declaringClass":"com.github.kevinsawicki.http.HttpRequestTest","methodName":"putWithMappedQueryParams","fileName":"HttpRequestTest.java","lineNumber":2833},{"declaringClass":"sun.reflect.NativeMethodAccessorImpl","methodName":"invoke0","fileName":"NativeMethodAccessorImpl.java","lineNumber":-2},{"declaringClass":"sun.reflect.NativeMethodAccessorImpl","methodName":"invoke","fileName":"NativeMethodAccessorImpl.java","lineNumber":62},{"declaringClass":"sun.reflect.DelegatingMethodAccessorImpl","methodName":"invoke","fileName":"DelegatingMethodAccessorImpl.java","lineNumber":43},{"declaringClass":"java.lang.reflect.Method","methodName":"invoke","fileName":"Method.java","lineNumber":498},{"declaringClass":"org.junit.runners.model.FrameworkMethod$1","methodName":"runReflectiveCall","fileName":"FrameworkMethod.java","lineNumber":45},{"declaringClass":"org.junit.internal.runners.model.ReflectiveCallable","methodName":"run","fileName":"ReflectiveCallable.java","lineNumber":15},{"declaringClass":"org.junit.runners.model.FrameworkMethod","methodName":"invokeExplosively","fileName":"FrameworkMethod.java","lineNumber":42},{"declaringClass":"org.junit.internal.runners.statements.InvokeMethod","methodName":"evaluate","fileName":"InvokeMethod.java","lineNumber":20},{"declaringClass":"org.junit.internal.runners.statements.RunBefores","methodName":"evaluate","fileName":"RunBefores.java","lineNumber":28},{"declaringClass":"org.junit.internal.runners.statements.RunAfters","methodName":"evaluate","fileName":"RunAfters.java","lineNumber":30},{"declaringClass":"com.reedoei.testrunner.execution.JUnitTestRunner","methodName":"runChild","fileName":"JUnitTestRunner.java","lineNumber":332},{"declaringClass":"com.reedoei.testrunner.execution.JUnitTestRunner","methodName":"run","fileName":"JUnitTestRunner.java","lineNumber":108},{"declaringClass":"org.junit.runner.JUnitCore","methodName":"run","fileName":"JUnitCore.java","lineNumber":157},{"declaringClass":"com.reedoei.testrunner.execution.JUnitTestExecutor","methodName":"execute","fileName":"JUnitTestExecutor.java","lineNumber":292},{"declaringClass":"com.reedoei.testrunner.execution.JUnitTestExecutor","methodName":"execute","fileName":"JUnitTestExecutor.java","lineNumber":328},{"declaringClass":"com.reedoei.testrunner.execution.JUnitTestExecutor","methodName":"executeWithJUnit4Runner","fileName":"JUnitTestExecutor.java","lineNumber":366},{"declaringClass":"com.reedoei.testrunner.execution.JUnitTestExecutor","methodName":"runOrder","fileName":"JUnitTestExecutor.java","lineNumber":47},{"declaringClass":"com.reedoei.testrunner.execution.Executor$","methodName":"$anonfun$run$1","fileName":"Executor.scala","lineNumber":30},{"declaringClass":"scala.runtime.java8.JFunction0$mcV$sp","methodName":"apply","fileName":"JFunction0$mcV$sp.java","lineNumber":12},{"declaringClass":"scala.util.Try$","methodName":"apply","fileName":"Try.scala","lineNumber":209},{"declaringClass":"com.reedoei.testrunner.execution.Executor$","methodName":"run","fileName":"Executor.scala","lineNumber":28},{"declaringClass":"com.reedoei.testrunner.execution.Executor$","methodName":"main","fileName":"Executor.scala","lineNumber":18},{"declaringClass":"com.reedoei.testrunner.execution.Executor","methodName":"main","fileName":"Executor.scala","lineNumber":-1}]},"com.github.kevinsawicki.http.EncodeTest.encode":{"name":"com.github.kevinsawicki.http.EncodeTest.encode","result":"PASS","time":0.31043468,"stackTrace":[]},"com.github.kevinsawicki.http.HttpRequestTest.requestContentTypeNullCharset":{"name":"com.github.kevinsawicki.http.HttpRequestTest.requestContentTypeNullCharset","result":"PASS","time":0.019206528,"stackTrace":[]},"com.github.kevinsawicki.http.HttpRequestTest.postNonEmptyByteArray":{"name":"com.github.kevinsawicki.http.HttpRequestTest.postNonEmptyByteArray","result":"PASS","time":0.013826691,"stackTrace":[]},"com.github.kevinsawicki.http.HttpRequestTest.appendListQueryParams":{"name":"com.github.kevinsawicki.http.HttpRequestTest.appendListQueryParams","result":"PASS","time":2.557434479,"stackTrace":[]},"com.github.kevinsawicki.http.HttpRequestTest.deleteEmpty":{"name":"com.github.kevinsawicki.http.HttpRequestTest.deleteEmpty","result":"PASS","time":0.030220372,"stackTrace":[]},"com.github.kevinsawicki.http.HttpRequestTest.headers":{"name":"com.github.kevinsawicki.http.HttpRequestTest.headers","result":"PASS","time":0.016767288,"stackTrace":[]},"com.github.kevinsawicki.http.HttpRequestTest.serverHeader":{"name":"com.github.kevinsawicki.http.HttpRequestTest.serverHeader","result":"PASS","time":0.01919214,"stackTrace":[]},"com.github.kevinsawicki.http.HttpRequestTest.traceEmpty":{"name":"com.github.kevinsawicki.http.HttpRequestTest.traceEmpty","result":"PASS","time":0.017536575,"stackTrace":[]},"com.github.kevinsawicki.http.HttpRequestTest.deleteWithVarargsQueryParams":{"name":"com.github.kevinsawicki.http.HttpRequestTest.deleteWithVarargsQueryParams","result":"ERROR","time":0.01895166,"stackTrace":[{"declaringClass":"org.junit.Assert","methodName":"fail","fileName":"Assert.java","lineNumber":93},{"declaringClass":"org.junit.Assert","methodName":"failNotEquals","fileName":"Assert.java","lineNumber":647},{"declaringClass":"org.junit.Assert","methodName":"assertEquals","fileName":"Assert.java","lineNumber":128},{"declaringClass":"org.junit.Assert","methodName":"assertEquals","fileName":"Assert.java","lineNumber":147},{"declaringClass":"com.github.kevinsawicki.http.HttpRequestTest","methodName":"deleteWithVarargsQueryParams","fileName":"HttpRequestTest.java","lineNumber":2749},{"declaringClass":"sun.reflect.NativeMethodAccessorImpl","methodName":"invoke0","fileName":"NativeMethodAccessorImpl.java","lineNumber":-2},{"declaringClass":"sun.reflect.NativeMethodAccessorImpl","methodName":"invoke","fileName":"NativeMethodAccessorImpl.java","lineNumber":62},{"declaringClass":"sun.reflect.DelegatingMethodAccessorImpl","methodName":"invoke","fileName":"DelegatingMethodAccessorImpl.java","lineNumber":43},{"declaringClass":"java.lang.reflect.Method","methodName":"invoke","fileName":"Method.java","lineNumber":498},{"declaringClass":"org.junit.runners.model.FrameworkMethod$1","methodName":"runReflectiveCall","fileName":"FrameworkMethod.java","lineNumber":45},{"declaringClass":"org.junit.internal.runners.model.ReflectiveCallable","methodName":"run","fileName":"ReflectiveCallable.java","lineNumber":15},{"declaringClass":"org.junit.runners.model.FrameworkMethod","methodName":"invokeExplosively","fileName":"FrameworkMethod.java","lineNumber":42},{"declaringClass":"org.junit.internal.runners.statements.InvokeMethod","methodName":"evaluate","fileName":"InvokeMethod.java","lineNumber":20},{"declaringClass":"org.junit.internal.runners.statements.RunBefores","methodName":"evaluate","fileName":"RunBefores.java","lineNumber":28},{"declaringClass":"org.junit.internal.runners.statements.RunAfters","methodName":"evaluate","fileName":"RunAfters.java","lineNumber":30},{"declaringClass":"com.reedoei.testrunner.execution.JUnitTestRunner","methodName":"runChild","fileName":"JUnitTestRunner.java","lineNumber":332},{"declaringClass":"com.reedoei.testrunner.execution.JUnitTestRunner","methodName":"run","fileName":"JUnitTestRunner.java","lineNumber":108},{"declaringClass":"org.junit.runner.JUnitCore","methodName":"run","fileName":"JUnitCore.java","lineNumber":157},{"declaringClass":"com.reedoei.testrunner.execution.JUnitTestExecutor","methodName":"execute","fileName":"JUnitTestExecutor.java","lineNumber":292},{"declaringClass":"com.reedoei.testrunner.execution.JUnitTestExecutor","methodName":"execute","fileName":"JUnitTestExecutor.java","lineNumber":328},{"declaringClass":"com.reedoei.testrunner.execution.JUnitTestExecutor","methodName":"executeWithJUnit4Runner","fileName":"JUnitTestExecutor.java","lineNumber":366},{"declaringClass":"com.reedoei.testrunner.execution.JUnitTestExecutor","methodName":"runOrder","fileName":"JUnitTestExecutor.java","lineNumber":47},{"declaringClass":"com.reedoei.testrunner.execution.Executor$","methodName":"$anonfun$run$1","fileName":"Executor.scala","lineNumber":30},{"declaringClass":"scala.runtime.java8.JFunction0$mcV$sp","methodName":"apply","fileName":"JFunction0$mcV$sp.java","lineNumber":12},{"declaringClass":"scala.util.Try$","methodName":"apply","fileName":"Try.scala","lineNumber":209},{"declaringClass":"com.reedoei.testrunner.execution.Executor$","methodName":"run","fileName":"Executor.scala","lineNumber":28},{"declaringClass":"com.reedoei.testrunner.execution.Executor$","methodName":"main","fileName":"Executor.scala","lineNumber":18},{"declaringClass":"com.reedoei.testrunner.execution.Executor","methodName":"main","fileName":"Executor.scala","lineNumber":-1}]},"com.github.kevinsawicki.http.HttpRequestTest.getToOutputBodyWithCharset":{"name":"com.github.kevinsawicki.http.HttpRequestTest.getToOutputBodyWithCharset","result":"PASS","time":0.018957387,"stackTrace":[]},"com.github.kevinsawicki.http.HttpRequestTest.sendIntHeaderWithoutCode":{"name":"com.github.kevinsawicki.http.HttpRequestTest.sendIntHeaderWithoutCode","result":"PASS","time":0.01724797,"stackTrace":[]},"com.github.kevinsawicki.http.HttpRequestTest.postEmpty":{"name":"com.github.kevinsawicki.http.HttpRequestTest.postEmpty","result":"PASS","time":0.02934471,"stackTrace":[]},"com.github.kevinsawicki.http.HttpRequestTest.getHeaders":{"name":"com.github.kevinsawicki.http.HttpRequestTest.getHeaders","result":"PASS","time":0.035748282,"stackTrace":[]},"com.github.kevinsawicki.http.HttpRequestTest.getEmptyParameter":{"name":"com.github.kevinsawicki.http.HttpRequestTest.getEmptyParameter","result":"PASS","time":0.009294649,"stackTrace":[]},"com.github.kevinsawicki.http.HttpRequestTest.postWithNumericQueryParams":{"name":"com.github.kevinsawicki.http.HttpRequestTest.postWithNumericQueryParams","result":"PASS","time":0.06439928,"stackTrace":[]},"com.github.kevinsawicki.http.HttpRequestTest.malformedStringUrlCause":{"name":"com.github.kevinsawicki.http.HttpRequestTest.malformedStringUrlCause","result":"PASS","time":0.00458813,"stackTrace":[]},"com.github.kevinsawicki.http.HttpRequestTest.headWithEscapedMappedQueryParams":{"name":"com.github.kevinsawicki.http.HttpRequestTest.headWithEscapedMappedQueryParams","result":"ERROR","time":0.012792618,"stackTrace":[{"declaringClass":"org.junit.Assert","methodName":"fail","fileName":"Assert.java","lineNumber":93},{"declaringClass":"org.junit.Assert","methodName":"failNotEquals","fileName":"Assert.java","lineNumber":647},{"declaringClass":"org.junit.Assert","methodName":"assertEquals","fileName":"Assert.java","lineNumber":128},{"declaringClass":"org.junit.Assert","methodName":"assertEquals","fileName":"Assert.java","lineNumber":147},{"declaringClass":"com.github.kevinsawicki.http.HttpRequestTest","methodName":"headWithEscapedMappedQueryParams","fileName":"HttpRequestTest.java","lineNumber":2998},{"declaringClass":"sun.reflect.NativeMethodAccessorImpl","methodName":"invoke0","fileName":"NativeMethodAccessorImpl.java","lineNumber":-2},{"declaringClass":"sun.reflect.NativeMethodAccessorImpl","methodName":"invoke","fileName":"NativeMethodAccessorImpl.java","lineNumber":62},{"declaringClass":"sun.reflect.DelegatingMethodAccessorImpl","methodName":"invoke","fileName":"DelegatingMethodAccessorImpl.java","lineNumber":43},{"declaringClass":"java.lang.reflect.Method","methodName":"invoke","fileName":"Method.java","lineNumber":498},{"declaringClass":"org.junit.runners.model.FrameworkMethod$1","methodName":"runReflectiveCall","fileName":"FrameworkMethod.java","lineNumber":45},{"declaringClass":"org.junit.internal.runners.model.ReflectiveCallable","methodName":"run","fileName":"ReflectiveCallable.java","lineNumber":15},{"declaringClass":"org.junit.runners.model.FrameworkMethod","methodName":"invokeExplosively","fileName":"FrameworkMethod.java","lineNumber":42},{"declaringClass":"org.junit.internal.runners.statements.InvokeMethod","methodName":"evaluate","fileName":"InvokeMethod.java","lineNumber":20},{"declaringClass":"org.junit.internal.runners.statements.RunBefores","methodName":"evaluate","fileName":"RunBefores.java","lineNumber":28},{"declaringClass":"org.junit.internal.runners.statements.RunAfters","methodName":"evaluate","fileName":"RunAfters.java","lineNumber":30},{"declaringClass":"com.reedoei.testrunner.execution.JUnitTestRunner","methodName":"runChild","fileName":"JUnitTestRunner.java","lineNumber":332},{"declaringClass":"com.reedoei.testrunner.execution.JUnitTestRunner","methodName":"run","fileName":"JUnitTestRunner.java","lineNumber":108},{"declaringClass":"org.junit.runner.JUnitCore","methodName":"run","fileName":"JUnitCore.java","lineNumber":157},{"declaringClass":"com.reedoei.testrunner.execution.JUnitTestExecutor","methodName":"execute","fileName":"JUnitTestExecutor.java","lineNumber":292},{"declaringClass":"com.reedoei.testrunner.execution.JUnitTestExecutor","methodName":"execute","fileName":"JUnitTestExecutor.java","lineNumber":328},{"declaringClass":"com.reedoei.testrunner.execution.JUnitTestExecutor","methodName":"executeWithJUnit4Runner","fileName":"JUnitTestExecutor.java","lineNumber":366},{"declaringClass":"com.reedoei.testrunner.execution.JUnitTestExecutor","methodName":"runOrder","fileName":"JUnitTestExecutor.java","lineNumber":47},{"declaringClass":"com.reedoei.testrunner.execution.Executor$","methodName":"$anonfun$run$1","fileName":"Executor.scala","lineNumber":30},{"declaringClass":"scala.runtime.java8.JFunction0$mcV$sp","methodName":"apply","fileName":"JFunction0$mcV$sp.java","lineNumber":12},{"declaringClass":"scala.util.Try$","methodName":"apply","fileName":"Try.scala","lineNumber":209},{"declaringClass":"com.reedoei.testrunner.execution.Executor$","methodName":"run","fileName":"Executor.scala","lineNumber":28},{"declaringClass":"com.reedoei.testrunner.execution.Executor$","methodName":"main","fileName":"Executor.scala","lineNumber":18},{"declaringClass":"com.reedoei.testrunner.execution.Executor","methodName":"main","fileName":"Executor.scala","lineNumber":-1}]},"com.github.kevinsawicki.http.HttpRequestTest.getEmptyHeaders":{"name":"com.github.kevinsawicki.http.HttpRequestTest.getEmptyHeaders","result":"PASS","time":0.012919948,"stackTrace":[]},"com.github.kevinsawicki.http.HttpRequestTest.appendMultipleMappedQueryParams":{"name":"com.github.kevinsawicki.http.HttpRequestTest.appendMultipleMappedQueryParams","result":"PASS","time":0.007471871,"stackTrace":[]},"com.github.kevinsawicki.http.HttpRequestTest.lastModifiedHeader":{"name":"com.github.kevinsawicki.http.HttpRequestTest.lastModifiedHeader","result":"PASS","time":0.010414284,"stackTrace":[]},"com.github.kevinsawicki.http.HttpRequestTest.optionsEmpty":{"name":"com.github.kevinsawicki.http.HttpRequestTest.optionsEmpty","result":"PASS","time":0.007687975,"stackTrace":[]},"com.github.kevinsawicki.http.HttpRequestTest.verifierAccepts":{"name":"com.github.kevinsawicki.http.HttpRequestTest.verifierAccepts","result":"ERROR","time":0.014910006,"stackTrace":[{"declaringClass":"com.github.kevinsawicki.http.HttpRequestTest","methodName":"verifierAccepts","fileName":"HttpRequestTest.java","lineNumber":1797},{"declaringClass":"sun.reflect.NativeMethodAccessorImpl","methodName":"invoke0","fileName":"NativeMethodAccessorImpl.java","lineNumber":-2},{"declaringClass":"sun.reflect.NativeMethodAccessorImpl","methodName":"invoke","fileName":"NativeMethodAccessorImpl.java","lineNumber":62},{"declaringClass":"sun.reflect.DelegatingMethodAccessorImpl","methodName":"invoke","fileName":"DelegatingMethodAccessorImpl.java","lineNumber":43},{"declaringClass":"java.lang.reflect.Method","methodName":"invoke","fileName":"Method.java","lineNumber":498},{"declaringClass":"org.junit.runners.model.FrameworkMethod$1","methodName":"runReflectiveCall","fileName":"FrameworkMethod.java","lineNumber":45},{"declaringClass":"org.junit.internal.runners.model.ReflectiveCallable","methodName":"run","fileName":"ReflectiveCallable.java","lineNumber":15},{"declaringClass":"org.junit.runners.model.FrameworkMethod","methodName":"invokeExplosively","fileName":"FrameworkMethod.java","lineNumber":42},{"declaringClass":"org.junit.internal.runners.statements.InvokeMethod","methodName":"evaluate","fileName":"InvokeMethod.java","lineNumber":20},{"declaringClass":"org.junit.internal.runners.statements.RunBefores","methodName":"evaluate","fileName":"RunBefores.java","lineNumber":28},{"declaringClass":"org.junit.internal.runners.statements.RunAfters","methodName":"evaluate","fileName":"RunAfters.java","lineNumber":30},{"declaringClass":"com.reedoei.testrunner.execution.JUnitTestRunner","methodName":"runChild","fileName":"JUnitTestRunner.java","lineNumber":332},{"declaringClass":"com.reedoei.testrunner.execution.JUnitTestRunner","methodName":"run","fileName":"JUnitTestRunner.java","lineNumber":108},{"declaringClass":"org.junit.runner.JUnitCore","methodName":"run","fileName":"JUnitCore.java","lineNumber":157},{"declaringClass":"com.reedoei.testrunner.execution.JUnitTestExecutor","methodName":"execute","fileName":"JUnitTestExecutor.java","lineNumber":292},{"declaringClass":"com.reedoei.testrunner.execution.JUnitTestExecutor","methodName":"execute","fileName":"JUnitTestExecutor.java","lineNumber":328},{"declaringClass":"com.reedoei.testrunner.execution.JUnitTestExecutor","methodName":"executeWithJUnit4Runner","fileName":"JUnitTestExecutor.java","lineNumber":366},{"declaringClass":"com.reedoei.testrunner.execution.JUnitTestExecutor","methodName":"runOrder","fileName":"JUnitTestExecutor.java","lineNumber":47},{"declaringClass":"com.reedoei.testrunner.execution.Executor$","methodName":"$anonfun$run$1","fileName":"Executor.scala","lineNumber":30},{"declaringClass":"scala.runtime.java8.JFunction0$mcV$sp","methodName":"apply","fileName":"JFunction0$mcV$sp.java","lineNumber":12},{"declaringClass":"scala.util.Try$","methodName":"apply","fileName":"Try.scala","lineNumber":209},{"declaringClass":"com.reedoei.testrunner.execution.Executor$","methodName":"run","fileName":"Executor.scala","lineNumber":28},{"declaringClass":"com.reedoei.testrunner.execution.Executor$","methodName":"main","fileName":"Executor.scala","lineNumber":18},{"declaringClass":"com.reedoei.testrunner.execution.Executor","methodName":"main","fileName":"Executor.scala","lineNumber":-1}]},"com.github.kevinsawicki.http.HttpRequestTest.headWithMappedQueryParams":{"name":"com.github.kevinsawicki.http.HttpRequestTest.headWithMappedQueryParams","result":"PASS","time":0.020097766,"stackTrace":[]},"com.github.kevinsawicki.http.HttpRequestTest.chunkPost":{"name":"com.github.kevinsawicki.http.HttpRequestTest.chunkPost","result":"PASS","time":0.035038785,"stackTrace":[]},"com.github.kevinsawicki.http.HttpRequestTest.basicAuthentication":{"name":"com.github.kevinsawicki.http.HttpRequestTest.basicAuthentication","result":"PASS","time":0.016018956,"stackTrace":[]},"com.github.kevinsawicki.http.HttpRequestTest.getBytes":{"name":"com.github.kevinsawicki.http.HttpRequestTest.getBytes","result":"PASS","time":0.011853745,"stackTrace":[]},"com.github.kevinsawicki.http.HttpRequestTest.sendWithWriter":{"name":"com.github.kevinsawicki.http.HttpRequestTest.sendWithWriter","result":"PASS","time":1.188100022,"stackTrace":[]},"com.github.kevinsawicki.http.HttpRequestTest.appendVarargsQueryParamsWithPath":{"name":"com.github.kevinsawicki.http.HttpRequestTest.appendVarargsQueryParamsWithPath","result":"PASS","time":0.004709453,"stackTrace":[]},"com.github.kevinsawicki.http.HttpRequestTest.getWithMappedQueryParams":{"name":"com.github.kevinsawicki.http.HttpRequestTest.getWithMappedQueryParams","result":"PASS","time":0.033433439,"stackTrace":[]},"com.github.kevinsawicki.http.HttpRequestTest.getWithEscapedMappedQueryParams":{"name":"com.github.kevinsawicki.http.HttpRequestTest.getWithEscapedMappedQueryParams","result":"ERROR","time":0.022618447,"stackTrace":[{"declaringClass":"org.junit.Assert","methodName":"fail","fileName":"Assert.java","lineNumber":93},{"declaringClass":"org.junit.Assert","methodName":"failNotEquals","fileName":"Assert.java","lineNumber":647},{"declaringClass":"org.junit.Assert","methodName":"assertEquals","fileName":"Assert.java","lineNumber":128},{"declaringClass":"org.junit.Assert","methodName":"assertEquals","fileName":"Assert.java","lineNumber":147},{"declaringClass":"com.github.kevinsawicki.http.HttpRequestTest","methodName":"getWithEscapedMappedQueryParams","fileName":"HttpRequestTest.java","lineNumber":2668},{"declaringClass":"sun.reflect.NativeMethodAccessorImpl","methodName":"invoke0","fileName":"NativeMethodAccessorImpl.java","lineNumber":-2},{"declaringClass":"sun.reflect.NativeMethodAccessorImpl","methodName":"invoke","fileName":"NativeMethodAccessorImpl.java","lineNumber":62},{"declaringClass":"sun.reflect.DelegatingMethodAccessorImpl","methodName":"invoke","fileName":"DelegatingMethodAccessorImpl.java","lineNumber":43},{"declaringClass":"java.lang.reflect.Method","methodName":"invoke","fileName":"Method.java","lineNumber":498},{"declaringClass":"org.junit.runners.model.FrameworkMethod$1","methodName":"runReflectiveCall","fileName":"FrameworkMethod.java","lineNumber":45},{"declaringClass":"org.junit.internal.runners.model.ReflectiveCallable","methodName":"run","fileName":"ReflectiveCallable.java","lineNumber":15},{"declaringClass":"org.junit.runners.model.FrameworkMethod","methodName":"invokeExplosively","fileName":"FrameworkMethod.java","lineNumber":42},{"declaringClass":"org.junit.internal.runners.statements.InvokeMethod","methodName":"evaluate","fileName":"InvokeMethod.java","lineNumber":20},{"declaringClass":"org.junit.internal.runners.statements.RunBefores","methodName":"evaluate","fileName":"RunBefores.java","lineNumber":28},{"declaringClass":"org.junit.internal.runners.statements.RunAfters","methodName":"evaluate","fileName":"RunAfters.java","lineNumber":30},{"declaringClass":"com.reedoei.testrunner.execution.JUnitTestRunner","methodName":"runChild","fileName":"JUnitTestRunner.java","lineNumber":332},{"declaringClass":"com.reedoei.testrunner.execution.JUnitTestRunner","methodName":"run","fileName":"JUnitTestRunner.java","lineNumber":108},{"declaringClass":"org.junit.runner.JUnitCore","methodName":"run","fileName":"JUnitCore.java","lineNumber":157},{"declaringClass":"com.reedoei.testrunner.execution.JUnitTestExecutor","methodName":"execute","fileName":"JUnitTestExecutor.java","lineNumber":292},{"declaringClass":"com.reedoei.testrunner.execution.JUnitTestExecutor","methodName":"execute","fileName":"JUnitTestExecutor.java","lineNumber":328},{"declaringClass":"com.reedoei.testrunner.execution.JUnitTestExecutor","methodName":"executeWithJUnit4Runner","fileName":"JUnitTestExecutor.java","lineNumber":366},{"declaringClass":"com.reedoei.testrunner.execution.JUnitTestExecutor","methodName":"runOrder","fileName":"JUnitTestExecutor.java","lineNumber":47},{"declaringClass":"com.reedoei.testrunner.execution.Executor$","methodName":"$anonfun$run$1","fileName":"Executor.scala","lineNumber":30},{"declaringClass":"scala.runtime.java8.JFunction0$mcV$sp","methodName":"apply","fileName":"JFunction0$mcV$sp.java","lineNumber":12},{"declaringClass":"scala.util.Try$","methodName":"apply","fileName":"Try.scala","lineNumber":209},{"declaringClass":"com.reedoei.testrunner.execution.Executor$","methodName":"run","fileName":"Executor.scala","lineNumber":28},{"declaringClass":"com.reedoei.testrunner.execution.Executor$","methodName":"main","fileName":"Executor.scala","lineNumber":18},{"declaringClass":"com.reedoei.testrunner.execution.Executor","methodName":"main","fileName":"Executor.scala","lineNumber":-1}]},"com.github.kevinsawicki.http.HttpRequestTest.eTagHeader":{"name":"com.github.kevinsawicki.http.HttpRequestTest.eTagHeader","result":"PASS","time":0.018382622,"stackTrace":[]},"com.github.kevinsawicki.http.HttpRequestTest.negativeBufferSize":{"name":"com.github.kevinsawicki.http.HttpRequestTest.negativeBufferSize","result":"PASS","time":0.007894022,"stackTrace":[]},"com.github.kevinsawicki.http.HttpRequestTest.getNonEmptyString":{"name":"com.github.kevinsawicki.http.HttpRequestTest.getNonEmptyString","result":"PASS","time":0.009699687,"stackTrace":[]},"com.github.kevinsawicki.http.HttpRequestTest.getUrlEncodedWithSpace":{"name":"com.github.kevinsawicki.http.HttpRequestTest.getUrlEncodedWithSpace","result":"FAILURE","time":0.017718314,"stackTrace":[{"declaringClass":"org.junit.Assert","methodName":"assertEquals","fileName":"Assert.java","lineNumber":125},{"declaringClass":"org.junit.Assert","methodName":"assertEquals","fileName":"Assert.java","lineNumber":147},{"declaringClass":"com.github.kevinsawicki.http.HttpRequestTest","methodName":"getUrlEncodedWithSpace","fileName":"HttpRequestTest.java","lineNumber":285},{"declaringClass":"sun.reflect.NativeMethodAccessorImpl","methodName":"invoke0","fileName":"NativeMethodAccessorImpl.java","lineNumber":-2},{"declaringClass":"sun.reflect.NativeMethodAccessorImpl","methodName":"invoke","fileName":"NativeMethodAccessorImpl.java","lineNumber":62},{"declaringClass":"sun.reflect.DelegatingMethodAccessorImpl","methodName":"invoke","fileName":"DelegatingMethodAccessorImpl.java","lineNumber":43},{"declaringClass":"java.lang.reflect.Method","methodName":"invoke","fileName":"Method.java","lineNumber":498},{"declaringClass":"org.junit.runners.model.FrameworkMethod$1","methodName":"runReflectiveCall","fileName":"FrameworkMethod.java","lineNumber":45},{"declaringClass":"org.junit.internal.runners.model.ReflectiveCallable","methodName":"run","fileName":"ReflectiveCallable.java","lineNumber":15},{"declaringClass":"org.junit.runners.model.FrameworkMethod","methodName":"invokeExplosively","fileName":"FrameworkMethod.java","lineNumber":42},{"declaringClass":"org.junit.internal.runners.statements.InvokeMethod","methodName":"evaluate","fileName":"InvokeMethod.java","lineNumber":20},{"declaringClass":"org.junit.internal.runners.statements.RunBefores","methodName":"evaluate","fileName":"RunBefores.java","lineNumber":28},{"declaringClass":"org.junit.internal.runners.statements.RunAfters","methodName":"evaluate","fileName":"RunAfters.java","lineNumber":30},{"declaringClass":"com.reedoei.testrunner.execution.JUnitTestRunner","methodName":"runChild","fileName":"JUnitTestRunner.java","lineNumber":332},{"declaringClass":"com.reedoei.testrunner.execution.JUnitTestRunner","methodName":"run","fileName":"JUnitTestRunner.java","lineNumber":108},{"declaringClass":"org.junit.runner.JUnitCore","methodName":"run","fileName":"JUnitCore.java","lineNumber":157},{"declaringClass":"com.reedoei.testrunner.execution.JUnitTestExecutor","methodName":"execute","fileName":"JUnitTestExecutor.java","lineNumber":292},{"declaringClass":"com.reedoei.testrunner.execution.JUnitTestExecutor","methodName":"execute","fileName":"JUnitTestExecutor.java","lineNumber":328},{"declaringClass":"com.reedoei.testrunner.execution.JUnitTestExecutor","methodName":"executeWithJUnit4Runner","fileName":"JUnitTestExecutor.java","lineNumber":366},{"declaringClass":"com.reedoei.testrunner.execution.JUnitTestExecutor","methodName":"runOrder","fileName":"JUnitTestExecutor.java","lineNumber":47},{"declaringClass":"com.reedoei.testrunner.execution.Executor$","methodName":"$anonfun$run$1","fileName":"Executor.scala","lineNumber":30},{"declaringClass":"scala.runtime.java8.JFunction0$mcV$sp","methodName":"apply","fileName":"JFunction0$mcV$sp.java","lineNumber":12},{"declaringClass":"scala.util.Try$","methodName":"apply","fileName":"Try.scala","lineNumber":209},{"declaringClass":"com.reedoei.testrunner.execution.Executor$","methodName":"run","fileName":"Executor.scala","lineNumber":28},{"declaringClass":"com.reedoei.testrunner.execution.Executor$","methodName":"main","fileName":"Executor.scala","lineNumber":18},{"declaringClass":"com.reedoei.testrunner.execution.Executor","methodName":"main","fileName":"Executor.scala","lineNumber":-1}]},"com.github.kevinsawicki.http.HttpRequestTest.getNonGzippedWithUncompressEnabled":{"name":"com.github.kevinsawicki.http.HttpRequestTest.getNonGzippedWithUncompressEnabled","result":"PASS","time":0.031183481,"stackTrace":[]},"com.github.kevinsawicki.http.HttpRequestTest.deleteWithEscapedVarargsQueryParams":{"name":"com.github.kevinsawicki.http.HttpRequestTest.deleteWithEscapedVarargsQueryParams","result":"ERROR","time":0.014374495,"stackTrace":[{"declaringClass":"org.junit.Assert","methodName":"fail","fileName":"Assert.java","lineNumber":93},{"declaringClass":"org.junit.Assert","methodName":"failNotEquals","fileName":"Assert.java","lineNumber":647},{"declaringClass":"org.junit.Assert","methodName":"assertEquals","fileName":"Assert.java","lineNumber":128},{"declaringClass":"org.junit.Assert","methodName":"assertEquals","fileName":"Assert.java","lineNumber":147},{"declaringClass":"com.github.kevinsawicki.http.HttpRequestTest","methodName":"deleteWithEscapedVarargsQueryParams","fileName":"HttpRequestTest.java","lineNumber":2804},{"declaringClass":"sun.reflect.NativeMethodAccessorImpl","methodName":"invoke0","fileName":"NativeMethodAccessorImpl.java","lineNumber":-2},{"declaringClass":"sun.reflect.NativeMethodAccessorImpl","methodName":"invoke","fileName":"NativeMethodAccessorImpl.java","lineNumber":62},{"declaringClass":"sun.reflect.DelegatingMethodAccessorImpl","methodName":"invoke","fileName":"DelegatingMethodAccessorImpl.java","lineNumber":43},{"declaringClass":"java.lang.reflect.Method","methodName":"invoke","fileName":"Method.java","lineNumber":498},{"declaringClass":"org.junit.runners.model.FrameworkMethod$1","methodName":"runReflectiveCall","fileName":"FrameworkMethod.java","lineNumber":45},{"declaringClass":"org.junit.internal.runners.model.ReflectiveCallable","methodName":"run","fileName":"ReflectiveCallable.java","lineNumber":15},{"declaringClass":"org.junit.runners.model.FrameworkMethod","methodName":"invokeExplosively","fileName":"FrameworkMethod.java","lineNumber":42},{"declaringClass":"org.junit.internal.runners.statements.InvokeMethod","methodName":"evaluate","fileName":"InvokeMethod.java","lineNumber":20},{"declaringClass":"org.junit.internal.runners.statements.RunBefores","methodName":"evaluate","fileName":"RunBefores.java","lineNumber":28},{"declaringClass":"org.junit.internal.runners.statements.RunAfters","methodName":"evaluate","fileName":"RunAfters.java","lineNumber":30},{"declaringClass":"com.reedoei.testrunner.execution.JUnitTestRunner","methodName":"runChild","fileName":"JUnitTestRunner.java","lineNumber":332},{"declaringClass":"com.reedoei.testrunner.execution.JUnitTestRunner","methodName":"run","fileName":"JUnitTestRunner.java","lineNumber":108},{"declaringClass":"org.junit.runner.JUnitCore","methodName":"run","fileName":"JUnitCore.java","lineNumber":157},{"declaringClass":"com.reedoei.testrunner.execution.JUnitTestExecutor","methodName":"execute","fileName":"JUnitTestExecutor.java","lineNumber":292},{"declaringClass":"com.reedoei.testrunner.execution.JUnitTestExecutor","methodName":"execute","fileName":"JUnitTestExecutor.java","lineNumber":328},{"declaringClass":"com.reedoei.testrunner.execution.JUnitTestExecutor","methodName":"executeWithJUnit4Runner","fileName":"JUnitTestExecutor.java","lineNumber":366},{"declaringClass":"com.reedoei.testrunner.execution.JUnitTestExecutor","methodName":"runOrder","fileName":"JUnitTestExecutor.java","lineNumber":47},{"declaringClass":"com.reedoei.testrunner.execution.Executor$","methodName":"$anonfun$run$1","fileName":"Executor.scala","lineNumber":30},{"declaringClass":"scala.runtime.java8.JFunction0$mcV$sp","methodName":"apply","fileName":"JFunction0$mcV$sp.java","lineNumber":12},{"declaringClass":"scala.util.Try$","methodName":"apply","fileName":"Try.scala","lineNumber":209},{"declaringClass":"com.reedoei.testrunner.execution.Executor$","methodName":"run","fileName":"Executor.scala","lineNumber":28},{"declaringClass":"com.reedoei.testrunner.execution.Executor$","methodName":"main","fileName":"Executor.scala","lineNumber":18},{"declaringClass":"com.reedoei.testrunner.execution.Executor","methodName":"main","fileName":"Executor.scala","lineNumber":-1}]},"com.github.kevinsawicki.http.HttpRequestTest.sendErrorCloseStream":{"name":"com.github.kevinsawicki.http.HttpRequestTest.sendErrorCloseStream","result":"PASS","time":0.014527808,"stackTrace":[]},"com.github.kevinsawicki.http.HttpRequestTest.getMultipleParameters":{"name":"com.github.kevinsawicki.http.HttpRequestTest.getMultipleParameters","result":"PASS","time":0.031849535,"stackTrace":[]},"com.github.kevinsawicki.http.HttpRequestTest.malformedIntHeader":{"name":"com.github.kevinsawicki.http.HttpRequestTest.malformedIntHeader","result":"PASS","time":0.014905467,"stackTrace":[]},"com.github.kevinsawicki.http.HttpRequestTest.acceptCharsetHeader":{"name":"com.github.kevinsawicki.http.HttpRequestTest.acceptCharsetHeader","result":"PASS","time":0.023720062,"stackTrace":[]},"com.github.kevinsawicki.http.HttpRequestTest.appendVarargsQueryParamsWithExistingQueryStart":{"name":"com.github.kevinsawicki.http.HttpRequestTest.appendVarargsQueryParamsWithExistingQueryStart","result":"PASS","time":0.003211531,"stackTrace":[]},"com.github.kevinsawicki.http.HttpRequestTest.getWithResponseCharset":{"name":"com.github.kevinsawicki.http.HttpRequestTest.getWithResponseCharset","result":"PASS","time":0.014746148,"stackTrace":[]},"com.github.kevinsawicki.http.HttpRequestTest.deleteWithEscapedMappedQueryParams":{"name":"com.github.kevinsawicki.http.HttpRequestTest.deleteWithEscapedMappedQueryParams","result":"PASS","time":0.020665965,"stackTrace":[]},"com.github.kevinsawicki.http.HttpRequestTest.getWithVarargsQueryParams":{"name":"com.github.kevinsawicki.http.HttpRequestTest.getWithVarargsQueryParams","result":"ERROR","time":0.01323251,"stackTrace":[{"declaringClass":"org.junit.Assert","methodName":"fail","fileName":"Assert.java","lineNumber":93},{"declaringClass":"org.junit.Assert","methodName":"failNotEquals","fileName":"Assert.java","lineNumber":647},{"declaringClass":"org.junit.Assert","methodName":"assertEquals","fileName":"Assert.java","lineNumber":128},{"declaringClass":"org.junit.Assert","methodName":"assertEquals","fileName":"Assert.java","lineNumber":147},{"declaringClass":"com.github.kevinsawicki.http.HttpRequestTest","methodName":"getWithVarargsQueryParams","fileName":"HttpRequestTest.java","lineNumber":2639},{"declaringClass":"sun.reflect.NativeMethodAccessorImpl","methodName":"invoke0","fileName":"NativeMethodAccessorImpl.java","lineNumber":-2},{"declaringClass":"sun.reflect.NativeMethodAccessorImpl","methodName":"invoke","fileName":"NativeMethodAccessorImpl.java","lineNumber":62},{"declaringClass":"sun.reflect.DelegatingMethodAccessorImpl","methodName":"invoke","fileName":"DelegatingMethodAccessorImpl.java","lineNumber":43},{"declaringClass":"java.lang.reflect.Method","methodName":"invoke","fileName":"Method.java","lineNumber":498},{"declaringClass":"org.junit.runners.model.FrameworkMethod$1","methodName":"runReflectiveCall","fileName":"FrameworkMethod.java","lineNumber":45},{"declaringClass":"org.junit.internal.runners.model.ReflectiveCallable","methodName":"run","fileName":"ReflectiveCallable.java","lineNumber":15},{"declaringClass":"org.junit.runners.model.FrameworkMethod","methodName":"invokeExplosively","fileName":"FrameworkMethod.java","lineNumber":42},{"declaringClass":"org.junit.internal.runners.statements.InvokeMethod","methodName":"evaluate","fileName":"InvokeMethod.java","lineNumber":20},{"declaringClass":"org.junit.internal.runners.statements.RunBefores","methodName":"evaluate","fileName":"RunBefores.java","lineNumber":28},{"declaringClass":"org.junit.internal.runners.statements.RunAfters","methodName":"evaluate","fileName":"RunAfters.java","lineNumber":30},{"declaringClass":"com.reedoei.testrunner.execution.JUnitTestRunner","methodName":"runChild","fileName":"JUnitTestRunner.java","lineNumber":332},{"declaringClass":"com.reedoei.testrunner.execution.JUnitTestRunner","methodName":"run","fileName":"JUnitTestRunner.java","lineNumber":108},{"declaringClass":"org.junit.runner.JUnitCore","methodName":"run","fileName":"JUnitCore.java","lineNumber":157},{"declaringClass":"com.reedoei.testrunner.execution.JUnitTestExecutor","methodName":"execute","fileName":"JUnitTestExecutor.java","lineNumber":292},{"declaringClass":"com.reedoei.testrunner.execution.JUnitTestExecutor","methodName":"execute","fileName":"JUnitTestExecutor.java","lineNumber":328},{"declaringClass":"com.reedoei.testrunner.execution.JUnitTestExecutor","methodName":"executeWithJUnit4Runner","fileName":"JUnitTestExecutor.java","lineNumber":366},{"declaringClass":"com.reedoei.testrunner.execution.JUnitTestExecutor","methodName":"runOrder","fileName":"JUnitTestExecutor.java","lineNumber":47},{"declaringClass":"com.reedoei.testrunner.execution.Executor$","methodName":"$anonfun$run$1","fileName":"Executor.scala","lineNumber":30},{"declaringClass":"scala.runtime.java8.JFunction0$mcV$sp","methodName":"apply","fileName":"JFunction0$mcV$sp.java","lineNumber":12},{"declaringClass":"scala.util.Try$","methodName":"apply","fileName":"Try.scala","lineNumber":209},{"declaringClass":"com.reedoei.testrunner.execution.Executor$","methodName":"run","fileName":"Executor.scala","lineNumber":28},{"declaringClass":"com.reedoei.testrunner.execution.Executor$","methodName":"main","fileName":"Executor.scala","lineNumber":18},{"declaringClass":"com.reedoei.testrunner.execution.Executor","methodName":"main","fileName":"Executor.scala","lineNumber":-1}]},"com.github.kevinsawicki.http.HttpRequestTest.appendNullVaragsQueryParams":{"name":"com.github.kevinsawicki.http.HttpRequestTest.appendNullVaragsQueryParams","result":"PASS","time":0.00430148,"stackTrace":[]},"com.github.kevinsawicki.http.HttpRequestTest.optionsUrlEmpty":{"name":"com.github.kevinsawicki.http.HttpRequestTest.optionsUrlEmpty","result":"PASS","time":0.025319821,"stackTrace":[]},"com.github.kevinsawicki.http.HttpRequestTest.numberHeader":{"name":"com.github.kevinsawicki.http.HttpRequestTest.numberHeader","result":"PASS","time":0.031016968,"stackTrace":[]},"com.github.kevinsawicki.http.HttpRequestTest.getToOutputCode":{"name":"com.github.kevinsawicki.http.HttpRequestTest.getToOutputCode","result":"PASS","time":0.016826727,"stackTrace":[]},"com.github.kevinsawicki.http.HttpRequestTest.postForm":{"name":"com.github.kevinsawicki.http.HttpRequestTest.postForm","result":"PASS","time":0.015133165,"stackTrace":[]},"com.github.kevinsawicki.http.HttpRequestTest.sendDateHeaderWithoutCode":{"name":"com.github.kevinsawicki.http.HttpRequestTest.sendDateHeaderWithoutCode","result":"PASS","time":0.016188263,"stackTrace":[]},"com.github.kevinsawicki.http.HttpRequestTest.postNonEmptyString":{"name":"com.github.kevinsawicki.http.HttpRequestTest.postNonEmptyString","result":"PASS","time":0.014598982,"stackTrace":[]},"com.github.kevinsawicki.http.HttpRequestTest.traceUrlEmpty":{"name":"com.github.kevinsawicki.http.HttpRequestTest.traceUrlEmpty","result":"PASS","time":0.027785741,"stackTrace":[]},"com.github.kevinsawicki.http.HttpRequestTest.ifNoneMatchHeader":{"name":"com.github.kevinsawicki.http.HttpRequestTest.ifNoneMatchHeader","result":"PASS","time":0.00986627,"stackTrace":[]},"com.github.kevinsawicki.http.HttpRequestTest.httpTrust":{"name":"com.github.kevinsawicki.http.HttpRequestTest.httpTrust","result":"PASS","time":0.001760195,"stackTrace":[]},"com.github.kevinsawicki.http.HttpRequestTest.cacheControlHeader":{"name":"com.github.kevinsawicki.http.HttpRequestTest.cacheControlHeader","result":"PASS","time":0.019607935,"stackTrace":[]},"com.github.kevinsawicki.http.HttpRequestTest.appendEmptyVarargsQueryParams":{"name":"com.github.kevinsawicki.http.HttpRequestTest.appendEmptyVarargsQueryParams","result":"PASS","time":0.004086144,"stackTrace":[]},"com.github.kevinsawicki.http.HttpRequestTest.headEmpty":{"name":"com.github.kevinsawicki.http.HttpRequestTest.headEmpty","result":"PASS","time":0.016108288,"stackTrace":[]},"com.github.kevinsawicki.http.HttpRequestTest.nullConnectionFactory":{"name":"com.github.kevinsawicki.http.HttpRequestTest.nullConnectionFactory","result":"PASS","time":0.015413249,"stackTrace":[]},"com.github.kevinsawicki.http.HttpRequestTest.uploadProgressSendByteArray":{"name":"com.github.kevinsawicki.http.HttpRequestTest.uploadProgressSendByteArray","result":"PASS","time":0.054753165,"stackTrace":[]},"com.github.kevinsawicki.http.HttpRequestTest.badRequestCode":{"name":"com.github.kevinsawicki.http.HttpRequestTest.badRequestCode","result":"PASS","time":0.031494717,"stackTrace":[]},"com.github.kevinsawicki.http.HttpRequestTest.bodyOfNonEmptyErrorResponse":{"name":"com.github.kevinsawicki.http.HttpRequestTest.bodyOfNonEmptyErrorResponse","result":"PASS","time":0.019020108,"stackTrace":[]},"com.github.kevinsawicki.http.HttpRequestTest.malformedStringUrl":{"name":"com.github.kevinsawicki.http.HttpRequestTest.malformedStringUrl","result":"PASS","time":0.003634659,"stackTrace":[]},"com.github.kevinsawicki.http.HttpRequestTest.acceptJson":{"name":"com.github.kevinsawicki.http.HttpRequestTest.acceptJson","result":"PASS","time":0.018749594,"stackTrace":[]},"com.github.kevinsawicki.http.HttpRequestTest.postFormAsEntries":{"name":"com.github.kevinsawicki.http.HttpRequestTest.postFormAsEntries","result":"PASS","time":0.021561394,"stackTrace":[]},"com.github.kevinsawicki.http.HttpRequestTest.getParameters":{"name":"com.github.kevinsawicki.http.HttpRequestTest.getParameters","result":"PASS","time":0.026261417,"stackTrace":[]},"com.github.kevinsawicki.http.HttpRequestTest.appendWithVarargsQueryParamsWithExistingParams":{"name":"com.github.kevinsawicki.http.HttpRequestTest.appendWithVarargsQueryParamsWithExistingParams","result":"PASS","time":0.009986406,"stackTrace":[]},"com.github.kevinsawicki.http.HttpRequestTest.streamOfEmptyOkResponse":{"name":"com.github.kevinsawicki.http.HttpRequestTest.streamOfEmptyOkResponse","result":"PASS","time":0.011798706,"stackTrace":[]},"com.github.kevinsawicki.http.HttpRequestTest.getNoContent":{"name":"com.github.kevinsawicki.http.HttpRequestTest.getNoContent","result":"PASS","time":0.023556133,"stackTrace":[]},"com.github.kevinsawicki.http.HttpRequestTest.appendArrayQueryParams":{"name":"com.github.kevinsawicki.http.HttpRequestTest.appendArrayQueryParams","result":"PASS","time":0.004958664,"stackTrace":[]},"com.github.kevinsawicki.http.HttpRequestTest.emptyHeaders":{"name":"com.github.kevinsawicki.http.HttpRequestTest.emptyHeaders","result":"PASS","time":0.041898594,"stackTrace":[]},"com.github.kevinsawicki.http.HttpRequestTest.uploadProgressSendReader":{"name":"com.github.kevinsawicki.http.HttpRequestTest.uploadProgressSendReader","result":"PASS","time":0.089809201,"stackTrace":[]},"com.github.kevinsawicki.http.HttpRequestTest.getEmpty":{"name":"com.github.kevinsawicki.http.HttpRequestTest.getEmpty","result":"PASS","time":0.039186394,"stackTrace":[]},"com.github.kevinsawicki.http.HttpRequestTest.putWithEscapedVarargsQueryParams":{"name":"com.github.kevinsawicki.http.HttpRequestTest.putWithEscapedVarargsQueryParams","result":"ERROR","time":0.024138092,"stackTrace":[{"declaringClass":"org.junit.Assert","methodName":"fail","fileName":"Assert.java","lineNumber":93},{"declaringClass":"org.junit.Assert","methodName":"failNotEquals","fileName":"Assert.java","lineNumber":647},{"declaringClass":"org.junit.Assert","methodName":"assertEquals","fileName":"Assert.java","lineNumber":128},{"declaringClass":"org.junit.Assert","methodName":"assertEquals","fileName":"Assert.java","lineNumber":147},{"declaringClass":"com.github.kevinsawicki.http.HttpRequestTest","methodName":"putWithEscapedVarargsQueryParams","fileName":"HttpRequestTest.java","lineNumber":2914},{"declaringClass":"sun.reflect.NativeMethodAccessorImpl","methodName":"invoke0","fileName":"NativeMethodAccessorImpl.java","lineNumber":-2},{"declaringClass":"sun.reflect.NativeMethodAccessorImpl","methodName":"invoke","fileName":"NativeMethodAccessorImpl.java","lineNumber":62},{"declaringClass":"sun.reflect.DelegatingMethodAccessorImpl","methodName":"invoke","fileName":"DelegatingMethodAccessorImpl.java","lineNumber":43},{"declaringClass":"java.lang.reflect.Method","methodName":"invoke","fileName":"Method.java","lineNumber":498},{"declaringClass":"org.junit.runners.model.FrameworkMethod$1","methodName":"runReflectiveCall","fileName":"FrameworkMethod.java","lineNumber":45},{"declaringClass":"org.junit.internal.runners.model.ReflectiveCallable","methodName":"run","fileName":"ReflectiveCallable.java","lineNumber":15},{"declaringClass":"org.junit.runners.model.FrameworkMethod","methodName":"invokeExplosively","fileName":"FrameworkMethod.java","lineNumber":42},{"declaringClass":"org.junit.internal.runners.statements.InvokeMethod","methodName":"evaluate","fileName":"InvokeMethod.java","lineNumber":20},{"declaringClass":"org.junit.internal.runners.statements.RunBefores","methodName":"evaluate","fileName":"RunBefores.java","lineNumber":28},{"declaringClass":"org.junit.internal.runners.statements.RunAfters","methodName":"evaluate","fileName":"RunAfters.java","lineNumber":30},{"declaringClass":"com.reedoei.testrunner.execution.JUnitTestRunner","methodName":"runChild","fileName":"JUnitTestRunner.java","lineNumber":332},{"declaringClass":"com.reedoei.testrunner.execution.JUnitTestRunner","methodName":"run","fileName":"JUnitTestRunner.java","lineNumber":108},{"declaringClass":"org.junit.runner.JUnitCore","methodName":"run","fileName":"JUnitCore.java","lineNumber":157},{"declaringClass":"com.reedoei.testrunner.execution.JUnitTestExecutor","methodName":"execute","fileName":"JUnitTestExecutor.java","lineNumber":292},{"declaringClass":"com.reedoei.testrunner.execution.JUnitTestExecutor","methodName":"execute","fileName":"JUnitTestExecutor.java","lineNumber":328},{"declaringClass":"com.reedoei.testrunner.execution.JUnitTestExecutor","methodName":"executeWithJUnit4Runner","fileName":"JUnitTestExecutor.java","lineNumber":366},{"declaringClass":"com.reedoei.testrunner.execution.JUnitTestExecutor","methodName":"runOrder","fileName":"JUnitTestExecutor.java","lineNumber":47},{"declaringClass":"com.reedoei.testrunner.execution.Executor$","methodName":"$anonfun$run$1","fileName":"Executor.scala","lineNumber":30},{"declaringClass":"scala.runtime.java8.JFunction0$mcV$sp","methodName":"apply","fileName":"JFunction0$mcV$sp.java","lineNumber":12},{"declaringClass":"scala.util.Try$","methodName":"apply","fileName":"Try.scala","lineNumber":209},{"declaringClass":"com.reedoei.testrunner.execution.Executor$","methodName":"run","fileName":"Executor.scala","lineNumber":28},{"declaringClass":"com.reedoei.testrunner.execution.Executor$","methodName":"main","fileName":"Executor.scala","lineNumber":18},{"declaringClass":"com.reedoei.testrunner.execution.Executor","methodName":"main","fileName":"Executor.scala","lineNumber":-1}]},"com.github.kevinsawicki.http.HttpRequestTest.getReaderWithCharset":{"name":"com.github.kevinsawicki.http.HttpRequestTest.getReaderWithCharset","result":"PASS","time":0.027783925,"stackTrace":[]},"com.github.kevinsawicki.http.HttpRequestTest.getGzipped":{"name":"com.github.kevinsawicki.http.HttpRequestTest.getGzipped","result":"PASS","time":0.075935643,"stackTrace":[]},"com.github.kevinsawicki.http.HttpRequestTest.sendReceiveWithoutCode":{"name":"com.github.kevinsawicki.http.HttpRequestTest.sendReceiveWithoutCode","result":"PASS","time":0.026704173,"stackTrace":[]},"com.github.kevinsawicki.http.HttpRequestTest.appendVarargsQueryParmasWithNoPath":{"name":"com.github.kevinsawicki.http.HttpRequestTest.appendVarargsQueryParmasWithNoPath","result":"PASS","time":0.01022947,"stackTrace":[]},"com.github.kevinsawicki.http.HttpRequestTest.putWithVarargsQueryParams":{"name":"com.github.kevinsawicki.http.HttpRequestTest.putWithVarargsQueryParams","result":"PASS","time":0.038648229,"stackTrace":[]},"com.github.kevinsawicki.http.HttpRequestTest.postWithEscapedVarargsQueryParams":{"name":"com.github.kevinsawicki.http.HttpRequestTest.postWithEscapedVarargsQueryParams","result":"PASS","time":0.020105449,"stackTrace":[]},"com.github.kevinsawicki.http.HttpRequestTest.userAgentHeader":{"name":"com.github.kevinsawicki.http.HttpRequestTest.userAgentHeader","result":"PASS","time":0.011158356,"stackTrace":[]},"com.github.kevinsawicki.http.HttpRequestTest.sendHeadersWithoutCode":{"name":"com.github.kevinsawicki.http.HttpRequestTest.sendHeadersWithoutCode","result":"PASS","time":0.01194678,"stackTrace":[]},"com.github.kevinsawicki.http.HttpRequestTest.appendMappedQueryParamsWithExistingParams":{"name":"com.github.kevinsawicki.http.HttpRequestTest.appendMappedQueryParamsWithExistingParams","result":"PASS","time":0.005311736,"stackTrace":[]},"com.github.kevinsawicki.http.HttpRequestTest.basicProxyAuthentication":{"name":"com.github.kevinsawicki.http.HttpRequestTest.basicProxyAuthentication","result":"ERROR","time":0.012497867,"stackTrace":[{"declaringClass":"com.github.kevinsawicki.http.HttpRequest","methodName":"createConnection","fileName":"HttpRequest.java","lineNumber":1507},{"declaringClass":"com.github.kevinsawicki.http.HttpRequest","methodName":"getConnection","fileName":"HttpRequest.java","lineNumber":1523},{"declaringClass":"com.github.kevinsawicki.http.HttpRequest","methodName":"header","fileName":"HttpRequest.java","lineNumber":2066},{"declaringClass":"com.github.kevinsawicki.http.HttpRequest","methodName":"proxyAuthorization","fileName":"HttpRequest.java","lineNumber":2472},{"declaringClass":"com.github.kevinsawicki.http.HttpRequest","methodName":"proxyBasic","fileName":"HttpRequest.java","lineNumber":2496},{"declaringClass":"com.github.kevinsawicki.http.HttpRequestTest","methodName":"basicProxyAuthentication","fileName":"HttpRequestTest.java","lineNumber":975},{"declaringClass":"sun.reflect.NativeMethodAccessorImpl","methodName":"invoke0","fileName":"NativeMethodAccessorImpl.java","lineNumber":-2},{"declaringClass":"sun.reflect.NativeMethodAccessorImpl","methodName":"invoke","fileName":"NativeMethodAccessorImpl.java","lineNumber":62},{"declaringClass":"sun.reflect.DelegatingMethodAccessorImpl","methodName":"invoke","fileName":"DelegatingMethodAccessorImpl.java","lineNumber":43},{"declaringClass":"java.lang.reflect.Method","methodName":"invoke","fileName":"Method.java","lineNumber":498},{"declaringClass":"org.junit.runners.model.FrameworkMethod$1","methodName":"runReflectiveCall","fileName":"FrameworkMethod.java","lineNumber":45},{"declaringClass":"org.junit.internal.runners.model.ReflectiveCallable","methodName":"run","fileName":"ReflectiveCallable.java","lineNumber":15},{"declaringClass":"org.junit.runners.model.FrameworkMethod","methodName":"invokeExplosively","fileName":"FrameworkMethod.java","lineNumber":42},{"declaringClass":"org.junit.internal.runners.statements.InvokeMethod","methodName":"evaluate","fileName":"InvokeMethod.java","lineNumber":20},{"declaringClass":"org.junit.internal.runners.statements.RunBefores","methodName":"evaluate","fileName":"RunBefores.java","lineNumber":28},{"declaringClass":"org.junit.internal.runners.statements.RunAfters","methodName":"evaluate","fileName":"RunAfters.java","lineNumber":30},{"declaringClass":"com.reedoei.testrunner.execution.JUnitTestRunner","methodName":"runChild","fileName":"JUnitTestRunner.java","lineNumber":332},{"declaringClass":"com.reedoei.testrunner.execution.JUnitTestRunner","methodName":"run","fileName":"JUnitTestRunner.java","lineNumber":108},{"declaringClass":"org.junit.runner.JUnitCore","methodName":"run","fileName":"JUnitCore.java","lineNumber":157},{"declaringClass":"com.reedoei.testrunner.execution.JUnitTestExecutor","methodName":"execute","fileName":"JUnitTestExecutor.java","lineNumber":292},{"declaringClass":"com.reedoei.testrunner.execution.JUnitTestExecutor","methodName":"execute","fileName":"JUnitTestExecutor.java","lineNumber":328},{"declaringClass":"com.reedoei.testrunner.execution.JUnitTestExecutor","methodName":"executeWithJUnit4Runner","fileName":"JUnitTestExecutor.java","lineNumber":366},{"declaringClass":"com.reedoei.testrunner.execution.JUnitTestExecutor","methodName":"runOrder","fileName":"JUnitTestExecutor.java","lineNumber":47},{"declaringClass":"com.reedoei.testrunner.execution.Executor$","methodName":"$anonfun$run$1","fileName":"Executor.scala","lineNumber":30},{"declaringClass":"scala.runtime.java8.JFunction0$mcV$sp","methodName":"apply","fileName":"JFunction0$mcV$sp.java","lineNumber":12},{"declaringClass":"scala.util.Try$","methodName":"apply","fileName":"Try.scala","lineNumber":209},{"declaringClass":"com.reedoei.testrunner.execution.Executor$","methodName":"run","fileName":"Executor.scala","lineNumber":28},{"declaringClass":"com.reedoei.testrunner.execution.Executor$","methodName":"main","fileName":"Executor.scala","lineNumber":18},{"declaringClass":"com.reedoei.testrunner.execution.Executor","methodName":"main","fileName":"Executor.scala","lineNumber":-1}]},"com.github.kevinsawicki.http.HttpRequestTest.singleVerifier":{"name":"com.github.kevinsawicki.http.HttpRequestTest.singleVerifier","result":"PASS","time":0.016630041,"stackTrace":[]},"com.github.kevinsawicki.http.HttpRequestTest.expiresHeader":{"name":"com.github.kevinsawicki.http.HttpRequestTest.expiresHeader","result":"PASS","time":0.022475611,"stackTrace":[]},"com.github.kevinsawicki.http.HttpRequestTest.postNonEmptyReader":{"name":"com.github.kevinsawicki.http.HttpRequestTest.postNonEmptyReader","result":"PASS","time":0.034378388,"stackTrace":[]},"com.github.kevinsawicki.http.HttpRequestTest.receiveFile":{"name":"com.github.kevinsawicki.http.HttpRequestTest.receiveFile","result":"PASS","time":0.013070117,"stackTrace":[]},"com.github.kevinsawicki.http.HttpRequestTest.getQuotedParameters":{"name":"com.github.kevinsawicki.http.HttpRequestTest.getQuotedParameters","result":"PASS","time":0.027618739,"stackTrace":[]},"com.github.kevinsawicki.http.HttpRequestTest.sendErrorReadStream":{"name":"com.github.kevinsawicki.http.HttpRequestTest.sendErrorReadStream","result":"PASS","time":0.014386229,"stackTrace":[]},"com.github.kevinsawicki.http.HttpRequestTest.requestContentTypeEmptyCharset":{"name":"com.github.kevinsawicki.http.HttpRequestTest.requestContentTypeEmptyCharset","result":"PASS","time":0.017006022,"stackTrace":[]},"com.github.kevinsawicki.http.HttpRequestTest.notModifiedCode":{"name":"com.github.kevinsawicki.http.HttpRequestTest.notModifiedCode","result":"PASS","time":0.03130711,"stackTrace":[]},"com.github.kevinsawicki.http.HttpRequestTest.getMissingParameter":{"name":"com.github.kevinsawicki.http.HttpRequestTest.getMissingParameter","result":"PASS","time":0.016087894,"stackTrace":[]},"com.github.kevinsawicki.http.HttpRequestTest.dateHeader":{"name":"com.github.kevinsawicki.http.HttpRequestTest.dateHeader","result":"PASS","time":0.015672728,"stackTrace":[]},"com.github.kevinsawicki.http.HttpRequestTest.getToOutputBody":{"name":"com.github.kevinsawicki.http.HttpRequestTest.getToOutputBody","result":"PASS","time":0.026328889,"stackTrace":[]},"com.github.kevinsawicki.http.HttpRequestTest.acceptHeader":{"name":"com.github.kevinsawicki.http.HttpRequestTest.acceptHeader","result":"PASS","time":0.011310131,"stackTrace":[]},"com.github.kevinsawicki.http.HttpRequestTest.singleSslSocketFactory":{"name":"com.github.kevinsawicki.http.HttpRequestTest.singleSslSocketFactory","result":"PASS","time":1.853890292,"stackTrace":[]},"com.github.kevinsawicki.http.HttpRequestTest.getMixQuotedParameters":{"name":"com.github.kevinsawicki.http.HttpRequestTest.getMixQuotedParameters","result":"PASS","time":0.013201218,"stackTrace":[]},"com.github.kevinsawicki.http.HttpRequestTest.putUrlEmpty":{"name":"com.github.kevinsawicki.http.HttpRequestTest.putUrlEmpty","result":"PASS","time":0.035875054,"stackTrace":[]},"com.github.kevinsawicki.http.HttpRequestTest.postWithEscapedMappedQueryParams":{"name":"com.github.kevinsawicki.http.HttpRequestTest.postWithEscapedMappedQueryParams","result":"ERROR","time":0.031805113,"stackTrace":[{"declaringClass":"org.junit.Assert","methodName":"fail","fileName":"Assert.java","lineNumber":93},{"declaringClass":"org.junit.Assert","methodName":"failNotEquals","fileName":"Assert.java","lineNumber":647},{"declaringClass":"org.junit.Assert","methodName":"assertEquals","fileName":"Assert.java","lineNumber":128},{"declaringClass":"org.junit.Assert","methodName":"assertEquals","fileName":"Assert.java","lineNumber":147},{"declaringClass":"com.github.kevinsawicki.http.HttpRequestTest","methodName":"postWithEscapedMappedQueryParams","fileName":"HttpRequestTest.java","lineNumber":2529},{"declaringClass":"sun.reflect.NativeMethodAccessorImpl","methodName":"invoke0","fileName":"NativeMethodAccessorImpl.java","lineNumber":-2},{"declaringClass":"sun.reflect.NativeMethodAccessorImpl","methodName":"invoke","fileName":"NativeMethodAccessorImpl.java","lineNumber":62},{"declaringClass":"sun.reflect.DelegatingMethodAccessorImpl","methodName":"invoke","fileName":"DelegatingMethodAccessorImpl.java","lineNumber":43},{"declaringClass":"java.lang.reflect.Method","methodName":"invoke","fileName":"Method.java","lineNumber":498},{"declaringClass":"org.junit.runners.model.FrameworkMethod$1","methodName":"runReflectiveCall","fileName":"FrameworkMethod.java","lineNumber":45},{"declaringClass":"org.junit.internal.runners.model.ReflectiveCallable","methodName":"run","fileName":"ReflectiveCallable.java","lineNumber":15},{"declaringClass":"org.junit.runners.model.FrameworkMethod","methodName":"invokeExplosively","fileName":"FrameworkMethod.java","lineNumber":42},{"declaringClass":"org.junit.internal.runners.statements.InvokeMethod","methodName":"evaluate","fileName":"InvokeMethod.java","lineNumber":20},{"declaringClass":"org.junit.internal.runners.statements.RunBefores","methodName":"evaluate","fileName":"RunBefores.java","lineNumber":28},{"declaringClass":"org.junit.internal.runners.statements.RunAfters","methodName":"evaluate","fileName":"RunAfters.java","lineNumber":30},{"declaringClass":"com.reedoei.testrunner.execution.JUnitTestRunner","methodName":"runChild","fileName":"JUnitTestRunner.java","lineNumber":332},{"declaringClass":"com.reedoei.testrunner.execution.JUnitTestRunner","methodName":"run","fileName":"JUnitTestRunner.java","lineNumber":108},{"declaringClass":"org.junit.runner.JUnitCore","methodName":"run","fileName":"JUnitCore.java","lineNumber":157},{"declaringClass":"com.reedoei.testrunner.execution.JUnitTestExecutor","methodName":"execute","fileName":"JUnitTestExecutor.java","lineNumber":292},{"declaringClass":"com.reedoei.testrunner.execution.JUnitTestExecutor","methodName":"execute","fileName":"JUnitTestExecutor.java","lineNumber":328},{"declaringClass":"com.reedoei.testrunner.execution.JUnitTestExecutor","methodName":"executeWithJUnit4Runner","fileName":"JUnitTestExecutor.java","lineNumber":366},{"declaringClass":"com.reedoei.testrunner.execution.JUnitTestExecutor","methodName":"runOrder","fileName":"JUnitTestExecutor.java","lineNumber":47},{"declaringClass":"com.reedoei.testrunner.execution.Executor$","methodName":"$anonfun$run$1","fileName":"Executor.scala","lineNumber":30},{"declaringClass":"scala.runtime.java8.JFunction0$mcV$sp","methodName":"apply","fileName":"JFunction0$mcV$sp.java","lineNumber":12},{"declaringClass":"scala.util.Try$","methodName":"apply","fileName":"Try.scala","lineNumber":209},{"declaringClass":"com.reedoei.testrunner.execution.Executor$","methodName":"run","fileName":"Executor.scala","lineNumber":28},{"declaringClass":"com.reedoei.testrunner.execution.Executor$","methodName":"main","fileName":"Executor.scala","lineNumber":18},{"declaringClass":"com.reedoei.testrunner.execution.Executor","methodName":"main","fileName":"Executor.scala","lineNumber":-1}]},"com.github.kevinsawicki.http.HttpRequestTest.getReader":{"name":"com.github.kevinsawicki.http.HttpRequestTest.getReader","result":"PASS","time":0.016940507,"stackTrace":[]},"com.github.kevinsawicki.http.HttpRequestTest.postWithMappedQueryParams":{"name":"com.github.kevinsawicki.http.HttpRequestTest.postWithMappedQueryParams","result":"PASS","time":0.019297049,"stackTrace":[]},"com.github.kevinsawicki.http.HttpRequestTest.missingDateHeader":{"name":"com.github.kevinsawicki.http.HttpRequestTest.missingDateHeader","result":"PASS","time":0.006443456,"stackTrace":[]},"com.github.kevinsawicki.http.HttpRequestTest.appendOddNumberOfParams":{"name":"com.github.kevinsawicki.http.HttpRequestTest.appendOddNumberOfParams","result":"PASS","time":0.003062897,"stackTrace":[]},"com.github.kevinsawicki.http.HttpRequestTest.postUrlEmpty":{"name":"com.github.kevinsawicki.http.HttpRequestTest.postUrlEmpty","result":"PASS","time":0.017395555,"stackTrace":[]}},"diffs":{}},"expected":"ERROR","dependentTest":"com.github.kevinsawicki.http.HttpRequestTest.headWithVaragsQueryParams","polluters":[{"time":{"startTime":1574122845162,"endTime":1574122845162,"elapsedSeconds":0.0},"index":0,"deps":["com.github.kevinsawicki.http.HttpRequestTest.customConnectionFactory"],"cleanerData":{"dependentTest":"com.github.kevinsawicki.http.HttpRequestTest.headWithVaragsQueryParams","time":{"addTime":{"startTime":1574122845219,"endTime":1574122905546,"elapsedSeconds":60.32799959182739},"totalTime":{"startTime":1574122845219,"endTime":1574124780705,"elapsedSeconds":1935.4859998226166}},"expected":"ERROR","isolationResult":"PASS","cleaners":[{"dependentTest":"com.github.kevinsawicki.http.HttpRequestTest.headWithVaragsQueryParams","originalSize":129,"cleanerTests":["com.github.kevinsawicki.http.HttpRequestTest.nullConnectionFactory"],"orderFound":0,"time":{"addTime":{"startTime":1574122845219,"endTime":1574122905546,"elapsedSeconds":60.32799959182739},"totalTime":{"startTime":1574122845219,"endTime":1574124780705,"elapsedSeconds":1935.4859998226166}}}]}}],"hash":"6222caebfec91187a3dd969cd52a4506","flakyClass":"OD"}