{"time":{"startTime":1574077244046,"endTime":1574083297799,"elapsedSeconds":6053.753000020981},"expectedRun":{"id":"1574077187078-51114b54-34c8-4995-a1c7-1dc208c0c20c","testOrder":["io.dropwizard.logging.FileAppenderFactoryTest.isDiscoverable","io.dropwizard.logging.FileAppenderFactoryTest.defaultIsNotNeverBlock","io.dropwizard.logging.FileAppenderFactoryTest.testCurrentFileNameErrorWhenArchiveIsNotEnabled","io.dropwizard.logging.FileAppenderFactoryTest.validSetTotalSizeCapNoMaxFileSize","io.dropwizard.logging.FileAppenderFactoryTest.isRolling","io.dropwizard.logging.FileAppenderFactoryTest.isValidForMaxFileSize","io.dropwizard.logging.FileAppenderFactoryTest.testCurrentFileNameCanBeNullWhenArchiveIsEnabled","io.dropwizard.logging.FileAppenderFactoryTest.validSetTotalSizeCap","io.dropwizard.logging.FileAppenderFactoryTest.isImmediateFlushed","io.dropwizard.logging.FileAppenderFactoryTest.isNeverBlock","io.dropwizard.logging.FileAppenderFactoryTest.hasMaxFileSizeValidation","io.dropwizard.logging.FileAppenderFactoryTest.appenderNameIsSet","io.dropwizard.logging.FileAppenderFactoryTest.includesCallerData","io.dropwizard.logging.FileAppenderFactoryTest.overrideBufferSize","io.dropwizard.logging.FileAppenderFactoryTest.hasMaxFileSizeFixedWindow","io.dropwizard.logging.FileAppenderFactoryTest.testCurrentLogFileNameIsEmptyAndAppenderUsesArchivedNameInstead","io.dropwizard.logging.FileAppenderFactoryTest.hasMaxFileSize","io.dropwizard.logging.FileAppenderFactoryTest.isNotNeverBlock","io.dropwizard.logging.FileAppenderFactoryTest.isValidForInfiniteRolledFiles","io.dropwizard.logging.FileAppenderFactoryTest.hasArchivedLogFilenamePattern","io.dropwizard.logging.FileAppenderFactoryTest.invalidUseOfTotalSizeCap","io.dropwizard.logging.FileAppenderFactoryTest.appenderContextIsSet","io.dropwizard.logging.ExternalLoggingFactoryTest.canBeDeserialized","io.dropwizard.logging.ExternalLoggingFactoryTest.isDiscoverable","io.dropwizard.logging.DropwizardLayoutTest.prefixesThrowables","io.dropwizard.logging.DropwizardLayoutTest.prefixesExtendedThrowables","io.dropwizard.logging.DropwizardLayoutTest.hasAPatternWithATimeZoneAndExtendedThrowables","io.dropwizard.logging.DropwizardLayoutTest.hasAContext","io.dropwizard.logging.DefaultLoggingFactoryTest.testToStringIsImplented","io.dropwizard.logging.DefaultLoggingFactoryTest.testConfigure","io.dropwizard.logging.DefaultLoggingFactoryTest.hasADefaultLevel","io.dropwizard.logging.DefaultLoggingFactoryTest.testResetAppenders","io.dropwizard.logging.DefaultLoggingFactoryTest.canParseNewLoggerFormat","io.dropwizard.logging.ConsoleAppenderFactoryTest.appenderNameIsSet","io.dropwizard.logging.ConsoleAppenderFactoryTest.defaultIsNotNeverBlock","io.dropwizard.logging.ConsoleAppenderFactoryTest.appenderContextIsSet","io.dropwizard.logging.ConsoleAppenderFactoryTest.isDiscoverable","io.dropwizard.logging.ConsoleAppenderFactoryTest.isNotNeverBlock","io.dropwizard.logging.ConsoleAppenderFactoryTest.isNeverBlock","io.dropwizard.logging.ConsoleAppenderFactoryTest.includesCallerData","io.dropwizard.logging.PrefixedExtendedThrowableProxyConverterTest.prefixesExceptionsWithExclamationMarks","io.dropwizard.logging.SyslogAppenderFactoryTest.patternIncludesAppNameAndPid","io.dropwizard.logging.SyslogAppenderFactoryTest.appenderNameIsSet","io.dropwizard.logging.SyslogAppenderFactoryTest.appenderContextIsSet","io.dropwizard.logging.SyslogAppenderFactoryTest.defaultIncludesPid","io.dropwizard.logging.SyslogAppenderFactoryTest.isDiscoverable","io.dropwizard.logging.SyslogAppenderFactoryTest.stackTracePatternCanBeSet","io.dropwizard.logging.SyslogAppenderFactoryTest.defaultIncludesAppName","io.dropwizard.logging.SyslogAppenderFactoryTest.syslogFacilityTest","io.dropwizard.logging.TlsSocketAppenderFactoryTest.testTlsLogging","io.dropwizard.logging.TlsSocketAppenderFactoryTest.testParseCustomConfiguration","io.dropwizard.logging.UdpSocketAppenderFactoryTest.testSendLogsByTcp","io.dropwizard.logging.ThrottlingAppenderWrapperTest.appenderWithInvalidMessageRate","io.dropwizard.logging.ThrottlingAppenderWrapperTest.belowThrottlingLimit","io.dropwizard.logging.ThrottlingAppenderWrapperTest.overThrottlingLimit","io.dropwizard.logging.ThrottlingAppenderWrapperTest.appenderWithZeroMessageRate","io.dropwizard.logging.DefaultLoggingFactoryPrintErrorMessagesTest.testLogbackStatusPrinterPrintStreamIsRestoredToSystemOut"],"results":{"io.dropwizard.logging.TlsSocketAppenderFactoryTest.testTlsLogging":{"name":"io.dropwizard.logging.TlsSocketAppenderFactoryTest.testTlsLogging","result":"PASS","time":4.082331732,"stackTrace":[]},"io.dropwizard.logging.DefaultLoggingFactoryTest.testConfigure":{"name":"io.dropwizard.logging.DefaultLoggingFactoryTest.testConfigure","result":"PASS","time":3.614912955,"stackTrace":[]},"io.dropwizard.logging.PrefixedExtendedThrowableProxyConverterTest.prefixesExceptionsWithExclamationMarks":{"name":"io.dropwizard.logging.PrefixedExtendedThrowableProxyConverterTest.prefixesExceptionsWithExclamationMarks","result":"PASS","time":0.051732167,"stackTrace":[]},"io.dropwizard.logging.DefaultLoggingFactoryTest.canParseNewLoggerFormat":{"name":"io.dropwizard.logging.DefaultLoggingFactoryTest.canParseNewLoggerFormat","result":"PASS","time":0.97066909,"stackTrace":[]},"io.dropwizard.logging.SyslogAppenderFactoryTest.isDiscoverable":{"name":"io.dropwizard.logging.SyslogAppenderFactoryTest.isDiscoverable","result":"PASS","time":0.026961831,"stackTrace":[]},"io.dropwizard.logging.DefaultLoggingFactoryTest.testToStringIsImplented":{"name":"io.dropwizard.logging.DefaultLoggingFactoryTest.testToStringIsImplented","result":"PASS","time":1.832393292,"stackTrace":[]},"io.dropwizard.logging.FileAppenderFactoryTest.isDiscoverable":{"name":"io.dropwizard.logging.FileAppenderFactoryTest.isDiscoverable","result":"PASS","time":3.716347418,"stackTrace":[]},"io.dropwizard.logging.ConsoleAppenderFactoryTest.isNotNeverBlock":{"name":"io.dropwizard.logging.ConsoleAppenderFactoryTest.isNotNeverBlock","result":"PASS","time":0.014438472,"stackTrace":[]},"io.dropwizard.logging.ConsoleAppenderFactoryTest.defaultIsNotNeverBlock":{"name":"io.dropwizard.logging.ConsoleAppenderFactoryTest.defaultIsNotNeverBlock","result":"PASS","time":0.0150981,"stackTrace":[]},"io.dropwizard.logging.ExternalLoggingFactoryTest.isDiscoverable":{"name":"io.dropwizard.logging.ExternalLoggingFactoryTest.isDiscoverable","result":"PASS","time":0.015687812,"stackTrace":[]},"io.dropwizard.logging.TlsSocketAppenderFactoryTest.testParseCustomConfiguration":{"name":"io.dropwizard.logging.TlsSocketAppenderFactoryTest.testParseCustomConfiguration","result":"PASS","time":0.431873056,"stackTrace":[]},"io.dropwizard.logging.ThrottlingAppenderWrapperTest.overThrottlingLimit":{"name":"io.dropwizard.logging.ThrottlingAppenderWrapperTest.overThrottlingLimit","result":"PASS","time":1.246751741,"stackTrace":[]},"io.dropwizard.logging.FileAppenderFactoryTest.includesCallerData":{"name":"io.dropwizard.logging.FileAppenderFactoryTest.includesCallerData","result":"PASS","time":0.051520882,"stackTrace":[]},"io.dropwizard.logging.UdpSocketAppenderFactoryTest.testSendLogsByTcp":{"name":"io.dropwizard.logging.UdpSocketAppenderFactoryTest.testSendLogsByTcp","result":"PASS","time":0.480981798,"stackTrace":[]},"io.dropwizard.logging.FileAppenderFactoryTest.hasArchivedLogFilenamePattern":{"name":"io.dropwizard.logging.FileAppenderFactoryTest.hasArchivedLogFilenamePattern","result":"PASS","time":0.185146005,"stackTrace":[]},"io.dropwizard.logging.SyslogAppenderFactoryTest.patternIncludesAppNameAndPid":{"name":"io.dropwizard.logging.SyslogAppenderFactoryTest.patternIncludesAppNameAndPid","result":"PASS","time":0.021250016,"stackTrace":[]},"io.dropwizard.logging.FileAppenderFactoryTest.testCurrentFileNameErrorWhenArchiveIsNotEnabled":{"name":"io.dropwizard.logging.FileAppenderFactoryTest.testCurrentFileNameErrorWhenArchiveIsNotEnabled","result":"PASS","time":1.742878576,"stackTrace":[]},"io.dropwizard.logging.SyslogAppenderFactoryTest.stackTracePatternCanBeSet":{"name":"io.dropwizard.logging.SyslogAppenderFactoryTest.stackTracePatternCanBeSet","result":"PASS","time":0.030634626,"stackTrace":[]},"io.dropwizard.logging.DefaultLoggingFactoryTest.testResetAppenders":{"name":"io.dropwizard.logging.DefaultLoggingFactoryTest.testResetAppenders","result":"PASS","time":1.475793376,"stackTrace":[]},"io.dropwizard.logging.ConsoleAppenderFactoryTest.appenderNameIsSet":{"name":"io.dropwizard.logging.ConsoleAppenderFactoryTest.appenderNameIsSet","result":"PASS","time":0.031595221,"stackTrace":[]},"io.dropwizard.logging.FileAppenderFactoryTest.isRolling":{"name":"io.dropwizard.logging.FileAppenderFactoryTest.isRolling","result":"PASS","time":0.123425408,"stackTrace":[]},"io.dropwizard.logging.FileAppenderFactoryTest.validSetTotalSizeCapNoMaxFileSize":{"name":"io.dropwizard.logging.FileAppenderFactoryTest.validSetTotalSizeCapNoMaxFileSize","result":"PASS","time":1.885429837,"stackTrace":[]},"io.dropwizard.logging.DropwizardLayoutTest.hasAPatternWithATimeZoneAndExtendedThrowables":{"name":"io.dropwizard.logging.DropwizardLayoutTest.hasAPatternWithATimeZoneAndExtendedThrowables","result":"PASS","time":0.002856502,"stackTrace":[]},"io.dropwizard.logging.FileAppenderFactoryTest.appenderContextIsSet":{"name":"io.dropwizard.logging.FileAppenderFactoryTest.appenderContextIsSet","result":"PASS","time":0.076584852,"stackTrace":[]},"io.dropwizard.logging.SyslogAppenderFactoryTest.defaultIncludesPid":{"name":"io.dropwizard.logging.SyslogAppenderFactoryTest.defaultIncludesPid","result":"PASS","time":0.069774006,"stackTrace":[]},"io.dropwizard.logging.ConsoleAppenderFactoryTest.includesCallerData":{"name":"io.dropwizard.logging.ConsoleAppenderFactoryTest.includesCallerData","result":"PASS","time":0.014122348,"stackTrace":[]},"io.dropwizard.logging.ConsoleAppenderFactoryTest.isNeverBlock":{"name":"io.dropwizard.logging.ConsoleAppenderFactoryTest.isNeverBlock","result":"PASS","time":0.005944752,"stackTrace":[]},"io.dropwizard.logging.FileAppenderFactoryTest.appenderNameIsSet":{"name":"io.dropwizard.logging.FileAppenderFactoryTest.appenderNameIsSet","result":"PASS","time":0.101948881,"stackTrace":[]},"io.dropwizard.logging.DropwizardLayoutTest.prefixesExtendedThrowables":{"name":"io.dropwizard.logging.DropwizardLayoutTest.prefixesExtendedThrowables","result":"PASS","time":0.005411266,"stackTrace":[]},"io.dropwizard.logging.ThrottlingAppenderWrapperTest.appenderWithZeroMessageRate":{"name":"io.dropwizard.logging.ThrottlingAppenderWrapperTest.appenderWithZeroMessageRate","result":"PASS","time":0.121800087,"stackTrace":[]},"io.dropwizard.logging.FileAppenderFactoryTest.isValidForInfiniteRolledFiles":{"name":"io.dropwizard.logging.FileAppenderFactoryTest.isValidForInfiniteRolledFiles","result":"PASS","time":0.193533769,"stackTrace":[]},"io.dropwizard.logging.FileAppenderFactoryTest.isNotNeverBlock":{"name":"io.dropwizard.logging.FileAppenderFactoryTest.isNotNeverBlock","result":"PASS","time":0.055984406,"stackTrace":[]},"io.dropwizard.logging.DropwizardLayoutTest.hasAContext":{"name":"io.dropwizard.logging.DropwizardLayoutTest.hasAContext","result":"PASS","time":0.003621388,"stackTrace":[]},"io.dropwizard.logging.FileAppenderFactoryTest.hasMaxFileSizeFixedWindow":{"name":"io.dropwizard.logging.FileAppenderFactoryTest.hasMaxFileSizeFixedWindow","result":"PASS","time":0.070221092,"stackTrace":[]},"io.dropwizard.logging.ExternalLoggingFactoryTest.canBeDeserialized":{"name":"io.dropwizard.logging.ExternalLoggingFactoryTest.canBeDeserialized","result":"PASS","time":0.103851562,"stackTrace":[]},"io.dropwizard.logging.FileAppenderFactoryTest.isNeverBlock":{"name":"io.dropwizard.logging.FileAppenderFactoryTest.isNeverBlock","result":"PASS","time":0.045600367,"stackTrace":[]},"io.dropwizard.logging.SyslogAppenderFactoryTest.defaultIncludesAppName":{"name":"io.dropwizard.logging.SyslogAppenderFactoryTest.defaultIncludesAppName","result":"PASS","time":0.003900911,"stackTrace":[]},"io.dropwizard.logging.SyslogAppenderFactoryTest.syslogFacilityTest":{"name":"io.dropwizard.logging.SyslogAppenderFactoryTest.syslogFacilityTest","result":"PASS","time":0.012314798,"stackTrace":[]},"io.dropwizard.logging.FileAppenderFactoryTest.hasMaxFileSize":{"name":"io.dropwizard.logging.FileAppenderFactoryTest.hasMaxFileSize","result":"PASS","time":0.064834062,"stackTrace":[]},"io.dropwizard.logging.DropwizardLayoutTest.prefixesThrowables":{"name":"io.dropwizard.logging.DropwizardLayoutTest.prefixesThrowables","result":"PASS","time":5.829583171,"stackTrace":[]},"io.dropwizard.logging.FileAppenderFactoryTest.validSetTotalSizeCap":{"name":"io.dropwizard.logging.FileAppenderFactoryTest.validSetTotalSizeCap","result":"PASS","time":0.357965409,"stackTrace":[]},"io.dropwizard.logging.DefaultLoggingFactoryPrintErrorMessagesTest.testLogbackStatusPrinterPrintStreamIsRestoredToSystemOut":{"name":"io.dropwizard.logging.DefaultLoggingFactoryPrintErrorMessagesTest.testLogbackStatusPrinterPrintStreamIsRestoredToSystemOut","result":"ERROR","time":0.098339577,"stackTrace":[{"declaringClass":"io.dropwizard.logging.DefaultLoggingFactoryPrintErrorMessagesTest","methodName":"testLogbackStatusPrinterPrintStreamIsRestoredToSystemOut","fileName":"DefaultLoggingFactoryPrintErrorMessagesTest.java","lineNumber":104},{"declaringClass":"sun.reflect.NativeMethodAccessorImpl","methodName":"invoke0","fileName":"NativeMethodAccessorImpl.java","lineNumber":-2},{"declaringClass":"sun.reflect.NativeMethodAccessorImpl","methodName":"invoke","fileName":"NativeMethodAccessorImpl.java","lineNumber":62},{"declaringClass":"sun.reflect.DelegatingMethodAccessorImpl","methodName":"invoke","fileName":"DelegatingMethodAccessorImpl.java","lineNumber":43},{"declaringClass":"java.lang.reflect.Method","methodName":"invoke","fileName":"Method.java","lineNumber":498},{"declaringClass":"org.junit.runners.model.FrameworkMethod$1","methodName":"runReflectiveCall","fileName":"FrameworkMethod.java","lineNumber":50},{"declaringClass":"org.junit.internal.runners.model.ReflectiveCallable","methodName":"run","fileName":"ReflectiveCallable.java","lineNumber":12},{"declaringClass":"org.junit.runners.model.FrameworkMethod","methodName":"invokeExplosively","fileName":"FrameworkMethod.java","lineNumber":47},{"declaringClass":"org.junit.internal.runners.statements.InvokeMethod","methodName":"evaluate","fileName":"InvokeMethod.java","lineNumber":17},{"declaringClass":"org.junit.internal.runners.statements.RunBefores","methodName":"evaluate","fileName":"RunBefores.java","lineNumber":26},{"declaringClass":"org.junit.internal.runners.statements.RunAfters","methodName":"evaluate","fileName":"RunAfters.java","lineNumber":27},{"declaringClass":"org.junit.rules.ExternalResource$1","methodName":"evaluate","fileName":"ExternalResource.java","lineNumber":48},{"declaringClass":"org.junit.rules.RunRules","methodName":"evaluate","fileName":"RunRules.java","lineNumber":20},{"declaringClass":"com.reedoei.testrunner.execution.JUnitTestRunner","methodName":"runChild","fileName":"JUnitTestRunner.java","lineNumber":332},{"declaringClass":"com.reedoei.testrunner.execution.JUnitTestRunner","methodName":"run","fileName":"JUnitTestRunner.java","lineNumber":108},{"declaringClass":"org.junit.runner.JUnitCore","methodName":"run","fileName":"JUnitCore.java","lineNumber":137},{"declaringClass":"com.reedoei.testrunner.execution.JUnitTestExecutor","methodName":"execute","fileName":"JUnitTestExecutor.java","lineNumber":292},{"declaringClass":"com.reedoei.testrunner.execution.JUnitTestExecutor","methodName":"execute","fileName":"JUnitTestExecutor.java","lineNumber":328},{"declaringClass":"com.reedoei.testrunner.execution.JUnitTestExecutor","methodName":"executeWithJUnit4Runner","fileName":"JUnitTestExecutor.java","lineNumber":366},{"declaringClass":"com.reedoei.testrunner.execution.JUnitTestExecutor","methodName":"runOrder","fileName":"JUnitTestExecutor.java","lineNumber":47},{"declaringClass":"com.reedoei.testrunner.execution.Executor$","methodName":"$anonfun$run$1","fileName":"Executor.scala","lineNumber":30},{"declaringClass":"scala.runtime.java8.JFunction0$mcV$sp","methodName":"apply","fileName":"JFunction0$mcV$sp.java","lineNumber":12},{"declaringClass":"scala.util.Try$","methodName":"apply","fileName":"Try.scala","lineNumber":209},{"declaringClass":"com.reedoei.testrunner.execution.Executor$","methodName":"run","fileName":"Executor.scala","lineNumber":28},{"declaringClass":"com.reedoei.testrunner.execution.Executor$","methodName":"main","fileName":"Executor.scala","lineNumber":18},{"declaringClass":"com.reedoei.testrunner.execution.Executor","methodName":"main","fileName":"Executor.scala","lineNumber":-1}]},"io.dropwizard.logging.FileAppenderFactoryTest.defaultIsNotNeverBlock":{"name":"io.dropwizard.logging.FileAppenderFactoryTest.defaultIsNotNeverBlock","result":"PASS","time":0.089228206,"stackTrace":[]},"io.dropwizard.logging.FileAppenderFactoryTest.isValidForMaxFileSize":{"name":"io.dropwizard.logging.FileAppenderFactoryTest.isValidForMaxFileSize","result":"PASS","time":0.451146912,"stackTrace":[]},"io.dropwizard.logging.SyslogAppenderFactoryTest.appenderContextIsSet":{"name":"io.dropwizard.logging.SyslogAppenderFactoryTest.appenderContextIsSet","result":"PASS","time":0.033986057,"stackTrace":[]},"io.dropwizard.logging.ThrottlingAppenderWrapperTest.appenderWithInvalidMessageRate":{"name":"io.dropwizard.logging.ThrottlingAppenderWrapperTest.appenderWithInvalidMessageRate","result":"PASS","time":0.477119511,"stackTrace":[]},"io.dropwizard.logging.FileAppenderFactoryTest.testCurrentLogFileNameIsEmptyAndAppenderUsesArchivedNameInstead":{"name":"io.dropwizard.logging.FileAppenderFactoryTest.testCurrentLogFileNameIsEmptyAndAppenderUsesArchivedNameInstead","result":"PASS","time":0.179401293,"stackTrace":[]},"io.dropwizard.logging.ConsoleAppenderFactoryTest.isDiscoverable":{"name":"io.dropwizard.logging.ConsoleAppenderFactoryTest.isDiscoverable","result":"PASS","time":0.040239949,"stackTrace":[]},"io.dropwizard.logging.FileAppenderFactoryTest.hasMaxFileSizeValidation":{"name":"io.dropwizard.logging.FileAppenderFactoryTest.hasMaxFileSizeValidation","result":"PASS","time":0.203880929,"stackTrace":[]},"io.dropwizard.logging.ThrottlingAppenderWrapperTest.belowThrottlingLimit":{"name":"io.dropwizard.logging.ThrottlingAppenderWrapperTest.belowThrottlingLimit","result":"PASS","time":1.228005642,"stackTrace":[]},"io.dropwizard.logging.FileAppenderFactoryTest.isImmediateFlushed":{"name":"io.dropwizard.logging.FileAppenderFactoryTest.isImmediateFlushed","result":"PASS","time":0.057324056,"stackTrace":[]},"io.dropwizard.logging.FileAppenderFactoryTest.invalidUseOfTotalSizeCap":{"name":"io.dropwizard.logging.FileAppenderFactoryTest.invalidUseOfTotalSizeCap","result":"PASS","time":0.336686685,"stackTrace":[]},"io.dropwizard.logging.DefaultLoggingFactoryTest.hasADefaultLevel":{"name":"io.dropwizard.logging.DefaultLoggingFactoryTest.hasADefaultLevel","result":"PASS","time":0.712396669,"stackTrace":[]},"io.dropwizard.logging.FileAppenderFactoryTest.overrideBufferSize":{"name":"io.dropwizard.logging.FileAppenderFactoryTest.overrideBufferSize","result":"PASS","time":0.052526039,"stackTrace":[]},"io.dropwizard.logging.SyslogAppenderFactoryTest.appenderNameIsSet":{"name":"io.dropwizard.logging.SyslogAppenderFactoryTest.appenderNameIsSet","result":"PASS","time":0.018110498,"stackTrace":[]},"io.dropwizard.logging.ConsoleAppenderFactoryTest.appenderContextIsSet":{"name":"io.dropwizard.logging.ConsoleAppenderFactoryTest.appenderContextIsSet","result":"PASS","time":0.00621366,"stackTrace":[]},"io.dropwizard.logging.FileAppenderFactoryTest.testCurrentFileNameCanBeNullWhenArchiveIsEnabled":{"name":"io.dropwizard.logging.FileAppenderFactoryTest.testCurrentFileNameCanBeNullWhenArchiveIsEnabled","result":"PASS","time":0.354116463,"stackTrace":[]}},"diffs":{}},"expected":"ERROR","dependentTest":"io.dropwizard.logging.DefaultLoggingFactoryPrintErrorMessagesTest.testLogbackStatusPrinterPrintStreamIsRestoredToSystemOut","polluters":[{"time":{"startTime":1574078007245,"endTime":1574078007246,"elapsedSeconds":0.0010001659393310547},"index":0,"deps":["io.dropwizard.logging.ThrottlingAppenderWrapperTest.belowThrottlingLimit"],"cleanerData":{"dependentTest":"io.dropwizard.logging.DefaultLoggingFactoryPrintErrorMessagesTest.testLogbackStatusPrinterPrintStreamIsRestoredToSystemOut","time":{"addTime":{"startTime":1574078007313,"endTime":1574078125453,"elapsedSeconds":118.14000010490417},"totalTime":{"startTime":1574078007313,"endTime":1574080052419,"elapsedSeconds":2045.1059999465942}},"expected":"ERROR","isolationResult":"PASS","cleaners":[{"dependentTest":"io.dropwizard.logging.DefaultLoggingFactoryPrintErrorMessagesTest.testLogbackStatusPrinterPrintStreamIsRestoredToSystemOut","originalSize":76,"cleanerTests":["io.dropwizard.logging.TlsSocketAppenderFactoryTest.testTlsLogging"],"orderFound":0,"time":{"addTime":{"startTime":1574078007313,"endTime":1574078125453,"elapsedSeconds":118.14000010490417},"totalTime":{"startTime":1574078007313,"endTime":1574080052419,"elapsedSeconds":2045.1059999465942}}},{"dependentTest":"io.dropwizard.logging.DefaultLoggingFactoryPrintErrorMessagesTest.testLogbackStatusPrinterPrintStreamIsRestoredToSystemOut","originalSize":1,"cleanerTests":["io.dropwizard.logging.UdpSocketAppenderFactoryTest.testSendLogsByTcp"],"orderFound":2,"time":{"addTime":{"startTime":1574078007313,"endTime":1574078329129,"elapsedSeconds":321.81699991226196},"totalTime":{"startTime":1574078007313,"endTime":1574080119337,"elapsedSeconds":2112.023999929428}}},{"dependentTest":"io.dropwizard.logging.DefaultLoggingFactoryPrintErrorMessagesTest.testLogbackStatusPrinterPrintStreamIsRestoredToSystemOut","originalSize":1,"cleanerTests":["io.dropwizard.logging.DefaultLoggingFactoryTest.testConfigure"],"orderFound":3,"time":{"addTime":{"startTime":1574078007313,"endTime":1574078739285,"elapsedSeconds":731.9729998111725},"totalTime":{"startTime":1574078007313,"endTime":1574080185481,"elapsedSeconds":2178.167999982834}}},{"dependentTest":"io.dropwizard.logging.DefaultLoggingFactoryPrintErrorMessagesTest.testLogbackStatusPrinterPrintStreamIsRestoredToSystemOut","originalSize":1,"cleanerTests":["io.dropwizard.logging.DefaultLoggingFactoryTest.testResetAppenders"],"orderFound":4,"time":{"addTime":{"startTime":1574078007313,"endTime":1574078758333,"elapsedSeconds":751.0199999809265},"totalTime":{"startTime":1574078007313,"endTime":1574080251588,"elapsedSeconds":2244.2750000953674}}},{"dependentTest":"io.dropwizard.logging.DefaultLoggingFactoryPrintErrorMessagesTest.testLogbackStatusPrinterPrintStreamIsRestoredToSystemOut","originalSize":1,"cleanerTests":["io.dropwizard.logging.DefaultLoggingFactoryPrintErrorMessagesTest.testWhenFileAppenderDoesNotHaveWritePermissionToFolder_PrintsErrorMessageToConsole"],"orderFound":5,"time":{"addTime":{"startTime":1574078007313,"endTime":1574079039950,"elapsedSeconds":1032.6370000839233},"totalTime":{"startTime":1574078007313,"endTime":1574080312609,"elapsedSeconds":2305.2960000038147}}},{"dependentTest":"io.dropwizard.logging.DefaultLoggingFactoryPrintErrorMessagesTest.testLogbackStatusPrinterPrintStreamIsRestoredToSystemOut","originalSize":1,"cleanerTests":["io.dropwizard.logging.DefaultLoggingFactoryPrintErrorMessagesTest.testWhenSettingUpLoggingWithValidConfiguration_NoErrorMessageIsPrintedToConsole"],"orderFound":6,"time":{"addTime":{"startTime":1574078007313,"endTime":1574079099119,"elapsedSeconds":1091.805999994278},"totalTime":{"startTime":1574078007313,"endTime":1574080371033,"elapsedSeconds":2363.7200000286102}}},{"dependentTest":"io.dropwizard.logging.DefaultLoggingFactoryPrintErrorMessagesTest.testLogbackStatusPrinterPrintStreamIsRestoredToSystemOut","originalSize":1,"cleanerTests":["io.dropwizard.logging.TcpSocketAppenderFactoryTest.testBufferingTcpLogging"],"orderFound":7,"time":{"addTime":{"startTime":1574078007313,"endTime":1574079165978,"elapsedSeconds":1158.6659996509552},"totalTime":{"startTime":1574078007313,"endTime":1574080434844,"elapsedSeconds":2427.531000137329}}},{"dependentTest":"io.dropwizard.logging.DefaultLoggingFactoryPrintErrorMessagesTest.testLogbackStatusPrinterPrintStreamIsRestoredToSystemOut","originalSize":1,"cleanerTests":["io.dropwizard.logging.TcpSocketAppenderFactoryTest.testTestTcpLogging"],"orderFound":8,"time":{"addTime":{"startTime":1574078007313,"endTime":1574079188012,"elapsedSeconds":1180.6999995708466},"totalTime":{"startTime":1574078007313,"endTime":1574080497155,"elapsedSeconds":2489.8420000076294}}}]}},{"time":{"startTime":1574080515625,"endTime":1574080515625,"elapsedSeconds":0.0},"index":1,"deps":["io.dropwizard.logging.ThrottlingAppenderWrapperTest.overThrottlingLimit"],"cleanerData":{"dependentTest":"io.dropwizard.logging.DefaultLoggingFactoryPrintErrorMessagesTest.testLogbackStatusPrinterPrintStreamIsRestoredToSystemOut","time":{"addTime":{"startTime":1574080515641,"endTime":1574080629083,"elapsedSeconds":113.44200015068054},"totalTime":{"startTime":1574080515641,"endTime":1574082826970,"elapsedSeconds":2311.3289999961853}},"expected":"ERROR","isolationResult":"PASS","cleaners":[{"dependentTest":"io.dropwizard.logging.DefaultLoggingFactoryPrintErrorMessagesTest.testLogbackStatusPrinterPrintStreamIsRestoredToSystemOut","originalSize":77,"cleanerTests":["io.dropwizard.logging.DefaultLoggingFactoryTest.testConfigure"],"orderFound":0,"time":{"addTime":{"startTime":1574080515641,"endTime":1574080629083,"elapsedSeconds":113.44200015068054},"totalTime":{"startTime":1574080515641,"endTime":1574082826970,"elapsedSeconds":2311.3289999961853}}},{"dependentTest":"io.dropwizard.logging.DefaultLoggingFactoryPrintErrorMessagesTest.testLogbackStatusPrinterPrintStreamIsRestoredToSystemOut","originalSize":1,"cleanerTests":["io.dropwizard.logging.TlsSocketAppenderFactoryTest.testTlsLogging"],"orderFound":1,"time":{"addTime":{"startTime":1574080515641,"endTime":1574080688235,"elapsedSeconds":172.59400010108948},"totalTime":{"startTime":1574080515641,"endTime":1574082893549,"elapsedSeconds":2377.9079999923706}}},{"dependentTest":"io.dropwizard.logging.DefaultLoggingFactoryPrintErrorMessagesTest.testLogbackStatusPrinterPrintStreamIsRestoredToSystemOut","originalSize":1,"cleanerTests":["io.dropwizard.logging.UdpSocketAppenderFactoryTest.testSendLogsByTcp"],"orderFound":2,"time":{"addTime":{"startTime":1574080515641,"endTime":1574080838954,"elapsedSeconds":323.31399965286255},"totalTime":{"startTime":1574080515641,"endTime":1574082959802,"elapsedSeconds":2444.1610000133514}}},{"dependentTest":"io.dropwizard.logging.DefaultLoggingFactoryPrintErrorMessagesTest.testLogbackStatusPrinterPrintStreamIsRestoredToSystemOut","originalSize":1,"cleanerTests":["io.dropwizard.logging.DefaultLoggingFactoryTest.testResetAppenders"],"orderFound":4,"time":{"addTime":{"startTime":1574080515641,"endTime":1574081318781,"elapsedSeconds":803.1399998664856},"totalTime":{"startTime":1574080515641,"endTime":1574083019574,"elapsedSeconds":2503.9329998493195}}},{"dependentTest":"io.dropwizard.logging.DefaultLoggingFactoryPrintErrorMessagesTest.testLogbackStatusPrinterPrintStreamIsRestoredToSystemOut","originalSize":1,"cleanerTests":["io.dropwizard.logging.DefaultLoggingFactoryPrintErrorMessagesTest.testWhenFileAppenderDoesNotHaveWritePermissionToFolder_PrintsErrorMessageToConsole"],"orderFound":5,"time":{"addTime":{"startTime":1574080515641,"endTime":1574081621796,"elapsedSeconds":1106.1559991836548},"totalTime":{"startTime":1574080515641,"endTime":1574083079166,"elapsedSeconds":2563.524999856949}}},{"dependentTest":"io.dropwizard.logging.DefaultLoggingFactoryPrintErrorMessagesTest.testLogbackStatusPrinterPrintStreamIsRestoredToSystemOut","originalSize":1,"cleanerTests":["io.dropwizard.logging.DefaultLoggingFactoryPrintErrorMessagesTest.testWhenSettingUpLoggingWithValidConfiguration_NoErrorMessageIsPrintedToConsole"],"orderFound":6,"time":{"addTime":{"startTime":1574080515641,"endTime":1574081691055,"elapsedSeconds":1175.4149992465973},"totalTime":{"startTime":1574080515641,"endTime":1574083145543,"elapsedSeconds":2629.901999950409}}},{"dependentTest":"io.dropwizard.logging.DefaultLoggingFactoryPrintErrorMessagesTest.testLogbackStatusPrinterPrintStreamIsRestoredToSystemOut","originalSize":1,"cleanerTests":["io.dropwizard.logging.TcpSocketAppenderFactoryTest.testBufferingTcpLogging"],"orderFound":7,"time":{"addTime":{"startTime":1574080515641,"endTime":1574081747778,"elapsedSeconds":1232.1379992961884},"totalTime":{"startTime":1574080515641,"endTime":1574083211016,"elapsedSeconds":2695.375}}},{"dependentTest":"io.dropwizard.logging.DefaultLoggingFactoryPrintErrorMessagesTest.testLogbackStatusPrinterPrintStreamIsRestoredToSystemOut","originalSize":1,"cleanerTests":["io.dropwizard.logging.TcpSocketAppenderFactoryTest.testTestTcpLogging"],"orderFound":8,"time":{"addTime":{"startTime":1574080515641,"endTime":1574081768848,"elapsedSeconds":1253.2079994678497},"totalTime":{"startTime":1574080515641,"endTime":1574083275055,"elapsedSeconds":2759.4140000343323}}}]}}],"hash":"11cfea851e57bf9476c8f4aed9ca443a","flakyClass":"OD"}