{"time":{"startTime":1574093704299,"endTime":1574116376837,"elapsedSeconds":22672.537999868393},"expectedRun":{"id":"1574093617270-a9da5293-c1df-4cdd-ae73-bee9a55c8348","testOrder":["io.elasticjob.lite.api.strategy.impl.AverageAllocationJobShardingStrategyTest.shardingForServersMoreThanShardingCount","io.elasticjob.lite.api.strategy.impl.AverageAllocationJobShardingStrategyTest.shardingForOneServer","io.elasticjob.lite.api.strategy.impl.AverageAllocationJobShardingStrategyTest.shardingForZeroServer","io.elasticjob.lite.api.strategy.impl.AverageAllocationJobShardingStrategyTest.shardingForServersLessThanShardingCountAliquantFor8ShardingCountAnd3Servers","io.elasticjob.lite.api.strategy.impl.AverageAllocationJobShardingStrategyTest.shardingForServersLessThanShardingCountAliquot","io.elasticjob.lite.api.strategy.impl.AverageAllocationJobShardingStrategyTest.shardingForServersLessThanShardingCountAliquantFor10ShardingCountAnd3Servers","io.elasticjob.lite.internal.config.LiteJobConfigurationGsonFactoryTest.assertToJsonForSimpleJob","io.elasticjob.lite.internal.config.LiteJobConfigurationGsonFactoryTest.assertFromJsonForDataflowJob","io.elasticjob.lite.internal.config.LiteJobConfigurationGsonFactoryTest.assertToJsonForScriptJob","io.elasticjob.lite.internal.config.LiteJobConfigurationGsonFactoryTest.assertToJsonForDataflowJob","io.elasticjob.lite.internal.config.LiteJobConfigurationGsonFactoryTest.assertFromJsonForSimpleJob","io.elasticjob.lite.internal.config.LiteJobConfigurationGsonFactoryTest.assertFromJsonForScriptJob","io.elasticjob.lite.executor.handler.impl.DefaultJobExceptionHandlerTest.assertHandleException","io.elasticjob.lite.internal.monitor.MonitorServiceEnableTest.assertMonitorWithCommand","io.elasticjob.lite.internal.instance.TriggerListenerManagerTest.assertTriggerWhenJobIsNotRunning","io.elasticjob.lite.internal.instance.TriggerListenerManagerTest.assertTriggerWhenJobIsRunning","io.elasticjob.lite.internal.instance.TriggerListenerManagerTest.assertNotTriggerWhenIsNotLocalInstancePath","io.elasticjob.lite.internal.instance.TriggerListenerManagerTest.assertNotTriggerWhenIsNotTriggerOperation","io.elasticjob.lite.internal.instance.TriggerListenerManagerTest.assertTriggerWhenJobScheduleControllerIsNull","io.elasticjob.lite.internal.instance.TriggerListenerManagerTest.assertStart","io.elasticjob.lite.internal.instance.TriggerListenerManagerTest.assertNotTriggerWhenIsNotUpdate","io.elasticjob.lite.api.listener.DistributeOnceElasticJobListenerTest.assertBeforeJobExecutedWhenIsNotAllStartedAndNotTimeout","io.elasticjob.lite.api.listener.DistributeOnceElasticJobListenerTest.assertBeforeJobExecutedWhenIsNotAllStartedAndTimeout","io.elasticjob.lite.api.listener.DistributeOnceElasticJobListenerTest.assertAfterJobExecutedWhenIsAllCompletedAndTimeout","io.elasticjob.lite.api.listener.DistributeOnceElasticJobListenerTest.assertAfterJobExecutedWhenIsAllCompleted","io.elasticjob.lite.api.listener.DistributeOnceElasticJobListenerTest.assertBeforeJobExecutedWhenIsAllStarted","io.elasticjob.lite.api.listener.DistributeOnceElasticJobListenerTest.assertAfterJobExecutedWhenIsAllCompletedAndNotTimeout","io.elasticjob.lite.internal.schedule.JobRegistryTest.assertIsJobRunningIfNull","io.elasticjob.lite.internal.schedule.JobRegistryTest.assertRegisterJob","io.elasticjob.lite.internal.schedule.JobRegistryTest.assertIsNotShutdown","io.elasticjob.lite.internal.schedule.JobRegistryTest.assertShutdown","io.elasticjob.lite.internal.schedule.JobRegistryTest.assertIsShutdownForJobSchedulerNull","io.elasticjob.lite.internal.schedule.JobRegistryTest.assertGetCurrentShardingTotalCountIfNotNull","io.elasticjob.lite.internal.schedule.JobRegistryTest.assertGetCurrentShardingTotalCountIfNull","io.elasticjob.lite.internal.schedule.JobRegistryTest.assertGetJobInstance","io.elasticjob.lite.internal.schedule.JobRegistryTest.assertGetRegCenter","io.elasticjob.lite.internal.schedule.JobRegistryTest.assertIsShutdownForJobInstanceNull","io.elasticjob.lite.internal.schedule.JobRegistryTest.assertIsJobRunningIfNotNull","io.elasticjob.lite.internal.sharding.ShardingServiceTest.assertShardingWhenUnnecessary","io.elasticjob.lite.internal.sharding.ShardingServiceTest.assertSetReshardingFlag","io.elasticjob.lite.internal.sharding.ShardingServiceTest.assertIsNeedSharding","io.elasticjob.lite.internal.sharding.ShardingServiceTest.assertShardingWithoutAvailableJobInstances","io.elasticjob.lite.internal.sharding.ShardingServiceTest.assertShardingWhenIsNotLeader","io.elasticjob.lite.internal.sharding.ShardingServiceTest.assertShardingNecessaryWhenMonitorExecutionEnabledAndIncreaseShardingTotalCount","io.elasticjob.lite.internal.sharding.ShardingServiceTest.assertGetLocalShardingItemsWithEnabledServer","io.elasticjob.lite.internal.sharding.ShardingServiceTest.assertHasNotShardingInfoInOfflineServers","io.elasticjob.lite.internal.sharding.ShardingServiceTest.assertGetLocalShardingItemsWithDisabledServer","io.elasticjob.lite.internal.sharding.ShardingServiceTest.assertShardingNecessaryWhenMonitorExecutionDisabledAndDecreaseShardingTotalCount","io.elasticjob.lite.internal.sharding.ShardingServiceTest.assertGetShardingItemsWithEnabledServer","io.elasticjob.lite.internal.sharding.ShardingServiceTest.assertPersistShardingInfoTransactionExecutionCallback","io.elasticjob.lite.internal.sharding.ShardingServiceTest.assertGetShardingItemsWithNotAvailableServer","io.elasticjob.lite.internal.sharding.ShardingServiceTest.assertHasShardingInfoInOfflineServers","io.elasticjob.lite.internal.sharding.ShardingServiceTest.assertGetLocalShardingItemsWithInstanceShutdown","io.elasticjob.lite.util.concurrent.ExecutorServiceObjectTest.assertCreateExecutorService","io.elasticjob.lite.util.env.IpUtilsTest.assertGetHostName","io.elasticjob.lite.util.env.IpUtilsTest.assertGetIp","io.elasticjob.lite.internal.util.SensitiveInfoUtilsTest.assertFilterContentWithSensitiveIp","io.elasticjob.lite.internal.util.SensitiveInfoUtilsTest.assertFilterContentWithoutIp","io.elasticjob.lite.api.strategy.JobInstanceTest.assertGetJobInstanceId","io.elasticjob.lite.api.strategy.JobInstanceTest.assertGetIp","io.elasticjob.lite.reg.zookeeper.ZookeeperRegistryCenterInitFailureTest.assertInitFailure","io.elasticjob.lite.internal.schedule.JobScheduleControllerTest.assertResumeJobSuccess","io.elasticjob.lite.internal.schedule.JobScheduleControllerTest.assertResumeJobFailure","io.elasticjob.lite.internal.schedule.JobScheduleControllerTest.assertIsPausedIfTriggerStateIsPaused","io.elasticjob.lite.internal.schedule.JobScheduleControllerTest.assertTriggerJobSuccess","io.elasticjob.lite.internal.schedule.JobScheduleControllerTest.assertPauseJobSuccess","io.elasticjob.lite.internal.schedule.JobScheduleControllerTest.assertRescheduleJobIfShutdown","io.elasticjob.lite.internal.schedule.JobScheduleControllerTest.assertShutdownJobIfShutdown","io.elasticjob.lite.internal.schedule.JobScheduleControllerTest.assertTriggerJobFailure","io.elasticjob.lite.internal.schedule.JobScheduleControllerTest.assertRescheduleJobFailure","io.elasticjob.lite.internal.schedule.JobScheduleControllerTest.assertRescheduleJobWhenTriggerIsNull","io.elasticjob.lite.internal.schedule.JobScheduleControllerTest.assertShutdownFailure","io.elasticjob.lite.internal.schedule.JobScheduleControllerTest.assertIsPauseJobIfShutdown","io.elasticjob.lite.internal.schedule.JobScheduleControllerTest.assertShutdownSuccess","io.elasticjob.lite.internal.schedule.JobScheduleControllerTest.assertPauseJobIfShutdown","io.elasticjob.lite.internal.schedule.JobScheduleControllerTest.assertResumeJobIfShutdown","io.elasticjob.lite.internal.schedule.JobScheduleControllerTest.assertPauseJobFailure","io.elasticjob.lite.internal.schedule.JobScheduleControllerTest.assertIsPausedFailure","io.elasticjob.lite.internal.schedule.JobScheduleControllerTest.assertIsPausedIfTriggerStateIsNormal","io.elasticjob.lite.internal.schedule.JobScheduleControllerTest.assertTriggerJobIfShutdown","io.elasticjob.lite.internal.schedule.JobScheduleControllerTest.assertRescheduleJobSuccess","io.elasticjob.lite.internal.sharding.ExecutionContextServiceTest.assertGetShardingContextWhenHasRunningItems","io.elasticjob.lite.internal.sharding.ExecutionContextServiceTest.assertGetShardingContextWhenAssignShardingItems","io.elasticjob.lite.internal.sharding.ExecutionContextServiceTest.assertGetShardingContextWhenNotAssignShardingItem","io.elasticjob.lite.internal.listener.RegistryCenterConnectionStateListenerTest.assertConnectionLostListenerWhenConnectionStateIsLost","io.elasticjob.lite.internal.listener.RegistryCenterConnectionStateListenerTest.assertConnectionLostListenerWhenConnectionStateIsOther","io.elasticjob.lite.internal.listener.RegistryCenterConnectionStateListenerTest.assertConnectionLostListenerWhenConnectionStateIsReconnected","io.elasticjob.lite.internal.listener.RegistryCenterConnectionStateListenerTest.assertConnectionLostListenerWhenConnectionStateIsReconnectedButIsShutdown","io.elasticjob.lite.internal.listener.RegistryCenterConnectionStateListenerTest.assertConnectionLostListenerWhenConnectionStateIsLostButIsShutdown","io.elasticjob.lite.reg.zookeeper.ZookeeperRegistryCenterModifyTest.assertUpdate","io.elasticjob.lite.reg.zookeeper.ZookeeperRegistryCenterModifyTest.assertPersist","io.elasticjob.lite.reg.zookeeper.ZookeeperRegistryCenterModifyTest.assertRemove","io.elasticjob.lite.reg.zookeeper.ZookeeperRegistryCenterModifyTest.assertPersistEphemeralSequential","io.elasticjob.lite.reg.zookeeper.ZookeeperRegistryCenterModifyTest.assertPersistSequential","io.elasticjob.lite.reg.zookeeper.ZookeeperRegistryCenterModifyTest.assertPersistEphemeral","io.elasticjob.lite.internal.server.ServerNodeTest.assertIsNotServerPath","io.elasticjob.lite.internal.server.ServerNodeTest.assertIsLocalServerPath","io.elasticjob.lite.internal.server.ServerNodeTest.assertGetServerNode","io.elasticjob.lite.internal.server.ServerNodeTest.assertIsNotLocalServerPath","io.elasticjob.lite.internal.server.ServerNodeTest.assertIsServerPath","io.elasticjob.lite.internal.instance.InstanceNodeTest.assertGetInstanceFullPath","io.elasticjob.lite.internal.instance.InstanceNodeTest.assertIsLocalInstancePath","io.elasticjob.lite.internal.instance.InstanceNodeTest.assertIsInstancePath","io.elasticjob.lite.internal.instance.InstanceNodeTest.assertIsNotLocalInstancePath","io.elasticjob.lite.internal.instance.InstanceNodeTest.assertGetLocalInstancePath","io.elasticjob.lite.internal.instance.InstanceNodeTest.assertIsNotInstancePath","io.elasticjob.lite.reg.exception.RegExceptionHandlerTest.assertHandleExceptionWithNoNodeExistsException","io.elasticjob.lite.reg.exception.RegExceptionHandlerTest.assertHandleExceptionWithCausedNoNodeExistsException","io.elasticjob.lite.reg.exception.RegExceptionHandlerTest.assertHandleExceptionWithNull","io.elasticjob.lite.reg.exception.RegExceptionHandlerTest.assertHandleExceptionWithCausedConnectionLossException","io.elasticjob.lite.reg.exception.RegExceptionHandlerTest.assertHandleExceptionWithOtherException","io.elasticjob.lite.reg.exception.RegExceptionHandlerTest.assertHandleExceptionWithCausedNoNodeException","io.elasticjob.lite.reg.exception.RegExceptionHandlerTest.assertHandleExceptionWithConnectionLossException","io.elasticjob.lite.reg.exception.RegExceptionHandlerTest.assertHandleExceptionWithNoNodeException","io.elasticjob.lite.event.JobExecutionEventTest.assertNewJobExecutionEvent","io.elasticjob.lite.event.JobExecutionEventTest.assertExecutionSuccess","io.elasticjob.lite.event.JobExecutionEventTest.assertExecutionFailure","io.elasticjob.lite.reg.zookeeper.ZookeeperRegistryCenterMiscellaneousTest.assertGetRawCache","io.elasticjob.lite.reg.zookeeper.ZookeeperRegistryCenterMiscellaneousTest.assertGetZkConfig","io.elasticjob.lite.reg.zookeeper.ZookeeperRegistryCenterMiscellaneousTest.assertGetRawClient","io.elasticjob.lite.executor.type.DataflowJobExecutorTest.assertExecuteWhenFetchDataIsNotEmptyForUnStreamingProcessAndMultipleShardingItems","io.elasticjob.lite.executor.type.DataflowJobExecutorTest.assertExecuteWhenFetchDataIsNotEmptyForStreamingProcessAndMultipleShardingItems","io.elasticjob.lite.executor.type.DataflowJobExecutorTest.assertExecuteWhenFetchDataIsNotEmptyForStreamingProcessAndSingleShardingItem","io.elasticjob.lite.executor.type.DataflowJobExecutorTest.assertExecuteWhenFetchDataIsNotEmptyAndProcessFailureWithExceptionForStreamingProcess","io.elasticjob.lite.executor.type.DataflowJobExecutorTest.assertExecuteWhenFetchDataIsNullAndEmpty","io.elasticjob.lite.executor.type.DataflowJobExecutorTest.assertExecuteWhenFetchDataIsNotEmptyAndIsNotEligibleForJobRunningForStreamingProcess","io.elasticjob.lite.executor.type.DataflowJobExecutorTest.assertExecuteWhenFetchDataIsNotEmptyAndIsEligibleForJobRunningForStreamingProcess","io.elasticjob.lite.executor.type.DataflowJobExecutorTest.assertExecuteWhenFetchDataIsNotEmptyForUnStreamingProcessAndSingleShardingItem","io.elasticjob.lite.internal.sharding.ShardingNodeTest.assertGetItemByRunningItemPath","io.elasticjob.lite.internal.sharding.ShardingNodeTest.assertGetItemWhenNotRunningItemPath","io.elasticjob.lite.internal.sharding.ShardingNodeTest.assertGetMisfireNode","io.elasticjob.lite.internal.sharding.ShardingNodeTest.assertGetRunningNode","io.elasticjob.lite.context.TaskContextTest.assertGetExecutorId","io.elasticjob.lite.context.TaskContextTest.assertGetIdForUnassignedSlave","io.elasticjob.lite.context.TaskContextTest.assertSetSlaveId","io.elasticjob.lite.context.TaskContextTest.assertMetaInfoFromWithTaskIdWithoutShardingItems","io.elasticjob.lite.context.TaskContextTest.assertNewWithoutSlaveId","io.elasticjob.lite.context.TaskContextTest.assertGetMetaInfo","io.elasticjob.lite.context.TaskContextTest.assertGetTaskName","io.elasticjob.lite.context.TaskContextTest.assertTaskContextFrom","io.elasticjob.lite.context.TaskContextTest.assertMetaInfoFromWithTaskId","io.elasticjob.lite.context.TaskContextTest.assertNew","io.elasticjob.lite.context.TaskContextTest.assertMetaInfoFromWithMetaInfoWithoutShardingItems","io.elasticjob.lite.context.TaskContextTest.assertMetaInfoFromWithMetaInfo","io.elasticjob.lite.context.TaskContextTest.assertSetIdle","io.elasticjob.lite.internal.failover.FailoverNodeTest.assertGetItemsNode","io.elasticjob.lite.internal.failover.FailoverNodeTest.assertGetItemWhenNotExecutionFailoverPath","io.elasticjob.lite.internal.failover.FailoverNodeTest.assertGetItemByExecutionFailoverPath","io.elasticjob.lite.internal.failover.FailoverNodeTest.assertGetExecutionFailoverNode","io.elasticjob.lite.api.JobSchedulerTest.assertInit","io.elasticjob.lite.reg.zookeeper.ZookeeperRegistryCenterQueryWithCacheTest.assertGetWithoutValue","io.elasticjob.lite.reg.zookeeper.ZookeeperRegistryCenterQueryWithCacheTest.assertGetFromCache","io.elasticjob.lite.util.json.GsonFactoryTest.assertRegisterTypeAdapter","io.elasticjob.lite.util.json.GsonFactoryTest.assertGetGson","io.elasticjob.lite.api.ShardingContextTest.assertNew","io.elasticjob.lite.api.ShardingContextTest.assertToString","io.elasticjob.lite.config.LiteJobConfigurationTest.assertBuildWhenOptionalParametersIsNull","io.elasticjob.lite.config.LiteJobConfigurationTest.assertIsNotFailover","io.elasticjob.lite.config.LiteJobConfigurationTest.assertBuildAllProperties","io.elasticjob.lite.config.LiteJobConfigurationTest.assertBuildRequiredProperties","io.elasticjob.lite.config.LiteJobConfigurationTest.assertIsFailover","io.elasticjob.lite.internal.guarantee.GuaranteeServiceTest.assertIsNotAllStarted","io.elasticjob.lite.internal.guarantee.GuaranteeServiceTest.assertIsNotAllCompleted","io.elasticjob.lite.internal.guarantee.GuaranteeServiceTest.assertIsNotAllStartedWhenRootNodeIsNotExisted","io.elasticjob.lite.internal.guarantee.GuaranteeServiceTest.assertRegisterComplete","io.elasticjob.lite.internal.guarantee.GuaranteeServiceTest.assertRegisterStart","io.elasticjob.lite.internal.guarantee.GuaranteeServiceTest.assertClearAllStartedInfo","io.elasticjob.lite.internal.guarantee.GuaranteeServiceTest.assertIsNotAllCompletedWhenRootNodeIsNotExisted","io.elasticjob.lite.internal.guarantee.GuaranteeServiceTest.assertIsAllStarted","io.elasticjob.lite.internal.guarantee.GuaranteeServiceTest.assertIsAllCompleted","io.elasticjob.lite.internal.guarantee.GuaranteeServiceTest.assertClearAllCompletedInfo","io.elasticjob.lite.internal.config.ConfigurationNodeTest.assertIsConfigPath","io.elasticjob.lite.internal.listener.ListenerManagerTest.assertStartAllListeners","io.elasticjob.lite.internal.sharding.ShardingListenerManagerTest.assertShardingTotalCountChangedJobListenerWhenIsConfigPathAndCurrentShardingTotalCountIsNotEqualToNewShardingTotalCount","io.elasticjob.lite.internal.sharding.ShardingListenerManagerTest.assertListenServersChangedJobListenerWhenIsInstanceChangeButJobInstanceIsShutdown"],"results":{"io.elasticjob.lite.internal.instance.InstanceNodeTest.assertGetLocalInstancePath":{"name":"io.elasticjob.lite.internal.instance.InstanceNodeTest.assertGetLocalInstancePath","result":"PASS","time":0.001846247,"stackTrace":[]},"io.elasticjob.lite.internal.server.ServerNodeTest.assertGetServerNode":{"name":"io.elasticjob.lite.internal.server.ServerNodeTest.assertGetServerNode","result":"PASS","time":0.001111184,"stackTrace":[]},"io.elasticjob.lite.internal.schedule.JobRegistryTest.assertIsShutdownForJobSchedulerNull":{"name":"io.elasticjob.lite.internal.schedule.JobRegistryTest.assertIsShutdownForJobSchedulerNull","result":"PASS","time":7.90171E-4,"stackTrace":[]},"io.elasticjob.lite.internal.guarantee.GuaranteeServiceTest.assertIsNotAllCompletedWhenRootNodeIsNotExisted":{"name":"io.elasticjob.lite.internal.guarantee.GuaranteeServiceTest.assertIsNotAllCompletedWhenRootNodeIsNotExisted","result":"PASS","time":0.003746553,"stackTrace":[]},"io.elasticjob.lite.util.env.IpUtilsTest.assertGetIp":{"name":"io.elasticjob.lite.util.env.IpUtilsTest.assertGetIp","result":"PASS","time":9.20085E-4,"stackTrace":[]},"io.elasticjob.lite.api.listener.DistributeOnceElasticJobListenerTest.assertBeforeJobExecutedWhenIsNotAllStartedAndNotTimeout":{"name":"io.elasticjob.lite.api.listener.DistributeOnceElasticJobListenerTest.assertBeforeJobExecutedWhenIsNotAllStartedAndNotTimeout","result":"PASS","time":1.781676425,"stackTrace":[]},"io.elasticjob.lite.reg.zookeeper.ZookeeperRegistryCenterModifyTest.assertPersistEphemeral":{"name":"io.elasticjob.lite.reg.zookeeper.ZookeeperRegistryCenterModifyTest.assertPersistEphemeral","result":"PASS","time":1.391991545,"stackTrace":[]},"io.elasticjob.lite.api.strategy.impl.AverageAllocationJobShardingStrategyTest.shardingForServersLessThanShardingCountAliquot":{"name":"io.elasticjob.lite.api.strategy.impl.AverageAllocationJobShardingStrategyTest.shardingForServersLessThanShardingCountAliquot","result":"PASS","time":0.001212322,"stackTrace":[]},"io.elasticjob.lite.internal.monitor.MonitorServiceEnableTest.assertMonitorWithCommand":{"name":"io.elasticjob.lite.internal.monitor.MonitorServiceEnableTest.assertMonitorWithCommand","result":"PASS","time":8.536881934,"stackTrace":[]},"io.elasticjob.lite.internal.server.ServerNodeTest.assertIsNotLocalServerPath":{"name":"io.elasticjob.lite.internal.server.ServerNodeTest.assertIsNotLocalServerPath","result":"PASS","time":0.006309912,"stackTrace":[]},"io.elasticjob.lite.internal.instance.TriggerListenerManagerTest.assertNotTriggerWhenIsNotUpdate":{"name":"io.elasticjob.lite.internal.instance.TriggerListenerManagerTest.assertNotTriggerWhenIsNotUpdate","result":"PASS","time":0.013045745,"stackTrace":[]},"io.elasticjob.lite.internal.instance.TriggerListenerManagerTest.assertTriggerWhenJobIsNotRunning":{"name":"io.elasticjob.lite.internal.instance.TriggerListenerManagerTest.assertTriggerWhenJobIsNotRunning","result":"PASS","time":3.919871788,"stackTrace":[]},"io.elasticjob.lite.util.env.IpUtilsTest.assertGetHostName":{"name":"io.elasticjob.lite.util.env.IpUtilsTest.assertGetHostName","result":"PASS","time":0.004951332,"stackTrace":[]},"io.elasticjob.lite.reg.exception.RegExceptionHandlerTest.assertHandleExceptionWithCausedNoNodeException":{"name":"io.elasticjob.lite.reg.exception.RegExceptionHandlerTest.assertHandleExceptionWithCausedNoNodeException","result":"PASS","time":0.001620992,"stackTrace":[]},"io.elasticjob.lite.internal.sharding.ExecutionContextServiceTest.assertGetShardingContextWhenHasRunningItems":{"name":"io.elasticjob.lite.internal.sharding.ExecutionContextServiceTest.assertGetShardingContextWhenHasRunningItems","result":"PASS","time":0.036435443,"stackTrace":[]},"io.elasticjob.lite.internal.config.LiteJobConfigurationGsonFactoryTest.assertToJsonForScriptJob":{"name":"io.elasticjob.lite.internal.config.LiteJobConfigurationGsonFactoryTest.assertToJsonForScriptJob","result":"PASS","time":0.010151875,"stackTrace":[]},"io.elasticjob.lite.internal.instance.InstanceNodeTest.assertIsLocalInstancePath":{"name":"io.elasticjob.lite.internal.instance.InstanceNodeTest.assertIsLocalInstancePath","result":"PASS","time":0.001458809,"stackTrace":[]},"io.elasticjob.lite.internal.instance.TriggerListenerManagerTest.assertNotTriggerWhenIsNotLocalInstancePath":{"name":"io.elasticjob.lite.internal.instance.TriggerListenerManagerTest.assertNotTriggerWhenIsNotLocalInstancePath","result":"PASS","time":0.00965443,"stackTrace":[]},"io.elasticjob.lite.internal.config.LiteJobConfigurationGsonFactoryTest.assertFromJsonForSimpleJob":{"name":"io.elasticjob.lite.internal.config.LiteJobConfigurationGsonFactoryTest.assertFromJsonForSimpleJob","result":"PASS","time":0.00367538,"stackTrace":[]},"io.elasticjob.lite.reg.exception.RegExceptionHandlerTest.assertHandleExceptionWithCausedNoNodeExistsException":{"name":"io.elasticjob.lite.reg.exception.RegExceptionHandlerTest.assertHandleExceptionWithCausedNoNodeExistsException","result":"PASS","time":0.001878376,"stackTrace":[]},"io.elasticjob.lite.api.listener.DistributeOnceElasticJobListenerTest.assertAfterJobExecutedWhenIsAllCompletedAndNotTimeout":{"name":"io.elasticjob.lite.api.listener.DistributeOnceElasticJobListenerTest.assertAfterJobExecutedWhenIsAllCompletedAndNotTimeout","result":"PASS","time":0.00983617,"stackTrace":[]},"io.elasticjob.lite.internal.config.ConfigurationNodeTest.assertIsConfigPath":{"name":"io.elasticjob.lite.internal.config.ConfigurationNodeTest.assertIsConfigPath","result":"PASS","time":0.002678953,"stackTrace":[]},"io.elasticjob.lite.api.ShardingContextTest.assertToString":{"name":"io.elasticjob.lite.api.ShardingContextTest.assertToString","result":"PASS","time":0.001160845,"stackTrace":[]},"io.elasticjob.lite.internal.failover.FailoverNodeTest.assertGetItemByExecutionFailoverPath":{"name":"io.elasticjob.lite.internal.failover.FailoverNodeTest.assertGetItemByExecutionFailoverPath","result":"PASS","time":0.001577897,"stackTrace":[]},"io.elasticjob.lite.reg.zookeeper.ZookeeperRegistryCenterModifyTest.assertPersistSequential":{"name":"io.elasticjob.lite.reg.zookeeper.ZookeeperRegistryCenterModifyTest.assertPersistSequential","result":"PASS","time":0.123519346,"stackTrace":[]},"io.elasticjob.lite.internal.listener.RegistryCenterConnectionStateListenerTest.assertConnectionLostListenerWhenConnectionStateIsLostButIsShutdown":{"name":"io.elasticjob.lite.internal.listener.RegistryCenterConnectionStateListenerTest.assertConnectionLostListenerWhenConnectionStateIsLostButIsShutdown","result":"PASS","time":0.005091304,"stackTrace":[]},"io.elasticjob.lite.internal.schedule.JobScheduleControllerTest.assertShutdownJobIfShutdown":{"name":"io.elasticjob.lite.internal.schedule.JobScheduleControllerTest.assertShutdownJobIfShutdown","result":"PASS","time":0.002673645,"stackTrace":[]},"io.elasticjob.lite.executor.type.DataflowJobExecutorTest.assertExecuteWhenFetchDataIsNotEmptyAndIsNotEligibleForJobRunningForStreamingProcess":{"name":"io.elasticjob.lite.executor.type.DataflowJobExecutorTest.assertExecuteWhenFetchDataIsNotEmptyAndIsNotEligibleForJobRunningForStreamingProcess","result":"PASS","time":0.161731748,"stackTrace":[]},"io.elasticjob.lite.api.strategy.impl.AverageAllocationJobShardingStrategyTest.shardingForServersMoreThanShardingCount":{"name":"io.elasticjob.lite.api.strategy.impl.AverageAllocationJobShardingStrategyTest.shardingForServersMoreThanShardingCount","result":"PASS","time":0.064200799,"stackTrace":[]},"io.elasticjob.lite.internal.listener.RegistryCenterConnectionStateListenerTest.assertConnectionLostListenerWhenConnectionStateIsReconnected":{"name":"io.elasticjob.lite.internal.listener.RegistryCenterConnectionStateListenerTest.assertConnectionLostListenerWhenConnectionStateIsReconnected","result":"PASS","time":0.01143991,"stackTrace":[]},"io.elasticjob.lite.internal.guarantee.GuaranteeServiceTest.assertIsAllCompleted":{"name":"io.elasticjob.lite.internal.guarantee.GuaranteeServiceTest.assertIsAllCompleted","result":"PASS","time":0.005602648,"stackTrace":[]},"io.elasticjob.lite.internal.config.LiteJobConfigurationGsonFactoryTest.assertToJsonForDataflowJob":{"name":"io.elasticjob.lite.internal.config.LiteJobConfigurationGsonFactoryTest.assertToJsonForDataflowJob","result":"PASS","time":0.003829252,"stackTrace":[]},"io.elasticjob.lite.internal.guarantee.GuaranteeServiceTest.assertRegisterStart":{"name":"io.elasticjob.lite.internal.guarantee.GuaranteeServiceTest.assertRegisterStart","result":"PASS","time":0.004770919,"stackTrace":[]},"io.elasticjob.lite.internal.sharding.ShardingServiceTest.assertGetLocalShardingItemsWithEnabledServer":{"name":"io.elasticjob.lite.internal.sharding.ShardingServiceTest.assertGetLocalShardingItemsWithEnabledServer","result":"PASS","time":0.037126083,"stackTrace":[]},"io.elasticjob.lite.internal.sharding.ShardingServiceTest.assertGetLocalShardingItemsWithDisabledServer":{"name":"io.elasticjob.lite.internal.sharding.ShardingServiceTest.assertGetLocalShardingItemsWithDisabledServer","result":"PASS","time":0.018724107,"stackTrace":[]},"io.elasticjob.lite.executor.type.DataflowJobExecutorTest.assertExecuteWhenFetchDataIsNotEmptyForUnStreamingProcessAndMultipleShardingItems":{"name":"io.elasticjob.lite.executor.type.DataflowJobExecutorTest.assertExecuteWhenFetchDataIsNotEmptyForUnStreamingProcessAndMultipleShardingItems","result":"PASS","time":0.124697862,"stackTrace":[]},"io.elasticjob.lite.context.TaskContextTest.assertNew":{"name":"io.elasticjob.lite.context.TaskContextTest.assertNew","result":"PASS","time":0.004724611,"stackTrace":[]},"io.elasticjob.lite.reg.exception.RegExceptionHandlerTest.assertHandleExceptionWithNoNodeExistsException":{"name":"io.elasticjob.lite.reg.exception.RegExceptionHandlerTest.assertHandleExceptionWithNoNodeExistsException","result":"PASS","time":0.002881159,"stackTrace":[]},"io.elasticjob.lite.event.JobExecutionEventTest.assertExecutionFailure":{"name":"io.elasticjob.lite.event.JobExecutionEventTest.assertExecutionFailure","result":"PASS","time":0.016490354,"stackTrace":[]},"io.elasticjob.lite.event.JobExecutionEventTest.assertExecutionSuccess":{"name":"io.elasticjob.lite.event.JobExecutionEventTest.assertExecutionSuccess","result":"PASS","time":0.005380257,"stackTrace":[]},"io.elasticjob.lite.internal.schedule.JobScheduleControllerTest.assertRescheduleJobIfShutdown":{"name":"io.elasticjob.lite.internal.schedule.JobScheduleControllerTest.assertRescheduleJobIfShutdown","result":"PASS","time":0.006225677,"stackTrace":[]},"io.elasticjob.lite.executor.type.DataflowJobExecutorTest.assertExecuteWhenFetchDataIsNotEmptyForStreamingProcessAndMultipleShardingItems":{"name":"io.elasticjob.lite.executor.type.DataflowJobExecutorTest.assertExecuteWhenFetchDataIsNotEmptyForStreamingProcessAndMultipleShardingItems","result":"PASS","time":0.042792431,"stackTrace":[]},"io.elasticjob.lite.context.TaskContextTest.assertSetIdle":{"name":"io.elasticjob.lite.context.TaskContextTest.assertSetIdle","result":"PASS","time":0.001428426,"stackTrace":[]},"io.elasticjob.lite.internal.schedule.JobScheduleControllerTest.assertTriggerJobIfShutdown":{"name":"io.elasticjob.lite.internal.schedule.JobScheduleControllerTest.assertTriggerJobIfShutdown","result":"PASS","time":0.010552443,"stackTrace":[]},"io.elasticjob.lite.api.listener.DistributeOnceElasticJobListenerTest.assertBeforeJobExecutedWhenIsNotAllStartedAndTimeout":{"name":"io.elasticjob.lite.api.listener.DistributeOnceElasticJobListenerTest.assertBeforeJobExecutedWhenIsNotAllStartedAndTimeout","result":"PASS","time":0.027796229,"stackTrace":[]},"io.elasticjob.lite.internal.instance.InstanceNodeTest.assertIsInstancePath":{"name":"io.elasticjob.lite.internal.instance.InstanceNodeTest.assertIsInstancePath","result":"PASS","time":0.001424724,"stackTrace":[]},"io.elasticjob.lite.internal.guarantee.GuaranteeServiceTest.assertClearAllCompletedInfo":{"name":"io.elasticjob.lite.internal.guarantee.GuaranteeServiceTest.assertClearAllCompletedInfo","result":"PASS","time":0.004301133,"stackTrace":[]},"io.elasticjob.lite.event.JobExecutionEventTest.assertNewJobExecutionEvent":{"name":"io.elasticjob.lite.event.JobExecutionEventTest.assertNewJobExecutionEvent","result":"PASS","time":0.027065637,"stackTrace":[]},"io.elasticjob.lite.api.strategy.JobInstanceTest.assertGetIp":{"name":"io.elasticjob.lite.api.strategy.JobInstanceTest.assertGetIp","result":"PASS","time":0.002561332,"stackTrace":[]},"io.elasticjob.lite.internal.schedule.JobRegistryTest.assertIsNotShutdown":{"name":"io.elasticjob.lite.internal.schedule.JobRegistryTest.assertIsNotShutdown","result":"PASS","time":0.00156728,"stackTrace":[]},"io.elasticjob.lite.api.strategy.JobInstanceTest.assertGetJobInstanceId":{"name":"io.elasticjob.lite.api.strategy.JobInstanceTest.assertGetJobInstanceId","result":"PASS","time":0.001904009,"stackTrace":[]},"io.elasticjob.lite.reg.exception.RegExceptionHandlerTest.assertHandleExceptionWithCausedConnectionLossException":{"name":"io.elasticjob.lite.reg.exception.RegExceptionHandlerTest.assertHandleExceptionWithCausedConnectionLossException","result":"PASS","time":0.003961959,"stackTrace":[]},"io.elasticjob.lite.internal.guarantee.GuaranteeServiceTest.assertIsNotAllStartedWhenRootNodeIsNotExisted":{"name":"io.elasticjob.lite.internal.guarantee.GuaranteeServiceTest.assertIsNotAllStartedWhenRootNodeIsNotExisted","result":"PASS","time":0.0019492,"stackTrace":[]},"io.elasticjob.lite.internal.sharding.ShardingNodeTest.assertGetItemWhenNotRunningItemPath":{"name":"io.elasticjob.lite.internal.sharding.ShardingNodeTest.assertGetItemWhenNotRunningItemPath","result":"PASS","time":0.00104483,"stackTrace":[]},"io.elasticjob.lite.reg.zookeeper.ZookeeperRegistryCenterMiscellaneousTest.assertGetRawCache":{"name":"io.elasticjob.lite.reg.zookeeper.ZookeeperRegistryCenterMiscellaneousTest.assertGetRawCache","result":"PASS","time":0.171984481,"stackTrace":[]},"io.elasticjob.lite.context.TaskContextTest.assertGetMetaInfo":{"name":"io.elasticjob.lite.context.TaskContextTest.assertGetMetaInfo","result":"PASS","time":0.001255417,"stackTrace":[]},"io.elasticjob.lite.executor.type.DataflowJobExecutorTest.assertExecuteWhenFetchDataIsNotEmptyAndProcessFailureWithExceptionForStreamingProcess":{"name":"io.elasticjob.lite.executor.type.DataflowJobExecutorTest.assertExecuteWhenFetchDataIsNotEmptyAndProcessFailureWithExceptionForStreamingProcess","result":"PASS","time":0.050811341,"stackTrace":[]},"io.elasticjob.lite.config.LiteJobConfigurationTest.assertBuildRequiredProperties":{"name":"io.elasticjob.lite.config.LiteJobConfigurationTest.assertBuildRequiredProperties","result":"PASS","time":0.001197863,"stackTrace":[]},"io.elasticjob.lite.executor.type.DataflowJobExecutorTest.assertExecuteWhenFetchDataIsNotEmptyAndIsEligibleForJobRunningForStreamingProcess":{"name":"io.elasticjob.lite.executor.type.DataflowJobExecutorTest.assertExecuteWhenFetchDataIsNotEmptyAndIsEligibleForJobRunningForStreamingProcess","result":"PASS","time":0.029070853,"stackTrace":[]},"io.elasticjob.lite.internal.guarantee.GuaranteeServiceTest.assertClearAllStartedInfo":{"name":"io.elasticjob.lite.internal.guarantee.GuaranteeServiceTest.assertClearAllStartedInfo","result":"PASS","time":0.004456261,"stackTrace":[]},"io.elasticjob.lite.reg.exception.RegExceptionHandlerTest.assertHandleExceptionWithNoNodeException":{"name":"io.elasticjob.lite.reg.exception.RegExceptionHandlerTest.assertHandleExceptionWithNoNodeException","result":"PASS","time":0.002433863,"stackTrace":[]},"io.elasticjob.lite.util.json.GsonFactoryTest.assertRegisterTypeAdapter":{"name":"io.elasticjob.lite.util.json.GsonFactoryTest.assertRegisterTypeAdapter","result":"PASS","time":0.016055351,"stackTrace":[]},"io.elasticjob.lite.internal.schedule.JobRegistryTest.assertGetRegCenter":{"name":"io.elasticjob.lite.internal.schedule.JobRegistryTest.assertGetRegCenter","result":"PASS","time":0.002455865,"stackTrace":[]},"io.elasticjob.lite.internal.sharding.ShardingServiceTest.assertShardingNecessaryWhenMonitorExecutionDisabledAndDecreaseShardingTotalCount":{"name":"io.elasticjob.lite.internal.sharding.ShardingServiceTest.assertShardingNecessaryWhenMonitorExecutionDisabledAndDecreaseShardingTotalCount","result":"PASS","time":0.038012712,"stackTrace":[]},"io.elasticjob.lite.internal.schedule.JobScheduleControllerTest.assertIsPausedFailure":{"name":"io.elasticjob.lite.internal.schedule.JobScheduleControllerTest.assertIsPausedFailure","result":"PASS","time":0.008296688,"stackTrace":[]},"io.elasticjob.lite.internal.schedule.JobScheduleControllerTest.assertPauseJobSuccess":{"name":"io.elasticjob.lite.internal.schedule.JobScheduleControllerTest.assertPauseJobSuccess","result":"PASS","time":0.004849845,"stackTrace":[]},"io.elasticjob.lite.config.LiteJobConfigurationTest.assertBuildWhenOptionalParametersIsNull":{"name":"io.elasticjob.lite.config.LiteJobConfigurationTest.assertBuildWhenOptionalParametersIsNull","result":"PASS","time":0.001721711,"stackTrace":[]},"io.elasticjob.lite.internal.schedule.JobScheduleControllerTest.assertPauseJobFailure":{"name":"io.elasticjob.lite.internal.schedule.JobScheduleControllerTest.assertPauseJobFailure","result":"PASS","time":0.013849048,"stackTrace":[]},"io.elasticjob.lite.internal.instance.TriggerListenerManagerTest.assertTriggerWhenJobIsRunning":{"name":"io.elasticjob.lite.internal.instance.TriggerListenerManagerTest.assertTriggerWhenJobIsRunning","result":"PASS","time":0.025402038,"stackTrace":[]},"io.elasticjob.lite.internal.instance.InstanceNodeTest.assertGetInstanceFullPath":{"name":"io.elasticjob.lite.internal.instance.InstanceNodeTest.assertGetInstanceFullPath","result":"PASS","time":0.002546734,"stackTrace":[]},"io.elasticjob.lite.internal.sharding.ShardingServiceTest.assertHasShardingInfoInOfflineServers":{"name":"io.elasticjob.lite.internal.sharding.ShardingServiceTest.assertHasShardingInfoInOfflineServers","result":"PASS","time":0.011074544,"stackTrace":[]},"io.elasticjob.lite.api.listener.DistributeOnceElasticJobListenerTest.assertAfterJobExecutedWhenIsAllCompleted":{"name":"io.elasticjob.lite.api.listener.DistributeOnceElasticJobListenerTest.assertAfterJobExecutedWhenIsAllCompleted","result":"PASS","time":0.010901745,"stackTrace":[]},"io.elasticjob.lite.reg.zookeeper.ZookeeperRegistryCenterMiscellaneousTest.assertGetRawClient":{"name":"io.elasticjob.lite.reg.zookeeper.ZookeeperRegistryCenterMiscellaneousTest.assertGetRawClient","result":"PASS","time":0.544485292,"stackTrace":[]},"io.elasticjob.lite.internal.config.LiteJobConfigurationGsonFactoryTest.assertFromJsonForScriptJob":{"name":"io.elasticjob.lite.internal.config.LiteJobConfigurationGsonFactoryTest.assertFromJsonForScriptJob","result":"PASS","time":0.004280109,"stackTrace":[]},"io.elasticjob.lite.internal.sharding.ShardingServiceTest.assertShardingNecessaryWhenMonitorExecutionEnabledAndIncreaseShardingTotalCount":{"name":"io.elasticjob.lite.internal.sharding.ShardingServiceTest.assertShardingNecessaryWhenMonitorExecutionEnabledAndIncreaseShardingTotalCount","result":"PASS","time":0.199015474,"stackTrace":[]},"io.elasticjob.lite.internal.config.LiteJobConfigurationGsonFactoryTest.assertToJsonForSimpleJob":{"name":"io.elasticjob.lite.internal.config.LiteJobConfigurationGsonFactoryTest.assertToJsonForSimpleJob","result":"PASS","time":0.369835827,"stackTrace":[]},"io.elasticjob.lite.internal.guarantee.GuaranteeServiceTest.assertIsNotAllCompleted":{"name":"io.elasticjob.lite.internal.guarantee.GuaranteeServiceTest.assertIsNotAllCompleted","result":"PASS","time":0.004742212,"stackTrace":[]},"io.elasticjob.lite.config.LiteJobConfigurationTest.assertIsFailover":{"name":"io.elasticjob.lite.config.LiteJobConfigurationTest.assertIsFailover","result":"PASS","time":0.00100404,"stackTrace":[]},"io.elasticjob.lite.util.json.GsonFactoryTest.assertGetGson":{"name":"io.elasticjob.lite.util.json.GsonFactoryTest.assertGetGson","result":"PASS","time":0.001215674,"stackTrace":[]},"io.elasticjob.lite.context.TaskContextTest.assertMetaInfoFromWithTaskIdWithoutShardingItems":{"name":"io.elasticjob.lite.context.TaskContextTest.assertMetaInfoFromWithTaskIdWithoutShardingItems","result":"PASS","time":0.001974135,"stackTrace":[]},"io.elasticjob.lite.context.TaskContextTest.assertTaskContextFrom":{"name":"io.elasticjob.lite.context.TaskContextTest.assertTaskContextFrom","result":"PASS","time":0.002202602,"stackTrace":[]},"io.elasticjob.lite.executor.handler.impl.DefaultJobExceptionHandlerTest.assertHandleException":{"name":"io.elasticjob.lite.executor.handler.impl.DefaultJobExceptionHandlerTest.assertHandleException","result":"PASS","time":0.117716169,"stackTrace":[]},"io.elasticjob.lite.internal.sharding.ShardingListenerManagerTest.assertListenServersChangedJobListenerWhenIsInstanceChangeButJobInstanceIsShutdown":{"name":"io.elasticjob.lite.internal.sharding.ShardingListenerManagerTest.assertListenServersChangedJobListenerWhenIsInstanceChangeButJobInstanceIsShutdown","result":"ERROR","time":0.079931576,"stackTrace":[{"declaringClass":"io.elasticjob.lite.internal.sharding.ShardingService","methodName":"setReshardingFlag","fileName":"ShardingService.java","lineNumber":83},{"declaringClass":"io.elasticjob.lite.internal.sharding.ShardingListenerManagerTest","methodName":"assertListenServersChangedJobListenerWhenIsInstanceChangeButJobInstanceIsShutdown","fileName":"ShardingListenerManagerTest.java","lineNumber":112},{"declaringClass":"sun.reflect.NativeMethodAccessorImpl","methodName":"invoke0","fileName":"NativeMethodAccessorImpl.java","lineNumber":-2},{"declaringClass":"sun.reflect.NativeMethodAccessorImpl","methodName":"invoke","fileName":"NativeMethodAccessorImpl.java","lineNumber":62},{"declaringClass":"sun.reflect.DelegatingMethodAccessorImpl","methodName":"invoke","fileName":"DelegatingMethodAccessorImpl.java","lineNumber":43},{"declaringClass":"java.lang.reflect.Method","methodName":"invoke","fileName":"Method.java","lineNumber":498},{"declaringClass":"org.junit.runners.model.FrameworkMethod$1","methodName":"runReflectiveCall","fileName":"FrameworkMethod.java","lineNumber":50},{"declaringClass":"org.junit.internal.runners.model.ReflectiveCallable","methodName":"run","fileName":"ReflectiveCallable.java","lineNumber":12},{"declaringClass":"org.junit.runners.model.FrameworkMethod","methodName":"invokeExplosively","fileName":"FrameworkMethod.java","lineNumber":47},{"declaringClass":"org.junit.internal.runners.statements.InvokeMethod","methodName":"evaluate","fileName":"InvokeMethod.java","lineNumber":17},{"declaringClass":"org.junit.internal.runners.statements.RunBefores","methodName":"evaluate","fileName":"RunBefores.java","lineNumber":26},{"declaringClass":"com.reedoei.testrunner.execution.JUnitTestRunner","methodName":"runChild","fileName":"JUnitTestRunner.java","lineNumber":332},{"declaringClass":"com.reedoei.testrunner.execution.JUnitTestRunner","methodName":"run","fileName":"JUnitTestRunner.java","lineNumber":108},{"declaringClass":"org.junit.runner.JUnitCore","methodName":"run","fileName":"JUnitCore.java","lineNumber":137},{"declaringClass":"com.reedoei.testrunner.execution.JUnitTestExecutor","methodName":"execute","fileName":"JUnitTestExecutor.java","lineNumber":292},{"declaringClass":"com.reedoei.testrunner.execution.JUnitTestExecutor","methodName":"execute","fileName":"JUnitTestExecutor.java","lineNumber":328},{"declaringClass":"com.reedoei.testrunner.execution.JUnitTestExecutor","methodName":"executeWithJUnit4Runner","fileName":"JUnitTestExecutor.java","lineNumber":366},{"declaringClass":"com.reedoei.testrunner.execution.JUnitTestExecutor","methodName":"runOrder","fileName":"JUnitTestExecutor.java","lineNumber":47},{"declaringClass":"com.reedoei.testrunner.execution.Executor$","methodName":"$anonfun$run$1","fileName":"Executor.scala","lineNumber":30},{"declaringClass":"scala.runtime.java8.JFunction0$mcV$sp","methodName":"apply","fileName":"JFunction0$mcV$sp.java","lineNumber":12},{"declaringClass":"scala.util.Try$","methodName":"apply","fileName":"Try.scala","lineNumber":209},{"declaringClass":"com.reedoei.testrunner.execution.Executor$","methodName":"run","fileName":"Executor.scala","lineNumber":28},{"declaringClass":"com.reedoei.testrunner.execution.Executor$","methodName":"main","fileName":"Executor.scala","lineNumber":18},{"declaringClass":"com.reedoei.testrunner.execution.Executor","methodName":"main","fileName":"Executor.scala","lineNumber":-1}]},"io.elasticjob.lite.reg.zookeeper.ZookeeperRegistryCenterQueryWithCacheTest.assertGetFromCache":{"name":"io.elasticjob.lite.reg.zookeeper.ZookeeperRegistryCenterQueryWithCacheTest.assertGetFromCache","result":"PASS","time":0.573061563,"stackTrace":[]},"io.elasticjob.lite.internal.schedule.JobRegistryTest.assertIsJobRunningIfNull":{"name":"io.elasticjob.lite.internal.schedule.JobRegistryTest.assertIsJobRunningIfNull","result":"PASS","time":0.001574824,"stackTrace":[]},"io.elasticjob.lite.internal.sharding.ShardingNodeTest.assertGetRunningNode":{"name":"io.elasticjob.lite.internal.sharding.ShardingNodeTest.assertGetRunningNode","result":"PASS","time":9.31051E-4,"stackTrace":[]},"io.elasticjob.lite.reg.zookeeper.ZookeeperRegistryCenterInitFailureTest.assertInitFailure":{"name":"io.elasticjob.lite.reg.zookeeper.ZookeeperRegistryCenterInitFailureTest.assertInitFailure","result":"PASS","time":9.088908028,"stackTrace":[]},"io.elasticjob.lite.internal.failover.FailoverNodeTest.assertGetItemWhenNotExecutionFailoverPath":{"name":"io.elasticjob.lite.internal.failover.FailoverNodeTest.assertGetItemWhenNotExecutionFailoverPath","result":"PASS","time":0.001054119,"stackTrace":[]},"io.elasticjob.lite.internal.server.ServerNodeTest.assertIsServerPath":{"name":"io.elasticjob.lite.internal.server.ServerNodeTest.assertIsServerPath","result":"PASS","time":0.002775062,"stackTrace":[]},"io.elasticjob.lite.internal.sharding.ShardingServiceTest.assertGetLocalShardingItemsWithInstanceShutdown":{"name":"io.elasticjob.lite.internal.sharding.ShardingServiceTest.assertGetLocalShardingItemsWithInstanceShutdown","result":"PASS","time":0.005064483,"stackTrace":[]},"io.elasticjob.lite.internal.instance.TriggerListenerManagerTest.assertStart":{"name":"io.elasticjob.lite.internal.instance.TriggerListenerManagerTest.assertStart","result":"PASS","time":0.059271051,"stackTrace":[]},"io.elasticjob.lite.api.strategy.impl.AverageAllocationJobShardingStrategyTest.shardingForServersLessThanShardingCountAliquantFor8ShardingCountAnd3Servers":{"name":"io.elasticjob.lite.api.strategy.impl.AverageAllocationJobShardingStrategyTest.shardingForServersLessThanShardingCountAliquantFor8ShardingCountAnd3Servers","result":"PASS","time":9.23508E-4,"stackTrace":[]},"io.elasticjob.lite.internal.sharding.ShardingServiceTest.assertSetReshardingFlag":{"name":"io.elasticjob.lite.internal.sharding.ShardingServiceTest.assertSetReshardingFlag","result":"PASS","time":0.017431672,"stackTrace":[]},"io.elasticjob.lite.reg.zookeeper.ZookeeperRegistryCenterModifyTest.assertPersistEphemeralSequential":{"name":"io.elasticjob.lite.reg.zookeeper.ZookeeperRegistryCenterModifyTest.assertPersistEphemeralSequential","result":"PASS","time":0.800442722,"stackTrace":[]},"io.elasticjob.lite.reg.zookeeper.ZookeeperRegistryCenterModifyTest.assertUpdate":{"name":"io.elasticjob.lite.reg.zookeeper.ZookeeperRegistryCenterModifyTest.assertUpdate","result":"PASS","time":0.368550865,"stackTrace":[]},"io.elasticjob.lite.internal.instance.InstanceNodeTest.assertIsNotInstancePath":{"name":"io.elasticjob.lite.internal.instance.InstanceNodeTest.assertIsNotInstancePath","result":"PASS","time":0.001650328,"stackTrace":[]},"io.elasticjob.lite.internal.sharding.ShardingServiceTest.assertGetShardingItemsWithEnabledServer":{"name":"io.elasticjob.lite.internal.sharding.ShardingServiceTest.assertGetShardingItemsWithEnabledServer","result":"PASS","time":0.022714564,"stackTrace":[]},"io.elasticjob.lite.internal.guarantee.GuaranteeServiceTest.assertRegisterComplete":{"name":"io.elasticjob.lite.internal.guarantee.GuaranteeServiceTest.assertRegisterComplete","result":"PASS","time":0.007209042,"stackTrace":[]},"io.elasticjob.lite.internal.sharding.ShardingNodeTest.assertGetItemByRunningItemPath":{"name":"io.elasticjob.lite.internal.sharding.ShardingNodeTest.assertGetItemByRunningItemPath","result":"PASS","time":0.004259225,"stackTrace":[]},"io.elasticjob.lite.api.ShardingContextTest.assertNew":{"name":"io.elasticjob.lite.api.ShardingContextTest.assertNew","result":"PASS","time":0.00164886,"stackTrace":[]},"io.elasticjob.lite.internal.schedule.JobRegistryTest.assertIsJobRunningIfNotNull":{"name":"io.elasticjob.lite.internal.schedule.JobRegistryTest.assertIsJobRunningIfNotNull","result":"PASS","time":0.001456155,"stackTrace":[]},"io.elasticjob.lite.config.LiteJobConfigurationTest.assertIsNotFailover":{"name":"io.elasticjob.lite.config.LiteJobConfigurationTest.assertIsNotFailover","result":"PASS","time":0.002024354,"stackTrace":[]},"io.elasticjob.lite.util.concurrent.ExecutorServiceObjectTest.assertCreateExecutorService":{"name":"io.elasticjob.lite.util.concurrent.ExecutorServiceObjectTest.assertCreateExecutorService","result":"PASS","time":0.284177277,"stackTrace":[]},"io.elasticjob.lite.internal.schedule.JobScheduleControllerTest.assertResumeJobIfShutdown":{"name":"io.elasticjob.lite.internal.schedule.JobScheduleControllerTest.assertResumeJobIfShutdown","result":"PASS","time":0.003930877,"stackTrace":[]},"io.elasticjob.lite.internal.schedule.JobScheduleControllerTest.assertResumeJobSuccess":{"name":"io.elasticjob.lite.internal.schedule.JobScheduleControllerTest.assertResumeJobSuccess","result":"PASS","time":2.305094615,"stackTrace":[]},"io.elasticjob.lite.api.strategy.impl.AverageAllocationJobShardingStrategyTest.shardingForOneServer":{"name":"io.elasticjob.lite.api.strategy.impl.AverageAllocationJobShardingStrategyTest.shardingForOneServer","result":"PASS","time":0.002652622,"stackTrace":[]},"io.elasticjob.lite.internal.schedule.JobScheduleControllerTest.assertResumeJobFailure":{"name":"io.elasticjob.lite.internal.schedule.JobScheduleControllerTest.assertResumeJobFailure","result":"PASS","time":0.043171417,"stackTrace":[]},"io.elasticjob.lite.internal.config.LiteJobConfigurationGsonFactoryTest.assertFromJsonForDataflowJob":{"name":"io.elasticjob.lite.internal.config.LiteJobConfigurationGsonFactoryTest.assertFromJsonForDataflowJob","result":"PASS","time":0.03627354,"stackTrace":[]},"io.elasticjob.lite.internal.sharding.ShardingServiceTest.assertShardingWithoutAvailableJobInstances":{"name":"io.elasticjob.lite.internal.sharding.ShardingServiceTest.assertShardingWithoutAvailableJobInstances","result":"PASS","time":0.006596421,"stackTrace":[]},"io.elasticjob.lite.internal.instance.InstanceNodeTest.assertIsNotLocalInstancePath":{"name":"io.elasticjob.lite.internal.instance.InstanceNodeTest.assertIsNotLocalInstancePath","result":"PASS","time":0.001747064,"stackTrace":[]},"io.elasticjob.lite.internal.schedule.JobRegistryTest.assertShutdown":{"name":"io.elasticjob.lite.internal.schedule.JobRegistryTest.assertShutdown","result":"PASS","time":0.004177784,"stackTrace":[]},"io.elasticjob.lite.executor.type.DataflowJobExecutorTest.assertExecuteWhenFetchDataIsNotEmptyForStreamingProcessAndSingleShardingItem":{"name":"io.elasticjob.lite.executor.type.DataflowJobExecutorTest.assertExecuteWhenFetchDataIsNotEmptyForStreamingProcessAndSingleShardingItem","result":"PASS","time":0.013726467,"stackTrace":[]},"io.elasticjob.lite.internal.schedule.JobScheduleControllerTest.assertRescheduleJobFailure":{"name":"io.elasticjob.lite.internal.schedule.JobScheduleControllerTest.assertRescheduleJobFailure","result":"PASS","time":0.011238683,"stackTrace":[]},"io.elasticjob.lite.api.listener.DistributeOnceElasticJobListenerTest.assertBeforeJobExecutedWhenIsAllStarted":{"name":"io.elasticjob.lite.api.listener.DistributeOnceElasticJobListenerTest.assertBeforeJobExecutedWhenIsAllStarted","result":"PASS","time":0.008116694,"stackTrace":[]},"io.elasticjob.lite.internal.sharding.ShardingServiceTest.assertShardingWhenUnnecessary":{"name":"io.elasticjob.lite.internal.sharding.ShardingServiceTest.assertShardingWhenUnnecessary","result":"PASS","time":1.594138787,"stackTrace":[]},"io.elasticjob.lite.internal.listener.RegistryCenterConnectionStateListenerTest.assertConnectionLostListenerWhenConnectionStateIsOther":{"name":"io.elasticjob.lite.internal.listener.RegistryCenterConnectionStateListenerTest.assertConnectionLostListenerWhenConnectionStateIsOther","result":"PASS","time":0.009080294,"stackTrace":[]},"io.elasticjob.lite.internal.server.ServerNodeTest.assertIsLocalServerPath":{"name":"io.elasticjob.lite.internal.server.ServerNodeTest.assertIsLocalServerPath","result":"PASS","time":0.002003959,"stackTrace":[]},"io.elasticjob.lite.internal.sharding.ExecutionContextServiceTest.assertGetShardingContextWhenAssignShardingItems":{"name":"io.elasticjob.lite.internal.sharding.ExecutionContextServiceTest.assertGetShardingContextWhenAssignShardingItems","result":"PASS","time":0.005137053,"stackTrace":[]},"io.elasticjob.lite.internal.sharding.ShardingServiceTest.assertPersistShardingInfoTransactionExecutionCallback":{"name":"io.elasticjob.lite.internal.sharding.ShardingServiceTest.assertPersistShardingInfoTransactionExecutionCallback","result":"PASS","time":4.752883823,"stackTrace":[]},"io.elasticjob.lite.internal.server.ServerNodeTest.assertIsNotServerPath":{"name":"io.elasticjob.lite.internal.server.ServerNodeTest.assertIsNotServerPath","result":"PASS","time":0.008111666,"stackTrace":[]},"io.elasticjob.lite.internal.guarantee.GuaranteeServiceTest.assertIsAllStarted":{"name":"io.elasticjob.lite.internal.guarantee.GuaranteeServiceTest.assertIsAllStarted","result":"PASS","time":0.006358665,"stackTrace":[]},"io.elasticjob.lite.internal.schedule.JobScheduleControllerTest.assertRescheduleJobSuccess":{"name":"io.elasticjob.lite.internal.schedule.JobScheduleControllerTest.assertRescheduleJobSuccess","result":"PASS","time":0.01298463,"stackTrace":[]},"io.elasticjob.lite.internal.util.SensitiveInfoUtilsTest.assertFilterContentWithoutIp":{"name":"io.elasticjob.lite.internal.util.SensitiveInfoUtilsTest.assertFilterContentWithoutIp","result":"PASS","time":0.003287245,"stackTrace":[]},"io.elasticjob.lite.executor.type.DataflowJobExecutorTest.assertExecuteWhenFetchDataIsNotEmptyForUnStreamingProcessAndSingleShardingItem":{"name":"io.elasticjob.lite.executor.type.DataflowJobExecutorTest.assertExecuteWhenFetchDataIsNotEmptyForUnStreamingProcessAndSingleShardingItem","result":"PASS","time":0.013311301,"stackTrace":[]},"io.elasticjob.lite.internal.schedule.JobScheduleControllerTest.assertRescheduleJobWhenTriggerIsNull":{"name":"io.elasticjob.lite.internal.schedule.JobScheduleControllerTest.assertRescheduleJobWhenTriggerIsNull","result":"PASS","time":0.004364972,"stackTrace":[]},"io.elasticjob.lite.internal.schedule.JobRegistryTest.assertRegisterJob":{"name":"io.elasticjob.lite.internal.schedule.JobRegistryTest.assertRegisterJob","result":"PASS","time":0.003233114,"stackTrace":[]},"io.elasticjob.lite.context.TaskContextTest.assertMetaInfoFromWithTaskId":{"name":"io.elasticjob.lite.context.TaskContextTest.assertMetaInfoFromWithTaskId","result":"PASS","time":0.001750208,"stackTrace":[]},"io.elasticjob.lite.internal.listener.ListenerManagerTest.assertStartAllListeners":{"name":"io.elasticjob.lite.internal.listener.ListenerManagerTest.assertStartAllListeners","result":"PASS","time":5.26732404,"stackTrace":[]},"io.elasticjob.lite.internal.failover.FailoverNodeTest.assertGetExecutionFailoverNode":{"name":"io.elasticjob.lite.internal.failover.FailoverNodeTest.assertGetExecutionFailoverNode","result":"PASS","time":0.00107675,"stackTrace":[]},"io.elasticjob.lite.internal.sharding.ShardingListenerManagerTest.assertShardingTotalCountChangedJobListenerWhenIsConfigPathAndCurrentShardingTotalCountIsNotEqualToNewShardingTotalCount":{"name":"io.elasticjob.lite.internal.sharding.ShardingListenerManagerTest.assertShardingTotalCountChangedJobListenerWhenIsConfigPathAndCurrentShardingTotalCountIsNotEqualToNewShardingTotalCount","result":"PASS","time":0.029686059,"stackTrace":[]},"io.elasticjob.lite.internal.listener.RegistryCenterConnectionStateListenerTest.assertConnectionLostListenerWhenConnectionStateIsLost":{"name":"io.elasticjob.lite.internal.listener.RegistryCenterConnectionStateListenerTest.assertConnectionLostListenerWhenConnectionStateIsLost","result":"PASS","time":0.308678089,"stackTrace":[]},"io.elasticjob.lite.api.JobSchedulerTest.assertInit":{"name":"io.elasticjob.lite.api.JobSchedulerTest.assertInit","result":"PASS","time":0.472334102,"stackTrace":[]},"io.elasticjob.lite.internal.sharding.ShardingServiceTest.assertShardingWhenIsNotLeader":{"name":"io.elasticjob.lite.internal.sharding.ShardingServiceTest.assertShardingWhenIsNotLeader","result":"PASS","time":0.129579836,"stackTrace":[]},"io.elasticjob.lite.context.TaskContextTest.assertMetaInfoFromWithMetaInfoWithoutShardingItems":{"name":"io.elasticjob.lite.context.TaskContextTest.assertMetaInfoFromWithMetaInfoWithoutShardingItems","result":"PASS","time":0.001448611,"stackTrace":[]},"io.elasticjob.lite.reg.zookeeper.ZookeeperRegistryCenterModifyTest.assertPersist":{"name":"io.elasticjob.lite.reg.zookeeper.ZookeeperRegistryCenterModifyTest.assertPersist","result":"PASS","time":0.1070936,"stackTrace":[]},"io.elasticjob.lite.internal.schedule.JobScheduleControllerTest.assertTriggerJobFailure":{"name":"io.elasticjob.lite.internal.schedule.JobScheduleControllerTest.assertTriggerJobFailure","result":"PASS","time":0.004937083,"stackTrace":[]},"io.elasticjob.lite.internal.sharding.ExecutionContextServiceTest.assertGetShardingContextWhenNotAssignShardingItem":{"name":"io.elasticjob.lite.internal.sharding.ExecutionContextServiceTest.assertGetShardingContextWhenNotAssignShardingItem","result":"PASS","time":0.003307151,"stackTrace":[]},"io.elasticjob.lite.internal.schedule.JobScheduleControllerTest.assertPauseJobIfShutdown":{"name":"io.elasticjob.lite.internal.schedule.JobScheduleControllerTest.assertPauseJobIfShutdown","result":"PASS","time":0.003767158,"stackTrace":[]},"io.elasticjob.lite.reg.exception.RegExceptionHandlerTest.assertHandleExceptionWithConnectionLossException":{"name":"io.elasticjob.lite.reg.exception.RegExceptionHandlerTest.assertHandleExceptionWithConnectionLossException","result":"PASS","time":0.001659338,"stackTrace":[]},"io.elasticjob.lite.reg.exception.RegExceptionHandlerTest.assertHandleExceptionWithNull":{"name":"io.elasticjob.lite.reg.exception.RegExceptionHandlerTest.assertHandleExceptionWithNull","result":"PASS","time":0.001354738,"stackTrace":[]},"io.elasticjob.lite.internal.util.SensitiveInfoUtilsTest.assertFilterContentWithSensitiveIp":{"name":"io.elasticjob.lite.internal.util.SensitiveInfoUtilsTest.assertFilterContentWithSensitiveIp","result":"PASS","time":0.010202304,"stackTrace":[]},"io.elasticjob.lite.context.TaskContextTest.assertNewWithoutSlaveId":{"name":"io.elasticjob.lite.context.TaskContextTest.assertNewWithoutSlaveId","result":"PASS","time":0.002090429,"stackTrace":[]},"io.elasticjob.lite.internal.schedule.JobRegistryTest.assertGetCurrentShardingTotalCountIfNull":{"name":"io.elasticjob.lite.internal.schedule.JobRegistryTest.assertGetCurrentShardingTotalCountIfNull","result":"ERROR","time":0.04113421,"stackTrace":[{"declaringClass":"org.hamcrest.MatcherAssert","methodName":"assertThat","fileName":"MatcherAssert.java","lineNumber":20},{"declaringClass":"org.junit.Assert","methodName":"assertThat","fileName":"Assert.java","lineNumber":956},{"declaringClass":"org.junit.Assert","methodName":"assertThat","fileName":"Assert.java","lineNumber":923},{"declaringClass":"io.elasticjob.lite.internal.schedule.JobRegistryTest","methodName":"assertGetCurrentShardingTotalCountIfNull","fileName":"JobRegistryTest.java","lineNumber":68},{"declaringClass":"sun.reflect.NativeMethodAccessorImpl","methodName":"invoke0","fileName":"NativeMethodAccessorImpl.java","lineNumber":-2},{"declaringClass":"sun.reflect.NativeMethodAccessorImpl","methodName":"invoke","fileName":"NativeMethodAccessorImpl.java","lineNumber":62},{"declaringClass":"sun.reflect.DelegatingMethodAccessorImpl","methodName":"invoke","fileName":"DelegatingMethodAccessorImpl.java","lineNumber":43},{"declaringClass":"java.lang.reflect.Method","methodName":"invoke","fileName":"Method.java","lineNumber":498},{"declaringClass":"org.junit.runners.model.FrameworkMethod$1","methodName":"runReflectiveCall","fileName":"FrameworkMethod.java","lineNumber":50},{"declaringClass":"org.junit.internal.runners.model.ReflectiveCallable","methodName":"run","fileName":"ReflectiveCallable.java","lineNumber":12},{"declaringClass":"org.junit.runners.model.FrameworkMethod","methodName":"invokeExplosively","fileName":"FrameworkMethod.java","lineNumber":47},{"declaringClass":"org.junit.internal.runners.statements.InvokeMethod","methodName":"evaluate","fileName":"InvokeMethod.java","lineNumber":17},{"declaringClass":"com.reedoei.testrunner.execution.JUnitTestRunner","methodName":"runChild","fileName":"JUnitTestRunner.java","lineNumber":332},{"declaringClass":"com.reedoei.testrunner.execution.JUnitTestRunner","methodName":"run","fileName":"JUnitTestRunner.java","lineNumber":108},{"declaringClass":"org.junit.runner.JUnitCore","methodName":"run","fileName":"JUnitCore.java","lineNumber":137},{"declaringClass":"com.reedoei.testrunner.execution.JUnitTestExecutor","methodName":"execute","fileName":"JUnitTestExecutor.java","lineNumber":292},{"declaringClass":"com.reedoei.testrunner.execution.JUnitTestExecutor","methodName":"execute","fileName":"JUnitTestExecutor.java","lineNumber":328},{"declaringClass":"com.reedoei.testrunner.execution.JUnitTestExecutor","methodName":"executeWithJUnit4Runner","fileName":"JUnitTestExecutor.java","lineNumber":366},{"declaringClass":"com.reedoei.testrunner.execution.JUnitTestExecutor","methodName":"runOrder","fileName":"JUnitTestExecutor.java","lineNumber":47},{"declaringClass":"com.reedoei.testrunner.execution.Executor$","methodName":"$anonfun$run$1","fileName":"Executor.scala","lineNumber":30},{"declaringClass":"scala.runtime.java8.JFunction0$mcV$sp","methodName":"apply","fileName":"JFunction0$mcV$sp.java","lineNumber":12},{"declaringClass":"scala.util.Try$","methodName":"apply","fileName":"Try.scala","lineNumber":209},{"declaringClass":"com.reedoei.testrunner.execution.Executor$","methodName":"run","fileName":"Executor.scala","lineNumber":28},{"declaringClass":"com.reedoei.testrunner.execution.Executor$","methodName":"main","fileName":"Executor.scala","lineNumber":18},{"declaringClass":"com.reedoei.testrunner.execution.Executor","methodName":"main","fileName":"Executor.scala","lineNumber":-1}]},"io.elasticjob.lite.internal.schedule.JobScheduleControllerTest.assertShutdownSuccess":{"name":"io.elasticjob.lite.internal.schedule.JobScheduleControllerTest.assertShutdownSuccess","result":"PASS","time":0.002624753,"stackTrace":[]},"io.elasticjob.lite.internal.schedule.JobScheduleControllerTest.assertIsPauseJobIfShutdown":{"name":"io.elasticjob.lite.internal.schedule.JobScheduleControllerTest.assertIsPauseJobIfShutdown","result":"PASS","time":0.002610714,"stackTrace":[]},"io.elasticjob.lite.internal.schedule.JobScheduleControllerTest.assertShutdownFailure":{"name":"io.elasticjob.lite.internal.schedule.JobScheduleControllerTest.assertShutdownFailure","result":"PASS","time":0.00417995,"stackTrace":[]},"io.elasticjob.lite.reg.exception.RegExceptionHandlerTest.assertHandleExceptionWithOtherException":{"name":"io.elasticjob.lite.reg.exception.RegExceptionHandlerTest.assertHandleExceptionWithOtherException","result":"PASS","time":0.002375262,"stackTrace":[]},"io.elasticjob.lite.internal.failover.FailoverNodeTest.assertGetItemsNode":{"name":"io.elasticjob.lite.internal.failover.FailoverNodeTest.assertGetItemsNode","result":"PASS","time":0.002743981,"stackTrace":[]},"io.elasticjob.lite.context.TaskContextTest.assertGetTaskName":{"name":"io.elasticjob.lite.context.TaskContextTest.assertGetTaskName","result":"PASS","time":0.003848949,"stackTrace":[]},"io.elasticjob.lite.internal.sharding.ShardingServiceTest.assertHasNotShardingInfoInOfflineServers":{"name":"io.elasticjob.lite.internal.sharding.ShardingServiceTest.assertHasNotShardingInfoInOfflineServers","result":"PASS","time":0.014955762,"stackTrace":[]},"io.elasticjob.lite.internal.guarantee.GuaranteeServiceTest.assertIsNotAllStarted":{"name":"io.elasticjob.lite.internal.guarantee.GuaranteeServiceTest.assertIsNotAllStarted","result":"PASS","time":0.01589268,"stackTrace":[]},"io.elasticjob.lite.internal.schedule.JobScheduleControllerTest.assertIsPausedIfTriggerStateIsNormal":{"name":"io.elasticjob.lite.internal.schedule.JobScheduleControllerTest.assertIsPausedIfTriggerStateIsNormal","result":"PASS","time":0.005153886,"stackTrace":[]},"io.elasticjob.lite.reg.zookeeper.ZookeeperRegistryCenterModifyTest.assertRemove":{"name":"io.elasticjob.lite.reg.zookeeper.ZookeeperRegistryCenterModifyTest.assertRemove","result":"PASS","time":0.1185655,"stackTrace":[]},"io.elasticjob.lite.context.TaskContextTest.assertGetIdForUnassignedSlave":{"name":"io.elasticjob.lite.context.TaskContextTest.assertGetIdForUnassignedSlave","result":"PASS","time":0.002696765,"stackTrace":[]},"io.elasticjob.lite.context.TaskContextTest.assertSetSlaveId":{"name":"io.elasticjob.lite.context.TaskContextTest.assertSetSlaveId","result":"PASS","time":0.002333145,"stackTrace":[]},"io.elasticjob.lite.context.TaskContextTest.assertMetaInfoFromWithMetaInfo":{"name":"io.elasticjob.lite.context.TaskContextTest.assertMetaInfoFromWithMetaInfo","result":"PASS","time":0.001118169,"stackTrace":[]},"io.elasticjob.lite.api.strategy.impl.AverageAllocationJobShardingStrategyTest.shardingForZeroServer":{"name":"io.elasticjob.lite.api.strategy.impl.AverageAllocationJobShardingStrategyTest.shardingForZeroServer","result":"PASS","time":0.001132906,"stackTrace":[]},"io.elasticjob.lite.config.LiteJobConfigurationTest.assertBuildAllProperties":{"name":"io.elasticjob.lite.config.LiteJobConfigurationTest.assertBuildAllProperties","result":"PASS","time":0.001507352,"stackTrace":[]},"io.elasticjob.lite.api.strategy.impl.AverageAllocationJobShardingStrategyTest.shardingForServersLessThanShardingCountAliquantFor10ShardingCountAnd3Servers":{"name":"io.elasticjob.lite.api.strategy.impl.AverageAllocationJobShardingStrategyTest.shardingForServersLessThanShardingCountAliquantFor10ShardingCountAnd3Servers","result":"PASS","time":0.011943572,"stackTrace":[]},"io.elasticjob.lite.reg.zookeeper.ZookeeperRegistryCenterMiscellaneousTest.assertGetZkConfig":{"name":"io.elasticjob.lite.reg.zookeeper.ZookeeperRegistryCenterMiscellaneousTest.assertGetZkConfig","result":"PASS","time":0.002656882,"stackTrace":[]},"io.elasticjob.lite.internal.schedule.JobRegistryTest.assertIsShutdownForJobInstanceNull":{"name":"io.elasticjob.lite.internal.schedule.JobRegistryTest.assertIsShutdownForJobInstanceNull","result":"PASS","time":0.001366123,"stackTrace":[]},"io.elasticjob.lite.internal.schedule.JobRegistryTest.assertGetCurrentShardingTotalCountIfNotNull":{"name":"io.elasticjob.lite.internal.schedule.JobRegistryTest.assertGetCurrentShardingTotalCountIfNotNull","result":"PASS","time":0.001105806,"stackTrace":[]},"io.elasticjob.lite.internal.schedule.JobRegistryTest.assertGetJobInstance":{"name":"io.elasticjob.lite.internal.schedule.JobRegistryTest.assertGetJobInstance","result":"PASS","time":0.001857073,"stackTrace":[]},"io.elasticjob.lite.reg.zookeeper.ZookeeperRegistryCenterQueryWithCacheTest.assertGetWithoutValue":{"name":"io.elasticjob.lite.reg.zookeeper.ZookeeperRegistryCenterQueryWithCacheTest.assertGetWithoutValue","result":"PASS","time":0.243691728,"stackTrace":[]},"io.elasticjob.lite.api.listener.DistributeOnceElasticJobListenerTest.assertAfterJobExecutedWhenIsAllCompletedAndTimeout":{"name":"io.elasticjob.lite.api.listener.DistributeOnceElasticJobListenerTest.assertAfterJobExecutedWhenIsAllCompletedAndTimeout","result":"PASS","time":0.011426919,"stackTrace":[]},"io.elasticjob.lite.internal.instance.TriggerListenerManagerTest.assertNotTriggerWhenIsNotTriggerOperation":{"name":"io.elasticjob.lite.internal.instance.TriggerListenerManagerTest.assertNotTriggerWhenIsNotTriggerOperation","result":"PASS","time":0.009565236,"stackTrace":[]},"io.elasticjob.lite.internal.sharding.ShardingServiceTest.assertGetShardingItemsWithNotAvailableServer":{"name":"io.elasticjob.lite.internal.sharding.ShardingServiceTest.assertGetShardingItemsWithNotAvailableServer","result":"PASS","time":0.009709329,"stackTrace":[]},"io.elasticjob.lite.executor.type.DataflowJobExecutorTest.assertExecuteWhenFetchDataIsNullAndEmpty":{"name":"io.elasticjob.lite.executor.type.DataflowJobExecutorTest.assertExecuteWhenFetchDataIsNullAndEmpty","result":"PASS","time":0.054045921,"stackTrace":[]},"io.elasticjob.lite.internal.listener.RegistryCenterConnectionStateListenerTest.assertConnectionLostListenerWhenConnectionStateIsReconnectedButIsShutdown":{"name":"io.elasticjob.lite.internal.listener.RegistryCenterConnectionStateListenerTest.assertConnectionLostListenerWhenConnectionStateIsReconnectedButIsShutdown","result":"PASS","time":0.005584349,"stackTrace":[]},"io.elasticjob.lite.internal.sharding.ShardingServiceTest.assertIsNeedSharding":{"name":"io.elasticjob.lite.internal.sharding.ShardingServiceTest.assertIsNeedSharding","result":"PASS","time":0.006138578,"stackTrace":[]},"io.elasticjob.lite.internal.instance.TriggerListenerManagerTest.assertTriggerWhenJobScheduleControllerIsNull":{"name":"io.elasticjob.lite.internal.instance.TriggerListenerManagerTest.assertTriggerWhenJobScheduleControllerIsNull","result":"PASS","time":0.041858167,"stackTrace":[]},"io.elasticjob.lite.internal.sharding.ShardingNodeTest.assertGetMisfireNode":{"name":"io.elasticjob.lite.internal.sharding.ShardingNodeTest.assertGetMisfireNode","result":"PASS","time":6.50688E-4,"stackTrace":[]},"io.elasticjob.lite.context.TaskContextTest.assertGetExecutorId":{"name":"io.elasticjob.lite.context.TaskContextTest.assertGetExecutorId","result":"PASS","time":0.022281657,"stackTrace":[]},"io.elasticjob.lite.internal.schedule.JobScheduleControllerTest.assertTriggerJobSuccess":{"name":"io.elasticjob.lite.internal.schedule.JobScheduleControllerTest.assertTriggerJobSuccess","result":"PASS","time":0.004692412,"stackTrace":[]},"io.elasticjob.lite.internal.schedule.JobScheduleControllerTest.assertIsPausedIfTriggerStateIsPaused":{"name":"io.elasticjob.lite.internal.schedule.JobScheduleControllerTest.assertIsPausedIfTriggerStateIsPaused","result":"PASS","time":0.008823748,"stackTrace":[]}},"diffs":{}},"expected":"ERROR","dependentTest":"io.elasticjob.lite.internal.sharding.ShardingListenerManagerTest.assertListenServersChangedJobListenerWhenIsInstanceChangeButJobInstanceIsShutdown","polluters":[{"time":{"startTime":1574097383270,"endTime":1574097383271,"elapsedSeconds":9.999275207519531E-4},"index":0,"deps":["io.elasticjob.lite.api.JobSchedulerTest.assertInit"],"cleanerData":{"dependentTest":"io.elasticjob.lite.internal.sharding.ShardingListenerManagerTest.assertListenServersChangedJobListenerWhenIsInstanceChangeButJobInstanceIsShutdown","time":{"addTime":{"startTime":1574097383330,"endTime":1574097490264,"elapsedSeconds":106.93400025367737},"totalTime":{"startTime":1574097383330,"endTime":1574112061114,"elapsedSeconds":14677.78400015831}},"expected":"ERROR","isolationResult":"PASS","cleaners":[{"dependentTest":"io.elasticjob.lite.internal.sharding.ShardingListenerManagerTest.assertListenServersChangedJobListenerWhenIsInstanceChangeButJobInstanceIsShutdown","originalSize":32,"cleanerTests":["io.elasticjob.lite.internal.sharding.ShardingListenerManagerTest.assertListenServersChangedJobListenerWhenIsServerChange"],"orderFound":0,"time":{"addTime":{"startTime":1574097383330,"endTime":1574097490264,"elapsedSeconds":106.93400025367737},"totalTime":{"startTime":1574097383330,"endTime":1574112061114,"elapsedSeconds":14677.78400015831}}},{"dependentTest":"io.elasticjob.lite.internal.sharding.ShardingListenerManagerTest.assertListenServersChangedJobListenerWhenIsInstanceChangeButJobInstanceIsShutdown","originalSize":485,"cleanerTests":["io.elasticjob.lite.integrate.std.dataflow.StreamingDataflowElasticJobForExecuteThrowsExceptionTest.assertJobInit"],"orderFound":1,"time":{"addTime":{"startTime":1574097383330,"endTime":1574097633180,"elapsedSeconds":249.85000014305115},"totalTime":{"startTime":1574097383330,"endTime":1574112871596,"elapsedSeconds":15488.266000032425}}},{"dependentTest":"io.elasticjob.lite.internal.sharding.ShardingListenerManagerTest.assertListenServersChangedJobListenerWhenIsInstanceChangeButJobInstanceIsShutdown","originalSize":1,"cleanerTests":["io.elasticjob.lite.integrate.std.dataflow.StreamingDataflowElasticJobForNotMonitorTest.assertJobInit"],"orderFound":3,"time":{"addTime":{"startTime":1574097383330,"endTime":1574101196541,"elapsedSeconds":3813.211000442505},"totalTime":{"startTime":1574097383330,"endTime":1574112955360,"elapsedSeconds":15572.02999997139}}},{"dependentTest":"io.elasticjob.lite.internal.sharding.ShardingListenerManagerTest.assertListenServersChangedJobListenerWhenIsInstanceChangeButJobInstanceIsShutdown","originalSize":1,"cleanerTests":["io.elasticjob.lite.integrate.std.dataflow.OneOffDataflowElasticJobTest.assertJobInit"],"orderFound":4,"time":{"addTime":{"startTime":1574097383330,"endTime":1574101230884,"elapsedSeconds":3847.554000377655},"totalTime":{"startTime":1574097383330,"endTime":1574113036225,"elapsedSeconds":15652.894999980927}}},{"dependentTest":"io.elasticjob.lite.internal.sharding.ShardingListenerManagerTest.assertListenServersChangedJobListenerWhenIsInstanceChangeButJobInstanceIsShutdown","originalSize":1,"cleanerTests":["io.elasticjob.lite.integrate.std.dataflow.StreamingDataflowElasticJobTest.assertJobInit"],"orderFound":5,"time":{"addTime":{"startTime":1574097383330,"endTime":1574101266120,"elapsedSeconds":3882.79000043869},"totalTime":{"startTime":1574097383330,"endTime":1574113116428,"elapsedSeconds":15733.098000049591}}},{"dependentTest":"io.elasticjob.lite.internal.sharding.ShardingListenerManagerTest.assertListenServersChangedJobListenerWhenIsInstanceChangeButJobInstanceIsShutdown","originalSize":1,"cleanerTests":["io.elasticjob.lite.integrate.std.dataflow.StreamingDataflowElasticJobForMultipleThreadsTest.assertJobInit"],"orderFound":6,"time":{"addTime":{"startTime":1574097383330,"endTime":1574101301926,"elapsedSeconds":3918.596000432968},"totalTime":{"startTime":1574097383330,"endTime":1574113196161,"elapsedSeconds":15812.831000089645}}},{"dependentTest":"io.elasticjob.lite.internal.sharding.ShardingListenerManagerTest.assertListenServersChangedJobListenerWhenIsInstanceChangeButJobInstanceIsShutdown","originalSize":1,"cleanerTests":["io.elasticjob.lite.integrate.std.dataflow.StreamingDataflowElasticJobForExecuteFailureTest.assertJobInit"],"orderFound":7,"time":{"addTime":{"startTime":1574097383330,"endTime":1574101337078,"elapsedSeconds":3953.748000383377},"totalTime":{"startTime":1574097383330,"endTime":1574113275438,"elapsedSeconds":15892.108000040054}}},{"dependentTest":"io.elasticjob.lite.internal.sharding.ShardingListenerManagerTest.assertListenServersChangedJobListenerWhenIsInstanceChangeButJobInstanceIsShutdown","originalSize":1,"cleanerTests":["io.elasticjob.lite.integrate.std.script.ScriptElasticJobTest.assertJobInit"],"orderFound":8,"time":{"addTime":{"startTime":1574097383330,"endTime":1574101369354,"elapsedSeconds":3986.0240004062653},"totalTime":{"startTime":1574097383330,"endTime":1574113351766,"elapsedSeconds":15968.436000108719}}},{"dependentTest":"io.elasticjob.lite.internal.sharding.ShardingListenerManagerTest.assertListenServersChangedJobListenerWhenIsInstanceChangeButJobInstanceIsShutdown","originalSize":1,"cleanerTests":["io.elasticjob.lite.integrate.std.simple.SimpleElasticJobTest.assertJobInit"],"orderFound":9,"time":{"addTime":{"startTime":1574097383330,"endTime":1574101410525,"elapsedSeconds":4027.19500041008},"totalTime":{"startTime":1574097383330,"endTime":1574113431776,"elapsedSeconds":16048.446000099182}}},{"dependentTest":"io.elasticjob.lite.internal.sharding.ShardingListenerManagerTest.assertListenServersChangedJobListenerWhenIsInstanceChangeButJobInstanceIsShutdown","originalSize":1,"cleanerTests":["io.elasticjob.lite.integrate.std.simple.DisabledJobTest.assertJobInit"],"orderFound":10,"time":{"addTime":{"startTime":1574097383330,"endTime":1574101440342,"elapsedSeconds":4057.0120005607605},"totalTime":{"startTime":1574097383330,"endTime":1574113507036,"elapsedSeconds":16123.706000089645}}},{"dependentTest":"io.elasticjob.lite.internal.sharding.ShardingListenerManagerTest.assertListenServersChangedJobListenerWhenIsInstanceChangeButJobInstanceIsShutdown","originalSize":1,"cleanerTests":["io.elasticjob.lite.internal.election.LeaderServiceTest.assertIsLeader"],"orderFound":11,"time":{"addTime":{"startTime":1574097383330,"endTime":1574102208739,"elapsedSeconds":4825.40900015831},"totalTime":{"startTime":1574097383330,"endTime":1574113575188,"elapsedSeconds":16191.858000040054}}},{"dependentTest":"io.elasticjob.lite.internal.sharding.ShardingListenerManagerTest.assertListenServersChangedJobListenerWhenIsInstanceChangeButJobInstanceIsShutdown","originalSize":1,"cleanerTests":["io.elasticjob.lite.internal.election.LeaderServiceTest.assertIsLeaderUntilBlockWhenHasLeader"],"orderFound":12,"time":{"addTime":{"startTime":1574097383330,"endTime":1574102281587,"elapsedSeconds":4898.257000207901},"totalTime":{"startTime":1574097383330,"endTime":1574113642601,"elapsedSeconds":16259.271000146866}}},{"dependentTest":"io.elasticjob.lite.internal.sharding.ShardingListenerManagerTest.assertListenServersChangedJobListenerWhenIsInstanceChangeButJobInstanceIsShutdown","originalSize":1,"cleanerTests":["io.elasticjob.lite.internal.election.LeaderServiceTest.assertIsLeaderUntilBlockWithLeader"],"orderFound":13,"time":{"addTime":{"startTime":1574097383330,"endTime":1574102382636,"elapsedSeconds":4999.3060002326965},"totalTime":{"startTime":1574097383330,"endTime":1574113708809,"elapsedSeconds":16325.479000091553}}},{"dependentTest":"io.elasticjob.lite.internal.sharding.ShardingListenerManagerTest.assertListenServersChangedJobListenerWhenIsInstanceChangeButJobInstanceIsShutdown","originalSize":1,"cleanerTests":["io.elasticjob.lite.internal.election.ElectionListenerManagerTest.assertLeaderElectionWhenRemoveLeaderInstancePathWithAvailableServer"],"orderFound":14,"time":{"addTime":{"startTime":1574097383330,"endTime":1574102619976,"elapsedSeconds":5236.646000146866},"totalTime":{"startTime":1574097383330,"endTime":1574113775293,"elapsedSeconds":16391.963000059128}}},{"dependentTest":"io.elasticjob.lite.internal.sharding.ShardingListenerManagerTest.assertListenServersChangedJobListenerWhenIsInstanceChangeButJobInstanceIsShutdown","originalSize":1,"cleanerTests":["io.elasticjob.lite.internal.election.ElectionListenerManagerTest.assertLeaderElectionWhenServerEnableWithoutLeader"],"orderFound":15,"time":{"addTime":{"startTime":1574097383330,"endTime":1574102675841,"elapsedSeconds":5292.511000156403},"totalTime":{"startTime":1574097383330,"endTime":1574113844467,"elapsedSeconds":16461.137000083923}}},{"dependentTest":"io.elasticjob.lite.internal.sharding.ShardingListenerManagerTest.assertListenServersChangedJobListenerWhenIsInstanceChangeButJobInstanceIsShutdown","originalSize":1,"cleanerTests":["io.elasticjob.lite.internal.instance.TriggerListenerManagerTest.assertTriggerWhenJobIsRunning"],"orderFound":16,"time":{"addTime":{"startTime":1574097383330,"endTime":1574102834074,"elapsedSeconds":5450.743999958038},"totalTime":{"startTime":1574097383330,"endTime":1574113912250,"elapsedSeconds":16528.920000076294}}},{"dependentTest":"io.elasticjob.lite.internal.sharding.ShardingListenerManagerTest.assertListenServersChangedJobListenerWhenIsInstanceChangeButJobInstanceIsShutdown","originalSize":1,"cleanerTests":["io.elasticjob.lite.internal.instance.TriggerListenerManagerTest.assertTriggerWhenJobIsNotRunning"],"orderFound":17,"time":{"addTime":{"startTime":1574097383330,"endTime":1574102860092,"elapsedSeconds":5476.7629997730255},"totalTime":{"startTime":1574097383330,"endTime":1574113979668,"elapsedSeconds":16596.338000059128}}},{"dependentTest":"io.elasticjob.lite.internal.sharding.ShardingListenerManagerTest.assertListenServersChangedJobListenerWhenIsInstanceChangeButJobInstanceIsShutdown","originalSize":1,"cleanerTests":["io.elasticjob.lite.internal.instance.ShutdownListenerManagerTest.assertUpdateLocalInstancePath"],"orderFound":18,"time":{"addTime":{"startTime":1574097383330,"endTime":1574103321987,"elapsedSeconds":5938.65700006485},"totalTime":{"startTime":1574097383330,"endTime":1574114052418,"elapsedSeconds":16669.088000059128}}},{"dependentTest":"io.elasticjob.lite.internal.sharding.ShardingListenerManagerTest.assertListenServersChangedJobListenerWhenIsInstanceChangeButJobInstanceIsShutdown","originalSize":1,"cleanerTests":["io.elasticjob.lite.internal.instance.ShutdownListenerManagerTest.assertIsNotLocalInstancePath"],"orderFound":19,"time":{"addTime":{"startTime":1574097383330,"endTime":1574103453207,"elapsedSeconds":6069.877000570297},"totalTime":{"startTime":1574097383330,"endTime":1574114122380,"elapsedSeconds":16739.050000190735}}},{"dependentTest":"io.elasticjob.lite.internal.sharding.ShardingListenerManagerTest.assertListenServersChangedJobListenerWhenIsInstanceChangeButJobInstanceIsShutdown","originalSize":1,"cleanerTests":["io.elasticjob.lite.internal.config.RescheduleListenerManagerTest.assertCronSettingChangedJobListenerWhenIsCronPathAndUpdateAndFindJob"],"orderFound":20,"time":{"addTime":{"startTime":1574097383330,"endTime":1574104039449,"elapsedSeconds":6656.118999958038},"totalTime":{"startTime":1574097383330,"endTime":1574114190878,"elapsedSeconds":16807.548000097275}}},{"dependentTest":"io.elasticjob.lite.internal.sharding.ShardingListenerManagerTest.assertListenServersChangedJobListenerWhenIsInstanceChangeButJobInstanceIsShutdown","originalSize":1,"cleanerTests":["io.elasticjob.lite.internal.listener.RegistryCenterConnectionStateListenerTest.assertConnectionLostListenerWhenConnectionStateIsLost"],"orderFound":21,"time":{"addTime":{"startTime":1574097383330,"endTime":1574104107855,"elapsedSeconds":6724.52599978447},"totalTime":{"startTime":1574097383330,"endTime":1574114268380,"elapsedSeconds":16885.050000190735}}},{"dependentTest":"io.elasticjob.lite.internal.sharding.ShardingListenerManagerTest.assertListenServersChangedJobListenerWhenIsInstanceChangeButJobInstanceIsShutdown","originalSize":1,"cleanerTests":["io.elasticjob.lite.internal.listener.RegistryCenterConnectionStateListenerTest.assertConnectionLostListenerWhenConnectionStateIsOther"],"orderFound":22,"time":{"addTime":{"startTime":1574097383330,"endTime":1574104128946,"elapsedSeconds":6745.61699962616},"totalTime":{"startTime":1574097383330,"endTime":1574114341162,"elapsedSeconds":16957.832000017166}}},{"dependentTest":"io.elasticjob.lite.internal.sharding.ShardingListenerManagerTest.assertListenServersChangedJobListenerWhenIsInstanceChangeButJobInstanceIsShutdown","originalSize":1,"cleanerTests":["io.elasticjob.lite.internal.listener.RegistryCenterConnectionStateListenerTest.assertConnectionLostListenerWhenConnectionStateIsReconnected"],"orderFound":23,"time":{"addTime":{"startTime":1574097383330,"endTime":1574104158202,"elapsedSeconds":6774.872999429703},"totalTime":{"startTime":1574097383330,"endTime":1574114412731,"elapsedSeconds":17029.40100002289}}},{"dependentTest":"io.elasticjob.lite.internal.sharding.ShardingListenerManagerTest.assertListenServersChangedJobListenerWhenIsInstanceChangeButJobInstanceIsShutdown","originalSize":1,"cleanerTests":["io.elasticjob.lite.internal.failover.FailoverServiceTest.assertFailoverLeaderExecutionCallbackIfNotNecessary"],"orderFound":24,"time":{"addTime":{"startTime":1574097383330,"endTime":1574104577280,"elapsedSeconds":7193.950999498367},"totalTime":{"startTime":1574097383330,"endTime":1574114483011,"elapsedSeconds":17099.680999994278}}},{"dependentTest":"io.elasticjob.lite.internal.sharding.ShardingListenerManagerTest.assertListenServersChangedJobListenerWhenIsInstanceChangeButJobInstanceIsShutdown","originalSize":1,"cleanerTests":["io.elasticjob.lite.internal.failover.FailoverServiceTest.assertFailoverLeaderExecutionCallbackIfNecessary"],"orderFound":25,"time":{"addTime":{"startTime":1574097383330,"endTime":1574104599884,"elapsedSeconds":7216.5549993515015},"totalTime":{"startTime":1574097383330,"endTime":1574114552182,"elapsedSeconds":17168.851999998093}}},{"dependentTest":"io.elasticjob.lite.internal.sharding.ShardingListenerManagerTest.assertListenServersChangedJobListenerWhenIsInstanceChangeButJobInstanceIsShutdown","originalSize":1,"cleanerTests":["io.elasticjob.lite.internal.failover.FailoverServiceTest.assertGetFailoverItems"],"orderFound":26,"time":{"addTime":{"startTime":1574097383330,"endTime":1574104624403,"elapsedSeconds":7241.073999404907},"totalTime":{"startTime":1574097383330,"endTime":1574114620313,"elapsedSeconds":17236.983000040054}}},{"dependentTest":"io.elasticjob.lite.internal.sharding.ShardingListenerManagerTest.assertListenServersChangedJobListenerWhenIsInstanceChangeButJobInstanceIsShutdown","originalSize":1,"cleanerTests":["io.elasticjob.lite.internal.failover.FailoverServiceTest.assertGetLocalFailoverItems"],"orderFound":27,"time":{"addTime":{"startTime":1574097383330,"endTime":1574104647394,"elapsedSeconds":7264.064999341965},"totalTime":{"startTime":1574097383330,"endTime":1574114688529,"elapsedSeconds":17305.199000120163}}},{"dependentTest":"io.elasticjob.lite.internal.sharding.ShardingListenerManagerTest.assertListenServersChangedJobListenerWhenIsInstanceChangeButJobInstanceIsShutdown","originalSize":1,"cleanerTests":["io.elasticjob.lite.internal.failover.FailoverListenerManagerTest.assertJobCrashedJobListenerWhenIsOtherInstanceCrashed"],"orderFound":28,"time":{"addTime":{"startTime":1574097383330,"endTime":1574104804940,"elapsedSeconds":7421.610999345779},"totalTime":{"startTime":1574097383330,"endTime":1574114759463,"elapsedSeconds":17376.13300013542}}},{"dependentTest":"io.elasticjob.lite.internal.sharding.ShardingListenerManagerTest.assertListenServersChangedJobListenerWhenIsInstanceChangeButJobInstanceIsShutdown","originalSize":1,"cleanerTests":["io.elasticjob.lite.internal.failover.FailoverListenerManagerTest.assertJobCrashedJobListenerWhenIsOtherFailoverInstanceCrashed"],"orderFound":29,"time":{"addTime":{"startTime":1574097383330,"endTime":1574104910883,"elapsedSeconds":7527.553998947144},"totalTime":{"startTime":1574097383330,"endTime":1574114829671,"elapsedSeconds":17446.34100008011}}},{"dependentTest":"io.elasticjob.lite.internal.sharding.ShardingListenerManagerTest.assertListenServersChangedJobListenerWhenIsInstanceChangeButJobInstanceIsShutdown","originalSize":1,"cleanerTests":["io.elasticjob.lite.internal.failover.FailoverListenerManagerTest.assertJobCrashedJobListenerWhenIsSameInstance"],"orderFound":30,"time":{"addTime":{"startTime":1574097383330,"endTime":1574105016958,"elapsedSeconds":7633.628999233246},"totalTime":{"startTime":1574097383330,"endTime":1574114899302,"elapsedSeconds":17515.97200012207}}},{"dependentTest":"io.elasticjob.lite.internal.sharding.ShardingListenerManagerTest.assertListenServersChangedJobListenerWhenIsInstanceChangeButJobInstanceIsShutdown","originalSize":1,"cleanerTests":["io.elasticjob.lite.internal.sharding.ShardingListenerManagerTest.assertListenServersChangedJobListenerWhenIsInstanceChange"],"orderFound":32,"time":{"addTime":{"startTime":1574097383330,"endTime":1574106352604,"elapsedSeconds":8969.274999380112},"totalTime":{"startTime":1574097383330,"endTime":1574114966400,"elapsedSeconds":17583.07000017166}}},{"dependentTest":"io.elasticjob.lite.internal.sharding.ShardingListenerManagerTest.assertListenServersChangedJobListenerWhenIsInstanceChangeButJobInstanceIsShutdown","originalSize":1,"cleanerTests":["io.elasticjob.lite.internal.sharding.ShardingServiceTest.assertGetLocalShardingItemsWithEnabledServer"],"orderFound":33,"time":{"addTime":{"startTime":1574097383330,"endTime":1574106786363,"elapsedSeconds":9403.03299999237},"totalTime":{"startTime":1574097383330,"endTime":1574115040524,"elapsedSeconds":17657.194000005722}}},{"dependentTest":"io.elasticjob.lite.internal.sharding.ShardingListenerManagerTest.assertListenServersChangedJobListenerWhenIsInstanceChangeButJobInstanceIsShutdown","originalSize":1,"cleanerTests":["io.elasticjob.lite.internal.sharding.ShardingServiceTest.assertGetLocalShardingItemsWithDisabledServer"],"orderFound":34,"time":{"addTime":{"startTime":1574097383330,"endTime":1574106908496,"elapsedSeconds":9525.166000366211},"totalTime":{"startTime":1574097383330,"endTime":1574115134714,"elapsedSeconds":17751.384000062943}}},{"dependentTest":"io.elasticjob.lite.internal.sharding.ShardingListenerManagerTest.assertListenServersChangedJobListenerWhenIsInstanceChangeButJobInstanceIsShutdown","originalSize":1,"cleanerTests":["io.elasticjob.lite.internal.sharding.ShardingServiceTest.assertGetShardingItemsWithEnabledServer"],"orderFound":35,"time":{"addTime":{"startTime":1574097383330,"endTime":1574106932187,"elapsedSeconds":9548.85700058937},"totalTime":{"startTime":1574097383330,"endTime":1574115222220,"elapsedSeconds":17838.890000104904}}},{"dependentTest":"io.elasticjob.lite.internal.sharding.ShardingListenerManagerTest.assertListenServersChangedJobListenerWhenIsInstanceChangeButJobInstanceIsShutdown","originalSize":1,"cleanerTests":["io.elasticjob.lite.internal.monitor.MonitorServiceDisableTest.assertMonitorWithDumpCommand"],"orderFound":36,"time":{"addTime":{"startTime":1574097383330,"endTime":1574107820735,"elapsedSeconds":10437.405000686646},"totalTime":{"startTime":1574097383330,"endTime":1574115306932,"elapsedSeconds":17923.601999998093}}},{"dependentTest":"io.elasticjob.lite.internal.sharding.ShardingListenerManagerTest.assertListenServersChangedJobListenerWhenIsInstanceChangeButJobInstanceIsShutdown","originalSize":1,"cleanerTests":["io.elasticjob.lite.internal.monitor.MonitorServiceEnableTest.assertMonitorWithCommand"],"orderFound":37,"time":{"addTime":{"startTime":1574097383330,"endTime":1574107866248,"elapsedSeconds":10482.918000936508},"totalTime":{"startTime":1574097383330,"endTime":1574115401918,"elapsedSeconds":18018.588000059128}}},{"dependentTest":"io.elasticjob.lite.internal.sharding.ShardingListenerManagerTest.assertListenServersChangedJobListenerWhenIsInstanceChangeButJobInstanceIsShutdown","originalSize":1,"cleanerTests":["io.elasticjob.lite.internal.schedule.SchedulerFacadeTest.assertShutdownInstanceIfLeaderAndReconcileServiceIsRunning"],"orderFound":38,"time":{"addTime":{"startTime":1574097383330,"endTime":1574107969704,"elapsedSeconds":10586.374001026154},"totalTime":{"startTime":1574097383330,"endTime":1574115498081,"elapsedSeconds":18114.75100016594}}},{"dependentTest":"io.elasticjob.lite.internal.sharding.ShardingListenerManagerTest.assertListenServersChangedJobListenerWhenIsInstanceChangeButJobInstanceIsShutdown","originalSize":1,"cleanerTests":["io.elasticjob.lite.internal.schedule.SchedulerFacadeTest.assertShutdownInstanceIfNotLeaderAndReconcileServiceIsNotRunning"],"orderFound":39,"time":{"addTime":{"startTime":1574097383330,"endTime":1574107992040,"elapsedSeconds":10608.710000991821},"totalTime":{"startTime":1574097383330,"endTime":1574115586609,"elapsedSeconds":18203.27900004387}}},{"dependentTest":"io.elasticjob.lite.internal.sharding.ShardingListenerManagerTest.assertListenServersChangedJobListenerWhenIsInstanceChangeButJobInstanceIsShutdown","originalSize":1,"cleanerTests":["io.elasticjob.lite.internal.server.ServerServiceTest.assertPersistOnlineForInstanceShutdown"],"orderFound":40,"time":{"addTime":{"startTime":1574097383330,"endTime":1574109617582,"elapsedSeconds":12234.252002239227},"totalTime":{"startTime":1574097383330,"endTime":1574115671096,"elapsedSeconds":18287.766000032425}}},{"dependentTest":"io.elasticjob.lite.internal.sharding.ShardingListenerManagerTest.assertListenServersChangedJobListenerWhenIsInstanceChangeButJobInstanceIsShutdown","originalSize":1,"cleanerTests":["io.elasticjob.lite.internal.server.ServerServiceTest.assertPersistOnlineForDisabledServer"],"orderFound":41,"time":{"addTime":{"startTime":1574097383330,"endTime":1574109675569,"elapsedSeconds":12292.239002227783},"totalTime":{"startTime":1574097383330,"endTime":1574115767444,"elapsedSeconds":18384.114000082016}}},{"dependentTest":"io.elasticjob.lite.internal.sharding.ShardingListenerManagerTest.assertListenServersChangedJobListenerWhenIsInstanceChangeButJobInstanceIsShutdown","originalSize":1,"cleanerTests":["io.elasticjob.lite.internal.server.ServerServiceTest.assertPersistOnlineForEnabledServer"],"orderFound":42,"time":{"addTime":{"startTime":1574097383330,"endTime":1574109684442,"elapsedSeconds":12301.112002372742},"totalTime":{"startTime":1574097383330,"endTime":1574115849769,"elapsedSeconds":18466.4390001297}}}]}}],"hash":"0aa058a8def41136cfabdbb038c56b9c","flakyClass":"OD"}