{"time":{"startTime":1574062471132,"endTime":1574069252442,"elapsedSeconds":6781.3099999427795},"expectedRun":{"id":"1574062410924-b241d800-287e-4443-b64d-d4ef7c38d5ac","testOrder":["org.apache.struts2.portlet.context.PortletActionContextTest.testGetRenderRequestAndResponseInEventPhase","org.apache.struts2.portlet.context.PortletActionContextTest.testGetActionRequestAndResponseInRenderPhase","org.apache.struts2.portlet.context.PortletActionContextTest.testIsRender","org.apache.struts2.portlet.context.PortletActionContextTest.testGetPhase","org.apache.struts2.portlet.context.PortletActionContextTest.testIsEvent","org.apache.struts2.portlet.context.PortletActionContextTest.testGetPortletConfig","org.apache.struts2.portlet.context.PortletActionContextTest.testIsAction","org.apache.struts2.portlet.context.PortletActionContextTest.testGetDefaultActionForMode","org.apache.struts2.portlet.context.PortletActionContextTest.testGetActionRequestAndResponse","org.apache.struts2.portlet.context.PortletActionContextTest.testGetRenderRequestAndResponse","org.apache.struts2.portlet.context.PortletActionContextTest.testGetNamespace","org.apache.struts2.portlet.dispatcher.Jsr168DispatcherTest.testModeChangeUsingPortletWidgets","org.apache.struts2.portlet.dispatcher.Jsr168DispatcherTest.testProcessAction_ok","org.apache.struts2.portlet.dispatcher.Jsr168DispatcherTest.testParseConfigWithBang","org.apache.struts2.portlet.dispatcher.Jsr168DispatcherTest.testRender_ok","org.apache.struts2.portlet.interceptor.PortletStateInterceptorTest.testRestoreValueStackInRenderPhaseWhenNotProperPrg","org.apache.struts2.portlet.interceptor.PortletStateInterceptorTest.testDoNotRestoreValueStackInRenderPhaseWhenProperPrg","org.apache.struts2.portlet.interceptor.PortletStateInterceptorTest.testCopyValueStackFromEventToRenderPhase","org.apache.struts2.portlet.PortletRequestMapTest.testEntrySet","org.apache.struts2.portlet.PortletRequestMapTest.testRemove","org.apache.struts2.portlet.PortletRequestMapTest.testClear","org.apache.struts2.portlet.PortletRequestMapTest.testGet","org.apache.struts2.portlet.PortletRequestMapTest.testPut","org.apache.struts2.portlet.result.PortletResultTest.testDoExecute_render","org.apache.struts2.portlet.result.PortletResultTest.testTitleAndContentType","org.apache.struts2.portlet.result.PortletResultTest.testDoExecute_event_locationIsAction","org.apache.struts2.portlet.result.PortletResultTest.testDoExecute_event_locationIsJsp","org.apache.struts2.portlet.result.PortletResultTest.testDoExecute_event_locationHasQueryParams","org.apache.struts2.portlet.dispatcher.Jsr286DispatcherTest.testProcessAction_ok","org.apache.struts2.portlet.dispatcher.Jsr286DispatcherTest.testParseConfigWithBang","org.apache.struts2.portlet.dispatcher.Jsr286DispatcherTest.testRender_ok","org.apache.struts2.portlet.dispatcher.Jsr286DispatcherTest.testModeChangeUsingPortletWidgets","org.apache.struts2.views.jsp.PortletUrlTagTest.testActionUrl","org.apache.struts2.views.jsp.PortletUrlTagTest.testEnsureParamsAreStringArrays","org.apache.struts2.views.jsp.PortletUrlTagTest.testSetWindowState","org.apache.struts2.views.jsp.PortletUrlTagTest.testSetPortletMode","org.apache.struts2.views.jsp.PortletUrlTagTest.testUrlWithMethod","org.apache.struts2.views.jsp.PortletUrlTagTest.testResourceUrlWithNestedParam","org.apache.struts2.views.jsp.PortletUrlTagTest.testUrlWithQueryParams","org.apache.struts2.views.jsp.PortletUrlTagTest.testResourceUrlWithTwoNestedParam","org.apache.struts2.views.jsp.PortletUrlTagTest.testResourceUrl","org.apache.struts2.views.jsp.PortletUrlTagTest.testWhenPortletModeDiffersFromCurrentAndNoParametersAreSetRenderTheDefaults","org.apache.struts2.views.jsp.PortletUrlTagTest.testUrlWithNoActionOrMethod","org.apache.struts2.components.PortletUrlRendererTest.testRenderUrlWithNamespace","org.apache.struts2.components.PortletUrlRendererTest.testIsPortelModeChanged","org.apache.struts2.portlet.PortletSessionMapTest.testEntrySet","org.apache.struts2.portlet.PortletSessionMapTest.testPut","org.apache.struts2.portlet.PortletSessionMapTest.testGet","org.apache.struts2.portlet.PortletSessionMapTest.testClear","org.apache.struts2.portlet.PortletSessionMapTest.testRemove","org.apache.struts2.portlet.interceptor.PortletAwareInterceptorTest.testPortletRequestIsSet","org.apache.struts2.portlet.util.PortletUrlHelperTest.testCreateActionUrl","org.apache.struts2.portlet.util.PortletUrlHelperTest.testCreateRenderUrlWithDifferentWindowState","org.apache.struts2.portlet.util.PortletUrlHelperTest.testCreateRenderUrlWithDifferentPortletMode","org.apache.struts2.portlet.util.PortletUrlHelperTest.testCreateRenderUrlWithNoModeOrState","org.apache.struts2.portlet.PortletApplicationMapTest.testRemove","org.apache.struts2.portlet.PortletApplicationMapTest.testGetFromAttributes","org.apache.struts2.portlet.PortletApplicationMapTest.testPut","org.apache.struts2.portlet.PortletApplicationMapTest.testClear","org.apache.struts2.portlet.PortletApplicationMapTest.testEntrySet","org.apache.struts2.portlet.PortletApplicationMapTest.testGetFromInitParameters"],"results":{"org.apache.struts2.portlet.context.PortletActionContextTest.testIsRender":{"name":"org.apache.struts2.portlet.context.PortletActionContextTest.testIsRender","result":"PASS","time":0.009457531,"stackTrace":[]},"org.apache.struts2.views.jsp.PortletUrlTagTest.testSetWindowState":{"name":"org.apache.struts2.views.jsp.PortletUrlTagTest.testSetWindowState","result":"PASS","time":1.262296443,"stackTrace":[]},"org.apache.struts2.portlet.PortletRequestMapTest.testClear":{"name":"org.apache.struts2.portlet.PortletRequestMapTest.testClear","result":"PASS","time":0.002770591,"stackTrace":[]},"org.apache.struts2.portlet.PortletApplicationMapTest.testClear":{"name":"org.apache.struts2.portlet.PortletApplicationMapTest.testClear","result":"PASS","time":0.001937535,"stackTrace":[]},"org.apache.struts2.portlet.context.PortletActionContextTest.testGetActionRequestAndResponseInRenderPhase":{"name":"org.apache.struts2.portlet.context.PortletActionContextTest.testGetActionRequestAndResponseInRenderPhase","result":"PASS","time":0.008997104,"stackTrace":[]},"org.apache.struts2.portlet.dispatcher.Jsr168DispatcherTest.testRender_ok":{"name":"org.apache.struts2.portlet.dispatcher.Jsr168DispatcherTest.testRender_ok","result":"ERROR","time":0.544087818,"stackTrace":[{"declaringClass":"org.jmock.core.AbstractDynamicMock","methodName":"mockInvocation","fileName":"AbstractDynamicMock.java","lineNumber":96},{"declaringClass":"org.jmock.cglib.CGLIBCoreMock","methodName":"intercept","fileName":"CGLIBCoreMock.java","lineNumber":79},{"declaringClass":"org.jmock.codegen.com.opensymphony.xwork2.ActionProxyFactory$$EnhancerByCGLIB$$d550a890","methodName":"createActionProxy","fileName":"\u003cgenerated\u003e","lineNumber":-1},{"declaringClass":"org.apache.struts2.portlet.dispatcher.Jsr168Dispatcher","methodName":"serviceAction","fileName":"Jsr168Dispatcher.java","lineNumber":485},{"declaringClass":"org.apache.struts2.portlet.dispatcher.Jsr168Dispatcher","methodName":"render","fileName":"Jsr168Dispatcher.java","lineNumber":337},{"declaringClass":"org.apache.struts2.portlet.dispatcher.Jsr168DispatcherTest","methodName":"testRender_ok","fileName":"Jsr168DispatcherTest.java","lineNumber":154},{"declaringClass":"sun.reflect.NativeMethodAccessorImpl","methodName":"invoke0","fileName":"NativeMethodAccessorImpl.java","lineNumber":-2},{"declaringClass":"sun.reflect.NativeMethodAccessorImpl","methodName":"invoke","fileName":"NativeMethodAccessorImpl.java","lineNumber":62},{"declaringClass":"sun.reflect.DelegatingMethodAccessorImpl","methodName":"invoke","fileName":"DelegatingMethodAccessorImpl.java","lineNumber":43},{"declaringClass":"java.lang.reflect.Method","methodName":"invoke","fileName":"Method.java","lineNumber":498},{"declaringClass":"org.junit.runners.model.FrameworkMethod$1","methodName":"runReflectiveCall","fileName":"FrameworkMethod.java","lineNumber":50},{"declaringClass":"org.junit.internal.runners.model.ReflectiveCallable","methodName":"run","fileName":"ReflectiveCallable.java","lineNumber":12},{"declaringClass":"org.junit.runners.model.FrameworkMethod","methodName":"invokeExplosively","fileName":"FrameworkMethod.java","lineNumber":47},{"declaringClass":"org.junit.internal.runners.statements.InvokeMethod","methodName":"evaluate","fileName":"InvokeMethod.java","lineNumber":17},{"declaringClass":"org.junit.internal.runners.statements.RunBefores","methodName":"evaluate","fileName":"RunBefores.java","lineNumber":26},{"declaringClass":"org.junit.internal.runners.statements.RunAfters","methodName":"evaluate","fileName":"RunAfters.java","lineNumber":27},{"declaringClass":"com.reedoei.testrunner.execution.JUnitTestRunner","methodName":"runChild","fileName":"JUnitTestRunner.java","lineNumber":332},{"declaringClass":"com.reedoei.testrunner.execution.JUnitTestRunner","methodName":"run","fileName":"JUnitTestRunner.java","lineNumber":108},{"declaringClass":"org.junit.runner.JUnitCore","methodName":"run","fileName":"JUnitCore.java","lineNumber":137},{"declaringClass":"com.reedoei.testrunner.execution.JUnitTestExecutor","methodName":"execute","fileName":"JUnitTestExecutor.java","lineNumber":292},{"declaringClass":"com.reedoei.testrunner.execution.JUnitTestExecutor","methodName":"execute","fileName":"JUnitTestExecutor.java","lineNumber":328},{"declaringClass":"com.reedoei.testrunner.execution.JUnitTestExecutor","methodName":"executeWithJUnit4Runner","fileName":"JUnitTestExecutor.java","lineNumber":366},{"declaringClass":"com.reedoei.testrunner.execution.JUnitTestExecutor","methodName":"runOrder","fileName":"JUnitTestExecutor.java","lineNumber":47},{"declaringClass":"com.reedoei.testrunner.execution.Executor$","methodName":"$anonfun$run$1","fileName":"Executor.scala","lineNumber":30},{"declaringClass":"scala.runtime.java8.JFunction0$mcV$sp","methodName":"apply","fileName":"JFunction0$mcV$sp.java","lineNumber":12},{"declaringClass":"scala.util.Try$","methodName":"apply","fileName":"Try.scala","lineNumber":209},{"declaringClass":"com.reedoei.testrunner.execution.Executor$","methodName":"run","fileName":"Executor.scala","lineNumber":28},{"declaringClass":"com.reedoei.testrunner.execution.Executor$","methodName":"main","fileName":"Executor.scala","lineNumber":18},{"declaringClass":"com.reedoei.testrunner.execution.Executor","methodName":"main","fileName":"Executor.scala","lineNumber":-1}]},"org.apache.struts2.portlet.dispatcher.Jsr286DispatcherTest.testModeChangeUsingPortletWidgets":{"name":"org.apache.struts2.portlet.dispatcher.Jsr286DispatcherTest.testModeChangeUsingPortletWidgets","result":"PASS","time":0.117275747,"stackTrace":[]},"org.apache.struts2.portlet.PortletSessionMapTest.testClear":{"name":"org.apache.struts2.portlet.PortletSessionMapTest.testClear","result":"PASS","time":0.005995252,"stackTrace":[]},"org.apache.struts2.portlet.result.PortletResultTest.testDoExecute_render":{"name":"org.apache.struts2.portlet.result.PortletResultTest.testDoExecute_render","result":"PASS","time":0.073936924,"stackTrace":[]},"org.apache.struts2.components.PortletUrlRendererTest.testIsPortelModeChanged":{"name":"org.apache.struts2.components.PortletUrlRendererTest.testIsPortelModeChanged","result":"PASS","time":1.211361771,"stackTrace":[]},"org.apache.struts2.portlet.context.PortletActionContextTest.testGetNamespace":{"name":"org.apache.struts2.portlet.context.PortletActionContextTest.testGetNamespace","result":"PASS","time":0.005196281,"stackTrace":[]},"org.apache.struts2.views.jsp.PortletUrlTagTest.testUrlWithNoActionOrMethod":{"name":"org.apache.struts2.views.jsp.PortletUrlTagTest.testUrlWithNoActionOrMethod","result":"PASS","time":0.555893647,"stackTrace":[]},"org.apache.struts2.portlet.PortletApplicationMapTest.testGetFromAttributes":{"name":"org.apache.struts2.portlet.PortletApplicationMapTest.testGetFromAttributes","result":"PASS","time":0.002143511,"stackTrace":[]},"org.apache.struts2.portlet.interceptor.PortletAwareInterceptorTest.testPortletRequestIsSet":{"name":"org.apache.struts2.portlet.interceptor.PortletAwareInterceptorTest.testPortletRequestIsSet","result":"PASS","time":0.041744793,"stackTrace":[]},"org.apache.struts2.portlet.result.PortletResultTest.testTitleAndContentType":{"name":"org.apache.struts2.portlet.result.PortletResultTest.testTitleAndContentType","result":"PASS","time":0.009788321,"stackTrace":[]},"org.apache.struts2.portlet.util.PortletUrlHelperTest.testCreateRenderUrlWithNoModeOrState":{"name":"org.apache.struts2.portlet.util.PortletUrlHelperTest.testCreateRenderUrlWithNoModeOrState","result":"PASS","time":0.002306323,"stackTrace":[]},"org.apache.struts2.components.PortletUrlRendererTest.testRenderUrlWithNamespace":{"name":"org.apache.struts2.components.PortletUrlRendererTest.testRenderUrlWithNamespace","result":"PASS","time":1.159743444,"stackTrace":[]},"org.apache.struts2.portlet.result.PortletResultTest.testDoExecute_event_locationIsAction":{"name":"org.apache.struts2.portlet.result.PortletResultTest.testDoExecute_event_locationIsAction","result":"PASS","time":0.022476729,"stackTrace":[]},"org.apache.struts2.portlet.PortletApplicationMapTest.testEntrySet":{"name":"org.apache.struts2.portlet.PortletApplicationMapTest.testEntrySet","result":"PASS","time":0.015084063,"stackTrace":[]},"org.apache.struts2.views.jsp.PortletUrlTagTest.testResourceUrlWithNestedParam":{"name":"org.apache.struts2.views.jsp.PortletUrlTagTest.testResourceUrlWithNestedParam","result":"PASS","time":1.246000197,"stackTrace":[]},"org.apache.struts2.portlet.dispatcher.Jsr286DispatcherTest.testRender_ok":{"name":"org.apache.struts2.portlet.dispatcher.Jsr286DispatcherTest.testRender_ok","result":"PASS","time":0.022724404,"stackTrace":[]},"org.apache.struts2.portlet.PortletSessionMapTest.testGet":{"name":"org.apache.struts2.portlet.PortletSessionMapTest.testGet","result":"PASS","time":0.001402722,"stackTrace":[]},"org.apache.struts2.views.jsp.PortletUrlTagTest.testResourceUrlWithTwoNestedParam":{"name":"org.apache.struts2.views.jsp.PortletUrlTagTest.testResourceUrlWithTwoNestedParam","result":"PASS","time":0.410355318,"stackTrace":[]},"org.apache.struts2.portlet.context.PortletActionContextTest.testGetRenderRequestAndResponseInEventPhase":{"name":"org.apache.struts2.portlet.context.PortletActionContextTest.testGetRenderRequestAndResponseInEventPhase","result":"PASS","time":0.48286696,"stackTrace":[]},"org.apache.struts2.views.jsp.PortletUrlTagTest.testActionUrl":{"name":"org.apache.struts2.views.jsp.PortletUrlTagTest.testActionUrl","result":"PASS","time":1.547640402,"stackTrace":[]},"org.apache.struts2.portlet.context.PortletActionContextTest.testGetRenderRequestAndResponse":{"name":"org.apache.struts2.portlet.context.PortletActionContextTest.testGetRenderRequestAndResponse","result":"PASS","time":0.005725575,"stackTrace":[]},"org.apache.struts2.views.jsp.PortletUrlTagTest.testUrlWithQueryParams":{"name":"org.apache.struts2.views.jsp.PortletUrlTagTest.testUrlWithQueryParams","result":"PASS","time":0.429754901,"stackTrace":[]},"org.apache.struts2.portlet.PortletRequestMapTest.testPut":{"name":"org.apache.struts2.portlet.PortletRequestMapTest.testPut","result":"PASS","time":0.002974542,"stackTrace":[]},"org.apache.struts2.portlet.context.PortletActionContextTest.testGetPortletConfig":{"name":"org.apache.struts2.portlet.context.PortletActionContextTest.testGetPortletConfig","result":"PASS","time":0.005779636,"stackTrace":[]},"org.apache.struts2.portlet.interceptor.PortletStateInterceptorTest.testRestoreValueStackInRenderPhaseWhenNotProperPrg":{"name":"org.apache.struts2.portlet.interceptor.PortletStateInterceptorTest.testRestoreValueStackInRenderPhaseWhenNotProperPrg","result":"PASS","time":2.257576788,"stackTrace":[]},"org.apache.struts2.views.jsp.PortletUrlTagTest.testEnsureParamsAreStringArrays":{"name":"org.apache.struts2.views.jsp.PortletUrlTagTest.testEnsureParamsAreStringArrays","result":"PASS","time":1.206421756,"stackTrace":[]},"org.apache.struts2.portlet.dispatcher.Jsr168DispatcherTest.testModeChangeUsingPortletWidgets":{"name":"org.apache.struts2.portlet.dispatcher.Jsr168DispatcherTest.testModeChangeUsingPortletWidgets","result":"PASS","time":10.828001214,"stackTrace":[]},"org.apache.struts2.portlet.PortletRequestMapTest.testGet":{"name":"org.apache.struts2.portlet.PortletRequestMapTest.testGet","result":"PASS","time":0.00294346,"stackTrace":[]},"org.apache.struts2.portlet.PortletSessionMapTest.testEntrySet":{"name":"org.apache.struts2.portlet.PortletSessionMapTest.testEntrySet","result":"PASS","time":0.018091014,"stackTrace":[]},"org.apache.struts2.portlet.dispatcher.Jsr286DispatcherTest.testParseConfigWithBang":{"name":"org.apache.struts2.portlet.dispatcher.Jsr286DispatcherTest.testParseConfigWithBang","result":"PASS","time":0.007549052,"stackTrace":[]},"org.apache.struts2.portlet.context.PortletActionContextTest.testIsAction":{"name":"org.apache.struts2.portlet.context.PortletActionContextTest.testIsAction","result":"PASS","time":0.006078299,"stackTrace":[]},"org.apache.struts2.portlet.context.PortletActionContextTest.testIsEvent":{"name":"org.apache.struts2.portlet.context.PortletActionContextTest.testIsEvent","result":"PASS","time":0.00671397,"stackTrace":[]},"org.apache.struts2.portlet.PortletApplicationMapTest.testRemove":{"name":"org.apache.struts2.portlet.PortletApplicationMapTest.testRemove","result":"PASS","time":0.012658793,"stackTrace":[]},"org.apache.struts2.portlet.interceptor.PortletStateInterceptorTest.testCopyValueStackFromEventToRenderPhase":{"name":"org.apache.struts2.portlet.interceptor.PortletStateInterceptorTest.testCopyValueStackFromEventToRenderPhase","result":"PASS","time":1.294823766,"stackTrace":[]},"org.apache.struts2.portlet.context.PortletActionContextTest.testGetActionRequestAndResponse":{"name":"org.apache.struts2.portlet.context.PortletActionContextTest.testGetActionRequestAndResponse","result":"PASS","time":0.008961273,"stackTrace":[]},"org.apache.struts2.portlet.context.PortletActionContextTest.testGetDefaultActionForMode":{"name":"org.apache.struts2.portlet.context.PortletActionContextTest.testGetDefaultActionForMode","result":"PASS","time":0.023336327,"stackTrace":[]},"org.apache.struts2.portlet.result.PortletResultTest.testDoExecute_event_locationHasQueryParams":{"name":"org.apache.struts2.portlet.result.PortletResultTest.testDoExecute_event_locationHasQueryParams","result":"PASS","time":0.018812875,"stackTrace":[]},"org.apache.struts2.portlet.PortletSessionMapTest.testRemove":{"name":"org.apache.struts2.portlet.PortletSessionMapTest.testRemove","result":"PASS","time":0.001626788,"stackTrace":[]},"org.apache.struts2.views.jsp.PortletUrlTagTest.testWhenPortletModeDiffersFromCurrentAndNoParametersAreSetRenderTheDefaults":{"name":"org.apache.struts2.views.jsp.PortletUrlTagTest.testWhenPortletModeDiffersFromCurrentAndNoParametersAreSetRenderTheDefaults","result":"PASS","time":0.664340062,"stackTrace":[]},"org.apache.struts2.portlet.result.PortletResultTest.testDoExecute_event_locationIsJsp":{"name":"org.apache.struts2.portlet.result.PortletResultTest.testDoExecute_event_locationIsJsp","result":"PASS","time":0.009525979,"stackTrace":[]},"org.apache.struts2.views.jsp.PortletUrlTagTest.testResourceUrl":{"name":"org.apache.struts2.views.jsp.PortletUrlTagTest.testResourceUrl","result":"PASS","time":0.517122629,"stackTrace":[]},"org.apache.struts2.portlet.PortletApplicationMapTest.testPut":{"name":"org.apache.struts2.portlet.PortletApplicationMapTest.testPut","result":"PASS","time":0.002079463,"stackTrace":[]},"org.apache.struts2.portlet.interceptor.PortletStateInterceptorTest.testDoNotRestoreValueStackInRenderPhaseWhenProperPrg":{"name":"org.apache.struts2.portlet.interceptor.PortletStateInterceptorTest.testDoNotRestoreValueStackInRenderPhaseWhenProperPrg","result":"PASS","time":1.490271355,"stackTrace":[]},"org.apache.struts2.portlet.dispatcher.Jsr286DispatcherTest.testProcessAction_ok":{"name":"org.apache.struts2.portlet.dispatcher.Jsr286DispatcherTest.testProcessAction_ok","result":"PASS","time":0.891918388,"stackTrace":[]},"org.apache.struts2.portlet.dispatcher.Jsr168DispatcherTest.testProcessAction_ok":{"name":"org.apache.struts2.portlet.dispatcher.Jsr168DispatcherTest.testProcessAction_ok","result":"ERROR","time":1.460500304,"stackTrace":[{"declaringClass":"org.jmock.core.AbstractDynamicMock","methodName":"mockInvocation","fileName":"AbstractDynamicMock.java","lineNumber":96},{"declaringClass":"org.jmock.cglib.CGLIBCoreMock","methodName":"intercept","fileName":"CGLIBCoreMock.java","lineNumber":79},{"declaringClass":"org.jmock.codegen.com.opensymphony.xwork2.ActionProxyFactory$$EnhancerByCGLIB$$d550a890","methodName":"createActionProxy","fileName":"\u003cgenerated\u003e","lineNumber":-1},{"declaringClass":"org.apache.struts2.portlet.dispatcher.Jsr168Dispatcher","methodName":"serviceAction","fileName":"Jsr168Dispatcher.java","lineNumber":485},{"declaringClass":"org.apache.struts2.portlet.dispatcher.Jsr168Dispatcher","methodName":"processAction","fileName":"Jsr168Dispatcher.java","lineNumber":305},{"declaringClass":"org.apache.struts2.portlet.dispatcher.Jsr168DispatcherTest","methodName":"testProcessAction_ok","fileName":"Jsr168DispatcherTest.java","lineNumber":183},{"declaringClass":"sun.reflect.NativeMethodAccessorImpl","methodName":"invoke0","fileName":"NativeMethodAccessorImpl.java","lineNumber":-2},{"declaringClass":"sun.reflect.NativeMethodAccessorImpl","methodName":"invoke","fileName":"NativeMethodAccessorImpl.java","lineNumber":62},{"declaringClass":"sun.reflect.DelegatingMethodAccessorImpl","methodName":"invoke","fileName":"DelegatingMethodAccessorImpl.java","lineNumber":43},{"declaringClass":"java.lang.reflect.Method","methodName":"invoke","fileName":"Method.java","lineNumber":498},{"declaringClass":"org.junit.runners.model.FrameworkMethod$1","methodName":"runReflectiveCall","fileName":"FrameworkMethod.java","lineNumber":50},{"declaringClass":"org.junit.internal.runners.model.ReflectiveCallable","methodName":"run","fileName":"ReflectiveCallable.java","lineNumber":12},{"declaringClass":"org.junit.runners.model.FrameworkMethod","methodName":"invokeExplosively","fileName":"FrameworkMethod.java","lineNumber":47},{"declaringClass":"org.junit.internal.runners.statements.InvokeMethod","methodName":"evaluate","fileName":"InvokeMethod.java","lineNumber":17},{"declaringClass":"org.junit.internal.runners.statements.RunBefores","methodName":"evaluate","fileName":"RunBefores.java","lineNumber":26},{"declaringClass":"org.junit.internal.runners.statements.RunAfters","methodName":"evaluate","fileName":"RunAfters.java","lineNumber":27},{"declaringClass":"com.reedoei.testrunner.execution.JUnitTestRunner","methodName":"runChild","fileName":"JUnitTestRunner.java","lineNumber":332},{"declaringClass":"com.reedoei.testrunner.execution.JUnitTestRunner","methodName":"run","fileName":"JUnitTestRunner.java","lineNumber":108},{"declaringClass":"org.junit.runner.JUnitCore","methodName":"run","fileName":"JUnitCore.java","lineNumber":137},{"declaringClass":"com.reedoei.testrunner.execution.JUnitTestExecutor","methodName":"execute","fileName":"JUnitTestExecutor.java","lineNumber":292},{"declaringClass":"com.reedoei.testrunner.execution.JUnitTestExecutor","methodName":"execute","fileName":"JUnitTestExecutor.java","lineNumber":328},{"declaringClass":"com.reedoei.testrunner.execution.JUnitTestExecutor","methodName":"executeWithJUnit4Runner","fileName":"JUnitTestExecutor.java","lineNumber":366},{"declaringClass":"com.reedoei.testrunner.execution.JUnitTestExecutor","methodName":"runOrder","fileName":"JUnitTestExecutor.java","lineNumber":47},{"declaringClass":"com.reedoei.testrunner.execution.Executor$","methodName":"$anonfun$run$1","fileName":"Executor.scala","lineNumber":30},{"declaringClass":"scala.runtime.java8.JFunction0$mcV$sp","methodName":"apply","fileName":"JFunction0$mcV$sp.java","lineNumber":12},{"declaringClass":"scala.util.Try$","methodName":"apply","fileName":"Try.scala","lineNumber":209},{"declaringClass":"com.reedoei.testrunner.execution.Executor$","methodName":"run","fileName":"Executor.scala","lineNumber":28},{"declaringClass":"com.reedoei.testrunner.execution.Executor$","methodName":"main","fileName":"Executor.scala","lineNumber":18},{"declaringClass":"com.reedoei.testrunner.execution.Executor","methodName":"main","fileName":"Executor.scala","lineNumber":-1}]},"org.apache.struts2.portlet.util.PortletUrlHelperTest.testCreateRenderUrlWithDifferentWindowState":{"name":"org.apache.struts2.portlet.util.PortletUrlHelperTest.testCreateRenderUrlWithDifferentWindowState","result":"PASS","time":0.002018207,"stackTrace":[]},"org.apache.struts2.portlet.PortletApplicationMapTest.testGetFromInitParameters":{"name":"org.apache.struts2.portlet.PortletApplicationMapTest.testGetFromInitParameters","result":"PASS","time":0.002302971,"stackTrace":[]},"org.apache.struts2.portlet.dispatcher.Jsr168DispatcherTest.testParseConfigWithBang":{"name":"org.apache.struts2.portlet.dispatcher.Jsr168DispatcherTest.testParseConfigWithBang","result":"PASS","time":0.154644324,"stackTrace":[]},"org.apache.struts2.portlet.context.PortletActionContextTest.testGetPhase":{"name":"org.apache.struts2.portlet.context.PortletActionContextTest.testGetPhase","result":"PASS","time":0.007675333,"stackTrace":[]},"org.apache.struts2.portlet.util.PortletUrlHelperTest.testCreateRenderUrlWithDifferentPortletMode":{"name":"org.apache.struts2.portlet.util.PortletUrlHelperTest.testCreateRenderUrlWithDifferentPortletMode","result":"PASS","time":0.001628326,"stackTrace":[]},"org.apache.struts2.portlet.util.PortletUrlHelperTest.testCreateActionUrl":{"name":"org.apache.struts2.portlet.util.PortletUrlHelperTest.testCreateActionUrl","result":"PASS","time":0.004626335,"stackTrace":[]},"org.apache.struts2.views.jsp.PortletUrlTagTest.testSetPortletMode":{"name":"org.apache.struts2.views.jsp.PortletUrlTagTest.testSetPortletMode","result":"PASS","time":1.113250155,"stackTrace":[]},"org.apache.struts2.portlet.PortletSessionMapTest.testPut":{"name":"org.apache.struts2.portlet.PortletSessionMapTest.testPut","result":"PASS","time":0.003287104,"stackTrace":[]},"org.apache.struts2.portlet.PortletRequestMapTest.testRemove":{"name":"org.apache.struts2.portlet.PortletRequestMapTest.testRemove","result":"PASS","time":0.003998767,"stackTrace":[]},"org.apache.struts2.portlet.PortletRequestMapTest.testEntrySet":{"name":"org.apache.struts2.portlet.PortletRequestMapTest.testEntrySet","result":"PASS","time":0.045807888,"stackTrace":[]},"org.apache.struts2.views.jsp.PortletUrlTagTest.testUrlWithMethod":{"name":"org.apache.struts2.views.jsp.PortletUrlTagTest.testUrlWithMethod","result":"PASS","time":1.166197935,"stackTrace":[]}},"diffs":{}},"expected":"ERROR","dependentTest":"org.apache.struts2.portlet.dispatcher.Jsr168DispatcherTest.testRender_ok","polluters":[{"time":{"startTime":1574062720780,"endTime":1574062720780,"elapsedSeconds":0.0},"index":0,"deps":["org.apache.struts2.portlet.dispatcher.Jsr168DispatcherTest.testModeChangeUsingPortletWidgets"],"cleanerData":{"dependentTest":"org.apache.struts2.portlet.dispatcher.Jsr168DispatcherTest.testRender_ok","time":{"addTime":{"startTime":1574062720834,"endTime":1574062827854,"elapsedSeconds":107.01999998092651},"totalTime":{"startTime":1574062720834,"endTime":1574064215918,"elapsedSeconds":1495.0839998722076}},"expected":"ERROR","isolationResult":"PASS","cleaners":[{"dependentTest":"org.apache.struts2.portlet.dispatcher.Jsr168DispatcherTest.testRender_ok","originalSize":57,"cleanerTests":["org.apache.struts2.components.PortletUrlRendererTest.testRenderUrlWithNamespace"],"orderFound":0,"time":{"addTime":{"startTime":1574062720834,"endTime":1574062827854,"elapsedSeconds":107.01999998092651},"totalTime":{"startTime":1574062720834,"endTime":1574064215918,"elapsedSeconds":1495.0839998722076}}},{"dependentTest":"org.apache.struts2.portlet.dispatcher.Jsr168DispatcherTest.testRender_ok","originalSize":1,"cleanerTests":["org.apache.struts2.components.PortletUrlRendererTest.testIsPortelModeChanged"],"orderFound":2,"time":{"addTime":{"startTime":1574062720834,"endTime":1574062866014,"elapsedSeconds":145.1800000667572},"totalTime":{"startTime":1574062720834,"endTime":1574064281407,"elapsedSeconds":1560.5729999542236}}},{"dependentTest":"org.apache.struts2.portlet.dispatcher.Jsr168DispatcherTest.testRender_ok","originalSize":1,"cleanerTests":["org.apache.struts2.portlet.interceptor.PortletStateInterceptorTest.testCopyValueStackFromEventToRenderPhase"],"orderFound":3,"time":{"addTime":{"startTime":1574062720834,"endTime":1574063321905,"elapsedSeconds":601.0719995498657},"totalTime":{"startTime":1574062720834,"endTime":1574064349525,"elapsedSeconds":1628.6909999847412}}},{"dependentTest":"org.apache.struts2.portlet.dispatcher.Jsr168DispatcherTest.testRender_ok","originalSize":1,"cleanerTests":["org.apache.struts2.portlet.interceptor.PortletStateInterceptorTest.testRestoreValueStackInRenderPhaseWhenNotProperPrg"],"orderFound":4,"time":{"addTime":{"startTime":1574062720834,"endTime":1574063340382,"elapsedSeconds":619.5489995479584},"totalTime":{"startTime":1574062720834,"endTime":1574064416692,"elapsedSeconds":1695.8579998016357}}},{"dependentTest":"org.apache.struts2.portlet.dispatcher.Jsr168DispatcherTest.testRender_ok","originalSize":1,"cleanerTests":["org.apache.struts2.portlet.interceptor.PortletStateInterceptorTest.testDoNotRestoreValueStackInRenderPhaseWhenProperPrg"],"orderFound":5,"time":{"addTime":{"startTime":1574062720834,"endTime":1574063351784,"elapsedSeconds":630.9509994983673},"totalTime":{"startTime":1574062720834,"endTime":1574064472162,"elapsedSeconds":1751.327999830246}}},{"dependentTest":"org.apache.struts2.portlet.dispatcher.Jsr168DispatcherTest.testRender_ok","originalSize":1,"cleanerTests":["org.apache.struts2.views.jsp.PortletUrlTagTest.testSetWindowState"],"orderFound":6,"time":{"addTime":{"startTime":1574062720834,"endTime":1574063511168,"elapsedSeconds":790.3349995613098},"totalTime":{"startTime":1574062720834,"endTime":1574064539959,"elapsedSeconds":1819.125}}},{"dependentTest":"org.apache.struts2.portlet.dispatcher.Jsr168DispatcherTest.testRender_ok","originalSize":1,"cleanerTests":["org.apache.struts2.views.jsp.PortletUrlTagTest.testUrlWithMethod"],"orderFound":7,"time":{"addTime":{"startTime":1574062720834,"endTime":1574063522106,"elapsedSeconds":801.2729995250702},"totalTime":{"startTime":1574062720834,"endTime":1574064599956,"elapsedSeconds":1879.1219999790192}}},{"dependentTest":"org.apache.struts2.portlet.dispatcher.Jsr168DispatcherTest.testRender_ok","originalSize":1,"cleanerTests":["org.apache.struts2.views.jsp.PortletUrlTagTest.testResourceUrlWithTwoNestedParam"],"orderFound":8,"time":{"addTime":{"startTime":1574062720834,"endTime":1574063541045,"elapsedSeconds":820.2119994163513},"totalTime":{"startTime":1574062720834,"endTime":1574064659684,"elapsedSeconds":1938.8499999046326}}},{"dependentTest":"org.apache.struts2.portlet.dispatcher.Jsr168DispatcherTest.testRender_ok","originalSize":1,"cleanerTests":["org.apache.struts2.views.jsp.PortletUrlTagTest.testUrlWithNoActionOrMethod"],"orderFound":9,"time":{"addTime":{"startTime":1574062720834,"endTime":1574063568431,"elapsedSeconds":847.5979995727539},"totalTime":{"startTime":1574062720834,"endTime":1574064728015,"elapsedSeconds":2007.180999994278}}},{"dependentTest":"org.apache.struts2.portlet.dispatcher.Jsr168DispatcherTest.testRender_ok","originalSize":1,"cleanerTests":["org.apache.struts2.views.jsp.PortletUrlTagTest.testWhenPortletModeDiffersFromCurrentAndNoParametersAreSetRenderTheDefaults"],"orderFound":10,"time":{"addTime":{"startTime":1574062720834,"endTime":1574063594654,"elapsedSeconds":873.8209993839264},"totalTime":{"startTime":1574062720834,"endTime":1574064800212,"elapsedSeconds":2079.3779997825623}}},{"dependentTest":"org.apache.struts2.portlet.dispatcher.Jsr168DispatcherTest.testRender_ok","originalSize":1,"cleanerTests":["org.apache.struts2.views.jsp.PortletUrlTagTest.testUrlWithQueryParams"],"orderFound":11,"time":{"addTime":{"startTime":1574062720834,"endTime":1574063605050,"elapsedSeconds":884.2169995307922},"totalTime":{"startTime":1574062720834,"endTime":1574064862408,"elapsedSeconds":2141.5739998817444}}},{"dependentTest":"org.apache.struts2.portlet.dispatcher.Jsr168DispatcherTest.testRender_ok","originalSize":1,"cleanerTests":["org.apache.struts2.views.jsp.PortletUrlTagTest.testResourceUrl"],"orderFound":12,"time":{"addTime":{"startTime":1574062720834,"endTime":1574063629672,"elapsedSeconds":908.8389995098114},"totalTime":{"startTime":1574062720834,"endTime":1574064930616,"elapsedSeconds":2209.7819998264313}}},{"dependentTest":"org.apache.struts2.portlet.dispatcher.Jsr168DispatcherTest.testRender_ok","originalSize":1,"cleanerTests":["org.apache.struts2.views.jsp.PortletUrlTagTest.testActionUrl"],"orderFound":13,"time":{"addTime":{"startTime":1574062720834,"endTime":1574063648607,"elapsedSeconds":927.7739994525909},"totalTime":{"startTime":1574062720834,"endTime":1574064998814,"elapsedSeconds":2277.979999780655}}},{"dependentTest":"org.apache.struts2.portlet.dispatcher.Jsr168DispatcherTest.testRender_ok","originalSize":1,"cleanerTests":["org.apache.struts2.views.jsp.PortletUrlTagTest.testEnsureParamsAreStringArrays"],"orderFound":14,"time":{"addTime":{"startTime":1574062720834,"endTime":1574063667696,"elapsedSeconds":946.8629996776581},"totalTime":{"startTime":1574062720834,"endTime":1574065061180,"elapsedSeconds":2340.345999956131}}},{"dependentTest":"org.apache.struts2.portlet.dispatcher.Jsr168DispatcherTest.testRender_ok","originalSize":1,"cleanerTests":["org.apache.struts2.views.jsp.PortletUrlTagTest.testSetPortletMode"],"orderFound":15,"time":{"addTime":{"startTime":1574062720834,"endTime":1574063688382,"elapsedSeconds":967.5489995479584},"totalTime":{"startTime":1574062720834,"endTime":1574065122247,"elapsedSeconds":2401.412999868393}}},{"dependentTest":"org.apache.struts2.portlet.dispatcher.Jsr168DispatcherTest.testRender_ok","originalSize":1,"cleanerTests":["org.apache.struts2.views.jsp.PortletUrlTagTest.testResourceUrlWithNestedParam"],"orderFound":16,"time":{"addTime":{"startTime":1574062720834,"endTime":1574063713938,"elapsedSeconds":993.1049995422363},"totalTime":{"startTime":1574062720834,"endTime":1574065188732,"elapsedSeconds":2467.8980000019073}}}]}},{"time":{"startTime":1574065590613,"endTime":1574065590613,"elapsedSeconds":0.0},"index":1,"deps":["org.apache.struts2.portlet.dispatcher.Jsr286DispatcherTest.testModeChangeUsingPortletWidgets"],"cleanerData":{"dependentTest":"org.apache.struts2.portlet.dispatcher.Jsr168DispatcherTest.testRender_ok","time":{"addTime":{"startTime":1574065590621,"endTime":1574065703795,"elapsedSeconds":113.17400026321411},"totalTime":{"startTime":1574065590621,"endTime":1574067276861,"elapsedSeconds":1686.2400000095367}},"expected":"ERROR","isolationResult":"PASS","cleaners":[{"dependentTest":"org.apache.struts2.portlet.dispatcher.Jsr168DispatcherTest.testRender_ok","originalSize":47,"cleanerTests":["org.apache.struts2.portlet.interceptor.PortletStateInterceptorTest.testCopyValueStackFromEventToRenderPhase"],"orderFound":0,"time":{"addTime":{"startTime":1574065590621,"endTime":1574065703795,"elapsedSeconds":113.17400026321411},"totalTime":{"startTime":1574065590621,"endTime":1574067276861,"elapsedSeconds":1686.2400000095367}}},{"dependentTest":"org.apache.struts2.portlet.dispatcher.Jsr168DispatcherTest.testRender_ok","originalSize":61,"cleanerTests":["org.apache.struts2.components.PortletUrlRendererTest.testRenderUrlWithNamespace"],"orderFound":2,"time":{"addTime":{"startTime":1574065590621,"endTime":1574065793500,"elapsedSeconds":202.8789999485016},"totalTime":{"startTime":1574065590621,"endTime":1574067675607,"elapsedSeconds":2084.986000061035}}},{"dependentTest":"org.apache.struts2.portlet.dispatcher.Jsr168DispatcherTest.testRender_ok","originalSize":1,"cleanerTests":["org.apache.struts2.components.PortletUrlRendererTest.testIsPortelModeChanged"],"orderFound":4,"time":{"addTime":{"startTime":1574065590621,"endTime":1574065842954,"elapsedSeconds":252.33300018310547},"totalTime":{"startTime":1574065590621,"endTime":1574067735061,"elapsedSeconds":2144.4400000572205}}},{"dependentTest":"org.apache.struts2.portlet.dispatcher.Jsr168DispatcherTest.testRender_ok","originalSize":1,"cleanerTests":["org.apache.struts2.portlet.interceptor.PortletStateInterceptorTest.testRestoreValueStackInRenderPhaseWhenNotProperPrg"],"orderFound":6,"time":{"addTime":{"startTime":1574065590621,"endTime":1574066386175,"elapsedSeconds":795.554000377655},"totalTime":{"startTime":1574065590621,"endTime":1574067801412,"elapsedSeconds":2210.790999889374}}},{"dependentTest":"org.apache.struts2.portlet.dispatcher.Jsr168DispatcherTest.testRender_ok","originalSize":1,"cleanerTests":["org.apache.struts2.portlet.interceptor.PortletStateInterceptorTest.testDoNotRestoreValueStackInRenderPhaseWhenProperPrg"],"orderFound":7,"time":{"addTime":{"startTime":1574065590621,"endTime":1574066397508,"elapsedSeconds":806.8870005607605},"totalTime":{"startTime":1574065590621,"endTime":1574067859098,"elapsedSeconds":2268.4769999980927}}},{"dependentTest":"org.apache.struts2.portlet.dispatcher.Jsr168DispatcherTest.testRender_ok","originalSize":1,"cleanerTests":["org.apache.struts2.views.jsp.PortletUrlTagTest.testSetWindowState"],"orderFound":8,"time":{"addTime":{"startTime":1574065590621,"endTime":1574066507796,"elapsedSeconds":917.1750009059906},"totalTime":{"startTime":1574065590621,"endTime":1574067916515,"elapsedSeconds":2325.8940000534058}}},{"dependentTest":"org.apache.struts2.portlet.dispatcher.Jsr168DispatcherTest.testRender_ok","originalSize":1,"cleanerTests":["org.apache.struts2.views.jsp.PortletUrlTagTest.testUrlWithMethod"],"orderFound":9,"time":{"addTime":{"startTime":1574065590621,"endTime":1574066535437,"elapsedSeconds":944.8160004615784},"totalTime":{"startTime":1574065590621,"endTime":1574067979251,"elapsedSeconds":2388.6299998760223}}},{"dependentTest":"org.apache.struts2.portlet.dispatcher.Jsr168DispatcherTest.testRender_ok","originalSize":1,"cleanerTests":["org.apache.struts2.views.jsp.PortletUrlTagTest.testResourceUrlWithTwoNestedParam"],"orderFound":10,"time":{"addTime":{"startTime":1574065590621,"endTime":1574066573255,"elapsedSeconds":982.6340003013611},"totalTime":{"startTime":1574065590621,"endTime":1574068060202,"elapsedSeconds":2469.580999851227}}},{"dependentTest":"org.apache.struts2.portlet.dispatcher.Jsr168DispatcherTest.testRender_ok","originalSize":1,"cleanerTests":["org.apache.struts2.views.jsp.PortletUrlTagTest.testUrlWithNoActionOrMethod"],"orderFound":11,"time":{"addTime":{"startTime":1574065590621,"endTime":1574066585362,"elapsedSeconds":994.7410004138947},"totalTime":{"startTime":1574065590621,"endTime":1574068130138,"elapsedSeconds":2539.5169999599457}}},{"dependentTest":"org.apache.struts2.portlet.dispatcher.Jsr168DispatcherTest.testRender_ok","originalSize":1,"cleanerTests":["org.apache.struts2.views.jsp.PortletUrlTagTest.testWhenPortletModeDiffersFromCurrentAndNoParametersAreSetRenderTheDefaults"],"orderFound":12,"time":{"addTime":{"startTime":1574065590621,"endTime":1574066612665,"elapsedSeconds":1022.0440003871918},"totalTime":{"startTime":1574065590621,"endTime":1574068207131,"elapsedSeconds":2616.5099999904633}}},{"dependentTest":"org.apache.struts2.portlet.dispatcher.Jsr168DispatcherTest.testRender_ok","originalSize":1,"cleanerTests":["org.apache.struts2.views.jsp.PortletUrlTagTest.testUrlWithQueryParams"],"orderFound":13,"time":{"addTime":{"startTime":1574065590621,"endTime":1574066636255,"elapsedSeconds":1045.6340000629425},"totalTime":{"startTime":1574065590621,"endTime":1574068287858,"elapsedSeconds":2697.236999988556}}},{"dependentTest":"org.apache.struts2.portlet.dispatcher.Jsr168DispatcherTest.testRender_ok","originalSize":1,"cleanerTests":["org.apache.struts2.views.jsp.PortletUrlTagTest.testResourceUrl"],"orderFound":14,"time":{"addTime":{"startTime":1574065590621,"endTime":1574066661494,"elapsedSeconds":1070.8730001449585},"totalTime":{"startTime":1574065590621,"endTime":1574068373029,"elapsedSeconds":2782.4079999923706}}},{"dependentTest":"org.apache.struts2.portlet.dispatcher.Jsr168DispatcherTest.testRender_ok","originalSize":1,"cleanerTests":["org.apache.struts2.views.jsp.PortletUrlTagTest.testActionUrl"],"orderFound":15,"time":{"addTime":{"startTime":1574065590621,"endTime":1574066674349,"elapsedSeconds":1083.728000164032},"totalTime":{"startTime":1574065590621,"endTime":1574068450505,"elapsedSeconds":2859.8840000629425}}},{"dependentTest":"org.apache.struts2.portlet.dispatcher.Jsr168DispatcherTest.testRender_ok","originalSize":1,"cleanerTests":["org.apache.struts2.views.jsp.PortletUrlTagTest.testEnsureParamsAreStringArrays"],"orderFound":16,"time":{"addTime":{"startTime":1574065590621,"endTime":1574066691370,"elapsedSeconds":1100.7490000724792},"totalTime":{"startTime":1574065590621,"endTime":1574068516528,"elapsedSeconds":2925.90700006485}}},{"dependentTest":"org.apache.struts2.portlet.dispatcher.Jsr168DispatcherTest.testRender_ok","originalSize":1,"cleanerTests":["org.apache.struts2.views.jsp.PortletUrlTagTest.testSetPortletMode"],"orderFound":17,"time":{"addTime":{"startTime":1574065590621,"endTime":1574066711304,"elapsedSeconds":1120.6830003261566},"totalTime":{"startTime":1574065590621,"endTime":1574068579446,"elapsedSeconds":2988.8250000476837}}},{"dependentTest":"org.apache.struts2.portlet.dispatcher.Jsr168DispatcherTest.testRender_ok","originalSize":1,"cleanerTests":["org.apache.struts2.views.jsp.PortletUrlTagTest.testResourceUrlWithNestedParam"],"orderFound":18,"time":{"addTime":{"startTime":1574065590621,"endTime":1574066728330,"elapsedSeconds":1137.7090001106262},"totalTime":{"startTime":1574065590621,"endTime":1574068641680,"elapsedSeconds":3051.059000015259}}}]}}],"hash":"d6fdd5d940f5cc07833aed546b2695fa","flakyClass":"OD"}