{"time":{"startTime":1574053333126,"endTime":1574080796673,"elapsedSeconds":27463.547000169754},"expectedRun":{"id":"1574053174387-a70e345e-8407-4d95-a163-97f6551c7fad","testOrder":["org.apache.dubbo.rpc.protocol.dubbo.telnet.ListTelnetHandlerTest.testListDetailService","org.apache.dubbo.rpc.protocol.dubbo.telnet.ListTelnetHandlerTest.testListDefault","org.apache.dubbo.rpc.protocol.dubbo.telnet.ListTelnetHandlerTest.testInvaildMessage","org.apache.dubbo.rpc.protocol.dubbo.telnet.ListTelnetHandlerTest.testListService","org.apache.dubbo.rpc.protocol.dubbo.telnet.ListTelnetHandlerTest.testList","org.apache.dubbo.rpc.protocol.dubbo.telnet.ListTelnetHandlerTest.testListDetail","org.apache.dubbo.rpc.protocol.dubbo.MultiThreadTest.testDubboMultiThreadInvoke","org.apache.dubbo.rpc.protocol.dubbo.RpcFilterTest.testRpcFilter","org.apache.dubbo.rpc.protocol.dubbo.FutureFilterTest.testSyncCallbackHasException","org.apache.dubbo.rpc.protocol.dubbo.FutureFilterTest.testSyncCallback","org.apache.dubbo.rpc.protocol.dubbo.ReferenceCountExchangeClientTest.test_multi_destory","org.apache.dubbo.rpc.protocol.dubbo.ReferenceCountExchangeClientTest.test_not_share_connect","org.apache.dubbo.rpc.protocol.dubbo.ReferenceCountExchangeClientTest.test_share_connect","org.apache.dubbo.rpc.protocol.dubbo.ReferenceCountExchangeClientTest.test_counter_error","org.apache.dubbo.rpc.protocol.dubbo.telnet.CurrentTelnetHandlerTest.testService","org.apache.dubbo.rpc.protocol.dubbo.telnet.CurrentTelnetHandlerTest.testMessageError","org.apache.dubbo.rpc.protocol.dubbo.telnet.CurrentTelnetHandlerTest.testSlash","org.apache.dubbo.rpc.protocol.dubbo.DubboLazyConnectTest.testSticky4","org.apache.dubbo.rpc.protocol.dubbo.DubboLazyConnectTest.testSticky3","org.apache.dubbo.rpc.protocol.dubbo.DubboLazyConnectTest.testSticky1","org.apache.dubbo.rpc.protocol.dubbo.DubboLazyConnectTest.testSticky2","org.apache.dubbo.rpc.protocol.dubbo.ExplicitCallbackTest.TestCallbackProviderLimit","org.apache.dubbo.rpc.protocol.dubbo.ExplicitCallbackTest.TestCallbackMultiInstans","org.apache.dubbo.rpc.protocol.dubbo.ExplicitCallbackTest.TestCallbackNormal","org.apache.dubbo.rpc.protocol.dubbo.ExplicitCallbackTest.TestCallbackConsumerLimit","org.apache.dubbo.rpc.protocol.dubbo.DubboProtocolTest.testPerm","org.apache.dubbo.rpc.protocol.dubbo.DubboProtocolTest.testDemoProtocol","org.apache.dubbo.rpc.protocol.dubbo.DubboProtocolTest.testNonSerializedParameter","org.apache.dubbo.rpc.protocol.dubbo.DubboProtocolTest.testDubboProtocol","org.apache.dubbo.rpc.protocol.dubbo.DubboProtocolTest.testDubboProtocolWithMina","org.apache.dubbo.rpc.protocol.dubbo.DubboProtocolTest.testDubboProtocolMultiService","org.apache.dubbo.rpc.protocol.dubbo.DubboProtocolTest.testReturnNonSerialized","org.apache.dubbo.rpc.protocol.dubbo.telnet.LogTelnetHandlerTest.testPrintLog","org.apache.dubbo.rpc.protocol.dubbo.telnet.LogTelnetHandlerTest.testChangeLogLevel","org.apache.dubbo.rpc.protocol.dubbo.telnet.ChangeTelnetHandlerTest.testChangeServiceNotExport"],"results":{"org.apache.dubbo.rpc.protocol.dubbo.ExplicitCallbackTest.TestCallbackNormal":{"name":"org.apache.dubbo.rpc.protocol.dubbo.ExplicitCallbackTest.TestCallbackNormal","result":"PASS","time":1.459612593,"stackTrace":[]},"org.apache.dubbo.rpc.protocol.dubbo.FutureFilterTest.testSyncCallbackHasException":{"name":"org.apache.dubbo.rpc.protocol.dubbo.FutureFilterTest.testSyncCallbackHasException","result":"PASS","time":0.009892749,"stackTrace":[]},"org.apache.dubbo.rpc.protocol.dubbo.RpcFilterTest.testRpcFilter":{"name":"org.apache.dubbo.rpc.protocol.dubbo.RpcFilterTest.testRpcFilter","result":"PASS","time":0.476379623,"stackTrace":[]},"org.apache.dubbo.rpc.protocol.dubbo.telnet.CurrentTelnetHandlerTest.testService":{"name":"org.apache.dubbo.rpc.protocol.dubbo.telnet.CurrentTelnetHandlerTest.testService","result":"PASS","time":0.00495266,"stackTrace":[]},"org.apache.dubbo.rpc.protocol.dubbo.FutureFilterTest.testSyncCallback":{"name":"org.apache.dubbo.rpc.protocol.dubbo.FutureFilterTest.testSyncCallback","result":"PASS","time":0.003888343,"stackTrace":[]},"org.apache.dubbo.rpc.protocol.dubbo.telnet.ListTelnetHandlerTest.testInvaildMessage":{"name":"org.apache.dubbo.rpc.protocol.dubbo.telnet.ListTelnetHandlerTest.testInvaildMessage","result":"PASS","time":0.002856364,"stackTrace":[]},"org.apache.dubbo.rpc.protocol.dubbo.telnet.LogTelnetHandlerTest.testChangeLogLevel":{"name":"org.apache.dubbo.rpc.protocol.dubbo.telnet.LogTelnetHandlerTest.testChangeLogLevel","result":"PASS","time":0.001734563,"stackTrace":[]},"org.apache.dubbo.rpc.protocol.dubbo.DubboProtocolTest.testDubboProtocolWithMina":{"name":"org.apache.dubbo.rpc.protocol.dubbo.DubboProtocolTest.testDubboProtocolWithMina","result":"PASS","time":2.921250577,"stackTrace":[]},"org.apache.dubbo.rpc.protocol.dubbo.ReferenceCountExchangeClientTest.test_multi_destory":{"name":"org.apache.dubbo.rpc.protocol.dubbo.ReferenceCountExchangeClientTest.test_multi_destory","result":"PASS","time":0.498457546,"stackTrace":[]},"org.apache.dubbo.rpc.protocol.dubbo.DubboLazyConnectTest.testSticky4":{"name":"org.apache.dubbo.rpc.protocol.dubbo.DubboLazyConnectTest.testSticky4","result":"PASS","time":0.179863481,"stackTrace":[]},"org.apache.dubbo.rpc.protocol.dubbo.telnet.ListTelnetHandlerTest.testListDetailService":{"name":"org.apache.dubbo.rpc.protocol.dubbo.telnet.ListTelnetHandlerTest.testListDetailService","result":"PASS","time":7.385555519,"stackTrace":[]},"org.apache.dubbo.rpc.protocol.dubbo.DubboProtocolTest.testDubboProtocol":{"name":"org.apache.dubbo.rpc.protocol.dubbo.DubboProtocolTest.testDubboProtocol","result":"PASS","time":0.471384983,"stackTrace":[]},"org.apache.dubbo.rpc.protocol.dubbo.ReferenceCountExchangeClientTest.test_counter_error":{"name":"org.apache.dubbo.rpc.protocol.dubbo.ReferenceCountExchangeClientTest.test_counter_error","result":"PASS","time":1.312692882,"stackTrace":[]},"org.apache.dubbo.rpc.protocol.dubbo.DubboLazyConnectTest.testSticky1":{"name":"org.apache.dubbo.rpc.protocol.dubbo.DubboLazyConnectTest.testSticky1","result":"PASS","time":0.01325459,"stackTrace":[]},"org.apache.dubbo.rpc.protocol.dubbo.DubboLazyConnectTest.testSticky3":{"name":"org.apache.dubbo.rpc.protocol.dubbo.DubboLazyConnectTest.testSticky3","result":"PASS","time":0.033568685,"stackTrace":[]},"org.apache.dubbo.rpc.protocol.dubbo.MultiThreadTest.testDubboMultiThreadInvoke":{"name":"org.apache.dubbo.rpc.protocol.dubbo.MultiThreadTest.testDubboMultiThreadInvoke","result":"ERROR","time":2.47698769,"stackTrace":[{"declaringClass":"org.apache.dubbo.rpc.protocol.dubbo.DubboInvoker","methodName":"doInvoke","fileName":"DubboInvoker.java","lineNumber":111},{"declaringClass":"org.apache.dubbo.rpc.protocol.AbstractInvoker","methodName":"invoke","fileName":"AbstractInvoker.java","lineNumber":154},{"declaringClass":"org.apache.dubbo.rpc.listener.ListenerInvokerWrapper","methodName":"invoke","fileName":"ListenerInvokerWrapper.java","lineNumber":77},{"declaringClass":"org.apache.dubbo.rpc.protocol.dubbo.filter.FutureFilter","methodName":"invoke","fileName":"FutureFilter.java","lineNumber":47},{"declaringClass":"org.apache.dubbo.rpc.protocol.ProtocolFilterWrapper$1","methodName":"invoke","fileName":"ProtocolFilterWrapper.java","lineNumber":72},{"declaringClass":"org.apache.dubbo.rpc.filter.ConsumerContextFilter","methodName":"invoke","fileName":"ConsumerContextFilter.java","lineNumber":50},{"declaringClass":"org.apache.dubbo.rpc.protocol.ProtocolFilterWrapper$1","methodName":"invoke","fileName":"ProtocolFilterWrapper.java","lineNumber":72},{"declaringClass":"org.apache.dubbo.rpc.proxy.InvokerInvocationHandler","methodName":"invoke","fileName":"InvokerInvocationHandler.java","lineNumber":70},{"declaringClass":"org.apache.dubbo.common.bytecode.proxy0","methodName":"getSize","fileName":"proxy0.java","lineNumber":-1},{"declaringClass":"org.apache.dubbo.rpc.protocol.dubbo.MultiThreadTest","methodName":"testDubboMultiThreadInvoke","fileName":"MultiThreadTest.java","lineNumber":45},{"declaringClass":"sun.reflect.NativeMethodAccessorImpl","methodName":"invoke0","fileName":"NativeMethodAccessorImpl.java","lineNumber":-2},{"declaringClass":"sun.reflect.NativeMethodAccessorImpl","methodName":"invoke","fileName":"NativeMethodAccessorImpl.java","lineNumber":62},{"declaringClass":"sun.reflect.DelegatingMethodAccessorImpl","methodName":"invoke","fileName":"DelegatingMethodAccessorImpl.java","lineNumber":43},{"declaringClass":"java.lang.reflect.Method","methodName":"invoke","fileName":"Method.java","lineNumber":498},{"declaringClass":"org.junit.runners.model.FrameworkMethod$1","methodName":"runReflectiveCall","fileName":"FrameworkMethod.java","lineNumber":50},{"declaringClass":"org.junit.internal.runners.model.ReflectiveCallable","methodName":"run","fileName":"ReflectiveCallable.java","lineNumber":12},{"declaringClass":"org.junit.runners.model.FrameworkMethod","methodName":"invokeExplosively","fileName":"FrameworkMethod.java","lineNumber":47},{"declaringClass":"org.junit.internal.runners.statements.InvokeMethod","methodName":"evaluate","fileName":"InvokeMethod.java","lineNumber":17},{"declaringClass":"com.reedoei.testrunner.execution.JUnitTestRunner","methodName":"runChild","fileName":"JUnitTestRunner.java","lineNumber":332},{"declaringClass":"com.reedoei.testrunner.execution.JUnitTestRunner","methodName":"run","fileName":"JUnitTestRunner.java","lineNumber":108},{"declaringClass":"org.junit.runner.JUnitCore","methodName":"run","fileName":"JUnitCore.java","lineNumber":137},{"declaringClass":"com.reedoei.testrunner.execution.JUnitTestExecutor","methodName":"execute","fileName":"JUnitTestExecutor.java","lineNumber":292},{"declaringClass":"com.reedoei.testrunner.execution.JUnitTestExecutor","methodName":"execute","fileName":"JUnitTestExecutor.java","lineNumber":328},{"declaringClass":"com.reedoei.testrunner.execution.JUnitTestExecutor","methodName":"executeWithJUnit4Runner","fileName":"JUnitTestExecutor.java","lineNumber":366},{"declaringClass":"com.reedoei.testrunner.execution.JUnitTestExecutor","methodName":"runOrder","fileName":"JUnitTestExecutor.java","lineNumber":47},{"declaringClass":"com.reedoei.testrunner.execution.Executor$","methodName":"$anonfun$run$1","fileName":"Executor.scala","lineNumber":30},{"declaringClass":"scala.runtime.java8.JFunction0$mcV$sp","methodName":"apply","fileName":"JFunction0$mcV$sp.java","lineNumber":12},{"declaringClass":"scala.util.Try$","methodName":"apply","fileName":"Try.scala","lineNumber":209},{"declaringClass":"com.reedoei.testrunner.execution.Executor$","methodName":"run","fileName":"Executor.scala","lineNumber":28},{"declaringClass":"com.reedoei.testrunner.execution.Executor$","methodName":"main","fileName":"Executor.scala","lineNumber":18},{"declaringClass":"com.reedoei.testrunner.execution.Executor","methodName":"main","fileName":"Executor.scala","lineNumber":-1}]},"org.apache.dubbo.rpc.protocol.dubbo.DubboLazyConnectTest.testSticky2":{"name":"org.apache.dubbo.rpc.protocol.dubbo.DubboLazyConnectTest.testSticky2","result":"PASS","time":0.002787356,"stackTrace":[]},"org.apache.dubbo.rpc.protocol.dubbo.DubboProtocolTest.testReturnNonSerialized":{"name":"org.apache.dubbo.rpc.protocol.dubbo.DubboProtocolTest.testReturnNonSerialized","result":"PASS","time":0.057107722,"stackTrace":[]},"org.apache.dubbo.rpc.protocol.dubbo.telnet.ListTelnetHandlerTest.testListService":{"name":"org.apache.dubbo.rpc.protocol.dubbo.telnet.ListTelnetHandlerTest.testListService","result":"PASS","time":0.100010734,"stackTrace":[]},"org.apache.dubbo.rpc.protocol.dubbo.ExplicitCallbackTest.TestCallbackMultiInstans":{"name":"org.apache.dubbo.rpc.protocol.dubbo.ExplicitCallbackTest.TestCallbackMultiInstans","result":"PASS","time":2.208622184,"stackTrace":[]},"org.apache.dubbo.rpc.protocol.dubbo.telnet.CurrentTelnetHandlerTest.testMessageError":{"name":"org.apache.dubbo.rpc.protocol.dubbo.telnet.CurrentTelnetHandlerTest.testMessageError","result":"PASS","time":0.001127808,"stackTrace":[]},"org.apache.dubbo.rpc.protocol.dubbo.telnet.ListTelnetHandlerTest.testListDefault":{"name":"org.apache.dubbo.rpc.protocol.dubbo.telnet.ListTelnetHandlerTest.testListDefault","result":"PASS","time":0.102255315,"stackTrace":[]},"org.apache.dubbo.rpc.protocol.dubbo.DubboProtocolTest.testDubboProtocolMultiService":{"name":"org.apache.dubbo.rpc.protocol.dubbo.DubboProtocolTest.testDubboProtocolMultiService","result":"PASS","time":0.244511388,"stackTrace":[]},"org.apache.dubbo.rpc.protocol.dubbo.ReferenceCountExchangeClientTest.test_share_connect":{"name":"org.apache.dubbo.rpc.protocol.dubbo.ReferenceCountExchangeClientTest.test_share_connect","result":"PASS","time":0.172605823,"stackTrace":[]},"org.apache.dubbo.rpc.protocol.dubbo.telnet.ChangeTelnetHandlerTest.testChangeServiceNotExport":{"name":"org.apache.dubbo.rpc.protocol.dubbo.telnet.ChangeTelnetHandlerTest.testChangeServiceNotExport","result":"FAILURE","time":91.683843324,"stackTrace":[{"declaringClass":"org.junit.Assert","methodName":"assertEquals","fileName":"Assert.java","lineNumber":115},{"declaringClass":"org.junit.Assert","methodName":"assertEquals","fileName":"Assert.java","lineNumber":144},{"declaringClass":"org.apache.dubbo.rpc.protocol.dubbo.telnet.ChangeTelnetHandlerTest","methodName":"testChangeServiceNotExport","fileName":"ChangeTelnetHandlerTest.java","lineNumber":111},{"declaringClass":"sun.reflect.NativeMethodAccessorImpl","methodName":"invoke0","fileName":"NativeMethodAccessorImpl.java","lineNumber":-2},{"declaringClass":"sun.reflect.NativeMethodAccessorImpl","methodName":"invoke","fileName":"NativeMethodAccessorImpl.java","lineNumber":62},{"declaringClass":"sun.reflect.DelegatingMethodAccessorImpl","methodName":"invoke","fileName":"DelegatingMethodAccessorImpl.java","lineNumber":43},{"declaringClass":"java.lang.reflect.Method","methodName":"invoke","fileName":"Method.java","lineNumber":498},{"declaringClass":"org.junit.runners.model.FrameworkMethod$1","methodName":"runReflectiveCall","fileName":"FrameworkMethod.java","lineNumber":50},{"declaringClass":"org.junit.internal.runners.model.ReflectiveCallable","methodName":"run","fileName":"ReflectiveCallable.java","lineNumber":12},{"declaringClass":"org.junit.runners.model.FrameworkMethod","methodName":"invokeExplosively","fileName":"FrameworkMethod.java","lineNumber":47},{"declaringClass":"org.junit.internal.runners.statements.InvokeMethod","methodName":"evaluate","fileName":"InvokeMethod.java","lineNumber":17},{"declaringClass":"org.junit.internal.runners.statements.RunBefores","methodName":"evaluate","fileName":"RunBefores.java","lineNumber":26},{"declaringClass":"org.junit.internal.runners.statements.RunAfters","methodName":"evaluate","fileName":"RunAfters.java","lineNumber":27},{"declaringClass":"com.reedoei.testrunner.execution.JUnitTestRunner","methodName":"runChild","fileName":"JUnitTestRunner.java","lineNumber":332},{"declaringClass":"com.reedoei.testrunner.execution.JUnitTestRunner","methodName":"run","fileName":"JUnitTestRunner.java","lineNumber":108},{"declaringClass":"org.junit.runner.JUnitCore","methodName":"run","fileName":"JUnitCore.java","lineNumber":137},{"declaringClass":"com.reedoei.testrunner.execution.JUnitTestExecutor","methodName":"execute","fileName":"JUnitTestExecutor.java","lineNumber":292},{"declaringClass":"com.reedoei.testrunner.execution.JUnitTestExecutor","methodName":"execute","fileName":"JUnitTestExecutor.java","lineNumber":328},{"declaringClass":"com.reedoei.testrunner.execution.JUnitTestExecutor","methodName":"executeWithJUnit4Runner","fileName":"JUnitTestExecutor.java","lineNumber":366},{"declaringClass":"com.reedoei.testrunner.execution.JUnitTestExecutor","methodName":"runOrder","fileName":"JUnitTestExecutor.java","lineNumber":47},{"declaringClass":"com.reedoei.testrunner.execution.Executor$","methodName":"$anonfun$run$1","fileName":"Executor.scala","lineNumber":30},{"declaringClass":"scala.runtime.java8.JFunction0$mcV$sp","methodName":"apply","fileName":"JFunction0$mcV$sp.java","lineNumber":12},{"declaringClass":"scala.util.Try$","methodName":"apply","fileName":"Try.scala","lineNumber":209},{"declaringClass":"com.reedoei.testrunner.execution.Executor$","methodName":"run","fileName":"Executor.scala","lineNumber":28},{"declaringClass":"com.reedoei.testrunner.execution.Executor$","methodName":"main","fileName":"Executor.scala","lineNumber":18},{"declaringClass":"com.reedoei.testrunner.execution.Executor","methodName":"main","fileName":"Executor.scala","lineNumber":-1}]},"org.apache.dubbo.rpc.protocol.dubbo.telnet.CurrentTelnetHandlerTest.testSlash":{"name":"org.apache.dubbo.rpc.protocol.dubbo.telnet.CurrentTelnetHandlerTest.testSlash","result":"PASS","time":0.001957722,"stackTrace":[]},"org.apache.dubbo.rpc.protocol.dubbo.DubboProtocolTest.testNonSerializedParameter":{"name":"org.apache.dubbo.rpc.protocol.dubbo.DubboProtocolTest.testNonSerializedParameter","result":"PASS","time":0.025978558,"stackTrace":[]},"org.apache.dubbo.rpc.protocol.dubbo.telnet.ListTelnetHandlerTest.testListDetail":{"name":"org.apache.dubbo.rpc.protocol.dubbo.telnet.ListTelnetHandlerTest.testListDetail","result":"PASS","time":0.122986601,"stackTrace":[]},"org.apache.dubbo.rpc.protocol.dubbo.ExplicitCallbackTest.TestCallbackConsumerLimit":{"name":"org.apache.dubbo.rpc.protocol.dubbo.ExplicitCallbackTest.TestCallbackConsumerLimit","result":"PASS","time":0.292247555,"stackTrace":[]},"org.apache.dubbo.rpc.protocol.dubbo.DubboProtocolTest.testPerm":{"name":"org.apache.dubbo.rpc.protocol.dubbo.DubboProtocolTest.testPerm","result":"PASS","time":12.202956698,"stackTrace":[]},"org.apache.dubbo.rpc.protocol.dubbo.DubboProtocolTest.testDemoProtocol":{"name":"org.apache.dubbo.rpc.protocol.dubbo.DubboProtocolTest.testDemoProtocol","result":"PASS","time":0.135256428,"stackTrace":[]},"org.apache.dubbo.rpc.protocol.dubbo.telnet.ListTelnetHandlerTest.testList":{"name":"org.apache.dubbo.rpc.protocol.dubbo.telnet.ListTelnetHandlerTest.testList","result":"PASS","time":0.13718677,"stackTrace":[]},"org.apache.dubbo.rpc.protocol.dubbo.ReferenceCountExchangeClientTest.test_not_share_connect":{"name":"org.apache.dubbo.rpc.protocol.dubbo.ReferenceCountExchangeClientTest.test_not_share_connect","result":"PASS","time":0.21960546,"stackTrace":[]},"org.apache.dubbo.rpc.protocol.dubbo.telnet.LogTelnetHandlerTest.testPrintLog":{"name":"org.apache.dubbo.rpc.protocol.dubbo.telnet.LogTelnetHandlerTest.testPrintLog","result":"PASS","time":0.014441069,"stackTrace":[]},"org.apache.dubbo.rpc.protocol.dubbo.ExplicitCallbackTest.TestCallbackProviderLimit":{"name":"org.apache.dubbo.rpc.protocol.dubbo.ExplicitCallbackTest.TestCallbackProviderLimit","result":"PASS","time":0.492333911,"stackTrace":[]}},"diffs":{}},"expected":"FAILURE","dependentTest":"org.apache.dubbo.rpc.protocol.dubbo.telnet.ChangeTelnetHandlerTest.testChangeServiceNotExport","polluters":[{"time":{"startTime":1574053656917,"endTime":1574053656918,"elapsedSeconds":9.999275207519531E-4},"index":0,"deps":["org.apache.dubbo.rpc.protocol.dubbo.ReferenceCountExchangeClientTest.test_multi_destory"],"cleanerData":{"dependentTest":"org.apache.dubbo.rpc.protocol.dubbo.telnet.ChangeTelnetHandlerTest.testChangeServiceNotExport","time":{"addTime":{"startTime":1574053656996,"endTime":1574054026515,"elapsedSeconds":369.51900005340576},"totalTime":{"startTime":1574053656996,"endTime":1574056919924,"elapsedSeconds":3262.927999973297}},"expected":"FAILURE","isolationResult":"PASS","cleaners":[{"dependentTest":"org.apache.dubbo.rpc.protocol.dubbo.telnet.ChangeTelnetHandlerTest.testChangeServiceNotExport","originalSize":32,"cleanerTests":["org.apache.dubbo.rpc.protocol.dubbo.ImplicitCallBackTest.test_Normal_Ex"],"orderFound":0,"time":{"addTime":{"startTime":1574053656996,"endTime":1574054026515,"elapsedSeconds":369.51900005340576},"totalTime":{"startTime":1574053656996,"endTime":1574056919924,"elapsedSeconds":3262.927999973297}}},{"dependentTest":"org.apache.dubbo.rpc.protocol.dubbo.telnet.ChangeTelnetHandlerTest.testChangeServiceNotExport","originalSize":1,"cleanerTests":["org.apache.dubbo.rpc.protocol.dubbo.ImplicitCallBackTest.test_Ex_Onthrow"],"orderFound":3,"time":{"addTime":{"startTime":1574053656996,"endTime":1574055139699,"elapsedSeconds":1482.7039995193481},"totalTime":{"startTime":1574053656996,"endTime":1574057477000,"elapsedSeconds":3820.0039999485016}}},{"dependentTest":"org.apache.dubbo.rpc.protocol.dubbo.telnet.ChangeTelnetHandlerTest.testChangeServiceNotExport","originalSize":1,"cleanerTests":["org.apache.dubbo.rpc.protocol.dubbo.ImplicitCallBackTest.test_Sync_Onreturn"],"orderFound":4,"time":{"addTime":{"startTime":1574053656996,"endTime":1574055144763,"elapsedSeconds":1487.7679996490479},"totalTime":{"startTime":1574053656996,"endTime":1574057538168,"elapsedSeconds":3881.1719999313354}}},{"dependentTest":"org.apache.dubbo.rpc.protocol.dubbo.telnet.ChangeTelnetHandlerTest.testChangeServiceNotExport","originalSize":1,"cleanerTests":["org.apache.dubbo.rpc.protocol.dubbo.ImplicitCallBackTest.test_Async_Future_Ex"],"orderFound":5,"time":{"addTime":{"startTime":1574053656996,"endTime":1574055200173,"elapsedSeconds":1543.1779997348785},"totalTime":{"startTime":1574053656996,"endTime":1574057624795,"elapsedSeconds":3967.7990000247955}}},{"dependentTest":"org.apache.dubbo.rpc.protocol.dubbo.telnet.ChangeTelnetHandlerTest.testChangeServiceNotExport","originalSize":1,"cleanerTests":["org.apache.dubbo.rpc.protocol.dubbo.ImplicitCallBackTest.test_Ex_OnInvoke"],"orderFound":6,"time":{"addTime":{"startTime":1574053656996,"endTime":1574055234877,"elapsedSeconds":1577.8819992542267},"totalTime":{"startTime":1574053656996,"endTime":1574057705869,"elapsedSeconds":4048.87299990654}}},{"dependentTest":"org.apache.dubbo.rpc.protocol.dubbo.telnet.ChangeTelnetHandlerTest.testChangeServiceNotExport","originalSize":1,"cleanerTests":["org.apache.dubbo.rpc.protocol.dubbo.ImplicitCallBackTest.test_Async_Future"],"orderFound":7,"time":{"addTime":{"startTime":1574053656996,"endTime":1574055296522,"elapsedSeconds":1639.5269994735718},"totalTime":{"startTime":1574053656996,"endTime":1574057810083,"elapsedSeconds":4153.0869998931885}}},{"dependentTest":"org.apache.dubbo.rpc.protocol.dubbo.telnet.ChangeTelnetHandlerTest.testChangeServiceNotExport","originalSize":1,"cleanerTests":["org.apache.dubbo.rpc.protocol.dubbo.ImplicitCallBackTest.test_Ex_OnReturn"],"orderFound":8,"time":{"addTime":{"startTime":1574053656996,"endTime":1574055341229,"elapsedSeconds":1684.2339997291565},"totalTime":{"startTime":1574053656996,"endTime":1574057928489,"elapsedSeconds":4271.493000030518}}},{"dependentTest":"org.apache.dubbo.rpc.protocol.dubbo.telnet.ChangeTelnetHandlerTest.testChangeServiceNotExport","originalSize":1,"cleanerTests":["org.apache.dubbo.rpc.protocol.dubbo.ImplicitCallBackTest.test_CloseCallback"],"orderFound":9,"time":{"addTime":{"startTime":1574053656996,"endTime":1574055369780,"elapsedSeconds":1712.7849996089935},"totalTime":{"startTime":1574053656996,"endTime":1574058046673,"elapsedSeconds":4389.677000045776}}},{"dependentTest":"org.apache.dubbo.rpc.protocol.dubbo.telnet.ChangeTelnetHandlerTest.testChangeServiceNotExport","originalSize":1,"cleanerTests":["org.apache.dubbo.rpc.protocol.dubbo.ImplicitCallBackTest.test_Async_Future_Multi"],"orderFound":10,"time":{"addTime":{"startTime":1574053656996,"endTime":1574055378572,"elapsedSeconds":1721.576999425888},"totalTime":{"startTime":1574053656996,"endTime":1574058144073,"elapsedSeconds":4487.076999902725}}},{"dependentTest":"org.apache.dubbo.rpc.protocol.dubbo.telnet.ChangeTelnetHandlerTest.testChangeServiceNotExport","originalSize":1,"cleanerTests":["org.apache.dubbo.rpc.protocol.dubbo.ImplicitCallBackTest.test_Sync_NoFuture"],"orderFound":11,"time":{"addTime":{"startTime":1574053656996,"endTime":1574055410994,"elapsedSeconds":1753.998999595642},"totalTime":{"startTime":1574053656996,"endTime":1574058235866,"elapsedSeconds":4578.869999885559}}},{"dependentTest":"org.apache.dubbo.rpc.protocol.dubbo.telnet.ChangeTelnetHandlerTest.testChangeServiceNotExport","originalSize":1,"cleanerTests":["org.apache.dubbo.rpc.protocol.dubbo.telnet.ListTelnetHandlerTest.testListDetailService"],"orderFound":12,"time":{"addTime":{"startTime":1574053656996,"endTime":1574055452013,"elapsedSeconds":1795.0179996490479},"totalTime":{"startTime":1574053656996,"endTime":1574058338770,"elapsedSeconds":4681.773999929428}}},{"dependentTest":"org.apache.dubbo.rpc.protocol.dubbo.telnet.ChangeTelnetHandlerTest.testChangeServiceNotExport","originalSize":1,"cleanerTests":["org.apache.dubbo.rpc.protocol.dubbo.telnet.ListTelnetHandlerTest.testInvaildMessage"],"orderFound":13,"time":{"addTime":{"startTime":1574053656996,"endTime":1574055439988,"elapsedSeconds":1782.9929995536804},"totalTime":{"startTime":1574053656996,"endTime":1574058411372,"elapsedSeconds":4754.375999927521}}},{"dependentTest":"org.apache.dubbo.rpc.protocol.dubbo.telnet.ChangeTelnetHandlerTest.testChangeServiceNotExport","originalSize":1,"cleanerTests":["org.apache.dubbo.rpc.protocol.dubbo.telnet.ListTelnetHandlerTest.testList"],"orderFound":14,"time":{"addTime":{"startTime":1574053656996,"endTime":1574055480639,"elapsedSeconds":1823.6439995765686},"totalTime":{"startTime":1574053656996,"endTime":1574058505934,"elapsedSeconds":4848.93799996376}}},{"dependentTest":"org.apache.dubbo.rpc.protocol.dubbo.telnet.ChangeTelnetHandlerTest.testChangeServiceNotExport","originalSize":1,"cleanerTests":["org.apache.dubbo.rpc.protocol.dubbo.telnet.ListTelnetHandlerTest.testListDetail"],"orderFound":15,"time":{"addTime":{"startTime":1574053656996,"endTime":1574055456127,"elapsedSeconds":1799.1319997310638},"totalTime":{"startTime":1574053656996,"endTime":1574058560392,"elapsedSeconds":4903.395999908447}}},{"dependentTest":"org.apache.dubbo.rpc.protocol.dubbo.telnet.ChangeTelnetHandlerTest.testChangeServiceNotExport","originalSize":1,"cleanerTests":["org.apache.dubbo.rpc.protocol.dubbo.telnet.ListTelnetHandlerTest.testListDefault"],"orderFound":16,"time":{"addTime":{"startTime":1574053656996,"endTime":1574055476477,"elapsedSeconds":1819.4819996356964},"totalTime":{"startTime":1574053656996,"endTime":1574058618358,"elapsedSeconds":4961.361999988556}}},{"dependentTest":"org.apache.dubbo.rpc.protocol.dubbo.telnet.ChangeTelnetHandlerTest.testChangeServiceNotExport","originalSize":1,"cleanerTests":["org.apache.dubbo.rpc.protocol.dubbo.telnet.ListTelnetHandlerTest.testListService"],"orderFound":17,"time":{"addTime":{"startTime":1574053656996,"endTime":1574055546075,"elapsedSeconds":1889.0799996852875},"totalTime":{"startTime":1574053656996,"endTime":1574058712377,"elapsedSeconds":5055.381000041962}}},{"dependentTest":"org.apache.dubbo.rpc.protocol.dubbo.telnet.ChangeTelnetHandlerTest.testChangeServiceNotExport","originalSize":1,"cleanerTests":["org.apache.dubbo.rpc.protocol.dubbo.telnet.ChangeTelnetHandlerTest.testChangeSimpleName"],"orderFound":18,"time":{"addTime":{"startTime":1574053656996,"endTime":1574055555140,"elapsedSeconds":1898.144999742508},"totalTime":{"startTime":1574053656996,"endTime":1574058779342,"elapsedSeconds":5122.345999956131}}},{"dependentTest":"org.apache.dubbo.rpc.protocol.dubbo.telnet.ChangeTelnetHandlerTest.testChangeServiceNotExport","originalSize":1,"cleanerTests":["org.apache.dubbo.rpc.protocol.dubbo.telnet.ChangeTelnetHandlerTest.testChangeMessageNull"],"orderFound":19,"time":{"addTime":{"startTime":1574053656996,"endTime":1574055594896,"elapsedSeconds":1937.900999546051},"totalTime":{"startTime":1574053656996,"endTime":1574058849141,"elapsedSeconds":5192.1449999809265}}},{"dependentTest":"org.apache.dubbo.rpc.protocol.dubbo.telnet.ChangeTelnetHandlerTest.testChangeServiceNotExport","originalSize":1,"cleanerTests":["org.apache.dubbo.rpc.protocol.dubbo.telnet.ChangeTelnetHandlerTest.testChangeCancel"],"orderFound":20,"time":{"addTime":{"startTime":1574053656996,"endTime":1574055662061,"elapsedSeconds":2005.065999507904},"totalTime":{"startTime":1574053656996,"endTime":1574058917729,"elapsedSeconds":5260.733000040054}}},{"dependentTest":"org.apache.dubbo.rpc.protocol.dubbo.telnet.ChangeTelnetHandlerTest.testChangeServiceNotExport","originalSize":1,"cleanerTests":["org.apache.dubbo.rpc.protocol.dubbo.telnet.ChangeTelnetHandlerTest.testChangeName"],"orderFound":21,"time":{"addTime":{"startTime":1574053656996,"endTime":1574055702872,"elapsedSeconds":2045.8769993782043},"totalTime":{"startTime":1574053656996,"endTime":1574058992202,"elapsedSeconds":5335.205999851227}}},{"dependentTest":"org.apache.dubbo.rpc.protocol.dubbo.telnet.ChangeTelnetHandlerTest.testChangeServiceNotExport","originalSize":1,"cleanerTests":["org.apache.dubbo.rpc.protocol.dubbo.telnet.ChangeTelnetHandlerTest.testChangePath"],"orderFound":22,"time":{"addTime":{"startTime":1574053656996,"endTime":1574055722611,"elapsedSeconds":2065.6159994602203},"totalTime":{"startTime":1574053656996,"endTime":1574059053737,"elapsedSeconds":5396.7409999370575}}},{"dependentTest":"org.apache.dubbo.rpc.protocol.dubbo.telnet.ChangeTelnetHandlerTest.testChangeServiceNotExport","originalSize":1,"cleanerTests":["org.apache.dubbo.rpc.protocol.dubbo.telnet.ChangeTelnetHandlerTest.testChangeCancel2"],"orderFound":23,"time":{"addTime":{"startTime":1574053656996,"endTime":1574055791648,"elapsedSeconds":2134.652999639511},"totalTime":{"startTime":1574053656996,"endTime":1574059145556,"elapsedSeconds":5488.5599999427795}}},{"dependentTest":"org.apache.dubbo.rpc.protocol.dubbo.telnet.ChangeTelnetHandlerTest.testChangeServiceNotExport","originalSize":1,"cleanerTests":["org.apache.dubbo.rpc.protocol.dubbo.telnet.PortTelnetHandlerTest.testErrorMessage"],"orderFound":24,"time":{"addTime":{"startTime":1574053656996,"endTime":1574055856460,"elapsedSeconds":2199.464999437332},"totalTime":{"startTime":1574053656996,"endTime":1574059224791,"elapsedSeconds":5567.794999837875}}},{"dependentTest":"org.apache.dubbo.rpc.protocol.dubbo.telnet.ChangeTelnetHandlerTest.testChangeServiceNotExport","originalSize":1,"cleanerTests":["org.apache.dubbo.rpc.protocol.dubbo.telnet.PortTelnetHandlerTest.testListClient"],"orderFound":25,"time":{"addTime":{"startTime":1574053656996,"endTime":1574055927107,"elapsedSeconds":2270.1119997501373},"totalTime":{"startTime":1574053656996,"endTime":1574059307380,"elapsedSeconds":5650.3840000629425}}},{"dependentTest":"org.apache.dubbo.rpc.protocol.dubbo.telnet.ChangeTelnetHandlerTest.testChangeServiceNotExport","originalSize":1,"cleanerTests":["org.apache.dubbo.rpc.protocol.dubbo.telnet.PortTelnetHandlerTest.testNoPort"],"orderFound":26,"time":{"addTime":{"startTime":1574053656996,"endTime":1574055963119,"elapsedSeconds":2306.12299990654},"totalTime":{"startTime":1574053656996,"endTime":1574059378559,"elapsedSeconds":5721.56299996376}}},{"dependentTest":"org.apache.dubbo.rpc.protocol.dubbo.telnet.ChangeTelnetHandlerTest.testChangeServiceNotExport","originalSize":1,"cleanerTests":["org.apache.dubbo.rpc.protocol.dubbo.telnet.InvokerTelnetHandlerTest.testMessageNull"],"orderFound":27,"time":{"addTime":{"startTime":1574053656996,"endTime":1574056069852,"elapsedSeconds":2412.8559999465942},"totalTime":{"startTime":1574053656996,"endTime":1574059428753,"elapsedSeconds":5771.756999969482}}},{"dependentTest":"org.apache.dubbo.rpc.protocol.dubbo.telnet.ChangeTelnetHandlerTest.testChangeServiceNotExport","originalSize":1,"cleanerTests":["org.apache.dubbo.rpc.protocol.dubbo.telnet.InvokerTelnetHandlerTest.testInvokeByPassingNullValue"],"orderFound":28,"time":{"addTime":{"startTime":1574053656996,"endTime":1574056116115,"elapsedSeconds":2459.1189999580383},"totalTime":{"startTime":1574053656996,"endTime":1574059492675,"elapsedSeconds":5835.678999900818}}},{"dependentTest":"org.apache.dubbo.rpc.protocol.dubbo.telnet.ChangeTelnetHandlerTest.testChangeServiceNotExport","originalSize":1,"cleanerTests":["org.apache.dubbo.rpc.protocol.dubbo.telnet.InvokerTelnetHandlerTest.testInvaildMessage"],"orderFound":29,"time":{"addTime":{"startTime":1574053656996,"endTime":1574056157782,"elapsedSeconds":2500.7860000133514},"totalTime":{"startTime":1574053656996,"endTime":1574059564589,"elapsedSeconds":5907.59299993515}}},{"dependentTest":"org.apache.dubbo.rpc.protocol.dubbo.telnet.ChangeTelnetHandlerTest.testChangeServiceNotExport","originalSize":1,"cleanerTests":["org.apache.dubbo.rpc.protocol.dubbo.telnet.InvokerTelnetHandlerTest.testInvokeAutoFindMethod"],"orderFound":30,"time":{"addTime":{"startTime":1574053656996,"endTime":1574056212301,"elapsedSeconds":2555.305000066757},"totalTime":{"startTime":1574053656996,"endTime":1574059659741,"elapsedSeconds":6002.744999885559}}},{"dependentTest":"org.apache.dubbo.rpc.protocol.dubbo.telnet.ChangeTelnetHandlerTest.testChangeServiceNotExport","originalSize":1,"cleanerTests":["org.apache.dubbo.rpc.protocol.dubbo.telnet.InvokerTelnetHandlerTest.testInvokeDefaultSService"],"orderFound":31,"time":{"addTime":{"startTime":1574053656996,"endTime":1574056243519,"elapsedSeconds":2586.523000240326},"totalTime":{"startTime":1574053656996,"endTime":1574059765729,"elapsedSeconds":6108.733000040054}}}]}},{"time":{"startTime":1574059786416,"endTime":1574059786416,"elapsedSeconds":0.0},"index":1,"deps":["org.apache.dubbo.rpc.protocol.dubbo.ReferenceCountExchangeClientTest.test_not_share_connect"],"cleanerData":{"dependentTest":"org.apache.dubbo.rpc.protocol.dubbo.telnet.ChangeTelnetHandlerTest.testChangeServiceNotExport","time":{"addTime":{"startTime":1574059786430,"endTime":1574060114524,"elapsedSeconds":328.09499979019165},"totalTime":{"startTime":1574059786430,"endTime":1574063092039,"elapsedSeconds":3305.608999967575}},"expected":"FAILURE","isolationResult":"PASS","cleaners":[{"dependentTest":"org.apache.dubbo.rpc.protocol.dubbo.telnet.ChangeTelnetHandlerTest.testChangeServiceNotExport","originalSize":33,"cleanerTests":["org.apache.dubbo.rpc.protocol.dubbo.ImplicitCallBackTest.test_Normal_Ex"],"orderFound":0,"time":{"addTime":{"startTime":1574059786430,"endTime":1574060114524,"elapsedSeconds":328.09499979019165},"totalTime":{"startTime":1574059786430,"endTime":1574063092039,"elapsedSeconds":3305.608999967575}}},{"dependentTest":"org.apache.dubbo.rpc.protocol.dubbo.telnet.ChangeTelnetHandlerTest.testChangeServiceNotExport","originalSize":1,"cleanerTests":["org.apache.dubbo.rpc.protocol.dubbo.ImplicitCallBackTest.test_Ex_Onthrow"],"orderFound":3,"time":{"addTime":{"startTime":1574059786430,"endTime":1574061278204,"elapsedSeconds":1491.7740008831024},"totalTime":{"startTime":1574059786430,"endTime":1574063674071,"elapsedSeconds":3887.641000032425}}},{"dependentTest":"org.apache.dubbo.rpc.protocol.dubbo.telnet.ChangeTelnetHandlerTest.testChangeServiceNotExport","originalSize":1,"cleanerTests":["org.apache.dubbo.rpc.protocol.dubbo.ImplicitCallBackTest.test_Sync_Onreturn"],"orderFound":4,"time":{"addTime":{"startTime":1574059786430,"endTime":1574061322794,"elapsedSeconds":1536.3640007972717},"totalTime":{"startTime":1574059786430,"endTime":1574063786193,"elapsedSeconds":3999.763000011444}}},{"dependentTest":"org.apache.dubbo.rpc.protocol.dubbo.telnet.ChangeTelnetHandlerTest.testChangeServiceNotExport","originalSize":1,"cleanerTests":["org.apache.dubbo.rpc.protocol.dubbo.ImplicitCallBackTest.test_Async_Future_Ex"],"orderFound":5,"time":{"addTime":{"startTime":1574059786430,"endTime":1574061338537,"elapsedSeconds":1552.1070005893707},"totalTime":{"startTime":1574059786430,"endTime":1574063885763,"elapsedSeconds":4099.332999944687}}},{"dependentTest":"org.apache.dubbo.rpc.protocol.dubbo.telnet.ChangeTelnetHandlerTest.testChangeServiceNotExport","originalSize":1,"cleanerTests":["org.apache.dubbo.rpc.protocol.dubbo.ImplicitCallBackTest.test_Ex_OnInvoke"],"orderFound":6,"time":{"addTime":{"startTime":1574059786430,"endTime":1574061357124,"elapsedSeconds":1570.6940007209778},"totalTime":{"startTime":1574059786430,"endTime":1574063972188,"elapsedSeconds":4185.757999897003}}},{"dependentTest":"org.apache.dubbo.rpc.protocol.dubbo.telnet.ChangeTelnetHandlerTest.testChangeServiceNotExport","originalSize":1,"cleanerTests":["org.apache.dubbo.rpc.protocol.dubbo.ImplicitCallBackTest.test_Async_Future"],"orderFound":7,"time":{"addTime":{"startTime":1574059786430,"endTime":1574061391432,"elapsedSeconds":1605.0020005702972},"totalTime":{"startTime":1574059786430,"endTime":1574064062428,"elapsedSeconds":4275.99799990654}}},{"dependentTest":"org.apache.dubbo.rpc.protocol.dubbo.telnet.ChangeTelnetHandlerTest.testChangeServiceNotExport","originalSize":1,"cleanerTests":["org.apache.dubbo.rpc.protocol.dubbo.ImplicitCallBackTest.test_Ex_OnReturn"],"orderFound":8,"time":{"addTime":{"startTime":1574059786430,"endTime":1574061424112,"elapsedSeconds":1637.682000875473},"totalTime":{"startTime":1574059786430,"endTime":1574064154844,"elapsedSeconds":4368.414000034332}}},{"dependentTest":"org.apache.dubbo.rpc.protocol.dubbo.telnet.ChangeTelnetHandlerTest.testChangeServiceNotExport","originalSize":1,"cleanerTests":["org.apache.dubbo.rpc.protocol.dubbo.ImplicitCallBackTest.test_CloseCallback"],"orderFound":9,"time":{"addTime":{"startTime":1574059786430,"endTime":1574061473319,"elapsedSeconds":1686.8890008926392},"totalTime":{"startTime":1574059786430,"endTime":1574064255080,"elapsedSeconds":4468.649999856949}}},{"dependentTest":"org.apache.dubbo.rpc.protocol.dubbo.telnet.ChangeTelnetHandlerTest.testChangeServiceNotExport","originalSize":1,"cleanerTests":["org.apache.dubbo.rpc.protocol.dubbo.ImplicitCallBackTest.test_Async_Future_Multi"],"orderFound":10,"time":{"addTime":{"startTime":1574059786430,"endTime":1574061530769,"elapsedSeconds":1744.3390007019043},"totalTime":{"startTime":1574059786430,"endTime":1574064362962,"elapsedSeconds":4576.531999826431}}},{"dependentTest":"org.apache.dubbo.rpc.protocol.dubbo.telnet.ChangeTelnetHandlerTest.testChangeServiceNotExport","originalSize":1,"cleanerTests":["org.apache.dubbo.rpc.protocol.dubbo.ImplicitCallBackTest.test_Sync_NoFuture"],"orderFound":11,"time":{"addTime":{"startTime":1574059786430,"endTime":1574061543143,"elapsedSeconds":1756.7130010128021},"totalTime":{"startTime":1574059786430,"endTime":1574064445413,"elapsedSeconds":4658.983000040054}}},{"dependentTest":"org.apache.dubbo.rpc.protocol.dubbo.telnet.ChangeTelnetHandlerTest.testChangeServiceNotExport","originalSize":1,"cleanerTests":["org.apache.dubbo.rpc.protocol.dubbo.telnet.ListTelnetHandlerTest.testListDetailService"],"orderFound":12,"time":{"addTime":{"startTime":1574059786430,"endTime":1574061569655,"elapsedSeconds":1783.2250010967255},"totalTime":{"startTime":1574059786430,"endTime":1574064519449,"elapsedSeconds":4733.018999814987}}},{"dependentTest":"org.apache.dubbo.rpc.protocol.dubbo.telnet.ChangeTelnetHandlerTest.testChangeServiceNotExport","originalSize":1,"cleanerTests":["org.apache.dubbo.rpc.protocol.dubbo.telnet.ListTelnetHandlerTest.testInvaildMessage"],"orderFound":13,"time":{"addTime":{"startTime":1574059786430,"endTime":1574061593044,"elapsedSeconds":1806.6140007972717},"totalTime":{"startTime":1574059786430,"endTime":1574064579807,"elapsedSeconds":4793.3769998550415}}},{"dependentTest":"org.apache.dubbo.rpc.protocol.dubbo.telnet.ChangeTelnetHandlerTest.testChangeServiceNotExport","originalSize":1,"cleanerTests":["org.apache.dubbo.rpc.protocol.dubbo.telnet.ListTelnetHandlerTest.testList"],"orderFound":14,"time":{"addTime":{"startTime":1574059786430,"endTime":1574061649857,"elapsedSeconds":1863.4270012378693},"totalTime":{"startTime":1574059786430,"endTime":1574064665733,"elapsedSeconds":4879.302999973297}}},{"dependentTest":"org.apache.dubbo.rpc.protocol.dubbo.telnet.ChangeTelnetHandlerTest.testChangeServiceNotExport","originalSize":1,"cleanerTests":["org.apache.dubbo.rpc.protocol.dubbo.telnet.ListTelnetHandlerTest.testListDetail"],"orderFound":15,"time":{"addTime":{"startTime":1574059786430,"endTime":1574061672990,"elapsedSeconds":1886.5600008964539},"totalTime":{"startTime":1574059786430,"endTime":1574064739879,"elapsedSeconds":4953.448999881744}}},{"dependentTest":"org.apache.dubbo.rpc.protocol.dubbo.telnet.ChangeTelnetHandlerTest.testChangeServiceNotExport","originalSize":1,"cleanerTests":["org.apache.dubbo.rpc.protocol.dubbo.telnet.ListTelnetHandlerTest.testListDefault"],"orderFound":16,"time":{"addTime":{"startTime":1574059786430,"endTime":1574061742585,"elapsedSeconds":1956.155000925064},"totalTime":{"startTime":1574059786430,"endTime":1574064843017,"elapsedSeconds":5056.5869998931885}}},{"dependentTest":"org.apache.dubbo.rpc.protocol.dubbo.telnet.ChangeTelnetHandlerTest.testChangeServiceNotExport","originalSize":1,"cleanerTests":["org.apache.dubbo.rpc.protocol.dubbo.telnet.ListTelnetHandlerTest.testListService"],"orderFound":17,"time":{"addTime":{"startTime":1574059786430,"endTime":1574061756329,"elapsedSeconds":1969.899001121521},"totalTime":{"startTime":1574059786430,"endTime":1574064928977,"elapsedSeconds":5142.546999931335}}},{"dependentTest":"org.apache.dubbo.rpc.protocol.dubbo.telnet.ChangeTelnetHandlerTest.testChangeServiceNotExport","originalSize":1,"cleanerTests":["org.apache.dubbo.rpc.protocol.dubbo.telnet.ChangeTelnetHandlerTest.testChangeSimpleName"],"orderFound":18,"time":{"addTime":{"startTime":1574059786430,"endTime":1574061779833,"elapsedSeconds":1993.403000831604},"totalTime":{"startTime":1574059786430,"endTime":1574065015619,"elapsedSeconds":5229.188999891281}}},{"dependentTest":"org.apache.dubbo.rpc.protocol.dubbo.telnet.ChangeTelnetHandlerTest.testChangeServiceNotExport","originalSize":1,"cleanerTests":["org.apache.dubbo.rpc.protocol.dubbo.telnet.ChangeTelnetHandlerTest.testChangeMessageNull"],"orderFound":19,"time":{"addTime":{"startTime":1574059786430,"endTime":1574061813345,"elapsedSeconds":2026.915001153946},"totalTime":{"startTime":1574059786430,"endTime":1574065098667,"elapsedSeconds":5312.236999988556}}},{"dependentTest":"org.apache.dubbo.rpc.protocol.dubbo.telnet.ChangeTelnetHandlerTest.testChangeServiceNotExport","originalSize":1,"cleanerTests":["org.apache.dubbo.rpc.protocol.dubbo.telnet.ChangeTelnetHandlerTest.testChangeCancel"],"orderFound":20,"time":{"addTime":{"startTime":1574059786430,"endTime":1574061904105,"elapsedSeconds":2117.6750009059906},"totalTime":{"startTime":1574059786430,"endTime":1574065195688,"elapsedSeconds":5409.257999897003}}},{"dependentTest":"org.apache.dubbo.rpc.protocol.dubbo.telnet.ChangeTelnetHandlerTest.testChangeServiceNotExport","originalSize":1,"cleanerTests":["org.apache.dubbo.rpc.protocol.dubbo.telnet.ChangeTelnetHandlerTest.testChangeName"],"orderFound":21,"time":{"addTime":{"startTime":1574059786430,"endTime":1574061913118,"elapsedSeconds":2126.688000679016},"totalTime":{"startTime":1574059786430,"endTime":1574065265554,"elapsedSeconds":5479.123999834061}}},{"dependentTest":"org.apache.dubbo.rpc.protocol.dubbo.telnet.ChangeTelnetHandlerTest.testChangeServiceNotExport","originalSize":1,"cleanerTests":["org.apache.dubbo.rpc.protocol.dubbo.telnet.ChangeTelnetHandlerTest.testChangePath"],"orderFound":22,"time":{"addTime":{"startTime":1574059786430,"endTime":1574061976634,"elapsedSeconds":2190.2040009498596},"totalTime":{"startTime":1574059786430,"endTime":1574065365530,"elapsedSeconds":5579.099999904633}}},{"dependentTest":"org.apache.dubbo.rpc.protocol.dubbo.telnet.ChangeTelnetHandlerTest.testChangeServiceNotExport","originalSize":1,"cleanerTests":["org.apache.dubbo.rpc.protocol.dubbo.telnet.ChangeTelnetHandlerTest.testChangeCancel2"],"orderFound":23,"time":{"addTime":{"startTime":1574059786430,"endTime":1574061982820,"elapsedSeconds":2196.3900010585785},"totalTime":{"startTime":1574059786430,"endTime":1574065437419,"elapsedSeconds":5650.988999843597}}},{"dependentTest":"org.apache.dubbo.rpc.protocol.dubbo.telnet.ChangeTelnetHandlerTest.testChangeServiceNotExport","originalSize":1,"cleanerTests":["org.apache.dubbo.rpc.protocol.dubbo.telnet.PortTelnetHandlerTest.testErrorMessage"],"orderFound":24,"time":{"addTime":{"startTime":1574059786430,"endTime":1574062057701,"elapsedSeconds":2271.27100110054},"totalTime":{"startTime":1574059786430,"endTime":1574065512034,"elapsedSeconds":5725.603999853134}}},{"dependentTest":"org.apache.dubbo.rpc.protocol.dubbo.telnet.ChangeTelnetHandlerTest.testChangeServiceNotExport","originalSize":1,"cleanerTests":["org.apache.dubbo.rpc.protocol.dubbo.telnet.PortTelnetHandlerTest.testListClient"],"orderFound":25,"time":{"addTime":{"startTime":1574059786430,"endTime":1574062169181,"elapsedSeconds":2382.7510011196136},"totalTime":{"startTime":1574059786430,"endTime":1574065623385,"elapsedSeconds":5836.954999923706}}},{"dependentTest":"org.apache.dubbo.rpc.protocol.dubbo.telnet.ChangeTelnetHandlerTest.testChangeServiceNotExport","originalSize":1,"cleanerTests":["org.apache.dubbo.rpc.protocol.dubbo.telnet.PortTelnetHandlerTest.testNoPort"],"orderFound":26,"time":{"addTime":{"startTime":1574059786430,"endTime":1574062213861,"elapsedSeconds":2427.431001186371},"totalTime":{"startTime":1574059786430,"endTime":1574065723632,"elapsedSeconds":5937.201999902725}}},{"dependentTest":"org.apache.dubbo.rpc.protocol.dubbo.telnet.ChangeTelnetHandlerTest.testChangeServiceNotExport","originalSize":1,"cleanerTests":["org.apache.dubbo.rpc.protocol.dubbo.telnet.InvokerTelnetHandlerTest.testMessageNull"],"orderFound":27,"time":{"addTime":{"startTime":1574059786430,"endTime":1574062340520,"elapsedSeconds":2554.0900015830994},"totalTime":{"startTime":1574059786430,"endTime":1574065822703,"elapsedSeconds":6036.273000001907}}},{"dependentTest":"org.apache.dubbo.rpc.protocol.dubbo.telnet.ChangeTelnetHandlerTest.testChangeServiceNotExport","originalSize":1,"cleanerTests":["org.apache.dubbo.rpc.protocol.dubbo.telnet.InvokerTelnetHandlerTest.testInvokeByPassingNullValue"],"orderFound":28,"time":{"addTime":{"startTime":1574059786430,"endTime":1574062354561,"elapsedSeconds":2568.1310017108917},"totalTime":{"startTime":1574059786430,"endTime":1574065913221,"elapsedSeconds":6126.790999889374}}},{"dependentTest":"org.apache.dubbo.rpc.protocol.dubbo.telnet.ChangeTelnetHandlerTest.testChangeServiceNotExport","originalSize":1,"cleanerTests":["org.apache.dubbo.rpc.protocol.dubbo.telnet.InvokerTelnetHandlerTest.testInvaildMessage"],"orderFound":29,"time":{"addTime":{"startTime":1574059786430,"endTime":1574062387690,"elapsedSeconds":2601.260001897812},"totalTime":{"startTime":1574059786430,"endTime":1574066015662,"elapsedSeconds":6229.231999874115}}},{"dependentTest":"org.apache.dubbo.rpc.protocol.dubbo.telnet.ChangeTelnetHandlerTest.testChangeServiceNotExport","originalSize":1,"cleanerTests":["org.apache.dubbo.rpc.protocol.dubbo.telnet.InvokerTelnetHandlerTest.testInvokeAutoFindMethod"],"orderFound":30,"time":{"addTime":{"startTime":1574059786430,"endTime":1574062418217,"elapsedSeconds":2631.7870020866394},"totalTime":{"startTime":1574059786430,"endTime":1574066117266,"elapsedSeconds":6330.835999965668}}},{"dependentTest":"org.apache.dubbo.rpc.protocol.dubbo.telnet.ChangeTelnetHandlerTest.testChangeServiceNotExport","originalSize":1,"cleanerTests":["org.apache.dubbo.rpc.protocol.dubbo.telnet.InvokerTelnetHandlerTest.testInvokeDefaultSService"],"orderFound":31,"time":{"addTime":{"startTime":1574059786430,"endTime":1574062414708,"elapsedSeconds":2628.2780017852783},"totalTime":{"startTime":1574059786430,"endTime":1574066183566,"elapsedSeconds":6397.135999917984}}}]}},{"time":{"startTime":1574066215656,"endTime":1574066215656,"elapsedSeconds":0.0},"index":2,"deps":["org.apache.dubbo.rpc.protocol.dubbo.ReferenceCountExchangeClientTest.test_share_connect"],"cleanerData":{"dependentTest":"org.apache.dubbo.rpc.protocol.dubbo.telnet.ChangeTelnetHandlerTest.testChangeServiceNotExport","time":{"addTime":{"startTime":1574066215665,"endTime":1574066598053,"elapsedSeconds":382.38800024986267},"totalTime":{"startTime":1574066215665,"endTime":1574069839812,"elapsedSeconds":3624.1470000743866}},"expected":"FAILURE","isolationResult":"PASS","cleaners":[{"dependentTest":"org.apache.dubbo.rpc.protocol.dubbo.telnet.ChangeTelnetHandlerTest.testChangeServiceNotExport","originalSize":31,"cleanerTests":["org.apache.dubbo.rpc.protocol.dubbo.ImplicitCallBackTest.test_Normal_Ex"],"orderFound":0,"time":{"addTime":{"startTime":1574066215665,"endTime":1574066598053,"elapsedSeconds":382.38800024986267},"totalTime":{"startTime":1574066215665,"endTime":1574069839812,"elapsedSeconds":3624.1470000743866}}},{"dependentTest":"org.apache.dubbo.rpc.protocol.dubbo.telnet.ChangeTelnetHandlerTest.testChangeServiceNotExport","originalSize":1,"cleanerTests":["org.apache.dubbo.rpc.protocol.dubbo.ImplicitCallBackTest.test_Ex_Onthrow"],"orderFound":4,"time":{"addTime":{"startTime":1574066215665,"endTime":1574067989927,"elapsedSeconds":1774.262999534607},"totalTime":{"startTime":1574066215665,"endTime":1574070992268,"elapsedSeconds":4776.602999925613}}},{"dependentTest":"org.apache.dubbo.rpc.protocol.dubbo.telnet.ChangeTelnetHandlerTest.testChangeServiceNotExport","originalSize":1,"cleanerTests":["org.apache.dubbo.rpc.protocol.dubbo.ImplicitCallBackTest.test_Sync_Onreturn"],"orderFound":5,"time":{"addTime":{"startTime":1574066215665,"endTime":1574068014215,"elapsedSeconds":1798.5509994029999},"totalTime":{"startTime":1574066215665,"endTime":1574071096636,"elapsedSeconds":4880.970999956131}}},{"dependentTest":"org.apache.dubbo.rpc.protocol.dubbo.telnet.ChangeTelnetHandlerTest.testChangeServiceNotExport","originalSize":1,"cleanerTests":["org.apache.dubbo.rpc.protocol.dubbo.ImplicitCallBackTest.test_Async_Future_Ex"],"orderFound":6,"time":{"addTime":{"startTime":1574066215665,"endTime":1574068051947,"elapsedSeconds":1836.2829995155334},"totalTime":{"startTime":1574066215665,"endTime":1574071195145,"elapsedSeconds":4979.4800000190735}}},{"dependentTest":"org.apache.dubbo.rpc.protocol.dubbo.telnet.ChangeTelnetHandlerTest.testChangeServiceNotExport","originalSize":1,"cleanerTests":["org.apache.dubbo.rpc.protocol.dubbo.ImplicitCallBackTest.test_Ex_OnInvoke"],"orderFound":7,"time":{"addTime":{"startTime":1574066215665,"endTime":1574068106628,"elapsedSeconds":1890.9639995098114},"totalTime":{"startTime":1574066215665,"endTime":1574071302351,"elapsedSeconds":5086.686000108719}}},{"dependentTest":"org.apache.dubbo.rpc.protocol.dubbo.telnet.ChangeTelnetHandlerTest.testChangeServiceNotExport","originalSize":1,"cleanerTests":["org.apache.dubbo.rpc.protocol.dubbo.ImplicitCallBackTest.test_Async_Future"],"orderFound":8,"time":{"addTime":{"startTime":1574066215665,"endTime":1574068153400,"elapsedSeconds":1937.7359993457794},"totalTime":{"startTime":1574066215665,"endTime":1574071412914,"elapsedSeconds":5197.249000072479}}},{"dependentTest":"org.apache.dubbo.rpc.protocol.dubbo.telnet.ChangeTelnetHandlerTest.testChangeServiceNotExport","originalSize":1,"cleanerTests":["org.apache.dubbo.rpc.protocol.dubbo.ImplicitCallBackTest.test_Ex_OnReturn"],"orderFound":9,"time":{"addTime":{"startTime":1574066215665,"endTime":1574068185133,"elapsedSeconds":1969.4689993858337},"totalTime":{"startTime":1574066215665,"endTime":1574071507289,"elapsedSeconds":5291.624000072479}}},{"dependentTest":"org.apache.dubbo.rpc.protocol.dubbo.telnet.ChangeTelnetHandlerTest.testChangeServiceNotExport","originalSize":1,"cleanerTests":["org.apache.dubbo.rpc.protocol.dubbo.ImplicitCallBackTest.test_CloseCallback"],"orderFound":10,"time":{"addTime":{"startTime":1574066215665,"endTime":1574068230995,"elapsedSeconds":2015.3309996128082},"totalTime":{"startTime":1574066215665,"endTime":1574071600430,"elapsedSeconds":5384.765000104904}}},{"dependentTest":"org.apache.dubbo.rpc.protocol.dubbo.telnet.ChangeTelnetHandlerTest.testChangeServiceNotExport","originalSize":1,"cleanerTests":["org.apache.dubbo.rpc.protocol.dubbo.ImplicitCallBackTest.test_Async_Future_Multi"],"orderFound":11,"time":{"addTime":{"startTime":1574066215665,"endTime":1574068294594,"elapsedSeconds":2078.9299998283386},"totalTime":{"startTime":1574066215665,"endTime":1574071710210,"elapsedSeconds":5494.545000076294}}},{"dependentTest":"org.apache.dubbo.rpc.protocol.dubbo.telnet.ChangeTelnetHandlerTest.testChangeServiceNotExport","originalSize":1,"cleanerTests":["org.apache.dubbo.rpc.protocol.dubbo.ImplicitCallBackTest.test_Sync_NoFuture"],"orderFound":12,"time":{"addTime":{"startTime":1574066215665,"endTime":1574068342486,"elapsedSeconds":2126.8219995498657},"totalTime":{"startTime":1574066215665,"endTime":1574071819036,"elapsedSeconds":5603.371000051498}}},{"dependentTest":"org.apache.dubbo.rpc.protocol.dubbo.telnet.ChangeTelnetHandlerTest.testChangeServiceNotExport","originalSize":1,"cleanerTests":["org.apache.dubbo.rpc.protocol.dubbo.telnet.ListTelnetHandlerTest.testListDetailService"],"orderFound":13,"time":{"addTime":{"startTime":1574066215665,"endTime":1574068354556,"elapsedSeconds":2138.891999721527},"totalTime":{"startTime":1574066215665,"endTime":1574071901529,"elapsedSeconds":5685.864000082016}}},{"dependentTest":"org.apache.dubbo.rpc.protocol.dubbo.telnet.ChangeTelnetHandlerTest.testChangeServiceNotExport","originalSize":1,"cleanerTests":["org.apache.dubbo.rpc.protocol.dubbo.telnet.ListTelnetHandlerTest.testInvaildMessage"],"orderFound":14,"time":{"addTime":{"startTime":1574066215665,"endTime":1574068379959,"elapsedSeconds":2164.294999599457},"totalTime":{"startTime":1574066215665,"endTime":1574071985246,"elapsedSeconds":5769.581000089645}}},{"dependentTest":"org.apache.dubbo.rpc.protocol.dubbo.telnet.ChangeTelnetHandlerTest.testChangeServiceNotExport","originalSize":1,"cleanerTests":["org.apache.dubbo.rpc.protocol.dubbo.telnet.ListTelnetHandlerTest.testList"],"orderFound":15,"time":{"addTime":{"startTime":1574066215665,"endTime":1574068404334,"elapsedSeconds":2188.669999599457},"totalTime":{"startTime":1574066215665,"endTime":1574072054073,"elapsedSeconds":5838.407999992371}}},{"dependentTest":"org.apache.dubbo.rpc.protocol.dubbo.telnet.ChangeTelnetHandlerTest.testChangeServiceNotExport","originalSize":1,"cleanerTests":["org.apache.dubbo.rpc.protocol.dubbo.telnet.ListTelnetHandlerTest.testListDetail"],"orderFound":16,"time":{"addTime":{"startTime":1574066215665,"endTime":1574068438077,"elapsedSeconds":2222.411999940872},"totalTime":{"startTime":1574066215665,"endTime":1574072118160,"elapsedSeconds":5902.495000123978}}},{"dependentTest":"org.apache.dubbo.rpc.protocol.dubbo.telnet.ChangeTelnetHandlerTest.testChangeServiceNotExport","originalSize":1,"cleanerTests":["org.apache.dubbo.rpc.protocol.dubbo.telnet.ListTelnetHandlerTest.testListDefault"],"orderFound":17,"time":{"addTime":{"startTime":1574066215665,"endTime":1574068495588,"elapsedSeconds":2279.9239995479584},"totalTime":{"startTime":1574066215665,"endTime":1574072202199,"elapsedSeconds":5986.533999919891}}},{"dependentTest":"org.apache.dubbo.rpc.protocol.dubbo.telnet.ChangeTelnetHandlerTest.testChangeServiceNotExport","originalSize":1,"cleanerTests":["org.apache.dubbo.rpc.protocol.dubbo.telnet.ListTelnetHandlerTest.testListService"],"orderFound":18,"time":{"addTime":{"startTime":1574066215665,"endTime":1574068547224,"elapsedSeconds":2331.5599994659424},"totalTime":{"startTime":1574066215665,"endTime":1574072313929,"elapsedSeconds":6098.263999938965}}},{"dependentTest":"org.apache.dubbo.rpc.protocol.dubbo.telnet.ChangeTelnetHandlerTest.testChangeServiceNotExport","originalSize":1,"cleanerTests":["org.apache.dubbo.rpc.protocol.dubbo.telnet.ChangeTelnetHandlerTest.testChangeSimpleName"],"orderFound":19,"time":{"addTime":{"startTime":1574066215665,"endTime":1574068520485,"elapsedSeconds":2304.820999622345},"totalTime":{"startTime":1574066215665,"endTime":1574072364468,"elapsedSeconds":6148.802999973297}}},{"dependentTest":"org.apache.dubbo.rpc.protocol.dubbo.telnet.ChangeTelnetHandlerTest.testChangeServiceNotExport","originalSize":1,"cleanerTests":["org.apache.dubbo.rpc.protocol.dubbo.telnet.ChangeTelnetHandlerTest.testChangeMessageNull"],"orderFound":20,"time":{"addTime":{"startTime":1574066215665,"endTime":1574068556981,"elapsedSeconds":2341.3169996738434},"totalTime":{"startTime":1574066215665,"endTime":1574072417677,"elapsedSeconds":6202.012000083923}}},{"dependentTest":"org.apache.dubbo.rpc.protocol.dubbo.telnet.ChangeTelnetHandlerTest.testChangeServiceNotExport","originalSize":1,"cleanerTests":["org.apache.dubbo.rpc.protocol.dubbo.telnet.ChangeTelnetHandlerTest.testChangeCancel"],"orderFound":21,"time":{"addTime":{"startTime":1574066215665,"endTime":1574068649405,"elapsedSeconds":2433.740999698639},"totalTime":{"startTime":1574066215665,"endTime":1574072497872,"elapsedSeconds":6282.207000017166}}},{"dependentTest":"org.apache.dubbo.rpc.protocol.dubbo.telnet.ChangeTelnetHandlerTest.testChangeServiceNotExport","originalSize":1,"cleanerTests":["org.apache.dubbo.rpc.protocol.dubbo.telnet.ChangeTelnetHandlerTest.testChangeName"],"orderFound":22,"time":{"addTime":{"startTime":1574066215665,"endTime":1574068694156,"elapsedSeconds":2478.4919996261597},"totalTime":{"startTime":1574066215665,"endTime":1574072599586,"elapsedSeconds":6383.921000003815}}},{"dependentTest":"org.apache.dubbo.rpc.protocol.dubbo.telnet.ChangeTelnetHandlerTest.testChangeServiceNotExport","originalSize":1,"cleanerTests":["org.apache.dubbo.rpc.protocol.dubbo.telnet.ChangeTelnetHandlerTest.testChangePath"],"orderFound":23,"time":{"addTime":{"startTime":1574066215665,"endTime":1574068671123,"elapsedSeconds":2455.458999633789},"totalTime":{"startTime":1574066215665,"endTime":1574072657748,"elapsedSeconds":6442.082999944687}}},{"dependentTest":"org.apache.dubbo.rpc.protocol.dubbo.telnet.ChangeTelnetHandlerTest.testChangeServiceNotExport","originalSize":1,"cleanerTests":["org.apache.dubbo.rpc.protocol.dubbo.telnet.ChangeTelnetHandlerTest.testChangeCancel2"],"orderFound":24,"time":{"addTime":{"startTime":1574066215665,"endTime":1574068700192,"elapsedSeconds":2484.5279998779297},"totalTime":{"startTime":1574066215665,"endTime":1574072725697,"elapsedSeconds":6510.03200006485}}},{"dependentTest":"org.apache.dubbo.rpc.protocol.dubbo.telnet.ChangeTelnetHandlerTest.testChangeServiceNotExport","originalSize":1,"cleanerTests":["org.apache.dubbo.rpc.protocol.dubbo.telnet.PortTelnetHandlerTest.testErrorMessage"],"orderFound":25,"time":{"addTime":{"startTime":1574066215665,"endTime":1574068803340,"elapsedSeconds":2587.6759996414185},"totalTime":{"startTime":1574066215665,"endTime":1574072812069,"elapsedSeconds":6596.404000043869}}},{"dependentTest":"org.apache.dubbo.rpc.protocol.dubbo.telnet.ChangeTelnetHandlerTest.testChangeServiceNotExport","originalSize":1,"cleanerTests":["org.apache.dubbo.rpc.protocol.dubbo.telnet.PortTelnetHandlerTest.testListClient"],"orderFound":26,"time":{"addTime":{"startTime":1574066215665,"endTime":1574068884767,"elapsedSeconds":2669.102999687195},"totalTime":{"startTime":1574066215665,"endTime":1574072898143,"elapsedSeconds":6682.477999925613}}},{"dependentTest":"org.apache.dubbo.rpc.protocol.dubbo.telnet.ChangeTelnetHandlerTest.testChangeServiceNotExport","originalSize":1,"cleanerTests":["org.apache.dubbo.rpc.protocol.dubbo.telnet.PortTelnetHandlerTest.testNoPort"],"orderFound":27,"time":{"addTime":{"startTime":1574066215665,"endTime":1574068943159,"elapsedSeconds":2727.4949996471405},"totalTime":{"startTime":1574066215665,"endTime":1574072988039,"elapsedSeconds":6772.374000072479}}},{"dependentTest":"org.apache.dubbo.rpc.protocol.dubbo.telnet.ChangeTelnetHandlerTest.testChangeServiceNotExport","originalSize":1,"cleanerTests":["org.apache.dubbo.rpc.protocol.dubbo.telnet.InvokerTelnetHandlerTest.testMessageNull"],"orderFound":28,"time":{"addTime":{"startTime":1574066215665,"endTime":1574069030627,"elapsedSeconds":2814.9629998207092},"totalTime":{"startTime":1574066215665,"endTime":1574073062529,"elapsedSeconds":6846.864000082016}}},{"dependentTest":"org.apache.dubbo.rpc.protocol.dubbo.telnet.ChangeTelnetHandlerTest.testChangeServiceNotExport","originalSize":1,"cleanerTests":["org.apache.dubbo.rpc.protocol.dubbo.telnet.InvokerTelnetHandlerTest.testInvokeByPassingNullValue"],"orderFound":29,"time":{"addTime":{"startTime":1574066215665,"endTime":1574069079042,"elapsedSeconds":2863.3779995441437},"totalTime":{"startTime":1574066215665,"endTime":1574073153600,"elapsedSeconds":6937.9349999427795}}},{"dependentTest":"org.apache.dubbo.rpc.protocol.dubbo.telnet.ChangeTelnetHandlerTest.testChangeServiceNotExport","originalSize":1,"cleanerTests":["org.apache.dubbo.rpc.protocol.dubbo.telnet.InvokerTelnetHandlerTest.testInvaildMessage"],"orderFound":30,"time":{"addTime":{"startTime":1574066215665,"endTime":1574069068070,"elapsedSeconds":2852.405999660492},"totalTime":{"startTime":1574066215665,"endTime":1574073212456,"elapsedSeconds":6996.791000127792}}},{"dependentTest":"org.apache.dubbo.rpc.protocol.dubbo.telnet.ChangeTelnetHandlerTest.testChangeServiceNotExport","originalSize":1,"cleanerTests":["org.apache.dubbo.rpc.protocol.dubbo.telnet.InvokerTelnetHandlerTest.testInvokeAutoFindMethod"],"orderFound":31,"time":{"addTime":{"startTime":1574066215665,"endTime":1574069144980,"elapsedSeconds":2929.315999507904},"totalTime":{"startTime":1574066215665,"endTime":1574073312929,"elapsedSeconds":7097.263999938965}}},{"dependentTest":"org.apache.dubbo.rpc.protocol.dubbo.telnet.ChangeTelnetHandlerTest.testChangeServiceNotExport","originalSize":1,"cleanerTests":["org.apache.dubbo.rpc.protocol.dubbo.telnet.InvokerTelnetHandlerTest.testInvokeDefaultSService"],"orderFound":32,"time":{"addTime":{"startTime":1574066215665,"endTime":1574069164672,"elapsedSeconds":2949.0079996585846},"totalTime":{"startTime":1574066215665,"endTime":1574073409752,"elapsedSeconds":7194.087000131607}}}]}},{"time":{"startTime":1574073431613,"endTime":1574073431613,"elapsedSeconds":0.0},"index":3,"deps":["org.apache.dubbo.rpc.protocol.dubbo.ReferenceCountExchangeClientTest.test_counter_error"],"cleanerData":{"dependentTest":"org.apache.dubbo.rpc.protocol.dubbo.telnet.ChangeTelnetHandlerTest.testChangeServiceNotExport","time":{"addTime":{"startTime":1574073431623,"endTime":1574073807347,"elapsedSeconds":375.7239999771118},"totalTime":{"startTime":1574073431623,"endTime":1574076866698,"elapsedSeconds":3435.0750000476837}},"expected":"FAILURE","isolationResult":"PASS","cleaners":[{"dependentTest":"org.apache.dubbo.rpc.protocol.dubbo.telnet.ChangeTelnetHandlerTest.testChangeServiceNotExport","originalSize":34,"cleanerTests":["org.apache.dubbo.rpc.protocol.dubbo.ImplicitCallBackTest.test_Normal_Ex"],"orderFound":0,"time":{"addTime":{"startTime":1574073431623,"endTime":1574073807347,"elapsedSeconds":375.7239999771118},"totalTime":{"startTime":1574073431623,"endTime":1574076866698,"elapsedSeconds":3435.0750000476837}}},{"dependentTest":"org.apache.dubbo.rpc.protocol.dubbo.telnet.ChangeTelnetHandlerTest.testChangeServiceNotExport","originalSize":1,"cleanerTests":["org.apache.dubbo.rpc.protocol.dubbo.ImplicitCallBackTest.test_Ex_Onthrow"],"orderFound":3,"time":{"addTime":{"startTime":1574073431623,"endTime":1574075080677,"elapsedSeconds":1649.0549993515015},"totalTime":{"startTime":1574073431623,"endTime":1574077614692,"elapsedSeconds":4183.069000005722}}},{"dependentTest":"org.apache.dubbo.rpc.protocol.dubbo.telnet.ChangeTelnetHandlerTest.testChangeServiceNotExport","originalSize":1,"cleanerTests":["org.apache.dubbo.rpc.protocol.dubbo.ImplicitCallBackTest.test_Sync_Onreturn"],"orderFound":4,"time":{"addTime":{"startTime":1574073431623,"endTime":1574075109323,"elapsedSeconds":1677.7009994983673},"totalTime":{"startTime":1574073431623,"endTime":1574077719094,"elapsedSeconds":4287.47100019455}}},{"dependentTest":"org.apache.dubbo.rpc.protocol.dubbo.telnet.ChangeTelnetHandlerTest.testChangeServiceNotExport","originalSize":1,"cleanerTests":["org.apache.dubbo.rpc.protocol.dubbo.ImplicitCallBackTest.test_Async_Future_Ex"],"orderFound":5,"time":{"addTime":{"startTime":1574073431623,"endTime":1574075158612,"elapsedSeconds":1726.9899995326996},"totalTime":{"startTime":1574073431623,"endTime":1574077828151,"elapsedSeconds":4396.528000116348}}},{"dependentTest":"org.apache.dubbo.rpc.protocol.dubbo.telnet.ChangeTelnetHandlerTest.testChangeServiceNotExport","originalSize":1,"cleanerTests":["org.apache.dubbo.rpc.protocol.dubbo.ImplicitCallBackTest.test_Ex_OnInvoke"],"orderFound":6,"time":{"addTime":{"startTime":1574073431623,"endTime":1574075157873,"elapsedSeconds":1726.2509994506836},"totalTime":{"startTime":1574073431623,"endTime":1574077904118,"elapsedSeconds":4472.495000123978}}},{"dependentTest":"org.apache.dubbo.rpc.protocol.dubbo.telnet.ChangeTelnetHandlerTest.testChangeServiceNotExport","originalSize":1,"cleanerTests":["org.apache.dubbo.rpc.protocol.dubbo.ImplicitCallBackTest.test_Async_Future"],"orderFound":7,"time":{"addTime":{"startTime":1574073431623,"endTime":1574075211230,"elapsedSeconds":1779.6079995632172},"totalTime":{"startTime":1574073431623,"endTime":1574077989606,"elapsedSeconds":4557.983000040054}}},{"dependentTest":"org.apache.dubbo.rpc.protocol.dubbo.telnet.ChangeTelnetHandlerTest.testChangeServiceNotExport","originalSize":1,"cleanerTests":["org.apache.dubbo.rpc.protocol.dubbo.ImplicitCallBackTest.test_Ex_OnReturn"],"orderFound":8,"time":{"addTime":{"startTime":1574073431623,"endTime":1574075297352,"elapsedSeconds":1865.7299995422363},"totalTime":{"startTime":1574073431623,"endTime":1574078115161,"elapsedSeconds":4683.5380001068115}}},{"dependentTest":"org.apache.dubbo.rpc.protocol.dubbo.telnet.ChangeTelnetHandlerTest.testChangeServiceNotExport","originalSize":1,"cleanerTests":["org.apache.dubbo.rpc.protocol.dubbo.ImplicitCallBackTest.test_CloseCallback"],"orderFound":9,"time":{"addTime":{"startTime":1574073431623,"endTime":1574075311003,"elapsedSeconds":1879.380999326706},"totalTime":{"startTime":1574073431623,"endTime":1574078210050,"elapsedSeconds":4778.427000045776}}},{"dependentTest":"org.apache.dubbo.rpc.protocol.dubbo.telnet.ChangeTelnetHandlerTest.testChangeServiceNotExport","originalSize":1,"cleanerTests":["org.apache.dubbo.rpc.protocol.dubbo.ImplicitCallBackTest.test_Async_Future_Multi"],"orderFound":10,"time":{"addTime":{"startTime":1574073431623,"endTime":1574075381284,"elapsedSeconds":1949.6619992256165},"totalTime":{"startTime":1574073431623,"endTime":1574078332014,"elapsedSeconds":4900.391000032425}}},{"dependentTest":"org.apache.dubbo.rpc.protocol.dubbo.telnet.ChangeTelnetHandlerTest.testChangeServiceNotExport","originalSize":1,"cleanerTests":["org.apache.dubbo.rpc.protocol.dubbo.ImplicitCallBackTest.test_Sync_NoFuture"],"orderFound":11,"time":{"addTime":{"startTime":1574073431623,"endTime":1574075393935,"elapsedSeconds":1962.3129992485046},"totalTime":{"startTime":1574073431623,"endTime":1574078424225,"elapsedSeconds":4992.601999998093}}},{"dependentTest":"org.apache.dubbo.rpc.protocol.dubbo.telnet.ChangeTelnetHandlerTest.testChangeServiceNotExport","originalSize":1,"cleanerTests":["org.apache.dubbo.rpc.protocol.dubbo.telnet.ListTelnetHandlerTest.testListDetailService"],"orderFound":12,"time":{"addTime":{"startTime":1574073431623,"endTime":1574075413545,"elapsedSeconds":1981.922999382019},"totalTime":{"startTime":1574073431623,"endTime":1574078501465,"elapsedSeconds":5069.842000007629}}},{"dependentTest":"org.apache.dubbo.rpc.protocol.dubbo.telnet.ChangeTelnetHandlerTest.testChangeServiceNotExport","originalSize":1,"cleanerTests":["org.apache.dubbo.rpc.protocol.dubbo.telnet.ListTelnetHandlerTest.testInvaildMessage"],"orderFound":13,"time":{"addTime":{"startTime":1574073431623,"endTime":1574075445071,"elapsedSeconds":2013.4489996433258},"totalTime":{"startTime":1574073431623,"endTime":1574078578805,"elapsedSeconds":5147.182000160217}}},{"dependentTest":"org.apache.dubbo.rpc.protocol.dubbo.telnet.ChangeTelnetHandlerTest.testChangeServiceNotExport","originalSize":1,"cleanerTests":["org.apache.dubbo.rpc.protocol.dubbo.telnet.ListTelnetHandlerTest.testList"],"orderFound":14,"time":{"addTime":{"startTime":1574073431623,"endTime":1574075487755,"elapsedSeconds":2056.132999420166},"totalTime":{"startTime":1574073431623,"endTime":1574078665702,"elapsedSeconds":5234.078999996185}}},{"dependentTest":"org.apache.dubbo.rpc.protocol.dubbo.telnet.ChangeTelnetHandlerTest.testChangeServiceNotExport","originalSize":1,"cleanerTests":["org.apache.dubbo.rpc.protocol.dubbo.telnet.ListTelnetHandlerTest.testListDetail"],"orderFound":15,"time":{"addTime":{"startTime":1574073431623,"endTime":1574075510782,"elapsedSeconds":2079.159999370575},"totalTime":{"startTime":1574073431623,"endTime":1574078742539,"elapsedSeconds":5310.916000127792}}},{"dependentTest":"org.apache.dubbo.rpc.protocol.dubbo.telnet.ChangeTelnetHandlerTest.testChangeServiceNotExport","originalSize":1,"cleanerTests":["org.apache.dubbo.rpc.protocol.dubbo.telnet.ListTelnetHandlerTest.testListDefault"],"orderFound":16,"time":{"addTime":{"startTime":1574073431623,"endTime":1574075548163,"elapsedSeconds":2116.540999174118},"totalTime":{"startTime":1574073431623,"endTime":1574078818164,"elapsedSeconds":5386.541000127792}}},{"dependentTest":"org.apache.dubbo.rpc.protocol.dubbo.telnet.ChangeTelnetHandlerTest.testChangeServiceNotExport","originalSize":1,"cleanerTests":["org.apache.dubbo.rpc.protocol.dubbo.telnet.ListTelnetHandlerTest.testListService"],"orderFound":17,"time":{"addTime":{"startTime":1574073431623,"endTime":1574075585943,"elapsedSeconds":2154.3209993839264},"totalTime":{"startTime":1574073431623,"endTime":1574078905038,"elapsedSeconds":5473.415000200272}}},{"dependentTest":"org.apache.dubbo.rpc.protocol.dubbo.telnet.ChangeTelnetHandlerTest.testChangeServiceNotExport","originalSize":1,"cleanerTests":["org.apache.dubbo.rpc.protocol.dubbo.telnet.ChangeTelnetHandlerTest.testChangeSimpleName"],"orderFound":18,"time":{"addTime":{"startTime":1574073431623,"endTime":1574075616509,"elapsedSeconds":2184.886999130249},"totalTime":{"startTime":1574073431623,"endTime":1574078995528,"elapsedSeconds":5563.905000209808}}},{"dependentTest":"org.apache.dubbo.rpc.protocol.dubbo.telnet.ChangeTelnetHandlerTest.testChangeServiceNotExport","originalSize":1,"cleanerTests":["org.apache.dubbo.rpc.protocol.dubbo.telnet.ChangeTelnetHandlerTest.testChangeMessageNull"],"orderFound":19,"time":{"addTime":{"startTime":1574073431623,"endTime":1574075643815,"elapsedSeconds":2212.1929988861084},"totalTime":{"startTime":1574073431623,"endTime":1574079089354,"elapsedSeconds":5657.731000185013}}},{"dependentTest":"org.apache.dubbo.rpc.protocol.dubbo.telnet.ChangeTelnetHandlerTest.testChangeServiceNotExport","originalSize":1,"cleanerTests":["org.apache.dubbo.rpc.protocol.dubbo.telnet.ChangeTelnetHandlerTest.testChangeCancel"],"orderFound":20,"time":{"addTime":{"startTime":1574073431623,"endTime":1574075685969,"elapsedSeconds":2254.346998691559},"totalTime":{"startTime":1574073431623,"endTime":1574079179605,"elapsedSeconds":5747.982000112534}}},{"dependentTest":"org.apache.dubbo.rpc.protocol.dubbo.telnet.ChangeTelnetHandlerTest.testChangeServiceNotExport","originalSize":1,"cleanerTests":["org.apache.dubbo.rpc.protocol.dubbo.telnet.ChangeTelnetHandlerTest.testChangeName"],"orderFound":21,"time":{"addTime":{"startTime":1574073431623,"endTime":1574075710394,"elapsedSeconds":2278.771998643875},"totalTime":{"startTime":1574073431623,"endTime":1574079272633,"elapsedSeconds":5841.009999990463}}},{"dependentTest":"org.apache.dubbo.rpc.protocol.dubbo.telnet.ChangeTelnetHandlerTest.testChangeServiceNotExport","originalSize":1,"cleanerTests":["org.apache.dubbo.rpc.protocol.dubbo.telnet.ChangeTelnetHandlerTest.testChangePath"],"orderFound":22,"time":{"addTime":{"startTime":1574073431623,"endTime":1574075729308,"elapsedSeconds":2297.6859986782074},"totalTime":{"startTime":1574073431623,"endTime":1574079360758,"elapsedSeconds":5929.134999990463}}},{"dependentTest":"org.apache.dubbo.rpc.protocol.dubbo.telnet.ChangeTelnetHandlerTest.testChangeServiceNotExport","originalSize":1,"cleanerTests":["org.apache.dubbo.rpc.protocol.dubbo.telnet.ChangeTelnetHandlerTest.testChangeCancel2"],"orderFound":23,"time":{"addTime":{"startTime":1574073431623,"endTime":1574075777752,"elapsedSeconds":2346.129998445511},"totalTime":{"startTime":1574073431623,"endTime":1574079462047,"elapsedSeconds":6030.4240000247955}}},{"dependentTest":"org.apache.dubbo.rpc.protocol.dubbo.telnet.ChangeTelnetHandlerTest.testChangeServiceNotExport","originalSize":1,"cleanerTests":["org.apache.dubbo.rpc.protocol.dubbo.telnet.PortTelnetHandlerTest.testErrorMessage"],"orderFound":24,"time":{"addTime":{"startTime":1574073431623,"endTime":1574075845136,"elapsedSeconds":2413.513998746872},"totalTime":{"startTime":1574073431623,"endTime":1574079552976,"elapsedSeconds":6121.353000164032}}},{"dependentTest":"org.apache.dubbo.rpc.protocol.dubbo.telnet.ChangeTelnetHandlerTest.testChangeServiceNotExport","originalSize":1,"cleanerTests":["org.apache.dubbo.rpc.protocol.dubbo.telnet.PortTelnetHandlerTest.testListClient"],"orderFound":25,"time":{"addTime":{"startTime":1574073431623,"endTime":1574075939084,"elapsedSeconds":2507.461998939514},"totalTime":{"startTime":1574073431623,"endTime":1574079660815,"elapsedSeconds":6229.1920001506805}}},{"dependentTest":"org.apache.dubbo.rpc.protocol.dubbo.telnet.ChangeTelnetHandlerTest.testChangeServiceNotExport","originalSize":1,"cleanerTests":["org.apache.dubbo.rpc.protocol.dubbo.telnet.PortTelnetHandlerTest.testNoPort"],"orderFound":26,"time":{"addTime":{"startTime":1574073431623,"endTime":1574075970371,"elapsedSeconds":2538.748999118805},"totalTime":{"startTime":1574073431623,"endTime":1574079743256,"elapsedSeconds":6311.633000135422}}},{"dependentTest":"org.apache.dubbo.rpc.protocol.dubbo.telnet.ChangeTelnetHandlerTest.testChangeServiceNotExport","originalSize":1,"cleanerTests":["org.apache.dubbo.rpc.protocol.dubbo.telnet.InvokerTelnetHandlerTest.testMessageNull"],"orderFound":27,"time":{"addTime":{"startTime":1574073431623,"endTime":1574076093263,"elapsedSeconds":2661.640999317169},"totalTime":{"startTime":1574073431623,"endTime":1574079836410,"elapsedSeconds":6404.787000179291}}},{"dependentTest":"org.apache.dubbo.rpc.protocol.dubbo.telnet.ChangeTelnetHandlerTest.testChangeServiceNotExport","originalSize":1,"cleanerTests":["org.apache.dubbo.rpc.protocol.dubbo.telnet.InvokerTelnetHandlerTest.testInvokeByPassingNullValue"],"orderFound":28,"time":{"addTime":{"startTime":1574073431623,"endTime":1574076125773,"elapsedSeconds":2694.150999069214},"totalTime":{"startTime":1574073431623,"endTime":1574079939363,"elapsedSeconds":6507.740000009537}}},{"dependentTest":"org.apache.dubbo.rpc.protocol.dubbo.telnet.ChangeTelnetHandlerTest.testChangeServiceNotExport","originalSize":1,"cleanerTests":["org.apache.dubbo.rpc.protocol.dubbo.telnet.InvokerTelnetHandlerTest.testInvaildMessage"],"orderFound":29,"time":{"addTime":{"startTime":1574073431623,"endTime":1574076146869,"elapsedSeconds":2715.2469992637634},"totalTime":{"startTime":1574073431623,"endTime":1574080042508,"elapsedSeconds":6610.884999990463}}},{"dependentTest":"org.apache.dubbo.rpc.protocol.dubbo.telnet.ChangeTelnetHandlerTest.testChangeServiceNotExport","originalSize":1,"cleanerTests":["org.apache.dubbo.rpc.protocol.dubbo.telnet.InvokerTelnetHandlerTest.testInvokeAutoFindMethod"],"orderFound":30,"time":{"addTime":{"startTime":1574073431623,"endTime":1574076166510,"elapsedSeconds":2734.8879992961884},"totalTime":{"startTime":1574073431623,"endTime":1574080135111,"elapsedSeconds":6703.488000154495}}},{"dependentTest":"org.apache.dubbo.rpc.protocol.dubbo.telnet.ChangeTelnetHandlerTest.testChangeServiceNotExport","originalSize":1,"cleanerTests":["org.apache.dubbo.rpc.protocol.dubbo.telnet.InvokerTelnetHandlerTest.testInvokeDefaultSService"],"orderFound":31,"time":{"addTime":{"startTime":1574073431623,"endTime":1574076200614,"elapsedSeconds":2768.9919991493225},"totalTime":{"startTime":1574073431623,"endTime":1574080237475,"elapsedSeconds":6805.851999998093}}}]}}],"hash":"735fb32d9d105ad40c954c144c89b9e4","flakyClass":"OD"}