{"time":{"startTime":1574069060808,"endTime":1574076326477,"elapsedSeconds":7265.668999910355},"expectedRun":{"id":"1574068996539-32582f7e-a4f2-4182-834c-2060306f57bc","testOrder":["org.apache.struts2.portlet.dispatcher.Jsr168DispatcherTest.testModeChangeUsingPortletWidgets","org.apache.struts2.portlet.dispatcher.Jsr168DispatcherTest.testProcessAction_ok","org.apache.struts2.portlet.dispatcher.Jsr168DispatcherTest.testRender_ok","org.apache.struts2.portlet.dispatcher.Jsr168DispatcherTest.testParseConfigWithBang","org.apache.struts2.portlet.dispatcher.Jsr286DispatcherTest.testRender_ok","org.apache.struts2.portlet.dispatcher.Jsr286DispatcherTest.testParseConfigWithBang","org.apache.struts2.portlet.dispatcher.Jsr286DispatcherTest.testProcessAction_ok","org.apache.struts2.portlet.dispatcher.Jsr286DispatcherTest.testModeChangeUsingPortletWidgets","org.apache.struts2.portlet.PortletApplicationMapTest.testRemove","org.apache.struts2.portlet.PortletApplicationMapTest.testGetFromInitParameters","org.apache.struts2.portlet.PortletApplicationMapTest.testEntrySet","org.apache.struts2.portlet.PortletApplicationMapTest.testPut","org.apache.struts2.portlet.PortletApplicationMapTest.testGetFromAttributes","org.apache.struts2.portlet.PortletApplicationMapTest.testClear","org.apache.struts2.portlet.util.PortletUrlHelperTest.testCreateRenderUrlWithNoModeOrState","org.apache.struts2.portlet.util.PortletUrlHelperTest.testCreateRenderUrlWithDifferentPortletMode","org.apache.struts2.portlet.util.PortletUrlHelperTest.testCreateActionUrl","org.apache.struts2.portlet.util.PortletUrlHelperTest.testCreateRenderUrlWithDifferentWindowState","org.apache.struts2.views.jsp.PortletUrlTagTest.testUrlWithQueryParams","org.apache.struts2.views.jsp.PortletUrlTagTest.testResourceUrlWithTwoNestedParam","org.apache.struts2.views.jsp.PortletUrlTagTest.testSetWindowState","org.apache.struts2.views.jsp.PortletUrlTagTest.testUrlWithNoActionOrMethod","org.apache.struts2.views.jsp.PortletUrlTagTest.testActionUrl","org.apache.struts2.views.jsp.PortletUrlTagTest.testResourceUrl","org.apache.struts2.views.jsp.PortletUrlTagTest.testResourceUrlWithNestedParam","org.apache.struts2.views.jsp.PortletUrlTagTest.testEnsureParamsAreStringArrays","org.apache.struts2.views.jsp.PortletUrlTagTest.testWhenPortletModeDiffersFromCurrentAndNoParametersAreSetRenderTheDefaults","org.apache.struts2.views.jsp.PortletUrlTagTest.testSetPortletMode","org.apache.struts2.views.jsp.PortletUrlTagTest.testUrlWithMethod","org.apache.struts2.components.PortletUrlRendererTest.testIsPortelModeChanged","org.apache.struts2.components.PortletUrlRendererTest.testRenderUrlWithNamespace","org.apache.struts2.portlet.context.PortletActionContextTest.testIsRender","org.apache.struts2.portlet.context.PortletActionContextTest.testIsEvent","org.apache.struts2.portlet.context.PortletActionContextTest.testGetActionRequestAndResponse","org.apache.struts2.portlet.context.PortletActionContextTest.testGetActionRequestAndResponseInRenderPhase","org.apache.struts2.portlet.context.PortletActionContextTest.testGetRenderRequestAndResponse","org.apache.struts2.portlet.context.PortletActionContextTest.testGetRenderRequestAndResponseInEventPhase","org.apache.struts2.portlet.context.PortletActionContextTest.testGetDefaultActionForMode","org.apache.struts2.portlet.context.PortletActionContextTest.testGetPortletConfig","org.apache.struts2.portlet.context.PortletActionContextTest.testGetNamespace","org.apache.struts2.portlet.context.PortletActionContextTest.testIsAction","org.apache.struts2.portlet.context.PortletActionContextTest.testGetPhase","org.apache.struts2.portlet.result.PortletResultTest.testDoExecute_event_locationHasQueryParams","org.apache.struts2.portlet.result.PortletResultTest.testDoExecute_render","org.apache.struts2.portlet.result.PortletResultTest.testDoExecute_event_locationIsJsp","org.apache.struts2.portlet.result.PortletResultTest.testDoExecute_event_locationIsAction","org.apache.struts2.portlet.result.PortletResultTest.testTitleAndContentType","org.apache.struts2.portlet.interceptor.PortletAwareInterceptorTest.testPortletRequestIsSet","org.apache.struts2.portlet.interceptor.PortletStateInterceptorTest.testDoNotRestoreValueStackInRenderPhaseWhenProperPrg","org.apache.struts2.portlet.interceptor.PortletStateInterceptorTest.testCopyValueStackFromEventToRenderPhase","org.apache.struts2.portlet.interceptor.PortletStateInterceptorTest.testRestoreValueStackInRenderPhaseWhenNotProperPrg","org.apache.struts2.portlet.PortletSessionMapTest.testEntrySet","org.apache.struts2.portlet.PortletSessionMapTest.testPut","org.apache.struts2.portlet.PortletSessionMapTest.testRemove","org.apache.struts2.portlet.PortletSessionMapTest.testClear","org.apache.struts2.portlet.PortletSessionMapTest.testGet","org.apache.struts2.portlet.PortletRequestMapTest.testEntrySet","org.apache.struts2.portlet.PortletRequestMapTest.testClear","org.apache.struts2.portlet.PortletRequestMapTest.testPut","org.apache.struts2.portlet.PortletRequestMapTest.testRemove","org.apache.struts2.portlet.PortletRequestMapTest.testGet"],"results":{"org.apache.struts2.portlet.context.PortletActionContextTest.testIsRender":{"name":"org.apache.struts2.portlet.context.PortletActionContextTest.testIsRender","result":"PASS","time":0.10596103,"stackTrace":[]},"org.apache.struts2.views.jsp.PortletUrlTagTest.testSetWindowState":{"name":"org.apache.struts2.views.jsp.PortletUrlTagTest.testSetWindowState","result":"PASS","time":0.814845061,"stackTrace":[]},"org.apache.struts2.portlet.PortletRequestMapTest.testClear":{"name":"org.apache.struts2.portlet.PortletRequestMapTest.testClear","result":"PASS","time":0.002370163,"stackTrace":[]},"org.apache.struts2.portlet.PortletApplicationMapTest.testClear":{"name":"org.apache.struts2.portlet.PortletApplicationMapTest.testClear","result":"PASS","time":0.004466947,"stackTrace":[]},"org.apache.struts2.portlet.context.PortletActionContextTest.testGetActionRequestAndResponseInRenderPhase":{"name":"org.apache.struts2.portlet.context.PortletActionContextTest.testGetActionRequestAndResponseInRenderPhase","result":"PASS","time":0.011928692,"stackTrace":[]},"org.apache.struts2.portlet.dispatcher.Jsr168DispatcherTest.testRender_ok":{"name":"org.apache.struts2.portlet.dispatcher.Jsr168DispatcherTest.testRender_ok","result":"ERROR","time":0.567319432,"stackTrace":[{"declaringClass":"org.jmock.core.AbstractDynamicMock","methodName":"mockInvocation","fileName":"AbstractDynamicMock.java","lineNumber":96},{"declaringClass":"org.jmock.cglib.CGLIBCoreMock","methodName":"intercept","fileName":"CGLIBCoreMock.java","lineNumber":79},{"declaringClass":"org.jmock.codegen.com.opensymphony.xwork2.ActionProxyFactory$$EnhancerByCGLIB$$4d50394b","methodName":"createActionProxy","fileName":"\u003cgenerated\u003e","lineNumber":-1},{"declaringClass":"org.apache.struts2.portlet.dispatcher.Jsr168Dispatcher","methodName":"serviceAction","fileName":"Jsr168Dispatcher.java","lineNumber":485},{"declaringClass":"org.apache.struts2.portlet.dispatcher.Jsr168Dispatcher","methodName":"render","fileName":"Jsr168Dispatcher.java","lineNumber":337},{"declaringClass":"org.apache.struts2.portlet.dispatcher.Jsr168DispatcherTest","methodName":"testRender_ok","fileName":"Jsr168DispatcherTest.java","lineNumber":154},{"declaringClass":"sun.reflect.NativeMethodAccessorImpl","methodName":"invoke0","fileName":"NativeMethodAccessorImpl.java","lineNumber":-2},{"declaringClass":"sun.reflect.NativeMethodAccessorImpl","methodName":"invoke","fileName":"NativeMethodAccessorImpl.java","lineNumber":62},{"declaringClass":"sun.reflect.DelegatingMethodAccessorImpl","methodName":"invoke","fileName":"DelegatingMethodAccessorImpl.java","lineNumber":43},{"declaringClass":"java.lang.reflect.Method","methodName":"invoke","fileName":"Method.java","lineNumber":498},{"declaringClass":"org.junit.runners.model.FrameworkMethod$1","methodName":"runReflectiveCall","fileName":"FrameworkMethod.java","lineNumber":50},{"declaringClass":"org.junit.internal.runners.model.ReflectiveCallable","methodName":"run","fileName":"ReflectiveCallable.java","lineNumber":12},{"declaringClass":"org.junit.runners.model.FrameworkMethod","methodName":"invokeExplosively","fileName":"FrameworkMethod.java","lineNumber":47},{"declaringClass":"org.junit.internal.runners.statements.InvokeMethod","methodName":"evaluate","fileName":"InvokeMethod.java","lineNumber":17},{"declaringClass":"org.junit.internal.runners.statements.RunBefores","methodName":"evaluate","fileName":"RunBefores.java","lineNumber":26},{"declaringClass":"org.junit.internal.runners.statements.RunAfters","methodName":"evaluate","fileName":"RunAfters.java","lineNumber":27},{"declaringClass":"com.reedoei.testrunner.execution.JUnitTestRunner","methodName":"runChild","fileName":"JUnitTestRunner.java","lineNumber":332},{"declaringClass":"com.reedoei.testrunner.execution.JUnitTestRunner","methodName":"run","fileName":"JUnitTestRunner.java","lineNumber":108},{"declaringClass":"org.junit.runner.JUnitCore","methodName":"run","fileName":"JUnitCore.java","lineNumber":137},{"declaringClass":"com.reedoei.testrunner.execution.JUnitTestExecutor","methodName":"execute","fileName":"JUnitTestExecutor.java","lineNumber":292},{"declaringClass":"com.reedoei.testrunner.execution.JUnitTestExecutor","methodName":"execute","fileName":"JUnitTestExecutor.java","lineNumber":328},{"declaringClass":"com.reedoei.testrunner.execution.JUnitTestExecutor","methodName":"executeWithJUnit4Runner","fileName":"JUnitTestExecutor.java","lineNumber":366},{"declaringClass":"com.reedoei.testrunner.execution.JUnitTestExecutor","methodName":"runOrder","fileName":"JUnitTestExecutor.java","lineNumber":47},{"declaringClass":"com.reedoei.testrunner.execution.Executor$","methodName":"$anonfun$run$1","fileName":"Executor.scala","lineNumber":30},{"declaringClass":"scala.runtime.java8.JFunction0$mcV$sp","methodName":"apply","fileName":"JFunction0$mcV$sp.java","lineNumber":12},{"declaringClass":"scala.util.Try$","methodName":"apply","fileName":"Try.scala","lineNumber":209},{"declaringClass":"com.reedoei.testrunner.execution.Executor$","methodName":"run","fileName":"Executor.scala","lineNumber":28},{"declaringClass":"com.reedoei.testrunner.execution.Executor$","methodName":"main","fileName":"Executor.scala","lineNumber":18},{"declaringClass":"com.reedoei.testrunner.execution.Executor","methodName":"main","fileName":"Executor.scala","lineNumber":-1}]},"org.apache.struts2.portlet.dispatcher.Jsr286DispatcherTest.testModeChangeUsingPortletWidgets":{"name":"org.apache.struts2.portlet.dispatcher.Jsr286DispatcherTest.testModeChangeUsingPortletWidgets","result":"PASS","time":0.036165763,"stackTrace":[]},"org.apache.struts2.portlet.PortletSessionMapTest.testClear":{"name":"org.apache.struts2.portlet.PortletSessionMapTest.testClear","result":"PASS","time":0.005155771,"stackTrace":[]},"org.apache.struts2.portlet.result.PortletResultTest.testDoExecute_render":{"name":"org.apache.struts2.portlet.result.PortletResultTest.testDoExecute_render","result":"PASS","time":0.061944898,"stackTrace":[]},"org.apache.struts2.components.PortletUrlRendererTest.testIsPortelModeChanged":{"name":"org.apache.struts2.components.PortletUrlRendererTest.testIsPortelModeChanged","result":"PASS","time":2.473213076,"stackTrace":[]},"org.apache.struts2.portlet.context.PortletActionContextTest.testGetNamespace":{"name":"org.apache.struts2.portlet.context.PortletActionContextTest.testGetNamespace","result":"PASS","time":0.003664135,"stackTrace":[]},"org.apache.struts2.views.jsp.PortletUrlTagTest.testUrlWithNoActionOrMethod":{"name":"org.apache.struts2.views.jsp.PortletUrlTagTest.testUrlWithNoActionOrMethod","result":"PASS","time":1.044876507,"stackTrace":[]},"org.apache.struts2.portlet.interceptor.PortletAwareInterceptorTest.testPortletRequestIsSet":{"name":"org.apache.struts2.portlet.interceptor.PortletAwareInterceptorTest.testPortletRequestIsSet","result":"PASS","time":0.078538761,"stackTrace":[]},"org.apache.struts2.portlet.PortletApplicationMapTest.testGetFromAttributes":{"name":"org.apache.struts2.portlet.PortletApplicationMapTest.testGetFromAttributes","result":"PASS","time":0.003184291,"stackTrace":[]},"org.apache.struts2.portlet.result.PortletResultTest.testTitleAndContentType":{"name":"org.apache.struts2.portlet.result.PortletResultTest.testTitleAndContentType","result":"PASS","time":0.01859873,"stackTrace":[]},"org.apache.struts2.portlet.util.PortletUrlHelperTest.testCreateRenderUrlWithNoModeOrState":{"name":"org.apache.struts2.portlet.util.PortletUrlHelperTest.testCreateRenderUrlWithNoModeOrState","result":"PASS","time":0.153036008,"stackTrace":[]},"org.apache.struts2.components.PortletUrlRendererTest.testRenderUrlWithNamespace":{"name":"org.apache.struts2.components.PortletUrlRendererTest.testRenderUrlWithNamespace","result":"PASS","time":1.640624064,"stackTrace":[]},"org.apache.struts2.portlet.result.PortletResultTest.testDoExecute_event_locationIsAction":{"name":"org.apache.struts2.portlet.result.PortletResultTest.testDoExecute_event_locationIsAction","result":"PASS","time":0.026669116,"stackTrace":[]},"org.apache.struts2.portlet.PortletApplicationMapTest.testEntrySet":{"name":"org.apache.struts2.portlet.PortletApplicationMapTest.testEntrySet","result":"PASS","time":0.02255154,"stackTrace":[]},"org.apache.struts2.views.jsp.PortletUrlTagTest.testResourceUrlWithNestedParam":{"name":"org.apache.struts2.views.jsp.PortletUrlTagTest.testResourceUrlWithNestedParam","result":"PASS","time":0.717028453,"stackTrace":[]},"org.apache.struts2.portlet.dispatcher.Jsr286DispatcherTest.testRender_ok":{"name":"org.apache.struts2.portlet.dispatcher.Jsr286DispatcherTest.testRender_ok","result":"ERROR","time":0.556838023,"stackTrace":[{"declaringClass":"org.jmock.core.AbstractDynamicMock","methodName":"mockInvocation","fileName":"AbstractDynamicMock.java","lineNumber":96},{"declaringClass":"org.jmock.cglib.CGLIBCoreMock","methodName":"intercept","fileName":"CGLIBCoreMock.java","lineNumber":79},{"declaringClass":"org.jmock.codegen.com.opensymphony.xwork2.ActionProxyFactory$$EnhancerByCGLIB$$4d50394b","methodName":"createActionProxy","fileName":"\u003cgenerated\u003e","lineNumber":-1},{"declaringClass":"org.apache.struts2.portlet.dispatcher.Jsr168Dispatcher","methodName":"serviceAction","fileName":"Jsr168Dispatcher.java","lineNumber":485},{"declaringClass":"org.apache.struts2.portlet.dispatcher.Jsr168Dispatcher","methodName":"render","fileName":"Jsr168Dispatcher.java","lineNumber":337},{"declaringClass":"org.apache.struts2.portlet.dispatcher.Jsr286DispatcherTest","methodName":"testRender_ok","fileName":"Jsr286DispatcherTest.java","lineNumber":88},{"declaringClass":"sun.reflect.NativeMethodAccessorImpl","methodName":"invoke0","fileName":"NativeMethodAccessorImpl.java","lineNumber":-2},{"declaringClass":"sun.reflect.NativeMethodAccessorImpl","methodName":"invoke","fileName":"NativeMethodAccessorImpl.java","lineNumber":62},{"declaringClass":"sun.reflect.DelegatingMethodAccessorImpl","methodName":"invoke","fileName":"DelegatingMethodAccessorImpl.java","lineNumber":43},{"declaringClass":"java.lang.reflect.Method","methodName":"invoke","fileName":"Method.java","lineNumber":498},{"declaringClass":"org.junit.runners.model.FrameworkMethod$1","methodName":"runReflectiveCall","fileName":"FrameworkMethod.java","lineNumber":50},{"declaringClass":"org.junit.internal.runners.model.ReflectiveCallable","methodName":"run","fileName":"ReflectiveCallable.java","lineNumber":12},{"declaringClass":"org.junit.runners.model.FrameworkMethod","methodName":"invokeExplosively","fileName":"FrameworkMethod.java","lineNumber":47},{"declaringClass":"org.junit.internal.runners.statements.InvokeMethod","methodName":"evaluate","fileName":"InvokeMethod.java","lineNumber":17},{"declaringClass":"org.junit.internal.runners.statements.RunBefores","methodName":"evaluate","fileName":"RunBefores.java","lineNumber":26},{"declaringClass":"org.junit.internal.runners.statements.RunAfters","methodName":"evaluate","fileName":"RunAfters.java","lineNumber":27},{"declaringClass":"com.reedoei.testrunner.execution.JUnitTestRunner","methodName":"runChild","fileName":"JUnitTestRunner.java","lineNumber":332},{"declaringClass":"com.reedoei.testrunner.execution.JUnitTestRunner","methodName":"run","fileName":"JUnitTestRunner.java","lineNumber":108},{"declaringClass":"org.junit.runner.JUnitCore","methodName":"run","fileName":"JUnitCore.java","lineNumber":137},{"declaringClass":"com.reedoei.testrunner.execution.JUnitTestExecutor","methodName":"execute","fileName":"JUnitTestExecutor.java","lineNumber":292},{"declaringClass":"com.reedoei.testrunner.execution.JUnitTestExecutor","methodName":"execute","fileName":"JUnitTestExecutor.java","lineNumber":328},{"declaringClass":"com.reedoei.testrunner.execution.JUnitTestExecutor","methodName":"executeWithJUnit4Runner","fileName":"JUnitTestExecutor.java","lineNumber":366},{"declaringClass":"com.reedoei.testrunner.execution.JUnitTestExecutor","methodName":"runOrder","fileName":"JUnitTestExecutor.java","lineNumber":47},{"declaringClass":"com.reedoei.testrunner.execution.Executor$","methodName":"$anonfun$run$1","fileName":"Executor.scala","lineNumber":30},{"declaringClass":"scala.runtime.java8.JFunction0$mcV$sp","methodName":"apply","fileName":"JFunction0$mcV$sp.java","lineNumber":12},{"declaringClass":"scala.util.Try$","methodName":"apply","fileName":"Try.scala","lineNumber":209},{"declaringClass":"com.reedoei.testrunner.execution.Executor$","methodName":"run","fileName":"Executor.scala","lineNumber":28},{"declaringClass":"com.reedoei.testrunner.execution.Executor$","methodName":"main","fileName":"Executor.scala","lineNumber":18},{"declaringClass":"com.reedoei.testrunner.execution.Executor","methodName":"main","fileName":"Executor.scala","lineNumber":-1}]},"org.apache.struts2.portlet.PortletSessionMapTest.testGet":{"name":"org.apache.struts2.portlet.PortletSessionMapTest.testGet","result":"PASS","time":0.001557083,"stackTrace":[]},"org.apache.struts2.views.jsp.PortletUrlTagTest.testResourceUrlWithTwoNestedParam":{"name":"org.apache.struts2.views.jsp.PortletUrlTagTest.testResourceUrlWithTwoNestedParam","result":"PASS","time":1.078060952,"stackTrace":[]},"org.apache.struts2.views.jsp.PortletUrlTagTest.testActionUrl":{"name":"org.apache.struts2.views.jsp.PortletUrlTagTest.testActionUrl","result":"PASS","time":0.641442932,"stackTrace":[]},"org.apache.struts2.portlet.context.PortletActionContextTest.testGetRenderRequestAndResponseInEventPhase":{"name":"org.apache.struts2.portlet.context.PortletActionContextTest.testGetRenderRequestAndResponseInEventPhase","result":"PASS","time":0.00283478,"stackTrace":[]},"org.apache.struts2.portlet.context.PortletActionContextTest.testGetRenderRequestAndResponse":{"name":"org.apache.struts2.portlet.context.PortletActionContextTest.testGetRenderRequestAndResponse","result":"PASS","time":0.003694239,"stackTrace":[]},"org.apache.struts2.views.jsp.PortletUrlTagTest.testUrlWithQueryParams":{"name":"org.apache.struts2.views.jsp.PortletUrlTagTest.testUrlWithQueryParams","result":"PASS","time":1.181568632,"stackTrace":[]},"org.apache.struts2.portlet.PortletRequestMapTest.testPut":{"name":"org.apache.struts2.portlet.PortletRequestMapTest.testPut","result":"PASS","time":0.0018174,"stackTrace":[]},"org.apache.struts2.portlet.context.PortletActionContextTest.testGetPortletConfig":{"name":"org.apache.struts2.portlet.context.PortletActionContextTest.testGetPortletConfig","result":"PASS","time":0.010480571,"stackTrace":[]},"org.apache.struts2.portlet.interceptor.PortletStateInterceptorTest.testRestoreValueStackInRenderPhaseWhenNotProperPrg":{"name":"org.apache.struts2.portlet.interceptor.PortletStateInterceptorTest.testRestoreValueStackInRenderPhaseWhenNotProperPrg","result":"PASS","time":1.059626919,"stackTrace":[]},"org.apache.struts2.views.jsp.PortletUrlTagTest.testEnsureParamsAreStringArrays":{"name":"org.apache.struts2.views.jsp.PortletUrlTagTest.testEnsureParamsAreStringArrays","result":"PASS","time":0.676039598,"stackTrace":[]},"org.apache.struts2.portlet.dispatcher.Jsr168DispatcherTest.testModeChangeUsingPortletWidgets":{"name":"org.apache.struts2.portlet.dispatcher.Jsr168DispatcherTest.testModeChangeUsingPortletWidgets","result":"PASS","time":12.717946978,"stackTrace":[]},"org.apache.struts2.portlet.dispatcher.Jsr286DispatcherTest.testParseConfigWithBang":{"name":"org.apache.struts2.portlet.dispatcher.Jsr286DispatcherTest.testParseConfigWithBang","result":"PASS","time":0.007078079,"stackTrace":[]},"org.apache.struts2.portlet.PortletSessionMapTest.testEntrySet":{"name":"org.apache.struts2.portlet.PortletSessionMapTest.testEntrySet","result":"PASS","time":0.015887928,"stackTrace":[]},"org.apache.struts2.portlet.PortletRequestMapTest.testGet":{"name":"org.apache.struts2.portlet.PortletRequestMapTest.testGet","result":"PASS","time":0.002250167,"stackTrace":[]},"org.apache.struts2.portlet.context.PortletActionContextTest.testIsAction":{"name":"org.apache.struts2.portlet.context.PortletActionContextTest.testIsAction","result":"PASS","time":0.002845676,"stackTrace":[]},"org.apache.struts2.portlet.context.PortletActionContextTest.testIsEvent":{"name":"org.apache.struts2.portlet.context.PortletActionContextTest.testIsEvent","result":"PASS","time":0.005266897,"stackTrace":[]},"org.apache.struts2.portlet.interceptor.PortletStateInterceptorTest.testCopyValueStackFromEventToRenderPhase":{"name":"org.apache.struts2.portlet.interceptor.PortletStateInterceptorTest.testCopyValueStackFromEventToRenderPhase","result":"PASS","time":1.104656799,"stackTrace":[]},"org.apache.struts2.portlet.PortletApplicationMapTest.testRemove":{"name":"org.apache.struts2.portlet.PortletApplicationMapTest.testRemove","result":"PASS","time":0.03341871,"stackTrace":[]},"org.apache.struts2.portlet.context.PortletActionContextTest.testGetActionRequestAndResponse":{"name":"org.apache.struts2.portlet.context.PortletActionContextTest.testGetActionRequestAndResponse","result":"PASS","time":0.004210472,"stackTrace":[]},"org.apache.struts2.portlet.context.PortletActionContextTest.testGetDefaultActionForMode":{"name":"org.apache.struts2.portlet.context.PortletActionContextTest.testGetDefaultActionForMode","result":"PASS","time":0.003223544,"stackTrace":[]},"org.apache.struts2.portlet.result.PortletResultTest.testDoExecute_event_locationHasQueryParams":{"name":"org.apache.struts2.portlet.result.PortletResultTest.testDoExecute_event_locationHasQueryParams","result":"PASS","time":0.020459225,"stackTrace":[]},"org.apache.struts2.portlet.PortletSessionMapTest.testRemove":{"name":"org.apache.struts2.portlet.PortletSessionMapTest.testRemove","result":"PASS","time":0.001660595,"stackTrace":[]},"org.apache.struts2.views.jsp.PortletUrlTagTest.testWhenPortletModeDiffersFromCurrentAndNoParametersAreSetRenderTheDefaults":{"name":"org.apache.struts2.views.jsp.PortletUrlTagTest.testWhenPortletModeDiffersFromCurrentAndNoParametersAreSetRenderTheDefaults","result":"PASS","time":0.677706549,"stackTrace":[]},"org.apache.struts2.portlet.result.PortletResultTest.testDoExecute_event_locationIsJsp":{"name":"org.apache.struts2.portlet.result.PortletResultTest.testDoExecute_event_locationIsJsp","result":"PASS","time":0.009896935,"stackTrace":[]},"org.apache.struts2.views.jsp.PortletUrlTagTest.testResourceUrl":{"name":"org.apache.struts2.views.jsp.PortletUrlTagTest.testResourceUrl","result":"PASS","time":0.813566595,"stackTrace":[]},"org.apache.struts2.portlet.PortletApplicationMapTest.testPut":{"name":"org.apache.struts2.portlet.PortletApplicationMapTest.testPut","result":"PASS","time":0.004857318,"stackTrace":[]},"org.apache.struts2.portlet.dispatcher.Jsr286DispatcherTest.testProcessAction_ok":{"name":"org.apache.struts2.portlet.dispatcher.Jsr286DispatcherTest.testProcessAction_ok","result":"ERROR","time":0.614901984,"stackTrace":[{"declaringClass":"org.jmock.core.AbstractDynamicMock","methodName":"mockInvocation","fileName":"AbstractDynamicMock.java","lineNumber":96},{"declaringClass":"org.jmock.cglib.CGLIBCoreMock","methodName":"intercept","fileName":"CGLIBCoreMock.java","lineNumber":79},{"declaringClass":"org.jmock.codegen.com.opensymphony.xwork2.ActionProxyFactory$$EnhancerByCGLIB$$4d50394b","methodName":"createActionProxy","fileName":"\u003cgenerated\u003e","lineNumber":-1},{"declaringClass":"org.apache.struts2.portlet.dispatcher.Jsr168Dispatcher","methodName":"serviceAction","fileName":"Jsr168Dispatcher.java","lineNumber":485},{"declaringClass":"org.apache.struts2.portlet.dispatcher.Jsr168Dispatcher","methodName":"processAction","fileName":"Jsr168Dispatcher.java","lineNumber":305},{"declaringClass":"org.apache.struts2.portlet.dispatcher.Jsr286DispatcherTest","methodName":"testProcessAction_ok","fileName":"Jsr286DispatcherTest.java","lineNumber":121},{"declaringClass":"sun.reflect.NativeMethodAccessorImpl","methodName":"invoke0","fileName":"NativeMethodAccessorImpl.java","lineNumber":-2},{"declaringClass":"sun.reflect.NativeMethodAccessorImpl","methodName":"invoke","fileName":"NativeMethodAccessorImpl.java","lineNumber":62},{"declaringClass":"sun.reflect.DelegatingMethodAccessorImpl","methodName":"invoke","fileName":"DelegatingMethodAccessorImpl.java","lineNumber":43},{"declaringClass":"java.lang.reflect.Method","methodName":"invoke","fileName":"Method.java","lineNumber":498},{"declaringClass":"org.junit.runners.model.FrameworkMethod$1","methodName":"runReflectiveCall","fileName":"FrameworkMethod.java","lineNumber":50},{"declaringClass":"org.junit.internal.runners.model.ReflectiveCallable","methodName":"run","fileName":"ReflectiveCallable.java","lineNumber":12},{"declaringClass":"org.junit.runners.model.FrameworkMethod","methodName":"invokeExplosively","fileName":"FrameworkMethod.java","lineNumber":47},{"declaringClass":"org.junit.internal.runners.statements.InvokeMethod","methodName":"evaluate","fileName":"InvokeMethod.java","lineNumber":17},{"declaringClass":"org.junit.internal.runners.statements.RunBefores","methodName":"evaluate","fileName":"RunBefores.java","lineNumber":26},{"declaringClass":"org.junit.internal.runners.statements.RunAfters","methodName":"evaluate","fileName":"RunAfters.java","lineNumber":27},{"declaringClass":"com.reedoei.testrunner.execution.JUnitTestRunner","methodName":"runChild","fileName":"JUnitTestRunner.java","lineNumber":332},{"declaringClass":"com.reedoei.testrunner.execution.JUnitTestRunner","methodName":"run","fileName":"JUnitTestRunner.java","lineNumber":108},{"declaringClass":"org.junit.runner.JUnitCore","methodName":"run","fileName":"JUnitCore.java","lineNumber":137},{"declaringClass":"com.reedoei.testrunner.execution.JUnitTestExecutor","methodName":"execute","fileName":"JUnitTestExecutor.java","lineNumber":292},{"declaringClass":"com.reedoei.testrunner.execution.JUnitTestExecutor","methodName":"execute","fileName":"JUnitTestExecutor.java","lineNumber":328},{"declaringClass":"com.reedoei.testrunner.execution.JUnitTestExecutor","methodName":"executeWithJUnit4Runner","fileName":"JUnitTestExecutor.java","lineNumber":366},{"declaringClass":"com.reedoei.testrunner.execution.JUnitTestExecutor","methodName":"runOrder","fileName":"JUnitTestExecutor.java","lineNumber":47},{"declaringClass":"com.reedoei.testrunner.execution.Executor$","methodName":"$anonfun$run$1","fileName":"Executor.scala","lineNumber":30},{"declaringClass":"scala.runtime.java8.JFunction0$mcV$sp","methodName":"apply","fileName":"JFunction0$mcV$sp.java","lineNumber":12},{"declaringClass":"scala.util.Try$","methodName":"apply","fileName":"Try.scala","lineNumber":209},{"declaringClass":"com.reedoei.testrunner.execution.Executor$","methodName":"run","fileName":"Executor.scala","lineNumber":28},{"declaringClass":"com.reedoei.testrunner.execution.Executor$","methodName":"main","fileName":"Executor.scala","lineNumber":18},{"declaringClass":"com.reedoei.testrunner.execution.Executor","methodName":"main","fileName":"Executor.scala","lineNumber":-1}]},"org.apache.struts2.portlet.interceptor.PortletStateInterceptorTest.testDoNotRestoreValueStackInRenderPhaseWhenProperPrg":{"name":"org.apache.struts2.portlet.interceptor.PortletStateInterceptorTest.testDoNotRestoreValueStackInRenderPhaseWhenProperPrg","result":"PASS","time":1.396900027,"stackTrace":[]},"org.apache.struts2.portlet.util.PortletUrlHelperTest.testCreateRenderUrlWithDifferentWindowState":{"name":"org.apache.struts2.portlet.util.PortletUrlHelperTest.testCreateRenderUrlWithDifferentWindowState","result":"PASS","time":0.003861171,"stackTrace":[]},"org.apache.struts2.portlet.dispatcher.Jsr168DispatcherTest.testProcessAction_ok":{"name":"org.apache.struts2.portlet.dispatcher.Jsr168DispatcherTest.testProcessAction_ok","result":"ERROR","time":2.077996285,"stackTrace":[{"declaringClass":"org.jmock.core.AbstractDynamicMock","methodName":"mockInvocation","fileName":"AbstractDynamicMock.java","lineNumber":96},{"declaringClass":"org.jmock.cglib.CGLIBCoreMock","methodName":"intercept","fileName":"CGLIBCoreMock.java","lineNumber":79},{"declaringClass":"org.jmock.codegen.com.opensymphony.xwork2.ActionProxyFactory$$EnhancerByCGLIB$$4d50394b","methodName":"createActionProxy","fileName":"\u003cgenerated\u003e","lineNumber":-1},{"declaringClass":"org.apache.struts2.portlet.dispatcher.Jsr168Dispatcher","methodName":"serviceAction","fileName":"Jsr168Dispatcher.java","lineNumber":485},{"declaringClass":"org.apache.struts2.portlet.dispatcher.Jsr168Dispatcher","methodName":"processAction","fileName":"Jsr168Dispatcher.java","lineNumber":305},{"declaringClass":"org.apache.struts2.portlet.dispatcher.Jsr168DispatcherTest","methodName":"testProcessAction_ok","fileName":"Jsr168DispatcherTest.java","lineNumber":183},{"declaringClass":"sun.reflect.NativeMethodAccessorImpl","methodName":"invoke0","fileName":"NativeMethodAccessorImpl.java","lineNumber":-2},{"declaringClass":"sun.reflect.NativeMethodAccessorImpl","methodName":"invoke","fileName":"NativeMethodAccessorImpl.java","lineNumber":62},{"declaringClass":"sun.reflect.DelegatingMethodAccessorImpl","methodName":"invoke","fileName":"DelegatingMethodAccessorImpl.java","lineNumber":43},{"declaringClass":"java.lang.reflect.Method","methodName":"invoke","fileName":"Method.java","lineNumber":498},{"declaringClass":"org.junit.runners.model.FrameworkMethod$1","methodName":"runReflectiveCall","fileName":"FrameworkMethod.java","lineNumber":50},{"declaringClass":"org.junit.internal.runners.model.ReflectiveCallable","methodName":"run","fileName":"ReflectiveCallable.java","lineNumber":12},{"declaringClass":"org.junit.runners.model.FrameworkMethod","methodName":"invokeExplosively","fileName":"FrameworkMethod.java","lineNumber":47},{"declaringClass":"org.junit.internal.runners.statements.InvokeMethod","methodName":"evaluate","fileName":"InvokeMethod.java","lineNumber":17},{"declaringClass":"org.junit.internal.runners.statements.RunBefores","methodName":"evaluate","fileName":"RunBefores.java","lineNumber":26},{"declaringClass":"org.junit.internal.runners.statements.RunAfters","methodName":"evaluate","fileName":"RunAfters.java","lineNumber":27},{"declaringClass":"com.reedoei.testrunner.execution.JUnitTestRunner","methodName":"runChild","fileName":"JUnitTestRunner.java","lineNumber":332},{"declaringClass":"com.reedoei.testrunner.execution.JUnitTestRunner","methodName":"run","fileName":"JUnitTestRunner.java","lineNumber":108},{"declaringClass":"org.junit.runner.JUnitCore","methodName":"run","fileName":"JUnitCore.java","lineNumber":137},{"declaringClass":"com.reedoei.testrunner.execution.JUnitTestExecutor","methodName":"execute","fileName":"JUnitTestExecutor.java","lineNumber":292},{"declaringClass":"com.reedoei.testrunner.execution.JUnitTestExecutor","methodName":"execute","fileName":"JUnitTestExecutor.java","lineNumber":328},{"declaringClass":"com.reedoei.testrunner.execution.JUnitTestExecutor","methodName":"executeWithJUnit4Runner","fileName":"JUnitTestExecutor.java","lineNumber":366},{"declaringClass":"com.reedoei.testrunner.execution.JUnitTestExecutor","methodName":"runOrder","fileName":"JUnitTestExecutor.java","lineNumber":47},{"declaringClass":"com.reedoei.testrunner.execution.Executor$","methodName":"$anonfun$run$1","fileName":"Executor.scala","lineNumber":30},{"declaringClass":"scala.runtime.java8.JFunction0$mcV$sp","methodName":"apply","fileName":"JFunction0$mcV$sp.java","lineNumber":12},{"declaringClass":"scala.util.Try$","methodName":"apply","fileName":"Try.scala","lineNumber":209},{"declaringClass":"com.reedoei.testrunner.execution.Executor$","methodName":"run","fileName":"Executor.scala","lineNumber":28},{"declaringClass":"com.reedoei.testrunner.execution.Executor$","methodName":"main","fileName":"Executor.scala","lineNumber":18},{"declaringClass":"com.reedoei.testrunner.execution.Executor","methodName":"main","fileName":"Executor.scala","lineNumber":-1}]},"org.apache.struts2.portlet.PortletApplicationMapTest.testGetFromInitParameters":{"name":"org.apache.struts2.portlet.PortletApplicationMapTest.testGetFromInitParameters","result":"PASS","time":0.004509833,"stackTrace":[]},"org.apache.struts2.portlet.dispatcher.Jsr168DispatcherTest.testParseConfigWithBang":{"name":"org.apache.struts2.portlet.dispatcher.Jsr168DispatcherTest.testParseConfigWithBang","result":"PASS","time":0.239773742,"stackTrace":[]},"org.apache.struts2.portlet.context.PortletActionContextTest.testGetPhase":{"name":"org.apache.struts2.portlet.context.PortletActionContextTest.testGetPhase","result":"PASS","time":0.002818366,"stackTrace":[]},"org.apache.struts2.portlet.util.PortletUrlHelperTest.testCreateRenderUrlWithDifferentPortletMode":{"name":"org.apache.struts2.portlet.util.PortletUrlHelperTest.testCreateRenderUrlWithDifferentPortletMode","result":"PASS","time":0.010966491,"stackTrace":[]},"org.apache.struts2.portlet.util.PortletUrlHelperTest.testCreateActionUrl":{"name":"org.apache.struts2.portlet.util.PortletUrlHelperTest.testCreateActionUrl","result":"PASS","time":0.00433864,"stackTrace":[]},"org.apache.struts2.views.jsp.PortletUrlTagTest.testSetPortletMode":{"name":"org.apache.struts2.views.jsp.PortletUrlTagTest.testSetPortletMode","result":"PASS","time":0.665267979,"stackTrace":[]},"org.apache.struts2.portlet.PortletSessionMapTest.testPut":{"name":"org.apache.struts2.portlet.PortletSessionMapTest.testPut","result":"PASS","time":0.001926918,"stackTrace":[]},"org.apache.struts2.portlet.PortletRequestMapTest.testRemove":{"name":"org.apache.struts2.portlet.PortletRequestMapTest.testRemove","result":"PASS","time":0.002049009,"stackTrace":[]},"org.apache.struts2.portlet.PortletRequestMapTest.testEntrySet":{"name":"org.apache.struts2.portlet.PortletRequestMapTest.testEntrySet","result":"PASS","time":0.00755059,"stackTrace":[]},"org.apache.struts2.views.jsp.PortletUrlTagTest.testUrlWithMethod":{"name":"org.apache.struts2.views.jsp.PortletUrlTagTest.testUrlWithMethod","result":"PASS","time":0.797048445,"stackTrace":[]}},"diffs":{}},"expected":"ERROR","dependentTest":"org.apache.struts2.portlet.dispatcher.Jsr286DispatcherTest.testProcessAction_ok","polluters":[{"time":{"startTime":1574069083757,"endTime":1574069083758,"elapsedSeconds":9.999275207519531E-4},"index":0,"deps":["org.apache.struts2.portlet.dispatcher.Jsr168DispatcherTest.testModeChangeUsingPortletWidgets"],"cleanerData":{"dependentTest":"org.apache.struts2.portlet.dispatcher.Jsr286DispatcherTest.testProcessAction_ok","time":{"addTime":{"startTime":1574069083831,"endTime":1574069184073,"elapsedSeconds":100.24200010299683},"totalTime":{"startTime":1574069083831,"endTime":1574070778752,"elapsedSeconds":1694.9210000038147}},"expected":"ERROR","isolationResult":"PASS","cleaners":[{"dependentTest":"org.apache.struts2.portlet.dispatcher.Jsr286DispatcherTest.testProcessAction_ok","originalSize":6,"cleanerTests":["org.apache.struts2.components.PortletUrlRendererTest.testRenderUrlWithNamespace"],"orderFound":0,"time":{"addTime":{"startTime":1574069083831,"endTime":1574069184073,"elapsedSeconds":100.24200010299683},"totalTime":{"startTime":1574069083831,"endTime":1574070778752,"elapsedSeconds":1694.9210000038147}}},{"dependentTest":"org.apache.struts2.portlet.dispatcher.Jsr286DispatcherTest.testProcessAction_ok","originalSize":54,"cleanerTests":["org.apache.struts2.portlet.interceptor.PortletStateInterceptorTest.testCopyValueStackFromEventToRenderPhase"],"orderFound":1,"time":{"addTime":{"startTime":1574069083831,"endTime":1574069215301,"elapsedSeconds":131.46999979019165},"totalTime":{"startTime":1574069083831,"endTime":1574071059159,"elapsedSeconds":1975.327999830246}}},{"dependentTest":"org.apache.struts2.portlet.dispatcher.Jsr286DispatcherTest.testProcessAction_ok","originalSize":1,"cleanerTests":["org.apache.struts2.components.PortletUrlRendererTest.testIsPortelModeChanged"],"orderFound":3,"time":{"addTime":{"startTime":1574069083831,"endTime":1574069257462,"elapsedSeconds":173.63100004196167},"totalTime":{"startTime":1574069083831,"endTime":1574071125504,"elapsedSeconds":2041.6729998588562}}},{"dependentTest":"org.apache.struts2.portlet.dispatcher.Jsr286DispatcherTest.testProcessAction_ok","originalSize":1,"cleanerTests":["org.apache.struts2.portlet.interceptor.PortletStateInterceptorTest.testRestoreValueStackInRenderPhaseWhenNotProperPrg"],"orderFound":5,"time":{"addTime":{"startTime":1574069083831,"endTime":1574069837251,"elapsedSeconds":753.4200005531311},"totalTime":{"startTime":1574069083831,"endTime":1574071189972,"elapsedSeconds":2106.1409997940063}}},{"dependentTest":"org.apache.struts2.portlet.dispatcher.Jsr286DispatcherTest.testProcessAction_ok","originalSize":1,"cleanerTests":["org.apache.struts2.portlet.interceptor.PortletStateInterceptorTest.testDoNotRestoreValueStackInRenderPhaseWhenProperPrg"],"orderFound":6,"time":{"addTime":{"startTime":1574069083831,"endTime":1574069883387,"elapsedSeconds":799.5560004711151},"totalTime":{"startTime":1574069083831,"endTime":1574071258189,"elapsedSeconds":2174.3579998016357}}},{"dependentTest":"org.apache.struts2.portlet.dispatcher.Jsr286DispatcherTest.testProcessAction_ok","originalSize":1,"cleanerTests":["org.apache.struts2.views.jsp.PortletUrlTagTest.testSetWindowState"],"orderFound":7,"time":{"addTime":{"startTime":1574069083831,"endTime":1574070065583,"elapsedSeconds":981.7520003318787},"totalTime":{"startTime":1574069083831,"endTime":1574071319247,"elapsedSeconds":2235.415999889374}}},{"dependentTest":"org.apache.struts2.portlet.dispatcher.Jsr286DispatcherTest.testProcessAction_ok","originalSize":1,"cleanerTests":["org.apache.struts2.views.jsp.PortletUrlTagTest.testUrlWithMethod"],"orderFound":8,"time":{"addTime":{"startTime":1574069083831,"endTime":1574070102820,"elapsedSeconds":1018.9890003204346},"totalTime":{"startTime":1574069083831,"endTime":1574071388606,"elapsedSeconds":2304.774999856949}}},{"dependentTest":"org.apache.struts2.portlet.dispatcher.Jsr286DispatcherTest.testProcessAction_ok","originalSize":1,"cleanerTests":["org.apache.struts2.views.jsp.PortletUrlTagTest.testResourceUrlWithTwoNestedParam"],"orderFound":9,"time":{"addTime":{"startTime":1574069083831,"endTime":1574070124323,"elapsedSeconds":1040.4920003414154},"totalTime":{"startTime":1574069083831,"endTime":1574071457074,"elapsedSeconds":2373.242999792099}}},{"dependentTest":"org.apache.struts2.portlet.dispatcher.Jsr286DispatcherTest.testProcessAction_ok","originalSize":1,"cleanerTests":["org.apache.struts2.views.jsp.PortletUrlTagTest.testUrlWithNoActionOrMethod"],"orderFound":10,"time":{"addTime":{"startTime":1574069083831,"endTime":1574070159686,"elapsedSeconds":1075.855000257492},"totalTime":{"startTime":1574069083831,"endTime":1574071531113,"elapsedSeconds":2447.2819998264313}}},{"dependentTest":"org.apache.struts2.portlet.dispatcher.Jsr286DispatcherTest.testProcessAction_ok","originalSize":1,"cleanerTests":["org.apache.struts2.views.jsp.PortletUrlTagTest.testWhenPortletModeDiffersFromCurrentAndNoParametersAreSetRenderTheDefaults"],"orderFound":11,"time":{"addTime":{"startTime":1574069083831,"endTime":1574070165703,"elapsedSeconds":1081.8720002174377},"totalTime":{"startTime":1574069083831,"endTime":1574071591448,"elapsedSeconds":2507.6169998645782}}},{"dependentTest":"org.apache.struts2.portlet.dispatcher.Jsr286DispatcherTest.testProcessAction_ok","originalSize":1,"cleanerTests":["org.apache.struts2.views.jsp.PortletUrlTagTest.testUrlWithQueryParams"],"orderFound":12,"time":{"addTime":{"startTime":1574069083831,"endTime":1574070183815,"elapsedSeconds":1099.9840004444122},"totalTime":{"startTime":1574069083831,"endTime":1574071650602,"elapsedSeconds":2566.7709999084473}}},{"dependentTest":"org.apache.struts2.portlet.dispatcher.Jsr286DispatcherTest.testProcessAction_ok","originalSize":1,"cleanerTests":["org.apache.struts2.views.jsp.PortletUrlTagTest.testResourceUrl"],"orderFound":13,"time":{"addTime":{"startTime":1574069083831,"endTime":1574070220044,"elapsedSeconds":1136.2130002975464},"totalTime":{"startTime":1574069083831,"endTime":1574071719574,"elapsedSeconds":2635.742999792099}}},{"dependentTest":"org.apache.struts2.portlet.dispatcher.Jsr286DispatcherTest.testProcessAction_ok","originalSize":1,"cleanerTests":["org.apache.struts2.views.jsp.PortletUrlTagTest.testActionUrl"],"orderFound":14,"time":{"addTime":{"startTime":1574069083831,"endTime":1574070244530,"elapsedSeconds":1160.6990003585815},"totalTime":{"startTime":1574069083831,"endTime":1574071786101,"elapsedSeconds":2702.2699999809265}}},{"dependentTest":"org.apache.struts2.portlet.dispatcher.Jsr286DispatcherTest.testProcessAction_ok","originalSize":1,"cleanerTests":["org.apache.struts2.views.jsp.PortletUrlTagTest.testEnsureParamsAreStringArrays"],"orderFound":15,"time":{"addTime":{"startTime":1574069083831,"endTime":1574070266078,"elapsedSeconds":1182.2470002174377},"totalTime":{"startTime":1574069083831,"endTime":1574071850633,"elapsedSeconds":2766.801999807358}}},{"dependentTest":"org.apache.struts2.portlet.dispatcher.Jsr286DispatcherTest.testProcessAction_ok","originalSize":1,"cleanerTests":["org.apache.struts2.views.jsp.PortletUrlTagTest.testSetPortletMode"],"orderFound":16,"time":{"addTime":{"startTime":1574069083831,"endTime":1574070289293,"elapsedSeconds":1205.4620003700256},"totalTime":{"startTime":1574069083831,"endTime":1574071910970,"elapsedSeconds":2827.138999938965}}},{"dependentTest":"org.apache.struts2.portlet.dispatcher.Jsr286DispatcherTest.testProcessAction_ok","originalSize":1,"cleanerTests":["org.apache.struts2.views.jsp.PortletUrlTagTest.testResourceUrlWithNestedParam"],"orderFound":17,"time":{"addTime":{"startTime":1574069083831,"endTime":1574070321064,"elapsedSeconds":1237.2330005168915},"totalTime":{"startTime":1574069083831,"endTime":1574071974520,"elapsedSeconds":2890.688999891281}}}]}},{"time":{"startTime":1574072093344,"endTime":1574072093344,"elapsedSeconds":0.0},"index":1,"deps":["org.apache.struts2.portlet.dispatcher.Jsr286DispatcherTest.testModeChangeUsingPortletWidgets"],"cleanerData":{"dependentTest":"org.apache.struts2.portlet.dispatcher.Jsr286DispatcherTest.testProcessAction_ok","time":{"addTime":{"startTime":1574072093354,"endTime":1574072220475,"elapsedSeconds":127.12100005149841},"totalTime":{"startTime":1574072093354,"endTime":1574073850959,"elapsedSeconds":1757.6050000190735}},"expected":"ERROR","isolationResult":"PASS","cleaners":[{"dependentTest":"org.apache.struts2.portlet.dispatcher.Jsr286DispatcherTest.testProcessAction_ok","originalSize":46,"cleanerTests":["org.apache.struts2.portlet.interceptor.PortletStateInterceptorTest.testCopyValueStackFromEventToRenderPhase"],"orderFound":0,"time":{"addTime":{"startTime":1574072093354,"endTime":1574072220475,"elapsedSeconds":127.12100005149841},"totalTime":{"startTime":1574072093354,"endTime":1574073850959,"elapsedSeconds":1757.6050000190735}}},{"dependentTest":"org.apache.struts2.portlet.dispatcher.Jsr286DispatcherTest.testProcessAction_ok","originalSize":61,"cleanerTests":["org.apache.struts2.components.PortletUrlRendererTest.testRenderUrlWithNamespace"],"orderFound":2,"time":{"addTime":{"startTime":1574072093354,"endTime":1574072293895,"elapsedSeconds":200.54099988937378},"totalTime":{"startTime":1574072093354,"endTime":1574074251779,"elapsedSeconds":2158.4249999523163}}},{"dependentTest":"org.apache.struts2.portlet.dispatcher.Jsr286DispatcherTest.testProcessAction_ok","originalSize":1,"cleanerTests":["org.apache.struts2.components.PortletUrlRendererTest.testIsPortelModeChanged"],"orderFound":4,"time":{"addTime":{"startTime":1574072093354,"endTime":1574072350411,"elapsedSeconds":257.0569999217987},"totalTime":{"startTime":1574072093354,"endTime":1574074309663,"elapsedSeconds":2216.309000015259}}},{"dependentTest":"org.apache.struts2.portlet.dispatcher.Jsr286DispatcherTest.testProcessAction_ok","originalSize":1,"cleanerTests":["org.apache.struts2.portlet.interceptor.PortletStateInterceptorTest.testRestoreValueStackInRenderPhaseWhenNotProperPrg"],"orderFound":6,"time":{"addTime":{"startTime":1574072093354,"endTime":1574072865699,"elapsedSeconds":772.3449997901917},"totalTime":{"startTime":1574072093354,"endTime":1574074381243,"elapsedSeconds":2287.888999938965}}},{"dependentTest":"org.apache.struts2.portlet.dispatcher.Jsr286DispatcherTest.testProcessAction_ok","originalSize":1,"cleanerTests":["org.apache.struts2.portlet.interceptor.PortletStateInterceptorTest.testDoNotRestoreValueStackInRenderPhaseWhenProperPrg"],"orderFound":7,"time":{"addTime":{"startTime":1574072093354,"endTime":1574072886102,"elapsedSeconds":792.7489995956421},"totalTime":{"startTime":1574072093354,"endTime":1574074450520,"elapsedSeconds":2357.165999889374}}},{"dependentTest":"org.apache.struts2.portlet.dispatcher.Jsr286DispatcherTest.testProcessAction_ok","originalSize":1,"cleanerTests":["org.apache.struts2.views.jsp.PortletUrlTagTest.testSetWindowState"],"orderFound":8,"time":{"addTime":{"startTime":1574072093354,"endTime":1574073024842,"elapsedSeconds":931.4889993667603},"totalTime":{"startTime":1574072093354,"endTime":1574074512233,"elapsedSeconds":2418.8789999485016}}},{"dependentTest":"org.apache.struts2.portlet.dispatcher.Jsr286DispatcherTest.testProcessAction_ok","originalSize":1,"cleanerTests":["org.apache.struts2.views.jsp.PortletUrlTagTest.testUrlWithMethod"],"orderFound":9,"time":{"addTime":{"startTime":1574072093354,"endTime":1574073057973,"elapsedSeconds":964.6199991703033},"totalTime":{"startTime":1574072093354,"endTime":1574074584372,"elapsedSeconds":2491.0179998874664}}},{"dependentTest":"org.apache.struts2.portlet.dispatcher.Jsr286DispatcherTest.testProcessAction_ok","originalSize":1,"cleanerTests":["org.apache.struts2.views.jsp.PortletUrlTagTest.testResourceUrlWithTwoNestedParam"],"orderFound":10,"time":{"addTime":{"startTime":1574072093354,"endTime":1574073078716,"elapsedSeconds":985.3629992008209},"totalTime":{"startTime":1574072093354,"endTime":1574074651305,"elapsedSeconds":2557.9509999752045}}},{"dependentTest":"org.apache.struts2.portlet.dispatcher.Jsr286DispatcherTest.testProcessAction_ok","originalSize":1,"cleanerTests":["org.apache.struts2.views.jsp.PortletUrlTagTest.testUrlWithNoActionOrMethod"],"orderFound":11,"time":{"addTime":{"startTime":1574072093354,"endTime":1574073100976,"elapsedSeconds":1007.6229991912842},"totalTime":{"startTime":1574072093354,"endTime":1574074721431,"elapsedSeconds":2628.076999902725}}},{"dependentTest":"org.apache.struts2.portlet.dispatcher.Jsr286DispatcherTest.testProcessAction_ok","originalSize":1,"cleanerTests":["org.apache.struts2.views.jsp.PortletUrlTagTest.testWhenPortletModeDiffersFromCurrentAndNoParametersAreSetRenderTheDefaults"],"orderFound":12,"time":{"addTime":{"startTime":1574072093354,"endTime":1574073110941,"elapsedSeconds":1017.5879993438721},"totalTime":{"startTime":1574072093354,"endTime":1574074780878,"elapsedSeconds":2687.523999929428}}},{"dependentTest":"org.apache.struts2.portlet.dispatcher.Jsr286DispatcherTest.testProcessAction_ok","originalSize":1,"cleanerTests":["org.apache.struts2.views.jsp.PortletUrlTagTest.testUrlWithQueryParams"],"orderFound":13,"time":{"addTime":{"startTime":1574072093354,"endTime":1574073150828,"elapsedSeconds":1057.4749991893768},"totalTime":{"startTime":1574072093354,"endTime":1574074855906,"elapsedSeconds":2762.551999807358}}},{"dependentTest":"org.apache.struts2.portlet.dispatcher.Jsr286DispatcherTest.testProcessAction_ok","originalSize":1,"cleanerTests":["org.apache.struts2.views.jsp.PortletUrlTagTest.testResourceUrl"],"orderFound":14,"time":{"addTime":{"startTime":1574072093354,"endTime":1574073167549,"elapsedSeconds":1074.1959991455078},"totalTime":{"startTime":1574072093354,"endTime":1574074925003,"elapsedSeconds":2831.648999929428}}},{"dependentTest":"org.apache.struts2.portlet.dispatcher.Jsr286DispatcherTest.testProcessAction_ok","originalSize":1,"cleanerTests":["org.apache.struts2.views.jsp.PortletUrlTagTest.testActionUrl"],"orderFound":15,"time":{"addTime":{"startTime":1574072093354,"endTime":1574073190011,"elapsedSeconds":1096.6579990386963},"totalTime":{"startTime":1574072093354,"endTime":1574074993976,"elapsedSeconds":2900.621999979019}}},{"dependentTest":"org.apache.struts2.portlet.dispatcher.Jsr286DispatcherTest.testProcessAction_ok","originalSize":1,"cleanerTests":["org.apache.struts2.views.jsp.PortletUrlTagTest.testEnsureParamsAreStringArrays"],"orderFound":16,"time":{"addTime":{"startTime":1574072093354,"endTime":1574073214748,"elapsedSeconds":1121.3949992656708},"totalTime":{"startTime":1574072093354,"endTime":1574075062102,"elapsedSeconds":2968.74799990654}}},{"dependentTest":"org.apache.struts2.portlet.dispatcher.Jsr286DispatcherTest.testProcessAction_ok","originalSize":1,"cleanerTests":["org.apache.struts2.views.jsp.PortletUrlTagTest.testSetPortletMode"],"orderFound":17,"time":{"addTime":{"startTime":1574072093354,"endTime":1574073237199,"elapsedSeconds":1143.8459992408752},"totalTime":{"startTime":1574072093354,"endTime":1574075130359,"elapsedSeconds":3037.0049998760223}}},{"dependentTest":"org.apache.struts2.portlet.dispatcher.Jsr286DispatcherTest.testProcessAction_ok","originalSize":1,"cleanerTests":["org.apache.struts2.views.jsp.PortletUrlTagTest.testResourceUrlWithNestedParam"],"orderFound":18,"time":{"addTime":{"startTime":1574072093354,"endTime":1574073256431,"elapsedSeconds":1163.0779993534088},"totalTime":{"startTime":1574072093354,"endTime":1574075197418,"elapsedSeconds":3104.063999891281}}}]}}],"hash":"cbf8228549b8c5e533bc508bd4cf4ad2","flakyClass":"OD"}