{"time":{"startTime":1574049544716,"endTime":1574059085860,"elapsedSeconds":9541.143999814987},"expectedRun":{"id":"1574049430589-7a2b4416-3065-4928-ac17-60aa433b42ec","testOrder":["org.apache.dubbo.rpc.cluster.loadbalance.LoadBalanceBaseTest.testLoadBalanceWarmup","org.apache.dubbo.rpc.cluster.loadbalance.RoundRobinLoadBalanceTest.testRoundRobinLoadBalanceSelect","org.apache.dubbo.rpc.cluster.loadbalance.RoundRobinLoadBalanceTest.testLoadBalanceWarmup","org.apache.dubbo.rpc.cluster.loadbalance.LeastActiveBalanceTest.testLoadBalanceWarmup","org.apache.dubbo.rpc.cluster.support.ForkingClusterInvokerTest.testInvokeException","org.apache.dubbo.rpc.cluster.support.ForkingClusterInvokerTest.testInvokeNoException","org.apache.dubbo.rpc.cluster.support.ForkingClusterInvokerTest.testClearRpcContext","org.apache.dubbo.rpc.cluster.loadbalance.ConsistentHashLoadBalanceTest.testLoadBalanceWarmup","org.apache.dubbo.rpc.cluster.support.wrapper.MockClusterInvokerTest.testMockInvokerFromOverride_Invoke_Fock_WithDefault","org.apache.dubbo.rpc.cluster.support.wrapper.MockClusterInvokerTest.testMockInvokerFromOverride_Invoke_checkCompatible_ImplMock","org.apache.dubbo.rpc.cluster.support.wrapper.MockClusterInvokerTest.testMockInvokerFromOverride_Invoke_checkCompatible_ImplMock2","org.apache.dubbo.rpc.cluster.support.wrapper.MockClusterInvokerTest.testMockInvokerFromOverride_Invoke_checkCompatible_ImplMock3","org.apache.dubbo.rpc.cluster.support.wrapper.MockClusterInvokerTest.testMockInvokerFromOverride_Invoke_check_boolean","org.apache.dubbo.rpc.cluster.support.wrapper.MockClusterInvokerTest.testMockInvokerFromOverride_Invoke_check_ListPojo_empty","org.apache.dubbo.rpc.cluster.support.wrapper.MockClusterInvokerTest.testMockInvokerFromOverride_Invoke_check_ListPojo_error","org.apache.dubbo.rpc.cluster.support.wrapper.MockClusterInvokerTest.testMockInvokerFromOverride_Invoke_Fock_WithOutDefault","org.apache.dubbo.rpc.cluster.support.wrapper.MockClusterInvokerTest.testMockInvokerFromOverride_Invoke_force_throw","org.apache.dubbo.rpc.cluster.support.wrapper.MockClusterInvokerTest.testMockInvokerFromOverride_Invoke_checkCompatible_return","org.apache.dubbo.rpc.cluster.support.wrapper.MockClusterInvokerTest.testMockInvokerFromOverride_Invoke_check_String","org.apache.dubbo.rpc.cluster.support.wrapper.MockClusterInvokerTest.testMockInvokerFromOverride_Invoke_check_ListString_empty","org.apache.dubbo.rpc.cluster.support.wrapper.MockClusterInvokerTest.testMockInvokerFromOverride_Invoke_force_throwCustemException","org.apache.dubbo.rpc.cluster.support.wrapper.MockClusterInvokerTest.testMockInvokerInvoke_forcemock","org.apache.dubbo.rpc.cluster.support.wrapper.MockClusterInvokerTest.testMockInvokerInvoke_failmock","org.apache.dubbo.rpc.cluster.support.wrapper.MockClusterInvokerTest.testMockInvokerFromOverride_Invoke_force_throwCustemExceptionNotFound","org.apache.dubbo.rpc.cluster.support.wrapper.MockClusterInvokerTest.testMockInvokerInvoke_forcemock_defaultreturn","org.apache.dubbo.rpc.cluster.support.wrapper.MockClusterInvokerTest.testMockInvokerFromOverride_Invoke_Fock_someMethods","org.apache.dubbo.rpc.cluster.support.wrapper.MockClusterInvokerTest.testMockInvokerFromOverride_Invoke_check_ListPojo","org.apache.dubbo.rpc.cluster.support.wrapper.MockClusterInvokerTest.testMockInvokerFromOverride_Invoke_check_ListString","org.apache.dubbo.rpc.cluster.support.wrapper.MockClusterInvokerTest.testMockInvokerFromOverride_Invoke_check_Boolean","org.apache.dubbo.rpc.cluster.support.wrapper.MockClusterInvokerTest.testMockInvokerFromOverride_Invoke_Fock_WithFailDefault","org.apache.dubbo.rpc.cluster.support.wrapper.MockClusterInvokerTest.testMockInvokerInvoke_normal","org.apache.dubbo.rpc.cluster.support.wrapper.MockClusterInvokerTest.testMockInvokerFromOverride_Invoke_Fock_WithForceDefault","org.apache.dubbo.rpc.cluster.support.wrapper.MockClusterInvokerTest.testMockInvokerFromOverride_Invoke_mock_false","org.apache.dubbo.rpc.cluster.support.wrapper.MockClusterInvokerTest.testMockInvokerFromOverride_Invoke_Fock_Default","org.apache.dubbo.rpc.cluster.support.wrapper.MockClusterInvokerTest.testMockInvokerFromOverride_Invoke_check_int","org.apache.dubbo.rpc.cluster.StickyTest.testStickyNoCheck","org.apache.dubbo.rpc.cluster.StickyTest.testStickyForceCheck","org.apache.dubbo.rpc.cluster.StickyTest.testMethodsSticky","org.apache.dubbo.rpc.cluster.StickyTest.testMethodStickyForceCheck","org.apache.dubbo.rpc.cluster.StickyTest.testMethodStickyNoCheck","org.apache.dubbo.rpc.cluster.support.FailoverClusterInvokerTest.testInvoke_retryTimes","org.apache.dubbo.rpc.cluster.support.FailoverClusterInvokerTest.testInvokeWithRuntimeException","org.apache.dubbo.rpc.cluster.support.FailoverClusterInvokerTest.testInvokerDestroyAndReList","org.apache.dubbo.rpc.cluster.support.FailoverClusterInvokerTest.testInvokeWithRPCException","org.apache.dubbo.rpc.cluster.support.FailoverClusterInvokerTest.testNoInvoke","org.apache.dubbo.rpc.cluster.router.script.ScriptRouterTest.testRoutePickInvokers","org.apache.dubbo.rpc.cluster.router.script.ScriptRouterTest.testRouteReturnAll","org.apache.dubbo.rpc.cluster.router.tag.TagRouterTest.testRoute_requestWithoutTag_shouldNotDowngrade","org.apache.dubbo.rpc.cluster.router.tag.TagRouterTest.testRoute_matchTag","org.apache.dubbo.rpc.cluster.router.tag.TagRouterTest.testRoute_matchDefault","org.apache.dubbo.rpc.cluster.router.tag.TagRouterTest.testRoute_createBySpi","org.apache.dubbo.rpc.cluster.router.tag.TagRouterTest.testRoute_requestWithTag_shouldDowngrade","org.apache.dubbo.rpc.cluster.loadbalance.RandomLoadBalanceTest.testRandomLoadBalanceSelect","org.apache.dubbo.rpc.cluster.loadbalance.RandomLoadBalanceTest.testLoadBalanceWarmup","org.apache.dubbo.rpc.cluster.directory.StaticDirectoryTest.testStaticDirectory","org.apache.dubbo.rpc.cluster.support.FailbackClusterInvokerTest.testInvokeExceptoin","org.apache.dubbo.rpc.cluster.support.FailbackClusterInvokerTest.testInvokeNoExceptoin","org.apache.dubbo.rpc.cluster.support.FailbackClusterInvokerTest.testNoInvoke","org.apache.dubbo.rpc.cluster.support.FailbackClusterInvokerTest.testRetryFailed","org.apache.dubbo.rpc.cluster.router.file.FileRouterEngineTest.testRouteNotAvailable","org.apache.dubbo.rpc.cluster.router.file.FileRouterEngineTest.testRouteAvailable","org.apache.dubbo.rpc.cluster.router.file.FileRouterEngineTest.testRouteByMethodName","org.apache.dubbo.rpc.cluster.configurator.absent.AbsentConfiguratorTest.testOverrideHost","org.apache.dubbo.rpc.cluster.configurator.absent.AbsentConfiguratorTest.testOverrideApplication","org.apache.dubbo.rpc.cluster.support.FailSafeClusterInvokerTest.testInvokeExceptoin","org.apache.dubbo.rpc.cluster.support.FailSafeClusterInvokerTest.testInvokeNoExceptoin","org.apache.dubbo.rpc.cluster.support.FailSafeClusterInvokerTest.testNoInvoke","org.apache.dubbo.rpc.cluster.router.condition.ConditionRouterTest.testRoute_ReturnEmpty","org.apache.dubbo.rpc.cluster.router.condition.ConditionRouterTest.testRoute_ReturnFalse","org.apache.dubbo.rpc.cluster.router.condition.ConditionRouterTest.testRoute_NoForce","org.apache.dubbo.rpc.cluster.router.condition.ConditionRouterTest.testRoute_matchFilter","org.apache.dubbo.rpc.cluster.router.condition.ConditionRouterTest.testRoute_Empty_HostFilter","org.apache.dubbo.rpc.cluster.router.condition.ConditionRouterTest.testRoute_HostFilter","org.apache.dubbo.rpc.cluster.router.condition.ConditionRouterTest.testRoute_matchWhen","org.apache.dubbo.rpc.cluster.router.condition.ConditionRouterTest.testRoute_ReturnAll","org.apache.dubbo.rpc.cluster.router.condition.ConditionRouterTest.testRoute_Placeholder","org.apache.dubbo.rpc.cluster.router.condition.ConditionRouterTest.testRoute_methodRoute","org.apache.dubbo.rpc.cluster.router.condition.ConditionRouterTest.testRoute_Force","org.apache.dubbo.rpc.cluster.router.condition.ConditionRouterTest.testRoute_False_HostFilter","org.apache.dubbo.rpc.cluster.configurator.override.OverrideConfiguratorTest.testOverride_Application","org.apache.dubbo.rpc.cluster.configurator.override.OverrideConfiguratorTest.testOverride_Host","org.apache.dubbo.rpc.cluster.support.FailfastClusterInvokerTest.testInvokeExceptoin","org.apache.dubbo.rpc.cluster.support.FailfastClusterInvokerTest.testInvokeNoExceptoin","org.apache.dubbo.rpc.cluster.support.FailfastClusterInvokerTest.testNoInvoke","org.apache.dubbo.rpc.cluster.support.AbstractClusterInvokerTest.testMockedInvokerSelect","org.apache.dubbo.rpc.cluster.support.AbstractClusterInvokerTest.testSelectBalance","org.apache.dubbo.rpc.cluster.support.AbstractClusterInvokerTest.testSelect_Invokersize2AndselectNotNull","org.apache.dubbo.rpc.cluster.support.AbstractClusterInvokerTest.testBindingAttachment","org.apache.dubbo.rpc.cluster.support.AbstractClusterInvokerTest.testSelect_multiInvokers","org.apache.dubbo.rpc.cluster.support.AbstractClusterInvokerTest.testTimeoutExceptionCode","org.apache.dubbo.rpc.cluster.support.AbstractClusterInvokerTest.testSelectAgainAndCheckAvailable","org.apache.dubbo.rpc.cluster.support.AbstractClusterInvokerTest.testCloseAvailablecheck","org.apache.dubbo.rpc.cluster.support.AbstractClusterInvokerTest.testDonotSelectAgainAndNoCheckAvailable","org.apache.dubbo.rpc.cluster.support.AbstractClusterInvokerTest.testSelect_Invokersize0","org.apache.dubbo.rpc.cluster.support.AbstractClusterInvokerTest.testSelect_Invokersize1","org.apache.dubbo.rpc.cluster.support.MergeableClusterInvokerTest.testAddMenu","org.apache.dubbo.rpc.cluster.support.MergeableClusterInvokerTest.testGetMenuSuccessfully","org.apache.dubbo.rpc.cluster.merger.ResultMergerTest.testShortArrayMerger","org.apache.dubbo.rpc.cluster.merger.ResultMergerTest.testByteArrayMerger","org.apache.dubbo.rpc.cluster.merger.ResultMergerTest.testCharArrayMerger","org.apache.dubbo.rpc.cluster.merger.ResultMergerTest.testIntArrayMerger","org.apache.dubbo.rpc.cluster.merger.ResultMergerTest.testBooleanArrayMerger","org.apache.dubbo.rpc.cluster.merger.ResultMergerTest.testFloatArrayMerger","org.apache.dubbo.rpc.cluster.merger.ResultMergerTest.testListMerger","org.apache.dubbo.rpc.cluster.merger.ResultMergerTest.testLongArrayMerger","org.apache.dubbo.rpc.cluster.merger.ResultMergerTest.testArrayMerger","org.apache.dubbo.rpc.cluster.merger.ResultMergerTest.testMapArrayMerger","org.apache.dubbo.rpc.cluster.merger.ResultMergerTest.testSetMerger","org.apache.dubbo.rpc.cluster.merger.ResultMergerTest.testDoubleArrayMerger","org.apache.dubbo.rpc.cluster.support.ClusterUtilsTest.testMergeUrl"],"results":{"org.apache.dubbo.rpc.cluster.router.condition.ConditionRouterTest.testRoute_ReturnFalse":{"name":"org.apache.dubbo.rpc.cluster.router.condition.ConditionRouterTest.testRoute_ReturnFalse","result":"PASS","time":0.002028196,"stackTrace":[]},"org.apache.dubbo.rpc.cluster.merger.ResultMergerTest.testSetMerger":{"name":"org.apache.dubbo.rpc.cluster.merger.ResultMergerTest.testSetMerger","result":"PASS","time":0.007093936,"stackTrace":[]},"org.apache.dubbo.rpc.cluster.merger.ResultMergerTest.testMapArrayMerger":{"name":"org.apache.dubbo.rpc.cluster.merger.ResultMergerTest.testMapArrayMerger","result":"PASS","time":0.010688643,"stackTrace":[]},"org.apache.dubbo.rpc.cluster.support.wrapper.MockClusterInvokerTest.testMockInvokerInvoke_normal":{"name":"org.apache.dubbo.rpc.cluster.support.wrapper.MockClusterInvokerTest.testMockInvokerInvoke_normal","result":"PASS","time":0.00263488,"stackTrace":[]},"org.apache.dubbo.rpc.cluster.merger.ResultMergerTest.testCharArrayMerger":{"name":"org.apache.dubbo.rpc.cluster.merger.ResultMergerTest.testCharArrayMerger","result":"PASS","time":6.26661E-4,"stackTrace":[]},"org.apache.dubbo.rpc.cluster.router.tag.TagRouterTest.testRoute_matchDefault":{"name":"org.apache.dubbo.rpc.cluster.router.tag.TagRouterTest.testRoute_matchDefault","result":"PASS","time":0.001328475,"stackTrace":[]},"org.apache.dubbo.rpc.cluster.support.FailfastClusterInvokerTest.testNoInvoke":{"name":"org.apache.dubbo.rpc.cluster.support.FailfastClusterInvokerTest.testNoInvoke","result":"PASS","time":0.003261262,"stackTrace":[]},"org.apache.dubbo.rpc.cluster.support.wrapper.MockClusterInvokerTest.testMockInvokerInvoke_forcemock":{"name":"org.apache.dubbo.rpc.cluster.support.wrapper.MockClusterInvokerTest.testMockInvokerInvoke_forcemock","result":"PASS","time":0.020446515,"stackTrace":[]},"org.apache.dubbo.rpc.cluster.support.wrapper.MockClusterInvokerTest.testMockInvokerFromOverride_Invoke_check_ListPojo_error":{"name":"org.apache.dubbo.rpc.cluster.support.wrapper.MockClusterInvokerTest.testMockInvokerFromOverride_Invoke_check_ListPojo_error","result":"PASS","time":0.53554263,"stackTrace":[]},"org.apache.dubbo.rpc.cluster.router.condition.ConditionRouterTest.testRoute_HostFilter":{"name":"org.apache.dubbo.rpc.cluster.router.condition.ConditionRouterTest.testRoute_HostFilter","result":"PASS","time":0.002028755,"stackTrace":[]},"org.apache.dubbo.rpc.cluster.support.wrapper.MockClusterInvokerTest.testMockInvokerFromOverride_Invoke_check_Boolean":{"name":"org.apache.dubbo.rpc.cluster.support.wrapper.MockClusterInvokerTest.testMockInvokerFromOverride_Invoke_check_Boolean","result":"PASS","time":0.007436391,"stackTrace":[]},"org.apache.dubbo.rpc.cluster.support.MergeableClusterInvokerTest.testAddMenu":{"name":"org.apache.dubbo.rpc.cluster.support.MergeableClusterInvokerTest.testAddMenu","result":"PASS","time":0.035176322,"stackTrace":[]},"org.apache.dubbo.rpc.cluster.support.AbstractClusterInvokerTest.testSelectAgainAndCheckAvailable":{"name":"org.apache.dubbo.rpc.cluster.support.AbstractClusterInvokerTest.testSelectAgainAndCheckAvailable","result":"PASS","time":0.174569964,"stackTrace":[]},"org.apache.dubbo.rpc.cluster.support.wrapper.MockClusterInvokerTest.testMockInvokerInvoke_failmock":{"name":"org.apache.dubbo.rpc.cluster.support.wrapper.MockClusterInvokerTest.testMockInvokerInvoke_failmock","result":"PASS","time":0.016016096,"stackTrace":[]},"org.apache.dubbo.rpc.cluster.configurator.override.OverrideConfiguratorTest.testOverride_Application":{"name":"org.apache.dubbo.rpc.cluster.configurator.override.OverrideConfiguratorTest.testOverride_Application","result":"PASS","time":0.008058931,"stackTrace":[]},"org.apache.dubbo.rpc.cluster.support.ForkingClusterInvokerTest.testInvokeNoException":{"name":"org.apache.dubbo.rpc.cluster.support.ForkingClusterInvokerTest.testInvokeNoException","result":"PASS","time":0.039841634,"stackTrace":[]},"org.apache.dubbo.rpc.cluster.support.wrapper.MockClusterInvokerTest.testMockInvokerFromOverride_Invoke_checkCompatible_ImplMock":{"name":"org.apache.dubbo.rpc.cluster.support.wrapper.MockClusterInvokerTest.testMockInvokerFromOverride_Invoke_checkCompatible_ImplMock","result":"PASS","time":0.023815828,"stackTrace":[]},"org.apache.dubbo.rpc.cluster.merger.ResultMergerTest.testListMerger":{"name":"org.apache.dubbo.rpc.cluster.merger.ResultMergerTest.testListMerger","result":"PASS","time":0.010128475,"stackTrace":[]},"org.apache.dubbo.rpc.cluster.support.wrapper.MockClusterInvokerTest.testMockInvokerFromOverride_Invoke_Fock_WithForceDefault":{"name":"org.apache.dubbo.rpc.cluster.support.wrapper.MockClusterInvokerTest.testMockInvokerFromOverride_Invoke_Fock_WithForceDefault","result":"PASS","time":0.010292195,"stackTrace":[]},"org.apache.dubbo.rpc.cluster.router.tag.TagRouterTest.testRoute_requestWithTag_shouldDowngrade":{"name":"org.apache.dubbo.rpc.cluster.router.tag.TagRouterTest.testRoute_requestWithTag_shouldDowngrade","result":"PASS","time":0.003165502,"stackTrace":[]},"org.apache.dubbo.rpc.cluster.support.FailbackClusterInvokerTest.testRetryFailed":{"name":"org.apache.dubbo.rpc.cluster.support.FailbackClusterInvokerTest.testRetryFailed","result":"PASS","time":0.015813473,"stackTrace":[]},"org.apache.dubbo.rpc.cluster.support.FailSafeClusterInvokerTest.testInvokeExceptoin":{"name":"org.apache.dubbo.rpc.cluster.support.FailSafeClusterInvokerTest.testInvokeExceptoin","result":"PASS","time":0.018096398,"stackTrace":[]},"org.apache.dubbo.rpc.cluster.support.ForkingClusterInvokerTest.testInvokeException":{"name":"org.apache.dubbo.rpc.cluster.support.ForkingClusterInvokerTest.testInvokeException","result":"PASS","time":0.368780077,"stackTrace":[]},"org.apache.dubbo.rpc.cluster.support.wrapper.MockClusterInvokerTest.testMockInvokerFromOverride_Invoke_Fock_WithFailDefault":{"name":"org.apache.dubbo.rpc.cluster.support.wrapper.MockClusterInvokerTest.testMockInvokerFromOverride_Invoke_Fock_WithFailDefault","result":"PASS","time":0.017122531,"stackTrace":[]},"org.apache.dubbo.rpc.cluster.support.wrapper.MockClusterInvokerTest.testMockInvokerFromOverride_Invoke_check_int":{"name":"org.apache.dubbo.rpc.cluster.support.wrapper.MockClusterInvokerTest.testMockInvokerFromOverride_Invoke_check_int","result":"PASS","time":0.005048139,"stackTrace":[]},"org.apache.dubbo.rpc.cluster.support.ClusterUtilsTest.testMergeUrl":{"name":"org.apache.dubbo.rpc.cluster.support.ClusterUtilsTest.testMergeUrl","result":"PASS","time":0.010397593,"stackTrace":[]},"org.apache.dubbo.rpc.cluster.support.wrapper.MockClusterInvokerTest.testMockInvokerFromOverride_Invoke_checkCompatible_ImplMock2":{"name":"org.apache.dubbo.rpc.cluster.support.wrapper.MockClusterInvokerTest.testMockInvokerFromOverride_Invoke_checkCompatible_ImplMock2","result":"PASS","time":0.015189117,"stackTrace":[]},"org.apache.dubbo.rpc.cluster.support.wrapper.MockClusterInvokerTest.testMockInvokerFromOverride_Invoke_checkCompatible_ImplMock3":{"name":"org.apache.dubbo.rpc.cluster.support.wrapper.MockClusterInvokerTest.testMockInvokerFromOverride_Invoke_checkCompatible_ImplMock3","result":"PASS","time":0.005372994,"stackTrace":[]},"org.apache.dubbo.rpc.cluster.StickyTest.testMethodStickyForceCheck":{"name":"org.apache.dubbo.rpc.cluster.StickyTest.testMethodStickyForceCheck","result":"PASS","time":0.008783517,"stackTrace":[]},"org.apache.dubbo.rpc.cluster.support.AbstractClusterInvokerTest.testTimeoutExceptionCode":{"name":"org.apache.dubbo.rpc.cluster.support.AbstractClusterInvokerTest.testTimeoutExceptionCode","result":"PASS","time":0.022176117,"stackTrace":[]},"org.apache.dubbo.rpc.cluster.support.wrapper.MockClusterInvokerTest.testMockInvokerFromOverride_Invoke_Fock_Default":{"name":"org.apache.dubbo.rpc.cluster.support.wrapper.MockClusterInvokerTest.testMockInvokerFromOverride_Invoke_Fock_Default","result":"PASS","time":0.012960951,"stackTrace":[]},"org.apache.dubbo.rpc.cluster.support.MergeableClusterInvokerTest.testGetMenuSuccessfully":{"name":"org.apache.dubbo.rpc.cluster.support.MergeableClusterInvokerTest.testGetMenuSuccessfully","result":"PASS","time":0.047739149,"stackTrace":[]},"org.apache.dubbo.rpc.cluster.configurator.absent.AbsentConfiguratorTest.testOverrideApplication":{"name":"org.apache.dubbo.rpc.cluster.configurator.absent.AbsentConfiguratorTest.testOverrideApplication","result":"PASS","time":0.00169908,"stackTrace":[]},"org.apache.dubbo.rpc.cluster.support.wrapper.MockClusterInvokerTest.testMockInvokerFromOverride_Invoke_check_boolean":{"name":"org.apache.dubbo.rpc.cluster.support.wrapper.MockClusterInvokerTest.testMockInvokerFromOverride_Invoke_check_boolean","result":"PASS","time":0.005454015,"stackTrace":[]},"org.apache.dubbo.rpc.cluster.merger.ResultMergerTest.testLongArrayMerger":{"name":"org.apache.dubbo.rpc.cluster.merger.ResultMergerTest.testLongArrayMerger","result":"PASS","time":4.40171E-4,"stackTrace":[]},"org.apache.dubbo.rpc.cluster.support.wrapper.MockClusterInvokerTest.testMockInvokerInvoke_forcemock_defaultreturn":{"name":"org.apache.dubbo.rpc.cluster.support.wrapper.MockClusterInvokerTest.testMockInvokerInvoke_forcemock_defaultreturn","result":"PASS","time":0.005821546,"stackTrace":[]},"org.apache.dubbo.rpc.cluster.router.condition.ConditionRouterTest.testRoute_ReturnEmpty":{"name":"org.apache.dubbo.rpc.cluster.router.condition.ConditionRouterTest.testRoute_ReturnEmpty","result":"PASS","time":0.003776308,"stackTrace":[]},"org.apache.dubbo.rpc.cluster.router.script.ScriptRouterTest.testRoutePickInvokers":{"name":"org.apache.dubbo.rpc.cluster.router.script.ScriptRouterTest.testRoutePickInvokers","result":"PASS","time":2.226137598,"stackTrace":[]},"org.apache.dubbo.rpc.cluster.merger.ResultMergerTest.testFloatArrayMerger":{"name":"org.apache.dubbo.rpc.cluster.merger.ResultMergerTest.testFloatArrayMerger","result":"PASS","time":0.001676869,"stackTrace":[]},"org.apache.dubbo.rpc.cluster.merger.ResultMergerTest.testArrayMerger":{"name":"org.apache.dubbo.rpc.cluster.merger.ResultMergerTest.testArrayMerger","result":"PASS","time":0.00343923,"stackTrace":[]},"org.apache.dubbo.rpc.cluster.support.wrapper.MockClusterInvokerTest.testMockInvokerFromOverride_Invoke_Fock_WithOutDefault":{"name":"org.apache.dubbo.rpc.cluster.support.wrapper.MockClusterInvokerTest.testMockInvokerFromOverride_Invoke_Fock_WithOutDefault","result":"PASS","time":0.011979192,"stackTrace":[]},"org.apache.dubbo.rpc.cluster.router.tag.TagRouterTest.testRoute_matchTag":{"name":"org.apache.dubbo.rpc.cluster.router.tag.TagRouterTest.testRoute_matchTag","result":"PASS","time":0.00199886,"stackTrace":[]},"org.apache.dubbo.rpc.cluster.router.condition.ConditionRouterTest.testRoute_NoForce":{"name":"org.apache.dubbo.rpc.cluster.router.condition.ConditionRouterTest.testRoute_NoForce","result":"PASS","time":0.0019851,"stackTrace":[]},"org.apache.dubbo.rpc.cluster.loadbalance.RandomLoadBalanceTest.testLoadBalanceWarmup":{"name":"org.apache.dubbo.rpc.cluster.loadbalance.RandomLoadBalanceTest.testLoadBalanceWarmup","result":"PASS","time":0.01172125,"stackTrace":[]},"org.apache.dubbo.rpc.cluster.router.condition.ConditionRouterTest.testRoute_Placeholder":{"name":"org.apache.dubbo.rpc.cluster.router.condition.ConditionRouterTest.testRoute_Placeholder","result":"PASS","time":0.003472686,"stackTrace":[]},"org.apache.dubbo.rpc.cluster.StickyTest.testMethodStickyNoCheck":{"name":"org.apache.dubbo.rpc.cluster.StickyTest.testMethodStickyNoCheck","result":"PASS","time":0.006273032,"stackTrace":[]},"org.apache.dubbo.rpc.cluster.configurator.absent.AbsentConfiguratorTest.testOverrideHost":{"name":"org.apache.dubbo.rpc.cluster.configurator.absent.AbsentConfiguratorTest.testOverrideHost","result":"PASS","time":0.014707317,"stackTrace":[]},"org.apache.dubbo.rpc.cluster.router.condition.ConditionRouterTest.testRoute_matchWhen":{"name":"org.apache.dubbo.rpc.cluster.router.condition.ConditionRouterTest.testRoute_matchWhen","result":"PASS","time":0.007928598,"stackTrace":[]},"org.apache.dubbo.rpc.cluster.support.AbstractClusterInvokerTest.testMockedInvokerSelect":{"name":"org.apache.dubbo.rpc.cluster.support.AbstractClusterInvokerTest.testMockedInvokerSelect","result":"PASS","time":0.015031404,"stackTrace":[]},"org.apache.dubbo.rpc.cluster.support.FailoverClusterInvokerTest.testInvokeWithRuntimeException":{"name":"org.apache.dubbo.rpc.cluster.support.FailoverClusterInvokerTest.testInvokeWithRuntimeException","result":"PASS","time":0.017071892,"stackTrace":[]},"org.apache.dubbo.rpc.cluster.router.script.ScriptRouterTest.testRouteReturnAll":{"name":"org.apache.dubbo.rpc.cluster.router.script.ScriptRouterTest.testRouteReturnAll","result":"PASS","time":0.153541914,"stackTrace":[]},"org.apache.dubbo.rpc.cluster.support.FailbackClusterInvokerTest.testInvokeNoExceptoin":{"name":"org.apache.dubbo.rpc.cluster.support.FailbackClusterInvokerTest.testInvokeNoExceptoin","result":"PASS","time":0.004562287,"stackTrace":[]},"org.apache.dubbo.rpc.cluster.router.tag.TagRouterTest.testRoute_requestWithoutTag_shouldNotDowngrade":{"name":"org.apache.dubbo.rpc.cluster.router.tag.TagRouterTest.testRoute_requestWithoutTag_shouldNotDowngrade","result":"PASS","time":0.011740178,"stackTrace":[]},"org.apache.dubbo.rpc.cluster.merger.ResultMergerTest.testByteArrayMerger":{"name":"org.apache.dubbo.rpc.cluster.merger.ResultMergerTest.testByteArrayMerger","result":"PASS","time":0.001276022,"stackTrace":[]},"org.apache.dubbo.rpc.cluster.merger.ResultMergerTest.testBooleanArrayMerger":{"name":"org.apache.dubbo.rpc.cluster.merger.ResultMergerTest.testBooleanArrayMerger","result":"PASS","time":7.59229E-4,"stackTrace":[]},"org.apache.dubbo.rpc.cluster.StickyTest.testStickyForceCheck":{"name":"org.apache.dubbo.rpc.cluster.StickyTest.testStickyForceCheck","result":"PASS","time":0.00519314,"stackTrace":[]},"org.apache.dubbo.rpc.cluster.support.wrapper.MockClusterInvokerTest.testMockInvokerFromOverride_Invoke_checkCompatible_return":{"name":"org.apache.dubbo.rpc.cluster.support.wrapper.MockClusterInvokerTest.testMockInvokerFromOverride_Invoke_checkCompatible_return","result":"PASS","time":0.008482129,"stackTrace":[]},"org.apache.dubbo.rpc.cluster.router.tag.TagRouterTest.testRoute_createBySpi":{"name":"org.apache.dubbo.rpc.cluster.router.tag.TagRouterTest.testRoute_createBySpi","result":"PASS","time":0.027855247,"stackTrace":[]},"org.apache.dubbo.rpc.cluster.router.file.FileRouterEngineTest.testRouteByMethodName":{"name":"org.apache.dubbo.rpc.cluster.router.file.FileRouterEngineTest.testRouteByMethodName","result":"PASS","time":2.882145739,"stackTrace":[]},"org.apache.dubbo.rpc.cluster.merger.ResultMergerTest.testIntArrayMerger":{"name":"org.apache.dubbo.rpc.cluster.merger.ResultMergerTest.testIntArrayMerger","result":"PASS","time":8.02115E-4,"stackTrace":[]},"org.apache.dubbo.rpc.cluster.support.FailfastClusterInvokerTest.testInvokeExceptoin":{"name":"org.apache.dubbo.rpc.cluster.support.FailfastClusterInvokerTest.testInvokeExceptoin","result":"PASS","time":0.017110517,"stackTrace":[]},"org.apache.dubbo.rpc.cluster.loadbalance.LoadBalanceBaseTest.testLoadBalanceWarmup":{"name":"org.apache.dubbo.rpc.cluster.loadbalance.LoadBalanceBaseTest.testLoadBalanceWarmup","result":"PASS","time":5.109352021,"stackTrace":[]},"org.apache.dubbo.rpc.cluster.support.FailSafeClusterInvokerTest.testNoInvoke":{"name":"org.apache.dubbo.rpc.cluster.support.FailSafeClusterInvokerTest.testNoInvoke","result":"PASS","time":0.004608596,"stackTrace":[]},"org.apache.dubbo.rpc.cluster.router.file.FileRouterEngineTest.testRouteAvailable":{"name":"org.apache.dubbo.rpc.cluster.router.file.FileRouterEngineTest.testRouteAvailable","result":"PASS","time":2.481391026,"stackTrace":[]},"org.apache.dubbo.rpc.cluster.support.wrapper.MockClusterInvokerTest.testMockInvokerFromOverride_Invoke_check_ListString_empty":{"name":"org.apache.dubbo.rpc.cluster.support.wrapper.MockClusterInvokerTest.testMockInvokerFromOverride_Invoke_check_ListString_empty","result":"PASS","time":0.004185188,"stackTrace":[]},"org.apache.dubbo.rpc.cluster.support.FailbackClusterInvokerTest.testNoInvoke":{"name":"org.apache.dubbo.rpc.cluster.support.FailbackClusterInvokerTest.testNoInvoke","result":"PASS","time":0.026113421,"stackTrace":[]},"org.apache.dubbo.rpc.cluster.support.AbstractClusterInvokerTest.testSelect_Invokersize0":{"name":"org.apache.dubbo.rpc.cluster.support.AbstractClusterInvokerTest.testSelect_Invokersize0","result":"PASS","time":0.005105343,"stackTrace":[]},"org.apache.dubbo.rpc.cluster.support.AbstractClusterInvokerTest.testSelect_Invokersize1":{"name":"org.apache.dubbo.rpc.cluster.support.AbstractClusterInvokerTest.testSelect_Invokersize1","result":"PASS","time":0.003835887,"stackTrace":[]},"org.apache.dubbo.rpc.cluster.loadbalance.RandomLoadBalanceTest.testRandomLoadBalanceSelect":{"name":"org.apache.dubbo.rpc.cluster.loadbalance.RandomLoadBalanceTest.testRandomLoadBalanceSelect","result":"PASS","time":1.495240777,"stackTrace":[]},"org.apache.dubbo.rpc.cluster.support.FailoverClusterInvokerTest.testInvoke_retryTimes":{"name":"org.apache.dubbo.rpc.cluster.support.FailoverClusterInvokerTest.testInvoke_retryTimes","result":"PASS","time":0.028122478,"stackTrace":[]},"org.apache.dubbo.rpc.cluster.support.FailfastClusterInvokerTest.testInvokeNoExceptoin":{"name":"org.apache.dubbo.rpc.cluster.support.FailfastClusterInvokerTest.testInvokeNoExceptoin","result":"PASS","time":0.003400046,"stackTrace":[]},"org.apache.dubbo.rpc.cluster.merger.ResultMergerTest.testDoubleArrayMerger":{"name":"org.apache.dubbo.rpc.cluster.merger.ResultMergerTest.testDoubleArrayMerger","result":"PASS","time":0.002060814,"stackTrace":[]},"org.apache.dubbo.rpc.cluster.support.wrapper.MockClusterInvokerTest.testMockInvokerFromOverride_Invoke_force_throwCustemException":{"name":"org.apache.dubbo.rpc.cluster.support.wrapper.MockClusterInvokerTest.testMockInvokerFromOverride_Invoke_force_throwCustemException","result":"PASS","time":0.004784608,"stackTrace":[]},"org.apache.dubbo.rpc.cluster.loadbalance.LeastActiveBalanceTest.testLoadBalanceWarmup":{"name":"org.apache.dubbo.rpc.cluster.loadbalance.LeastActiveBalanceTest.testLoadBalanceWarmup","result":"PASS","time":0.006469579,"stackTrace":[]},"org.apache.dubbo.rpc.cluster.router.condition.ConditionRouterTest.testRoute_ReturnAll":{"name":"org.apache.dubbo.rpc.cluster.router.condition.ConditionRouterTest.testRoute_ReturnAll","result":"PASS","time":0.010340669,"stackTrace":[]},"org.apache.dubbo.rpc.cluster.support.ForkingClusterInvokerTest.testClearRpcContext":{"name":"org.apache.dubbo.rpc.cluster.support.ForkingClusterInvokerTest.testClearRpcContext","result":"PASS","time":0.049631145,"stackTrace":[]},"org.apache.dubbo.rpc.cluster.support.AbstractClusterInvokerTest.testSelect_multiInvokers":{"name":"org.apache.dubbo.rpc.cluster.support.AbstractClusterInvokerTest.testSelect_multiInvokers","result":"PASS","time":55.366247912,"stackTrace":[]},"org.apache.dubbo.rpc.cluster.support.FailoverClusterInvokerTest.testNoInvoke":{"name":"org.apache.dubbo.rpc.cluster.support.FailoverClusterInvokerTest.testNoInvoke","result":"PASS","time":0.008051597,"stackTrace":[]},"org.apache.dubbo.rpc.cluster.support.FailoverClusterInvokerTest.testInvokerDestroyAndReList":{"name":"org.apache.dubbo.rpc.cluster.support.FailoverClusterInvokerTest.testInvokerDestroyAndReList","result":"PASS","time":0.026906944,"stackTrace":[]},"org.apache.dubbo.rpc.cluster.support.wrapper.MockClusterInvokerTest.testMockInvokerFromOverride_Invoke_mock_false":{"name":"org.apache.dubbo.rpc.cluster.support.wrapper.MockClusterInvokerTest.testMockInvokerFromOverride_Invoke_mock_false","result":"PASS","time":0.002695926,"stackTrace":[]},"org.apache.dubbo.rpc.cluster.support.AbstractClusterInvokerTest.testCloseAvailablecheck":{"name":"org.apache.dubbo.rpc.cluster.support.AbstractClusterInvokerTest.testCloseAvailablecheck","result":"PASS","time":0.20857245,"stackTrace":[]},"org.apache.dubbo.rpc.cluster.router.condition.ConditionRouterTest.testRoute_Empty_HostFilter":{"name":"org.apache.dubbo.rpc.cluster.router.condition.ConditionRouterTest.testRoute_Empty_HostFilter","result":"PASS","time":0.002132057,"stackTrace":[]},"org.apache.dubbo.rpc.cluster.StickyTest.testMethodsSticky":{"name":"org.apache.dubbo.rpc.cluster.StickyTest.testMethodsSticky","result":"PASS","time":0.282724107,"stackTrace":[]},"org.apache.dubbo.rpc.cluster.router.condition.ConditionRouterTest.testRoute_False_HostFilter":{"name":"org.apache.dubbo.rpc.cluster.router.condition.ConditionRouterTest.testRoute_False_HostFilter","result":"PASS","time":0.001785759,"stackTrace":[]},"org.apache.dubbo.rpc.cluster.support.FailSafeClusterInvokerTest.testInvokeNoExceptoin":{"name":"org.apache.dubbo.rpc.cluster.support.FailSafeClusterInvokerTest.testInvokeNoExceptoin","result":"PASS","time":0.002258688,"stackTrace":[]},"org.apache.dubbo.rpc.cluster.support.AbstractClusterInvokerTest.testSelectBalance":{"name":"org.apache.dubbo.rpc.cluster.support.AbstractClusterInvokerTest.testSelectBalance","result":"PASS","time":0.754394636,"stackTrace":[]},"org.apache.dubbo.rpc.cluster.support.wrapper.MockClusterInvokerTest.testMockInvokerFromOverride_Invoke_force_throwCustemExceptionNotFound":{"name":"org.apache.dubbo.rpc.cluster.support.wrapper.MockClusterInvokerTest.testMockInvokerFromOverride_Invoke_force_throwCustemExceptionNotFound","result":"PASS","time":0.029628504,"stackTrace":[]},"org.apache.dubbo.rpc.cluster.merger.ResultMergerTest.testShortArrayMerger":{"name":"org.apache.dubbo.rpc.cluster.merger.ResultMergerTest.testShortArrayMerger","result":"PASS","time":0.04707966,"stackTrace":[]},"org.apache.dubbo.rpc.cluster.support.wrapper.MockClusterInvokerTest.testMockInvokerFromOverride_Invoke_check_ListPojo":{"name":"org.apache.dubbo.rpc.cluster.support.wrapper.MockClusterInvokerTest.testMockInvokerFromOverride_Invoke_check_ListPojo","result":"PASS","time":0.016025525,"stackTrace":[]},"org.apache.dubbo.rpc.cluster.loadbalance.RoundRobinLoadBalanceTest.testRoundRobinLoadBalanceSelect":{"name":"org.apache.dubbo.rpc.cluster.loadbalance.RoundRobinLoadBalanceTest.testRoundRobinLoadBalanceSelect","result":"PASS","time":7.225151037,"stackTrace":[]},"org.apache.dubbo.rpc.cluster.support.wrapper.MockClusterInvokerTest.testMockInvokerFromOverride_Invoke_check_ListPojo_empty":{"name":"org.apache.dubbo.rpc.cluster.support.wrapper.MockClusterInvokerTest.testMockInvokerFromOverride_Invoke_check_ListPojo_empty","result":"PASS","time":0.010252034,"stackTrace":[]},"org.apache.dubbo.rpc.cluster.support.AbstractClusterInvokerTest.testSelect_Invokersize2AndselectNotNull":{"name":"org.apache.dubbo.rpc.cluster.support.AbstractClusterInvokerTest.testSelect_Invokersize2AndselectNotNull","result":"PASS","time":0.013930068,"stackTrace":[]},"org.apache.dubbo.rpc.cluster.support.wrapper.MockClusterInvokerTest.testMockInvokerFromOverride_Invoke_Fock_someMethods":{"name":"org.apache.dubbo.rpc.cluster.support.wrapper.MockClusterInvokerTest.testMockInvokerFromOverride_Invoke_Fock_someMethods","result":"PASS","time":0.014177045,"stackTrace":[]},"org.apache.dubbo.rpc.cluster.router.file.FileRouterEngineTest.testRouteNotAvailable":{"name":"org.apache.dubbo.rpc.cluster.router.file.FileRouterEngineTest.testRouteNotAvailable","result":"PASS","time":4.175359988,"stackTrace":[]},"org.apache.dubbo.rpc.cluster.support.FailoverClusterInvokerTest.testInvokeWithRPCException":{"name":"org.apache.dubbo.rpc.cluster.support.FailoverClusterInvokerTest.testInvokeWithRPCException","result":"PASS","time":0.346669475,"stackTrace":[]},"org.apache.dubbo.rpc.cluster.support.wrapper.MockClusterInvokerTest.testMockInvokerFromOverride_Invoke_check_ListString":{"name":"org.apache.dubbo.rpc.cluster.support.wrapper.MockClusterInvokerTest.testMockInvokerFromOverride_Invoke_check_ListString","result":"PASS","time":0.004605523,"stackTrace":[]},"org.apache.dubbo.rpc.cluster.support.wrapper.MockClusterInvokerTest.testMockInvokerFromOverride_Invoke_Fock_WithDefault":{"name":"org.apache.dubbo.rpc.cluster.support.wrapper.MockClusterInvokerTest.testMockInvokerFromOverride_Invoke_Fock_WithDefault","result":"PASS","time":3.316554562,"stackTrace":[]},"org.apache.dubbo.rpc.cluster.support.wrapper.MockClusterInvokerTest.testMockInvokerFromOverride_Invoke_force_throw":{"name":"org.apache.dubbo.rpc.cluster.support.wrapper.MockClusterInvokerTest.testMockInvokerFromOverride_Invoke_force_throw","result":"PASS","time":0.003659734,"stackTrace":[]},"org.apache.dubbo.rpc.cluster.router.condition.ConditionRouterTest.testRoute_Force":{"name":"org.apache.dubbo.rpc.cluster.router.condition.ConditionRouterTest.testRoute_Force","result":"PASS","time":0.003091745,"stackTrace":[]},"org.apache.dubbo.rpc.cluster.directory.StaticDirectoryTest.testStaticDirectory":{"name":"org.apache.dubbo.rpc.cluster.directory.StaticDirectoryTest.testStaticDirectory","result":"PASS","time":0.039106362,"stackTrace":[]},"org.apache.dubbo.rpc.cluster.support.wrapper.MockClusterInvokerTest.testMockInvokerFromOverride_Invoke_check_String":{"name":"org.apache.dubbo.rpc.cluster.support.wrapper.MockClusterInvokerTest.testMockInvokerFromOverride_Invoke_check_String","result":"PASS","time":0.004507738,"stackTrace":[]},"org.apache.dubbo.rpc.cluster.router.condition.ConditionRouterTest.testRoute_methodRoute":{"name":"org.apache.dubbo.rpc.cluster.router.condition.ConditionRouterTest.testRoute_methodRoute","result":"PASS","time":0.00431161,"stackTrace":[]},"org.apache.dubbo.rpc.cluster.support.FailbackClusterInvokerTest.testInvokeExceptoin":{"name":"org.apache.dubbo.rpc.cluster.support.FailbackClusterInvokerTest.testInvokeExceptoin","result":"PASS","time":0.044101277,"stackTrace":[]},"org.apache.dubbo.rpc.cluster.support.AbstractClusterInvokerTest.testBindingAttachment":{"name":"org.apache.dubbo.rpc.cluster.support.AbstractClusterInvokerTest.testBindingAttachment","result":"ERROR","time":0.025867561,"stackTrace":[{"declaringClass":"org.junit.Assert","methodName":"fail","fileName":"Assert.java","lineNumber":88},{"declaringClass":"org.junit.Assert","methodName":"assertTrue","fileName":"Assert.java","lineNumber":41},{"declaringClass":"org.apache.dubbo.rpc.cluster.support.AbstractClusterInvokerTest","methodName":"testBindingAttachment","fileName":"AbstractClusterInvokerTest.java","lineNumber":144},{"declaringClass":"sun.reflect.NativeMethodAccessorImpl","methodName":"invoke0","fileName":"NativeMethodAccessorImpl.java","lineNumber":-2},{"declaringClass":"sun.reflect.NativeMethodAccessorImpl","methodName":"invoke","fileName":"NativeMethodAccessorImpl.java","lineNumber":62},{"declaringClass":"sun.reflect.DelegatingMethodAccessorImpl","methodName":"invoke","fileName":"DelegatingMethodAccessorImpl.java","lineNumber":43},{"declaringClass":"java.lang.reflect.Method","methodName":"invoke","fileName":"Method.java","lineNumber":498},{"declaringClass":"org.junit.runners.model.FrameworkMethod$1","methodName":"runReflectiveCall","fileName":"FrameworkMethod.java","lineNumber":50},{"declaringClass":"org.junit.internal.runners.model.ReflectiveCallable","methodName":"run","fileName":"ReflectiveCallable.java","lineNumber":12},{"declaringClass":"org.junit.runners.model.FrameworkMethod","methodName":"invokeExplosively","fileName":"FrameworkMethod.java","lineNumber":47},{"declaringClass":"org.junit.internal.runners.statements.InvokeMethod","methodName":"evaluate","fileName":"InvokeMethod.java","lineNumber":17},{"declaringClass":"org.junit.internal.runners.statements.RunBefores","methodName":"evaluate","fileName":"RunBefores.java","lineNumber":26},{"declaringClass":"com.reedoei.testrunner.execution.JUnitTestRunner","methodName":"runChild","fileName":"JUnitTestRunner.java","lineNumber":332},{"declaringClass":"com.reedoei.testrunner.execution.JUnitTestRunner","methodName":"run","fileName":"JUnitTestRunner.java","lineNumber":108},{"declaringClass":"org.junit.runner.JUnitCore","methodName":"run","fileName":"JUnitCore.java","lineNumber":137},{"declaringClass":"com.reedoei.testrunner.execution.JUnitTestExecutor","methodName":"execute","fileName":"JUnitTestExecutor.java","lineNumber":292},{"declaringClass":"com.reedoei.testrunner.execution.JUnitTestExecutor","methodName":"execute","fileName":"JUnitTestExecutor.java","lineNumber":328},{"declaringClass":"com.reedoei.testrunner.execution.JUnitTestExecutor","methodName":"executeWithJUnit4Runner","fileName":"JUnitTestExecutor.java","lineNumber":366},{"declaringClass":"com.reedoei.testrunner.execution.JUnitTestExecutor","methodName":"runOrder","fileName":"JUnitTestExecutor.java","lineNumber":47},{"declaringClass":"com.reedoei.testrunner.execution.Executor$","methodName":"$anonfun$run$1","fileName":"Executor.scala","lineNumber":30},{"declaringClass":"scala.runtime.java8.JFunction0$mcV$sp","methodName":"apply","fileName":"JFunction0$mcV$sp.java","lineNumber":12},{"declaringClass":"scala.util.Try$","methodName":"apply","fileName":"Try.scala","lineNumber":209},{"declaringClass":"com.reedoei.testrunner.execution.Executor$","methodName":"run","fileName":"Executor.scala","lineNumber":28},{"declaringClass":"com.reedoei.testrunner.execution.Executor$","methodName":"main","fileName":"Executor.scala","lineNumber":18},{"declaringClass":"com.reedoei.testrunner.execution.Executor","methodName":"main","fileName":"Executor.scala","lineNumber":-1}]},"org.apache.dubbo.rpc.cluster.configurator.override.OverrideConfiguratorTest.testOverride_Host":{"name":"org.apache.dubbo.rpc.cluster.configurator.override.OverrideConfiguratorTest.testOverride_Host","result":"PASS","time":0.004121488,"stackTrace":[]},"org.apache.dubbo.rpc.cluster.support.AbstractClusterInvokerTest.testDonotSelectAgainAndNoCheckAvailable":{"name":"org.apache.dubbo.rpc.cluster.support.AbstractClusterInvokerTest.testDonotSelectAgainAndNoCheckAvailable","result":"PASS","time":0.007956187,"stackTrace":[]},"org.apache.dubbo.rpc.cluster.loadbalance.ConsistentHashLoadBalanceTest.testLoadBalanceWarmup":{"name":"org.apache.dubbo.rpc.cluster.loadbalance.ConsistentHashLoadBalanceTest.testLoadBalanceWarmup","result":"PASS","time":0.007395252,"stackTrace":[]},"org.apache.dubbo.rpc.cluster.loadbalance.RoundRobinLoadBalanceTest.testLoadBalanceWarmup":{"name":"org.apache.dubbo.rpc.cluster.loadbalance.RoundRobinLoadBalanceTest.testLoadBalanceWarmup","result":"PASS","time":0.023831893,"stackTrace":[]},"org.apache.dubbo.rpc.cluster.router.condition.ConditionRouterTest.testRoute_matchFilter":{"name":"org.apache.dubbo.rpc.cluster.router.condition.ConditionRouterTest.testRoute_matchFilter","result":"PASS","time":0.01248006,"stackTrace":[]},"org.apache.dubbo.rpc.cluster.StickyTest.testStickyNoCheck":{"name":"org.apache.dubbo.rpc.cluster.StickyTest.testStickyNoCheck","result":"PASS","time":0.012907728,"stackTrace":[]}},"diffs":{}},"expected":"ERROR","dependentTest":"org.apache.dubbo.rpc.cluster.support.AbstractClusterInvokerTest.testBindingAttachment","polluters":[{"time":{"startTime":1574050226719,"endTime":1574050226719,"elapsedSeconds":0.0},"index":0,"deps":["org.apache.dubbo.rpc.cluster.router.tag.TagRouterTest.testRoute_requestWithoutTag_shouldNotDowngrade"],"cleanerData":{"dependentTest":"org.apache.dubbo.rpc.cluster.support.AbstractClusterInvokerTest.testBindingAttachment","time":{"addTime":{"startTime":1574050226777,"endTime":1574050349483,"elapsedSeconds":122.70600008964539},"totalTime":{"startTime":1574050226777,"endTime":1574052188417,"elapsedSeconds":1961.6400001049042}},"expected":"ERROR","isolationResult":"PASS","cleaners":[{"dependentTest":"org.apache.dubbo.rpc.cluster.support.AbstractClusterInvokerTest.testBindingAttachment","originalSize":69,"cleanerTests":["org.apache.dubbo.rpc.cluster.support.ForkingClusterInvokerTest.testInvokeException"],"orderFound":0,"time":{"addTime":{"startTime":1574050226777,"endTime":1574050349483,"elapsedSeconds":122.70600008964539},"totalTime":{"startTime":1574050226777,"endTime":1574052188417,"elapsedSeconds":1961.6400001049042}}},{"dependentTest":"org.apache.dubbo.rpc.cluster.support.AbstractClusterInvokerTest.testBindingAttachment","originalSize":1,"cleanerTests":["org.apache.dubbo.rpc.cluster.support.ForkingClusterInvokerTest.testInvokeNoException"],"orderFound":2,"time":{"addTime":{"startTime":1574050226777,"endTime":1574051464885,"elapsedSeconds":1238.10800075531},"totalTime":{"startTime":1574050226777,"endTime":1574052237362,"elapsedSeconds":2010.585000038147}}},{"dependentTest":"org.apache.dubbo.rpc.cluster.support.AbstractClusterInvokerTest.testBindingAttachment","originalSize":1,"cleanerTests":["org.apache.dubbo.rpc.cluster.support.AbstractClusterInvokerTest.testTimeoutExceptionCode"],"orderFound":3,"time":{"addTime":{"startTime":1574050226777,"endTime":1574051629629,"elapsedSeconds":1402.8520004749298},"totalTime":{"startTime":1574050226777,"endTime":1574052274249,"elapsedSeconds":2047.4720001220703}}}]}},{"time":{"startTime":1574052287816,"endTime":1574052287816,"elapsedSeconds":0.0},"index":1,"deps":["org.apache.dubbo.rpc.cluster.router.tag.TagRouterTest.testRoute_matchTag"],"cleanerData":{"dependentTest":"org.apache.dubbo.rpc.cluster.support.AbstractClusterInvokerTest.testBindingAttachment","time":{"addTime":{"startTime":1574052287830,"endTime":1574052403878,"elapsedSeconds":116.04800009727478},"totalTime":{"startTime":1574052287830,"endTime":1574054338110,"elapsedSeconds":2050.2799999713898}},"expected":"ERROR","isolationResult":"PASS","cleaners":[{"dependentTest":"org.apache.dubbo.rpc.cluster.support.AbstractClusterInvokerTest.testBindingAttachment","originalSize":70,"cleanerTests":["org.apache.dubbo.rpc.cluster.support.ForkingClusterInvokerTest.testInvokeException"],"orderFound":0,"time":{"addTime":{"startTime":1574052287830,"endTime":1574052403878,"elapsedSeconds":116.04800009727478},"totalTime":{"startTime":1574052287830,"endTime":1574054338110,"elapsedSeconds":2050.2799999713898}}},{"dependentTest":"org.apache.dubbo.rpc.cluster.support.AbstractClusterInvokerTest.testBindingAttachment","originalSize":1,"cleanerTests":["org.apache.dubbo.rpc.cluster.support.ForkingClusterInvokerTest.testInvokeNoException"],"orderFound":2,"time":{"addTime":{"startTime":1574052287830,"endTime":1574053540236,"elapsedSeconds":1252.4069993495941},"totalTime":{"startTime":1574052287830,"endTime":1574054373544,"elapsedSeconds":2085.7139999866486}}},{"dependentTest":"org.apache.dubbo.rpc.cluster.support.AbstractClusterInvokerTest.testBindingAttachment","originalSize":1,"cleanerTests":["org.apache.dubbo.rpc.cluster.support.AbstractClusterInvokerTest.testTimeoutExceptionCode"],"orderFound":3,"time":{"addTime":{"startTime":1574052287830,"endTime":1574053787117,"elapsedSeconds":1499.2879993915558},"totalTime":{"startTime":1574052287830,"endTime":1574054403789,"elapsedSeconds":2115.959000110626}}}]}},{"time":{"startTime":1574054413547,"endTime":1574054413547,"elapsedSeconds":0.0},"index":2,"deps":["org.apache.dubbo.rpc.cluster.router.tag.TagRouterTest.testRoute_matchDefault"],"cleanerData":{"dependentTest":"org.apache.dubbo.rpc.cluster.support.AbstractClusterInvokerTest.testBindingAttachment","time":{"addTime":{"startTime":1574054413555,"endTime":1574054535373,"elapsedSeconds":121.8180000782013},"totalTime":{"startTime":1574054413555,"endTime":1574056280438,"elapsedSeconds":1866.8829998970032}},"expected":"ERROR","isolationResult":"PASS","cleaners":[{"dependentTest":"org.apache.dubbo.rpc.cluster.support.AbstractClusterInvokerTest.testBindingAttachment","originalSize":71,"cleanerTests":["org.apache.dubbo.rpc.cluster.support.ForkingClusterInvokerTest.testInvokeException"],"orderFound":0,"time":{"addTime":{"startTime":1574054413555,"endTime":1574054535373,"elapsedSeconds":121.8180000782013},"totalTime":{"startTime":1574054413555,"endTime":1574056280438,"elapsedSeconds":1866.8829998970032}}},{"dependentTest":"org.apache.dubbo.rpc.cluster.support.AbstractClusterInvokerTest.testBindingAttachment","originalSize":1,"cleanerTests":["org.apache.dubbo.rpc.cluster.support.ForkingClusterInvokerTest.testInvokeNoException"],"orderFound":2,"time":{"addTime":{"startTime":1574054413555,"endTime":1574055523729,"elapsedSeconds":1110.1740005016327},"totalTime":{"startTime":1574054413555,"endTime":1574056319880,"elapsedSeconds":1906.3250000476837}}},{"dependentTest":"org.apache.dubbo.rpc.cluster.support.AbstractClusterInvokerTest.testBindingAttachment","originalSize":1,"cleanerTests":["org.apache.dubbo.rpc.cluster.support.AbstractClusterInvokerTest.testTimeoutExceptionCode"],"orderFound":3,"time":{"addTime":{"startTime":1574054413555,"endTime":1574055729373,"elapsedSeconds":1315.8180003166199},"totalTime":{"startTime":1574054413555,"endTime":1574056366862,"elapsedSeconds":1953.3069999217987}}}]}},{"time":{"startTime":1574056391189,"endTime":1574056391189,"elapsedSeconds":0.0},"index":3,"deps":["org.apache.dubbo.rpc.cluster.router.tag.TagRouterTest.testRoute_requestWithTag_shouldDowngrade"],"cleanerData":{"dependentTest":"org.apache.dubbo.rpc.cluster.support.AbstractClusterInvokerTest.testBindingAttachment","time":{"addTime":{"startTime":1574056391196,"endTime":1574056499920,"elapsedSeconds":108.72499966621399},"totalTime":{"startTime":1574056391196,"endTime":1574058232823,"elapsedSeconds":1841.6269998550415}},"expected":"ERROR","isolationResult":"PASS","cleaners":[{"dependentTest":"org.apache.dubbo.rpc.cluster.support.AbstractClusterInvokerTest.testBindingAttachment","originalSize":73,"cleanerTests":["org.apache.dubbo.rpc.cluster.support.ForkingClusterInvokerTest.testInvokeException"],"orderFound":0,"time":{"addTime":{"startTime":1574056391196,"endTime":1574056499920,"elapsedSeconds":108.72499966621399},"totalTime":{"startTime":1574056391196,"endTime":1574058232823,"elapsedSeconds":1841.6269998550415}}},{"dependentTest":"org.apache.dubbo.rpc.cluster.support.AbstractClusterInvokerTest.testBindingAttachment","originalSize":1,"cleanerTests":["org.apache.dubbo.rpc.cluster.support.ForkingClusterInvokerTest.testInvokeNoException"],"orderFound":2,"time":{"addTime":{"startTime":1574056391196,"endTime":1574057520055,"elapsedSeconds":1128.8599989414215},"totalTime":{"startTime":1574056391196,"endTime":1574058276192,"elapsedSeconds":1884.9959998130798}}},{"dependentTest":"org.apache.dubbo.rpc.cluster.support.AbstractClusterInvokerTest.testBindingAttachment","originalSize":1,"cleanerTests":["org.apache.dubbo.rpc.cluster.support.AbstractClusterInvokerTest.testTimeoutExceptionCode"],"orderFound":3,"time":{"addTime":{"startTime":1574056391196,"endTime":1574057660319,"elapsedSeconds":1269.1239986419678},"totalTime":{"startTime":1574056391196,"endTime":1574058313516,"elapsedSeconds":1922.3199999332428}}}]}}],"hash":"62dc87d34e52b5ba35c74b8391010c28","flakyClass":"OD"}