{"time":{"startTime":1574049163340,"endTime":1574054751940,"elapsedSeconds":5588.600000143051},"expectedRun":{"id":"1574049074728-b6223cba-22eb-44ed-a7ae-9f37bf490342","testOrder":["org.apache.dubbo.rpc.cluster.support.FailoverClusterInvokerTest.testInvokeWithRuntimeException","org.apache.dubbo.rpc.cluster.support.FailoverClusterInvokerTest.testInvokerDestroyAndReList","org.apache.dubbo.rpc.cluster.support.FailoverClusterInvokerTest.testInvokeWithRPCException","org.apache.dubbo.rpc.cluster.support.FailoverClusterInvokerTest.testNoInvoke","org.apache.dubbo.rpc.cluster.support.FailoverClusterInvokerTest.testInvoke_retryTimes","org.apache.dubbo.rpc.cluster.loadbalance.LoadBalanceBaseTest.testLoadBalanceWarmup","org.apache.dubbo.rpc.cluster.loadbalance.RandomLoadBalanceTest.testLoadBalanceWarmup","org.apache.dubbo.rpc.cluster.loadbalance.RandomLoadBalanceTest.testRandomLoadBalanceSelect","org.apache.dubbo.rpc.cluster.support.AbstractClusterInvokerTest.testSelect_Invokersize0","org.apache.dubbo.rpc.cluster.support.AbstractClusterInvokerTest.testSelect_Invokersize1","org.apache.dubbo.rpc.cluster.support.AbstractClusterInvokerTest.testDonotSelectAgainAndNoCheckAvailable","org.apache.dubbo.rpc.cluster.support.AbstractClusterInvokerTest.testSelect_multiInvokers","org.apache.dubbo.rpc.cluster.support.AbstractClusterInvokerTest.testMockedInvokerSelect","org.apache.dubbo.rpc.cluster.support.AbstractClusterInvokerTest.testCloseAvailablecheck","org.apache.dubbo.rpc.cluster.support.AbstractClusterInvokerTest.testSelect_Invokersize2AndselectNotNull","org.apache.dubbo.rpc.cluster.support.AbstractClusterInvokerTest.testTimeoutExceptionCode","org.apache.dubbo.rpc.cluster.support.AbstractClusterInvokerTest.testBindingAttachment","org.apache.dubbo.rpc.cluster.support.AbstractClusterInvokerTest.testSelectAgainAndCheckAvailable","org.apache.dubbo.rpc.cluster.support.AbstractClusterInvokerTest.testSelectBalance","org.apache.dubbo.rpc.cluster.directory.StaticDirectoryTest.testStaticDirectory","org.apache.dubbo.rpc.cluster.merger.ResultMergerTest.testFloatArrayMerger","org.apache.dubbo.rpc.cluster.merger.ResultMergerTest.testArrayMerger","org.apache.dubbo.rpc.cluster.merger.ResultMergerTest.testByteArrayMerger","org.apache.dubbo.rpc.cluster.merger.ResultMergerTest.testLongArrayMerger","org.apache.dubbo.rpc.cluster.merger.ResultMergerTest.testCharArrayMerger","org.apache.dubbo.rpc.cluster.merger.ResultMergerTest.testSetMerger","org.apache.dubbo.rpc.cluster.merger.ResultMergerTest.testListMerger","org.apache.dubbo.rpc.cluster.merger.ResultMergerTest.testDoubleArrayMerger","org.apache.dubbo.rpc.cluster.merger.ResultMergerTest.testIntArrayMerger","org.apache.dubbo.rpc.cluster.merger.ResultMergerTest.testBooleanArrayMerger","org.apache.dubbo.rpc.cluster.merger.ResultMergerTest.testMapArrayMerger","org.apache.dubbo.rpc.cluster.merger.ResultMergerTest.testShortArrayMerger","org.apache.dubbo.rpc.cluster.router.script.ScriptRouterTest.testRoutePickInvokers","org.apache.dubbo.rpc.cluster.router.script.ScriptRouterTest.testRouteReturnAll","org.apache.dubbo.rpc.cluster.router.tag.TagRouterTest.testRoute_matchTag","org.apache.dubbo.rpc.cluster.router.tag.TagRouterTest.testRoute_requestWithoutTag_shouldNotDowngrade","org.apache.dubbo.rpc.cluster.router.tag.TagRouterTest.testRoute_createBySpi","org.apache.dubbo.rpc.cluster.router.tag.TagRouterTest.testRoute_requestWithTag_shouldDowngrade","org.apache.dubbo.rpc.cluster.router.tag.TagRouterTest.testRoute_matchDefault","org.apache.dubbo.rpc.cluster.loadbalance.LeastActiveBalanceTest.testLoadBalanceWarmup","org.apache.dubbo.rpc.cluster.router.file.FileRouterEngineTest.testRouteByMethodName","org.apache.dubbo.rpc.cluster.router.file.FileRouterEngineTest.testRouteAvailable","org.apache.dubbo.rpc.cluster.router.file.FileRouterEngineTest.testRouteNotAvailable","org.apache.dubbo.rpc.cluster.support.ForkingClusterInvokerTest.testClearRpcContext","org.apache.dubbo.rpc.cluster.support.ForkingClusterInvokerTest.testInvokeException","org.apache.dubbo.rpc.cluster.support.ForkingClusterInvokerTest.testInvokeNoException","org.apache.dubbo.rpc.cluster.StickyTest.testMethodsSticky","org.apache.dubbo.rpc.cluster.StickyTest.testMethodStickyNoCheck","org.apache.dubbo.rpc.cluster.StickyTest.testStickyNoCheck","org.apache.dubbo.rpc.cluster.StickyTest.testStickyForceCheck","org.apache.dubbo.rpc.cluster.StickyTest.testMethodStickyForceCheck","org.apache.dubbo.rpc.cluster.support.FailSafeClusterInvokerTest.testNoInvoke","org.apache.dubbo.rpc.cluster.support.FailSafeClusterInvokerTest.testInvokeNoExceptoin","org.apache.dubbo.rpc.cluster.support.FailSafeClusterInvokerTest.testInvokeExceptoin","org.apache.dubbo.rpc.cluster.configurator.absent.AbsentConfiguratorTest.testOverrideApplication","org.apache.dubbo.rpc.cluster.configurator.absent.AbsentConfiguratorTest.testOverrideHost","org.apache.dubbo.rpc.cluster.configurator.override.OverrideConfiguratorTest.testOverride_Host","org.apache.dubbo.rpc.cluster.configurator.override.OverrideConfiguratorTest.testOverride_Application","org.apache.dubbo.rpc.cluster.support.FailbackClusterInvokerTest.testRetryFailed","org.apache.dubbo.rpc.cluster.support.FailbackClusterInvokerTest.testInvokeExceptoin","org.apache.dubbo.rpc.cluster.support.FailbackClusterInvokerTest.testInvokeNoExceptoin","org.apache.dubbo.rpc.cluster.support.FailbackClusterInvokerTest.testNoInvoke","org.apache.dubbo.rpc.cluster.loadbalance.ConsistentHashLoadBalanceTest.testLoadBalanceWarmup","org.apache.dubbo.rpc.cluster.loadbalance.RoundRobinLoadBalanceTest.testLoadBalanceWarmup","org.apache.dubbo.rpc.cluster.loadbalance.RoundRobinLoadBalanceTest.testRoundRobinLoadBalanceSelect","org.apache.dubbo.rpc.cluster.support.MergeableClusterInvokerTest.testAddMenu","org.apache.dubbo.rpc.cluster.support.MergeableClusterInvokerTest.testGetMenuSuccessfully","org.apache.dubbo.rpc.cluster.support.ClusterUtilsTest.testMergeUrl","org.apache.dubbo.rpc.cluster.router.condition.ConditionRouterTest.testRoute_NoForce","org.apache.dubbo.rpc.cluster.router.condition.ConditionRouterTest.testRoute_Empty_HostFilter","org.apache.dubbo.rpc.cluster.router.condition.ConditionRouterTest.testRoute_ReturnEmpty","org.apache.dubbo.rpc.cluster.router.condition.ConditionRouterTest.testRoute_Placeholder","org.apache.dubbo.rpc.cluster.router.condition.ConditionRouterTest.testRoute_matchFilter","org.apache.dubbo.rpc.cluster.router.condition.ConditionRouterTest.testRoute_HostFilter","org.apache.dubbo.rpc.cluster.router.condition.ConditionRouterTest.testRoute_False_HostFilter","org.apache.dubbo.rpc.cluster.router.condition.ConditionRouterTest.testRoute_methodRoute","org.apache.dubbo.rpc.cluster.router.condition.ConditionRouterTest.testRoute_ReturnFalse","org.apache.dubbo.rpc.cluster.router.condition.ConditionRouterTest.testRoute_ReturnAll","org.apache.dubbo.rpc.cluster.router.condition.ConditionRouterTest.testRoute_Force","org.apache.dubbo.rpc.cluster.router.condition.ConditionRouterTest.testRoute_matchWhen","org.apache.dubbo.rpc.cluster.support.FailfastClusterInvokerTest.testNoInvoke","org.apache.dubbo.rpc.cluster.support.FailfastClusterInvokerTest.testInvokeNoExceptoin","org.apache.dubbo.rpc.cluster.support.FailfastClusterInvokerTest.testInvokeExceptoin","org.apache.dubbo.rpc.cluster.support.wrapper.MockClusterInvokerTest.testMockInvokerFromOverride_Invoke_check_boolean","org.apache.dubbo.rpc.cluster.support.wrapper.MockClusterInvokerTest.testMockInvokerFromOverride_Invoke_mock_false","org.apache.dubbo.rpc.cluster.support.wrapper.MockClusterInvokerTest.testMockInvokerFromOverride_Invoke_check_ListPojo_error","org.apache.dubbo.rpc.cluster.support.wrapper.MockClusterInvokerTest.testMockInvokerFromOverride_Invoke_Fock_WithOutDefault","org.apache.dubbo.rpc.cluster.support.wrapper.MockClusterInvokerTest.testMockInvokerFromOverride_Invoke_check_String","org.apache.dubbo.rpc.cluster.support.wrapper.MockClusterInvokerTest.testMockInvokerFromOverride_Invoke_Fock_someMethods","org.apache.dubbo.rpc.cluster.support.wrapper.MockClusterInvokerTest.testMockInvokerFromOverride_Invoke_checkCompatible_ImplMock2","org.apache.dubbo.rpc.cluster.support.wrapper.MockClusterInvokerTest.testMockInvokerFromOverride_Invoke_Fock_WithForceDefault","org.apache.dubbo.rpc.cluster.support.wrapper.MockClusterInvokerTest.testMockInvokerFromOverride_Invoke_check_ListString","org.apache.dubbo.rpc.cluster.support.wrapper.MockClusterInvokerTest.testMockInvokerFromOverride_Invoke_force_throwCustemExceptionNotFound","org.apache.dubbo.rpc.cluster.support.wrapper.MockClusterInvokerTest.testMockInvokerFromOverride_Invoke_check_ListPojo_empty","org.apache.dubbo.rpc.cluster.support.wrapper.MockClusterInvokerTest.testMockInvokerFromOverride_Invoke_checkCompatible_return","org.apache.dubbo.rpc.cluster.support.wrapper.MockClusterInvokerTest.testMockInvokerFromOverride_Invoke_checkCompatible_ImplMock3","org.apache.dubbo.rpc.cluster.support.wrapper.MockClusterInvokerTest.testMockInvokerInvoke_failmock","org.apache.dubbo.rpc.cluster.support.wrapper.MockClusterInvokerTest.testMockInvokerFromOverride_Invoke_check_Boolean","org.apache.dubbo.rpc.cluster.support.wrapper.MockClusterInvokerTest.testMockInvokerInvoke_normal","org.apache.dubbo.rpc.cluster.support.wrapper.MockClusterInvokerTest.testMockInvokerFromOverride_Invoke_check_ListString_empty","org.apache.dubbo.rpc.cluster.support.wrapper.MockClusterInvokerTest.testMockInvokerInvoke_forcemock","org.apache.dubbo.rpc.cluster.support.wrapper.MockClusterInvokerTest.testMockInvokerFromOverride_Invoke_Fock_WithFailDefault","org.apache.dubbo.rpc.cluster.support.wrapper.MockClusterInvokerTest.testMockInvokerFromOverride_Invoke_check_int","org.apache.dubbo.rpc.cluster.support.wrapper.MockClusterInvokerTest.testMockInvokerFromOverride_Invoke_checkCompatible_ImplMock","org.apache.dubbo.rpc.cluster.support.wrapper.MockClusterInvokerTest.testMockInvokerFromOverride_Invoke_Fock_WithDefault","org.apache.dubbo.rpc.cluster.support.wrapper.MockClusterInvokerTest.testMockInvokerFromOverride_Invoke_check_ListPojo","org.apache.dubbo.rpc.cluster.support.wrapper.MockClusterInvokerTest.testMockInvokerFromOverride_Invoke_Fock_Default","org.apache.dubbo.rpc.cluster.support.wrapper.MockClusterInvokerTest.testMockInvokerFromOverride_Invoke_force_throw","org.apache.dubbo.rpc.cluster.support.wrapper.MockClusterInvokerTest.testMockInvokerFromOverride_Invoke_force_throwCustemException","org.apache.dubbo.rpc.cluster.support.wrapper.MockClusterInvokerTest.testMockInvokerInvoke_forcemock_defaultreturn"],"results":{"org.apache.dubbo.rpc.cluster.router.condition.ConditionRouterTest.testRoute_ReturnFalse":{"name":"org.apache.dubbo.rpc.cluster.router.condition.ConditionRouterTest.testRoute_ReturnFalse","result":"PASS","time":0.004890425,"stackTrace":[]},"org.apache.dubbo.rpc.cluster.merger.ResultMergerTest.testSetMerger":{"name":"org.apache.dubbo.rpc.cluster.merger.ResultMergerTest.testSetMerger","result":"PASS","time":0.00594664,"stackTrace":[]},"org.apache.dubbo.rpc.cluster.merger.ResultMergerTest.testMapArrayMerger":{"name":"org.apache.dubbo.rpc.cluster.merger.ResultMergerTest.testMapArrayMerger","result":"PASS","time":0.016888685,"stackTrace":[]},"org.apache.dubbo.rpc.cluster.support.wrapper.MockClusterInvokerTest.testMockInvokerInvoke_normal":{"name":"org.apache.dubbo.rpc.cluster.support.wrapper.MockClusterInvokerTest.testMockInvokerInvoke_normal","result":"PASS","time":0.010731947,"stackTrace":[]},"org.apache.dubbo.rpc.cluster.router.tag.TagRouterTest.testRoute_matchDefault":{"name":"org.apache.dubbo.rpc.cluster.router.tag.TagRouterTest.testRoute_matchDefault","result":"PASS","time":0.001555476,"stackTrace":[]},"org.apache.dubbo.rpc.cluster.merger.ResultMergerTest.testCharArrayMerger":{"name":"org.apache.dubbo.rpc.cluster.merger.ResultMergerTest.testCharArrayMerger","result":"PASS","time":0.001221331,"stackTrace":[]},"org.apache.dubbo.rpc.cluster.support.wrapper.MockClusterInvokerTest.testMockInvokerInvoke_forcemock":{"name":"org.apache.dubbo.rpc.cluster.support.wrapper.MockClusterInvokerTest.testMockInvokerInvoke_forcemock","result":"PASS","time":0.003861869,"stackTrace":[]},"org.apache.dubbo.rpc.cluster.support.FailfastClusterInvokerTest.testNoInvoke":{"name":"org.apache.dubbo.rpc.cluster.support.FailfastClusterInvokerTest.testNoInvoke","result":"PASS","time":0.008992845,"stackTrace":[]},"org.apache.dubbo.rpc.cluster.support.wrapper.MockClusterInvokerTest.testMockInvokerFromOverride_Invoke_check_ListPojo_error":{"name":"org.apache.dubbo.rpc.cluster.support.wrapper.MockClusterInvokerTest.testMockInvokerFromOverride_Invoke_check_ListPojo_error","result":"PASS","time":0.534120316,"stackTrace":[]},"org.apache.dubbo.rpc.cluster.router.condition.ConditionRouterTest.testRoute_HostFilter":{"name":"org.apache.dubbo.rpc.cluster.router.condition.ConditionRouterTest.testRoute_HostFilter","result":"PASS","time":0.002574533,"stackTrace":[]},"org.apache.dubbo.rpc.cluster.support.MergeableClusterInvokerTest.testAddMenu":{"name":"org.apache.dubbo.rpc.cluster.support.MergeableClusterInvokerTest.testAddMenu","result":"PASS","time":0.039148756,"stackTrace":[]},"org.apache.dubbo.rpc.cluster.support.wrapper.MockClusterInvokerTest.testMockInvokerFromOverride_Invoke_check_Boolean":{"name":"org.apache.dubbo.rpc.cluster.support.wrapper.MockClusterInvokerTest.testMockInvokerFromOverride_Invoke_check_Boolean","result":"PASS","time":0.003506981,"stackTrace":[]},"org.apache.dubbo.rpc.cluster.support.AbstractClusterInvokerTest.testSelectAgainAndCheckAvailable":{"name":"org.apache.dubbo.rpc.cluster.support.AbstractClusterInvokerTest.testSelectAgainAndCheckAvailable","result":"PASS","time":0.187840537,"stackTrace":[]},"org.apache.dubbo.rpc.cluster.support.wrapper.MockClusterInvokerTest.testMockInvokerInvoke_failmock":{"name":"org.apache.dubbo.rpc.cluster.support.wrapper.MockClusterInvokerTest.testMockInvokerInvoke_failmock","result":"PASS","time":0.013689447,"stackTrace":[]},"org.apache.dubbo.rpc.cluster.configurator.override.OverrideConfiguratorTest.testOverride_Application":{"name":"org.apache.dubbo.rpc.cluster.configurator.override.OverrideConfiguratorTest.testOverride_Application","result":"PASS","time":0.001044341,"stackTrace":[]},"org.apache.dubbo.rpc.cluster.support.ForkingClusterInvokerTest.testInvokeNoException":{"name":"org.apache.dubbo.rpc.cluster.support.ForkingClusterInvokerTest.testInvokeNoException","result":"PASS","time":0.045612607,"stackTrace":[]},"org.apache.dubbo.rpc.cluster.support.wrapper.MockClusterInvokerTest.testMockInvokerFromOverride_Invoke_checkCompatible_ImplMock":{"name":"org.apache.dubbo.rpc.cluster.support.wrapper.MockClusterInvokerTest.testMockInvokerFromOverride_Invoke_checkCompatible_ImplMock","result":"PASS","time":0.003983891,"stackTrace":[]},"org.apache.dubbo.rpc.cluster.merger.ResultMergerTest.testListMerger":{"name":"org.apache.dubbo.rpc.cluster.merger.ResultMergerTest.testListMerger","result":"PASS","time":0.017538115,"stackTrace":[]},"org.apache.dubbo.rpc.cluster.support.wrapper.MockClusterInvokerTest.testMockInvokerFromOverride_Invoke_Fock_WithForceDefault":{"name":"org.apache.dubbo.rpc.cluster.support.wrapper.MockClusterInvokerTest.testMockInvokerFromOverride_Invoke_Fock_WithForceDefault","result":"PASS","time":0.007017663,"stackTrace":[]},"org.apache.dubbo.rpc.cluster.router.tag.TagRouterTest.testRoute_requestWithTag_shouldDowngrade":{"name":"org.apache.dubbo.rpc.cluster.router.tag.TagRouterTest.testRoute_requestWithTag_shouldDowngrade","result":"PASS","time":0.002129403,"stackTrace":[]},"org.apache.dubbo.rpc.cluster.support.FailbackClusterInvokerTest.testRetryFailed":{"name":"org.apache.dubbo.rpc.cluster.support.FailbackClusterInvokerTest.testRetryFailed","result":"PASS","time":0.028914185,"stackTrace":[]},"org.apache.dubbo.rpc.cluster.support.FailSafeClusterInvokerTest.testInvokeExceptoin":{"name":"org.apache.dubbo.rpc.cluster.support.FailSafeClusterInvokerTest.testInvokeExceptoin","result":"PASS","time":0.006266396,"stackTrace":[]},"org.apache.dubbo.rpc.cluster.support.ForkingClusterInvokerTest.testInvokeException":{"name":"org.apache.dubbo.rpc.cluster.support.ForkingClusterInvokerTest.testInvokeException","result":"PASS","time":0.095355224,"stackTrace":[]},"org.apache.dubbo.rpc.cluster.support.wrapper.MockClusterInvokerTest.testMockInvokerFromOverride_Invoke_Fock_WithFailDefault":{"name":"org.apache.dubbo.rpc.cluster.support.wrapper.MockClusterInvokerTest.testMockInvokerFromOverride_Invoke_Fock_WithFailDefault","result":"PASS","time":0.014420877,"stackTrace":[]},"org.apache.dubbo.rpc.cluster.support.wrapper.MockClusterInvokerTest.testMockInvokerFromOverride_Invoke_check_int":{"name":"org.apache.dubbo.rpc.cluster.support.wrapper.MockClusterInvokerTest.testMockInvokerFromOverride_Invoke_check_int","result":"PASS","time":0.004190775,"stackTrace":[]},"org.apache.dubbo.rpc.cluster.support.ClusterUtilsTest.testMergeUrl":{"name":"org.apache.dubbo.rpc.cluster.support.ClusterUtilsTest.testMergeUrl","result":"PASS","time":0.009412831,"stackTrace":[]},"org.apache.dubbo.rpc.cluster.support.wrapper.MockClusterInvokerTest.testMockInvokerFromOverride_Invoke_checkCompatible_ImplMock2":{"name":"org.apache.dubbo.rpc.cluster.support.wrapper.MockClusterInvokerTest.testMockInvokerFromOverride_Invoke_checkCompatible_ImplMock2","result":"PASS","time":0.010551674,"stackTrace":[]},"org.apache.dubbo.rpc.cluster.support.wrapper.MockClusterInvokerTest.testMockInvokerFromOverride_Invoke_checkCompatible_ImplMock3":{"name":"org.apache.dubbo.rpc.cluster.support.wrapper.MockClusterInvokerTest.testMockInvokerFromOverride_Invoke_checkCompatible_ImplMock3","result":"PASS","time":0.002069754,"stackTrace":[]},"org.apache.dubbo.rpc.cluster.StickyTest.testMethodStickyForceCheck":{"name":"org.apache.dubbo.rpc.cluster.StickyTest.testMethodStickyForceCheck","result":"PASS","time":0.003562927,"stackTrace":[]},"org.apache.dubbo.rpc.cluster.support.AbstractClusterInvokerTest.testTimeoutExceptionCode":{"name":"org.apache.dubbo.rpc.cluster.support.AbstractClusterInvokerTest.testTimeoutExceptionCode","result":"PASS","time":0.563594042,"stackTrace":[]},"org.apache.dubbo.rpc.cluster.support.wrapper.MockClusterInvokerTest.testMockInvokerFromOverride_Invoke_Fock_Default":{"name":"org.apache.dubbo.rpc.cluster.support.wrapper.MockClusterInvokerTest.testMockInvokerFromOverride_Invoke_Fock_Default","result":"PASS","time":0.016119957,"stackTrace":[]},"org.apache.dubbo.rpc.cluster.support.MergeableClusterInvokerTest.testGetMenuSuccessfully":{"name":"org.apache.dubbo.rpc.cluster.support.MergeableClusterInvokerTest.testGetMenuSuccessfully","result":"PASS","time":0.058782189,"stackTrace":[]},"org.apache.dubbo.rpc.cluster.configurator.absent.AbsentConfiguratorTest.testOverrideApplication":{"name":"org.apache.dubbo.rpc.cluster.configurator.absent.AbsentConfiguratorTest.testOverrideApplication","result":"PASS","time":0.007063272,"stackTrace":[]},"org.apache.dubbo.rpc.cluster.support.wrapper.MockClusterInvokerTest.testMockInvokerFromOverride_Invoke_check_boolean":{"name":"org.apache.dubbo.rpc.cluster.support.wrapper.MockClusterInvokerTest.testMockInvokerFromOverride_Invoke_check_boolean","result":"PASS","time":0.534983686,"stackTrace":[]},"org.apache.dubbo.rpc.cluster.merger.ResultMergerTest.testLongArrayMerger":{"name":"org.apache.dubbo.rpc.cluster.merger.ResultMergerTest.testLongArrayMerger","result":"PASS","time":0.001031699,"stackTrace":[]},"org.apache.dubbo.rpc.cluster.support.wrapper.MockClusterInvokerTest.testMockInvokerInvoke_forcemock_defaultreturn":{"name":"org.apache.dubbo.rpc.cluster.support.wrapper.MockClusterInvokerTest.testMockInvokerInvoke_forcemock_defaultreturn","result":"PASS","time":0.005409732,"stackTrace":[]},"org.apache.dubbo.rpc.cluster.router.condition.ConditionRouterTest.testRoute_ReturnEmpty":{"name":"org.apache.dubbo.rpc.cluster.router.condition.ConditionRouterTest.testRoute_ReturnEmpty","result":"PASS","time":0.007406986,"stackTrace":[]},"org.apache.dubbo.rpc.cluster.router.script.ScriptRouterTest.testRoutePickInvokers":{"name":"org.apache.dubbo.rpc.cluster.router.script.ScriptRouterTest.testRoutePickInvokers","result":"PASS","time":1.774318526,"stackTrace":[]},"org.apache.dubbo.rpc.cluster.merger.ResultMergerTest.testFloatArrayMerger":{"name":"org.apache.dubbo.rpc.cluster.merger.ResultMergerTest.testFloatArrayMerger","result":"PASS","time":0.079587363,"stackTrace":[]},"org.apache.dubbo.rpc.cluster.merger.ResultMergerTest.testArrayMerger":{"name":"org.apache.dubbo.rpc.cluster.merger.ResultMergerTest.testArrayMerger","result":"PASS","time":0.00784143,"stackTrace":[]},"org.apache.dubbo.rpc.cluster.support.wrapper.MockClusterInvokerTest.testMockInvokerFromOverride_Invoke_Fock_WithOutDefault":{"name":"org.apache.dubbo.rpc.cluster.support.wrapper.MockClusterInvokerTest.testMockInvokerFromOverride_Invoke_Fock_WithOutDefault","result":"PASS","time":0.011743111,"stackTrace":[]},"org.apache.dubbo.rpc.cluster.router.tag.TagRouterTest.testRoute_matchTag":{"name":"org.apache.dubbo.rpc.cluster.router.tag.TagRouterTest.testRoute_matchTag","result":"PASS","time":0.016392847,"stackTrace":[]},"org.apache.dubbo.rpc.cluster.router.condition.ConditionRouterTest.testRoute_NoForce":{"name":"org.apache.dubbo.rpc.cluster.router.condition.ConditionRouterTest.testRoute_NoForce","result":"PASS","time":0.005562486,"stackTrace":[]},"org.apache.dubbo.rpc.cluster.loadbalance.RandomLoadBalanceTest.testLoadBalanceWarmup":{"name":"org.apache.dubbo.rpc.cluster.loadbalance.RandomLoadBalanceTest.testLoadBalanceWarmup","result":"PASS","time":0.007507076,"stackTrace":[]},"org.apache.dubbo.rpc.cluster.router.condition.ConditionRouterTest.testRoute_Placeholder":{"name":"org.apache.dubbo.rpc.cluster.router.condition.ConditionRouterTest.testRoute_Placeholder","result":"PASS","time":0.003411081,"stackTrace":[]},"org.apache.dubbo.rpc.cluster.StickyTest.testMethodStickyNoCheck":{"name":"org.apache.dubbo.rpc.cluster.StickyTest.testMethodStickyNoCheck","result":"ERROR","time":0.017097455,"stackTrace":[{"declaringClass":"org.junit.Assert","methodName":"fail","fileName":"Assert.java","lineNumber":86},{"declaringClass":"org.junit.Assert","methodName":"assertTrue","fileName":"Assert.java","lineNumber":41},{"declaringClass":"org.junit.Assert","methodName":"assertTrue","fileName":"Assert.java","lineNumber":52},{"declaringClass":"org.apache.dubbo.rpc.cluster.StickyTest","methodName":"testMethodStickyNoCheck","fileName":"StickyTest.java","lineNumber":90},{"declaringClass":"sun.reflect.NativeMethodAccessorImpl","methodName":"invoke0","fileName":"NativeMethodAccessorImpl.java","lineNumber":-2},{"declaringClass":"sun.reflect.NativeMethodAccessorImpl","methodName":"invoke","fileName":"NativeMethodAccessorImpl.java","lineNumber":62},{"declaringClass":"sun.reflect.DelegatingMethodAccessorImpl","methodName":"invoke","fileName":"DelegatingMethodAccessorImpl.java","lineNumber":43},{"declaringClass":"java.lang.reflect.Method","methodName":"invoke","fileName":"Method.java","lineNumber":498},{"declaringClass":"org.junit.runners.model.FrameworkMethod$1","methodName":"runReflectiveCall","fileName":"FrameworkMethod.java","lineNumber":50},{"declaringClass":"org.junit.internal.runners.model.ReflectiveCallable","methodName":"run","fileName":"ReflectiveCallable.java","lineNumber":12},{"declaringClass":"org.junit.runners.model.FrameworkMethod","methodName":"invokeExplosively","fileName":"FrameworkMethod.java","lineNumber":47},{"declaringClass":"org.junit.internal.runners.statements.InvokeMethod","methodName":"evaluate","fileName":"InvokeMethod.java","lineNumber":17},{"declaringClass":"org.junit.internal.runners.statements.RunBefores","methodName":"evaluate","fileName":"RunBefores.java","lineNumber":26},{"declaringClass":"com.reedoei.testrunner.execution.JUnitTestRunner","methodName":"runChild","fileName":"JUnitTestRunner.java","lineNumber":332},{"declaringClass":"com.reedoei.testrunner.execution.JUnitTestRunner","methodName":"run","fileName":"JUnitTestRunner.java","lineNumber":108},{"declaringClass":"org.junit.runner.JUnitCore","methodName":"run","fileName":"JUnitCore.java","lineNumber":137},{"declaringClass":"com.reedoei.testrunner.execution.JUnitTestExecutor","methodName":"execute","fileName":"JUnitTestExecutor.java","lineNumber":292},{"declaringClass":"com.reedoei.testrunner.execution.JUnitTestExecutor","methodName":"execute","fileName":"JUnitTestExecutor.java","lineNumber":328},{"declaringClass":"com.reedoei.testrunner.execution.JUnitTestExecutor","methodName":"executeWithJUnit4Runner","fileName":"JUnitTestExecutor.java","lineNumber":366},{"declaringClass":"com.reedoei.testrunner.execution.JUnitTestExecutor","methodName":"runOrder","fileName":"JUnitTestExecutor.java","lineNumber":47},{"declaringClass":"com.reedoei.testrunner.execution.Executor$","methodName":"$anonfun$run$1","fileName":"Executor.scala","lineNumber":30},{"declaringClass":"scala.runtime.java8.JFunction0$mcV$sp","methodName":"apply","fileName":"JFunction0$mcV$sp.java","lineNumber":12},{"declaringClass":"scala.util.Try$","methodName":"apply","fileName":"Try.scala","lineNumber":209},{"declaringClass":"com.reedoei.testrunner.execution.Executor$","methodName":"run","fileName":"Executor.scala","lineNumber":28},{"declaringClass":"com.reedoei.testrunner.execution.Executor$","methodName":"main","fileName":"Executor.scala","lineNumber":18},{"declaringClass":"com.reedoei.testrunner.execution.Executor","methodName":"main","fileName":"Executor.scala","lineNumber":-1}]},"org.apache.dubbo.rpc.cluster.configurator.absent.AbsentConfiguratorTest.testOverrideHost":{"name":"org.apache.dubbo.rpc.cluster.configurator.absent.AbsentConfiguratorTest.testOverrideHost","result":"PASS","time":0.001072978,"stackTrace":[]},"org.apache.dubbo.rpc.cluster.router.condition.ConditionRouterTest.testRoute_matchWhen":{"name":"org.apache.dubbo.rpc.cluster.router.condition.ConditionRouterTest.testRoute_matchWhen","result":"PASS","time":0.007076194,"stackTrace":[]},"org.apache.dubbo.rpc.cluster.support.AbstractClusterInvokerTest.testMockedInvokerSelect":{"name":"org.apache.dubbo.rpc.cluster.support.AbstractClusterInvokerTest.testMockedInvokerSelect","result":"PASS","time":0.013445823,"stackTrace":[]},"org.apache.dubbo.rpc.cluster.support.FailoverClusterInvokerTest.testInvokeWithRuntimeException":{"name":"org.apache.dubbo.rpc.cluster.support.FailoverClusterInvokerTest.testInvokeWithRuntimeException","result":"PASS","time":5.483099282,"stackTrace":[]},"org.apache.dubbo.rpc.cluster.router.script.ScriptRouterTest.testRouteReturnAll":{"name":"org.apache.dubbo.rpc.cluster.router.script.ScriptRouterTest.testRouteReturnAll","result":"PASS","time":0.134164738,"stackTrace":[]},"org.apache.dubbo.rpc.cluster.support.FailbackClusterInvokerTest.testInvokeNoExceptoin":{"name":"org.apache.dubbo.rpc.cluster.support.FailbackClusterInvokerTest.testInvokeNoExceptoin","result":"PASS","time":0.002606593,"stackTrace":[]},"org.apache.dubbo.rpc.cluster.router.tag.TagRouterTest.testRoute_requestWithoutTag_shouldNotDowngrade":{"name":"org.apache.dubbo.rpc.cluster.router.tag.TagRouterTest.testRoute_requestWithoutTag_shouldNotDowngrade","result":"PASS","time":0.002044609,"stackTrace":[]},"org.apache.dubbo.rpc.cluster.merger.ResultMergerTest.testByteArrayMerger":{"name":"org.apache.dubbo.rpc.cluster.merger.ResultMergerTest.testByteArrayMerger","result":"PASS","time":0.001092744,"stackTrace":[]},"org.apache.dubbo.rpc.cluster.merger.ResultMergerTest.testBooleanArrayMerger":{"name":"org.apache.dubbo.rpc.cluster.merger.ResultMergerTest.testBooleanArrayMerger","result":"PASS","time":0.001291946,"stackTrace":[]},"org.apache.dubbo.rpc.cluster.StickyTest.testStickyForceCheck":{"name":"org.apache.dubbo.rpc.cluster.StickyTest.testStickyForceCheck","result":"PASS","time":0.004681306,"stackTrace":[]},"org.apache.dubbo.rpc.cluster.support.wrapper.MockClusterInvokerTest.testMockInvokerFromOverride_Invoke_checkCompatible_return":{"name":"org.apache.dubbo.rpc.cluster.support.wrapper.MockClusterInvokerTest.testMockInvokerFromOverride_Invoke_checkCompatible_return","result":"PASS","time":0.004613974,"stackTrace":[]},"org.apache.dubbo.rpc.cluster.router.tag.TagRouterTest.testRoute_createBySpi":{"name":"org.apache.dubbo.rpc.cluster.router.tag.TagRouterTest.testRoute_createBySpi","result":"PASS","time":0.023343317,"stackTrace":[]},"org.apache.dubbo.rpc.cluster.router.file.FileRouterEngineTest.testRouteByMethodName":{"name":"org.apache.dubbo.rpc.cluster.router.file.FileRouterEngineTest.testRouteByMethodName","result":"PASS","time":6.142962269,"stackTrace":[]},"org.apache.dubbo.rpc.cluster.merger.ResultMergerTest.testIntArrayMerger":{"name":"org.apache.dubbo.rpc.cluster.merger.ResultMergerTest.testIntArrayMerger","result":"PASS","time":9.12122E-4,"stackTrace":[]},"org.apache.dubbo.rpc.cluster.support.FailfastClusterInvokerTest.testInvokeExceptoin":{"name":"org.apache.dubbo.rpc.cluster.support.FailfastClusterInvokerTest.testInvokeExceptoin","result":"PASS","time":0.007034705,"stackTrace":[]},"org.apache.dubbo.rpc.cluster.support.FailSafeClusterInvokerTest.testNoInvoke":{"name":"org.apache.dubbo.rpc.cluster.support.FailSafeClusterInvokerTest.testNoInvoke","result":"PASS","time":0.019886417,"stackTrace":[]},"org.apache.dubbo.rpc.cluster.loadbalance.LoadBalanceBaseTest.testLoadBalanceWarmup":{"name":"org.apache.dubbo.rpc.cluster.loadbalance.LoadBalanceBaseTest.testLoadBalanceWarmup","result":"PASS","time":0.380803254,"stackTrace":[]},"org.apache.dubbo.rpc.cluster.router.file.FileRouterEngineTest.testRouteAvailable":{"name":"org.apache.dubbo.rpc.cluster.router.file.FileRouterEngineTest.testRouteAvailable","result":"PASS","time":1.559075972,"stackTrace":[]},"org.apache.dubbo.rpc.cluster.support.wrapper.MockClusterInvokerTest.testMockInvokerFromOverride_Invoke_check_ListString_empty":{"name":"org.apache.dubbo.rpc.cluster.support.wrapper.MockClusterInvokerTest.testMockInvokerFromOverride_Invoke_check_ListString_empty","result":"PASS","time":0.003660153,"stackTrace":[]},"org.apache.dubbo.rpc.cluster.support.FailbackClusterInvokerTest.testNoInvoke":{"name":"org.apache.dubbo.rpc.cluster.support.FailbackClusterInvokerTest.testNoInvoke","result":"PASS","time":0.007554851,"stackTrace":[]},"org.apache.dubbo.rpc.cluster.support.AbstractClusterInvokerTest.testSelect_Invokersize0":{"name":"org.apache.dubbo.rpc.cluster.support.AbstractClusterInvokerTest.testSelect_Invokersize0","result":"PASS","time":0.014298437,"stackTrace":[]},"org.apache.dubbo.rpc.cluster.loadbalance.RandomLoadBalanceTest.testRandomLoadBalanceSelect":{"name":"org.apache.dubbo.rpc.cluster.loadbalance.RandomLoadBalanceTest.testRandomLoadBalanceSelect","result":"PASS","time":1.769245612,"stackTrace":[]},"org.apache.dubbo.rpc.cluster.support.AbstractClusterInvokerTest.testSelect_Invokersize1":{"name":"org.apache.dubbo.rpc.cluster.support.AbstractClusterInvokerTest.testSelect_Invokersize1","result":"PASS","time":0.004389278,"stackTrace":[]},"org.apache.dubbo.rpc.cluster.support.FailoverClusterInvokerTest.testInvoke_retryTimes":{"name":"org.apache.dubbo.rpc.cluster.support.FailoverClusterInvokerTest.testInvoke_retryTimes","result":"PASS","time":0.038093869,"stackTrace":[]},"org.apache.dubbo.rpc.cluster.support.FailfastClusterInvokerTest.testInvokeNoExceptoin":{"name":"org.apache.dubbo.rpc.cluster.support.FailfastClusterInvokerTest.testInvokeNoExceptoin","result":"PASS","time":0.00234425,"stackTrace":[]},"org.apache.dubbo.rpc.cluster.merger.ResultMergerTest.testDoubleArrayMerger":{"name":"org.apache.dubbo.rpc.cluster.merger.ResultMergerTest.testDoubleArrayMerger","result":"PASS","time":0.001704458,"stackTrace":[]},"org.apache.dubbo.rpc.cluster.support.wrapper.MockClusterInvokerTest.testMockInvokerFromOverride_Invoke_force_throwCustemException":{"name":"org.apache.dubbo.rpc.cluster.support.wrapper.MockClusterInvokerTest.testMockInvokerFromOverride_Invoke_force_throwCustemException","result":"PASS","time":0.003958466,"stackTrace":[]},"org.apache.dubbo.rpc.cluster.loadbalance.LeastActiveBalanceTest.testLoadBalanceWarmup":{"name":"org.apache.dubbo.rpc.cluster.loadbalance.LeastActiveBalanceTest.testLoadBalanceWarmup","result":"PASS","time":0.008641239,"stackTrace":[]},"org.apache.dubbo.rpc.cluster.router.condition.ConditionRouterTest.testRoute_ReturnAll":{"name":"org.apache.dubbo.rpc.cluster.router.condition.ConditionRouterTest.testRoute_ReturnAll","result":"PASS","time":0.01800406,"stackTrace":[]},"org.apache.dubbo.rpc.cluster.support.ForkingClusterInvokerTest.testClearRpcContext":{"name":"org.apache.dubbo.rpc.cluster.support.ForkingClusterInvokerTest.testClearRpcContext","result":"ERROR","time":0.039908544,"stackTrace":[{"declaringClass":"org.junit.Assert","methodName":"fail","fileName":"Assert.java","lineNumber":88},{"declaringClass":"org.junit.Assert","methodName":"assertTrue","fileName":"Assert.java","lineNumber":41},{"declaringClass":"org.apache.dubbo.rpc.cluster.support.ForkingClusterInvokerTest","methodName":"testClearRpcContext","fileName":"ForkingClusterInvokerTest.java","lineNumber":133},{"declaringClass":"sun.reflect.NativeMethodAccessorImpl","methodName":"invoke0","fileName":"NativeMethodAccessorImpl.java","lineNumber":-2},{"declaringClass":"sun.reflect.NativeMethodAccessorImpl","methodName":"invoke","fileName":"NativeMethodAccessorImpl.java","lineNumber":62},{"declaringClass":"sun.reflect.DelegatingMethodAccessorImpl","methodName":"invoke","fileName":"DelegatingMethodAccessorImpl.java","lineNumber":43},{"declaringClass":"java.lang.reflect.Method","methodName":"invoke","fileName":"Method.java","lineNumber":498},{"declaringClass":"org.junit.runners.model.FrameworkMethod$1","methodName":"runReflectiveCall","fileName":"FrameworkMethod.java","lineNumber":50},{"declaringClass":"org.junit.internal.runners.model.ReflectiveCallable","methodName":"run","fileName":"ReflectiveCallable.java","lineNumber":12},{"declaringClass":"org.junit.runners.model.FrameworkMethod","methodName":"invokeExplosively","fileName":"FrameworkMethod.java","lineNumber":47},{"declaringClass":"org.junit.internal.runners.statements.InvokeMethod","methodName":"evaluate","fileName":"InvokeMethod.java","lineNumber":17},{"declaringClass":"org.junit.internal.runners.statements.RunBefores","methodName":"evaluate","fileName":"RunBefores.java","lineNumber":26},{"declaringClass":"com.reedoei.testrunner.execution.JUnitTestRunner","methodName":"runChild","fileName":"JUnitTestRunner.java","lineNumber":332},{"declaringClass":"com.reedoei.testrunner.execution.JUnitTestRunner","methodName":"run","fileName":"JUnitTestRunner.java","lineNumber":108},{"declaringClass":"org.junit.runner.JUnitCore","methodName":"run","fileName":"JUnitCore.java","lineNumber":137},{"declaringClass":"com.reedoei.testrunner.execution.JUnitTestExecutor","methodName":"execute","fileName":"JUnitTestExecutor.java","lineNumber":292},{"declaringClass":"com.reedoei.testrunner.execution.JUnitTestExecutor","methodName":"execute","fileName":"JUnitTestExecutor.java","lineNumber":328},{"declaringClass":"com.reedoei.testrunner.execution.JUnitTestExecutor","methodName":"executeWithJUnit4Runner","fileName":"JUnitTestExecutor.java","lineNumber":366},{"declaringClass":"com.reedoei.testrunner.execution.JUnitTestExecutor","methodName":"runOrder","fileName":"JUnitTestExecutor.java","lineNumber":47},{"declaringClass":"com.reedoei.testrunner.execution.Executor$","methodName":"$anonfun$run$1","fileName":"Executor.scala","lineNumber":30},{"declaringClass":"scala.runtime.java8.JFunction0$mcV$sp","methodName":"apply","fileName":"JFunction0$mcV$sp.java","lineNumber":12},{"declaringClass":"scala.util.Try$","methodName":"apply","fileName":"Try.scala","lineNumber":209},{"declaringClass":"com.reedoei.testrunner.execution.Executor$","methodName":"run","fileName":"Executor.scala","lineNumber":28},{"declaringClass":"com.reedoei.testrunner.execution.Executor$","methodName":"main","fileName":"Executor.scala","lineNumber":18},{"declaringClass":"com.reedoei.testrunner.execution.Executor","methodName":"main","fileName":"Executor.scala","lineNumber":-1}]},"org.apache.dubbo.rpc.cluster.support.AbstractClusterInvokerTest.testSelect_multiInvokers":{"name":"org.apache.dubbo.rpc.cluster.support.AbstractClusterInvokerTest.testSelect_multiInvokers","result":"PASS","time":33.479793423,"stackTrace":[]},"org.apache.dubbo.rpc.cluster.support.FailoverClusterInvokerTest.testNoInvoke":{"name":"org.apache.dubbo.rpc.cluster.support.FailoverClusterInvokerTest.testNoInvoke","result":"PASS","time":0.028383144,"stackTrace":[]},"org.apache.dubbo.rpc.cluster.support.FailoverClusterInvokerTest.testInvokerDestroyAndReList":{"name":"org.apache.dubbo.rpc.cluster.support.FailoverClusterInvokerTest.testInvokerDestroyAndReList","result":"PASS","time":0.11716465,"stackTrace":[]},"org.apache.dubbo.rpc.cluster.support.wrapper.MockClusterInvokerTest.testMockInvokerFromOverride_Invoke_mock_false":{"name":"org.apache.dubbo.rpc.cluster.support.wrapper.MockClusterInvokerTest.testMockInvokerFromOverride_Invoke_mock_false","result":"PASS","time":0.005471197,"stackTrace":[]},"org.apache.dubbo.rpc.cluster.router.condition.ConditionRouterTest.testRoute_Empty_HostFilter":{"name":"org.apache.dubbo.rpc.cluster.router.condition.ConditionRouterTest.testRoute_Empty_HostFilter","result":"PASS","time":0.001996276,"stackTrace":[]},"org.apache.dubbo.rpc.cluster.support.AbstractClusterInvokerTest.testCloseAvailablecheck":{"name":"org.apache.dubbo.rpc.cluster.support.AbstractClusterInvokerTest.testCloseAvailablecheck","result":"PASS","time":0.320157702,"stackTrace":[]},"org.apache.dubbo.rpc.cluster.StickyTest.testMethodsSticky":{"name":"org.apache.dubbo.rpc.cluster.StickyTest.testMethodsSticky","result":"PASS","time":0.240906578,"stackTrace":[]},"org.apache.dubbo.rpc.cluster.router.condition.ConditionRouterTest.testRoute_False_HostFilter":{"name":"org.apache.dubbo.rpc.cluster.router.condition.ConditionRouterTest.testRoute_False_HostFilter","result":"PASS","time":0.002272518,"stackTrace":[]},"org.apache.dubbo.rpc.cluster.support.FailSafeClusterInvokerTest.testInvokeNoExceptoin":{"name":"org.apache.dubbo.rpc.cluster.support.FailSafeClusterInvokerTest.testInvokeNoExceptoin","result":"PASS","time":0.003097052,"stackTrace":[]},"org.apache.dubbo.rpc.cluster.support.AbstractClusterInvokerTest.testSelectBalance":{"name":"org.apache.dubbo.rpc.cluster.support.AbstractClusterInvokerTest.testSelectBalance","result":"PASS","time":0.523575001,"stackTrace":[]},"org.apache.dubbo.rpc.cluster.support.wrapper.MockClusterInvokerTest.testMockInvokerFromOverride_Invoke_force_throwCustemExceptionNotFound":{"name":"org.apache.dubbo.rpc.cluster.support.wrapper.MockClusterInvokerTest.testMockInvokerFromOverride_Invoke_force_throwCustemExceptionNotFound","result":"PASS","time":0.005346871,"stackTrace":[]},"org.apache.dubbo.rpc.cluster.merger.ResultMergerTest.testShortArrayMerger":{"name":"org.apache.dubbo.rpc.cluster.merger.ResultMergerTest.testShortArrayMerger","result":"PASS","time":9.63738E-4,"stackTrace":[]},"org.apache.dubbo.rpc.cluster.loadbalance.RoundRobinLoadBalanceTest.testRoundRobinLoadBalanceSelect":{"name":"org.apache.dubbo.rpc.cluster.loadbalance.RoundRobinLoadBalanceTest.testRoundRobinLoadBalanceSelect","result":"PASS","time":5.708423277,"stackTrace":[]},"org.apache.dubbo.rpc.cluster.support.wrapper.MockClusterInvokerTest.testMockInvokerFromOverride_Invoke_check_ListPojo":{"name":"org.apache.dubbo.rpc.cluster.support.wrapper.MockClusterInvokerTest.testMockInvokerFromOverride_Invoke_check_ListPojo","result":"PASS","time":0.01272948,"stackTrace":[]},"org.apache.dubbo.rpc.cluster.support.wrapper.MockClusterInvokerTest.testMockInvokerFromOverride_Invoke_check_ListPojo_empty":{"name":"org.apache.dubbo.rpc.cluster.support.wrapper.MockClusterInvokerTest.testMockInvokerFromOverride_Invoke_check_ListPojo_empty","result":"PASS","time":0.002520542,"stackTrace":[]},"org.apache.dubbo.rpc.cluster.support.AbstractClusterInvokerTest.testSelect_Invokersize2AndselectNotNull":{"name":"org.apache.dubbo.rpc.cluster.support.AbstractClusterInvokerTest.testSelect_Invokersize2AndselectNotNull","result":"PASS","time":0.013927553,"stackTrace":[]},"org.apache.dubbo.rpc.cluster.support.wrapper.MockClusterInvokerTest.testMockInvokerFromOverride_Invoke_Fock_someMethods":{"name":"org.apache.dubbo.rpc.cluster.support.wrapper.MockClusterInvokerTest.testMockInvokerFromOverride_Invoke_Fock_someMethods","result":"PASS","time":0.005300004,"stackTrace":[]},"org.apache.dubbo.rpc.cluster.router.file.FileRouterEngineTest.testRouteNotAvailable":{"name":"org.apache.dubbo.rpc.cluster.router.file.FileRouterEngineTest.testRouteNotAvailable","result":"PASS","time":1.325974294,"stackTrace":[]},"org.apache.dubbo.rpc.cluster.support.FailoverClusterInvokerTest.testInvokeWithRPCException":{"name":"org.apache.dubbo.rpc.cluster.support.FailoverClusterInvokerTest.testInvokeWithRPCException","result":"PASS","time":0.559052785,"stackTrace":[]},"org.apache.dubbo.rpc.cluster.support.wrapper.MockClusterInvokerTest.testMockInvokerFromOverride_Invoke_check_ListString":{"name":"org.apache.dubbo.rpc.cluster.support.wrapper.MockClusterInvokerTest.testMockInvokerFromOverride_Invoke_check_ListString","result":"PASS","time":0.00548789,"stackTrace":[]},"org.apache.dubbo.rpc.cluster.support.wrapper.MockClusterInvokerTest.testMockInvokerFromOverride_Invoke_Fock_WithDefault":{"name":"org.apache.dubbo.rpc.cluster.support.wrapper.MockClusterInvokerTest.testMockInvokerFromOverride_Invoke_Fock_WithDefault","result":"PASS","time":0.01657752,"stackTrace":[]},"org.apache.dubbo.rpc.cluster.support.wrapper.MockClusterInvokerTest.testMockInvokerFromOverride_Invoke_force_throw":{"name":"org.apache.dubbo.rpc.cluster.support.wrapper.MockClusterInvokerTest.testMockInvokerFromOverride_Invoke_force_throw","result":"PASS","time":0.002967069,"stackTrace":[]},"org.apache.dubbo.rpc.cluster.router.condition.ConditionRouterTest.testRoute_Force":{"name":"org.apache.dubbo.rpc.cluster.router.condition.ConditionRouterTest.testRoute_Force","result":"PASS","time":0.003171439,"stackTrace":[]},"org.apache.dubbo.rpc.cluster.directory.StaticDirectoryTest.testStaticDirectory":{"name":"org.apache.dubbo.rpc.cluster.directory.StaticDirectoryTest.testStaticDirectory","result":"PASS","time":0.043546975,"stackTrace":[]},"org.apache.dubbo.rpc.cluster.support.wrapper.MockClusterInvokerTest.testMockInvokerFromOverride_Invoke_check_String":{"name":"org.apache.dubbo.rpc.cluster.support.wrapper.MockClusterInvokerTest.testMockInvokerFromOverride_Invoke_check_String","result":"PASS","time":0.002628594,"stackTrace":[]},"org.apache.dubbo.rpc.cluster.router.condition.ConditionRouterTest.testRoute_methodRoute":{"name":"org.apache.dubbo.rpc.cluster.router.condition.ConditionRouterTest.testRoute_methodRoute","result":"PASS","time":0.009273766,"stackTrace":[]},"org.apache.dubbo.rpc.cluster.support.FailbackClusterInvokerTest.testInvokeExceptoin":{"name":"org.apache.dubbo.rpc.cluster.support.FailbackClusterInvokerTest.testInvokeExceptoin","result":"PASS","time":0.008038885,"stackTrace":[]},"org.apache.dubbo.rpc.cluster.support.AbstractClusterInvokerTest.testBindingAttachment":{"name":"org.apache.dubbo.rpc.cluster.support.AbstractClusterInvokerTest.testBindingAttachment","result":"PASS","time":0.00834076,"stackTrace":[]},"org.apache.dubbo.rpc.cluster.configurator.override.OverrideConfiguratorTest.testOverride_Host":{"name":"org.apache.dubbo.rpc.cluster.configurator.override.OverrideConfiguratorTest.testOverride_Host","result":"PASS","time":0.001958628,"stackTrace":[]},"org.apache.dubbo.rpc.cluster.support.AbstractClusterInvokerTest.testDonotSelectAgainAndNoCheckAvailable":{"name":"org.apache.dubbo.rpc.cluster.support.AbstractClusterInvokerTest.testDonotSelectAgainAndNoCheckAvailable","result":"PASS","time":0.00753676,"stackTrace":[]},"org.apache.dubbo.rpc.cluster.loadbalance.ConsistentHashLoadBalanceTest.testLoadBalanceWarmup":{"name":"org.apache.dubbo.rpc.cluster.loadbalance.ConsistentHashLoadBalanceTest.testLoadBalanceWarmup","result":"PASS","time":0.005311807,"stackTrace":[]},"org.apache.dubbo.rpc.cluster.loadbalance.RoundRobinLoadBalanceTest.testLoadBalanceWarmup":{"name":"org.apache.dubbo.rpc.cluster.loadbalance.RoundRobinLoadBalanceTest.testLoadBalanceWarmup","result":"PASS","time":0.005014192,"stackTrace":[]},"org.apache.dubbo.rpc.cluster.router.condition.ConditionRouterTest.testRoute_matchFilter":{"name":"org.apache.dubbo.rpc.cluster.router.condition.ConditionRouterTest.testRoute_matchFilter","result":"PASS","time":0.009185132,"stackTrace":[]},"org.apache.dubbo.rpc.cluster.StickyTest.testStickyNoCheck":{"name":"org.apache.dubbo.rpc.cluster.StickyTest.testStickyNoCheck","result":"PASS","time":0.005404075,"stackTrace":[]}},"diffs":{}},"expected":"ERROR","dependentTest":"org.apache.dubbo.rpc.cluster.StickyTest.testMethodStickyNoCheck","polluters":[{"time":{"startTime":1574049885854,"endTime":1574049885854,"elapsedSeconds":0.0},"index":0,"deps":["org.apache.dubbo.rpc.cluster.StickyTest.testMethodsSticky"],"cleanerData":{"dependentTest":"org.apache.dubbo.rpc.cluster.StickyTest.testMethodStickyNoCheck","time":{"addTime":{"startTime":1574049885904,"endTime":1574049934553,"elapsedSeconds":48.64900016784668},"totalTime":{"startTime":1574049885904,"endTime":1574051642459,"elapsedSeconds":1756.5550000667572}},"expected":"ERROR","isolationResult":"PASS","cleaners":[{"dependentTest":"org.apache.dubbo.rpc.cluster.StickyTest.testMethodStickyNoCheck","originalSize":1,"cleanerTests":["org.apache.dubbo.rpc.cluster.StickyTest.testMethodStickyForceCheck"],"orderFound":0,"time":{"addTime":{"startTime":1574049885904,"endTime":1574049934553,"elapsedSeconds":48.64900016784668},"totalTime":{"startTime":1574049885904,"endTime":1574051642459,"elapsedSeconds":1756.5550000667572}}},{"dependentTest":"org.apache.dubbo.rpc.cluster.StickyTest.testMethodStickyNoCheck","originalSize":1,"cleanerTests":["org.apache.dubbo.rpc.cluster.StickyTest.testMethodsSticky"],"orderFound":2,"time":{"addTime":{"startTime":1574049885904,"endTime":1574051638353,"elapsedSeconds":1752.4490005970001},"totalTime":{"startTime":1574049885904,"endTime":1574051982328,"elapsedSeconds":2096.4240000247955}}}]}},{"time":{"startTime":1574052031611,"endTime":1574052031611,"elapsedSeconds":0.0},"index":1,"deps":["org.apache.dubbo.rpc.cluster.StickyTest.testMethodStickyForceCheck"],"cleanerData":{"dependentTest":"org.apache.dubbo.rpc.cluster.StickyTest.testMethodStickyNoCheck","time":{"addTime":{"startTime":1574052031622,"endTime":1574053887069,"elapsedSeconds":1855.44700050354},"totalTime":{"startTime":1574052031622,"endTime":1574053911161,"elapsedSeconds":1879.5390000343323}},"expected":"ERROR","isolationResult":"PASS","cleaners":[{"dependentTest":"org.apache.dubbo.rpc.cluster.StickyTest.testMethodStickyNoCheck","originalSize":1,"cleanerTests":["org.apache.dubbo.rpc.cluster.StickyTest.testMethodsSticky"],"orderFound":0,"time":{"addTime":{"startTime":1574052031622,"endTime":1574053887069,"elapsedSeconds":1855.44700050354},"totalTime":{"startTime":1574052031622,"endTime":1574053911161,"elapsedSeconds":1879.5390000343323}}},{"dependentTest":"org.apache.dubbo.rpc.cluster.StickyTest.testMethodStickyNoCheck","originalSize":1,"cleanerTests":["org.apache.dubbo.rpc.cluster.StickyTest.testMethodStickyForceCheck"],"orderFound":1,"time":{"addTime":{"startTime":1574052031622,"endTime":1574053908543,"elapsedSeconds":1876.9210004806519},"totalTime":{"startTime":1574052031622,"endTime":1574053960071,"elapsedSeconds":1928.449000120163}}}]}}],"hash":"ee159baaddd001c5384f60aac8f3c1b2","flakyClass":"OD"}