{"time":{"startTime":1574048786773,"endTime":1574049661928,"elapsedSeconds":875.1549999713898},"expectedRun":{"id":"1574048732097-70ca4262-52fe-4551-9f48-772ecb6d9279","testOrder":["org.apache.dubbo.registry.dubbo.RegistryProtocolTest.testDefaultPort","org.apache.dubbo.registry.dubbo.RegistryProtocolTest.testDestoryRegistry","org.apache.dubbo.registry.dubbo.RegistryProtocolTest.testNotifyOverride_notmatch","org.apache.dubbo.registry.dubbo.RegistryProtocolTest.testExportUrlNull","org.apache.dubbo.registry.dubbo.RegistryProtocolTest.testNotifyOverride","org.apache.dubbo.registry.dubbo.RegistryProtocolTest.testExport","org.apache.dubbo.registry.dubbo.RegistryDirectoryTest.testNofityOverrideUrls_Clean1","org.apache.dubbo.registry.dubbo.RegistryDirectoryTest.testNofityOverrideUrls_disabled_allProvider","org.apache.dubbo.registry.dubbo.RegistryDirectoryTest.testDubbo1UrlWithGenericInvocation","org.apache.dubbo.registry.dubbo.RegistryDirectoryTest.test_Constructor_CheckStatus","org.apache.dubbo.registry.dubbo.RegistryDirectoryTest.testNotify_MockProviderOnly","org.apache.dubbo.registry.dubbo.RegistryDirectoryTest.testNofity_disabled_specifiedProvider","org.apache.dubbo.registry.dubbo.RegistryDirectoryTest.testDestroy_WithDestroyRegistry","org.apache.dubbo.registry.dubbo.RegistryDirectoryTest.testNotified_Normal","org.apache.dubbo.registry.dubbo.RegistryDirectoryTest.testDestroy_WithDestroyRegistry_WithError","org.apache.dubbo.registry.dubbo.RegistryDirectoryTest.test_Notified_acceptProtocol0","org.apache.dubbo.registry.dubbo.RegistryDirectoryTest.testEmptyNotifyCauseForbidden","org.apache.dubbo.registry.dubbo.RegistryDirectoryTest.testNotifyoverrideUrls_Nouse","org.apache.dubbo.registry.dubbo.RegistryDirectoryTest.testDestroy","org.apache.dubbo.registry.dubbo.RegistryDirectoryTest.testNofityOverrideUrls_Provider","org.apache.dubbo.registry.dubbo.RegistryDirectoryTest.testNofityOverrideUrls_CleanOnly","org.apache.dubbo.registry.dubbo.RegistryDirectoryTest.testParametersMerge","org.apache.dubbo.registry.dubbo.RegistryDirectoryTest.testNotified_WithError","org.apache.dubbo.registry.dubbo.RegistryDirectoryTest.testParmeterRoute","org.apache.dubbo.registry.dubbo.RegistryDirectoryTest.test_Constructor_WithErrorParam","org.apache.dubbo.registry.dubbo.RegistryDirectoryTest.testNotifyRouterUrls_Clean","org.apache.dubbo.registry.dubbo.RegistryDirectoryTest.test_NotifiedDubbo1","org.apache.dubbo.registry.dubbo.RegistryDirectoryTest.testNotified_WithDuplicateUrls","org.apache.dubbo.registry.dubbo.RegistryDirectoryTest.test_Notified_acceptProtocol2","org.apache.dubbo.registry.dubbo.RegistryDirectoryTest.testNotifyoverrideUrls_beforeInvoker","org.apache.dubbo.registry.dubbo.RegistryDirectoryTest.testNotifyoverrideUrls_afterInvoker","org.apache.dubbo.registry.dubbo.RegistryDirectoryTest.testNofityOverrideUrls_disabled_specifiedProvider","org.apache.dubbo.registry.dubbo.RegistryDirectoryTest.test_Notified_acceptProtocol1","org.apache.dubbo.registry.dubbo.RegistryDirectoryTest.testNotifyoverrideUrls_withInvoker","org.apache.dubbo.registry.dubbo.RegistryDirectoryTest.testNotifyRouterUrls","org.apache.dubbo.registry.dubbo.RegistryDirectoryTest.testNofityOverrideUrls_CleanNOverride","org.apache.dubbo.registry.dubbo.RegistryDirectoryTest.testNofity_To_Decrease_provider","org.apache.dubbo.registry.dubbo.RegistryDirectoryTest.testNotified_Normal_withRouters","org.apache.dubbo.registry.dubbo.RegistryStatusCheckerTest.testCheckUnknown","org.apache.dubbo.registry.dubbo.RegistryStatusCheckerTest.testCheckOK"],"results":{"org.apache.dubbo.registry.dubbo.RegistryDirectoryTest.testDestroy_WithDestroyRegistry":{"name":"org.apache.dubbo.registry.dubbo.RegistryDirectoryTest.testDestroy_WithDestroyRegistry","result":"PASS","time":0.011361462,"stackTrace":[]},"org.apache.dubbo.registry.dubbo.RegistryDirectoryTest.testNofityOverrideUrls_disabled_allProvider":{"name":"org.apache.dubbo.registry.dubbo.RegistryDirectoryTest.testNofityOverrideUrls_disabled_allProvider","result":"PASS","time":0.011009018,"stackTrace":[]},"org.apache.dubbo.registry.dubbo.RegistryDirectoryTest.test_Notified_acceptProtocol0":{"name":"org.apache.dubbo.registry.dubbo.RegistryDirectoryTest.test_Notified_acceptProtocol0","result":"PASS","time":0.021917667,"stackTrace":[]},"org.apache.dubbo.registry.dubbo.RegistryStatusCheckerTest.testCheckUnknown":{"name":"org.apache.dubbo.registry.dubbo.RegistryStatusCheckerTest.testCheckUnknown","result":"PASS","time":0.178264121,"stackTrace":[]},"org.apache.dubbo.registry.dubbo.RegistryDirectoryTest.testParametersMerge":{"name":"org.apache.dubbo.registry.dubbo.RegistryDirectoryTest.testParametersMerge","result":"PASS","time":0.112860909,"stackTrace":[]},"org.apache.dubbo.registry.dubbo.RegistryStatusCheckerTest.testCheckOK":{"name":"org.apache.dubbo.registry.dubbo.RegistryStatusCheckerTest.testCheckOK","result":"PASS","time":0.520557917,"stackTrace":[]},"org.apache.dubbo.registry.dubbo.RegistryDirectoryTest.testNotifyoverrideUrls_withInvoker":{"name":"org.apache.dubbo.registry.dubbo.RegistryDirectoryTest.testNotifyoverrideUrls_withInvoker","result":"PASS","time":0.011999646,"stackTrace":[]},"org.apache.dubbo.registry.dubbo.RegistryDirectoryTest.testNotifyoverrideUrls_Nouse":{"name":"org.apache.dubbo.registry.dubbo.RegistryDirectoryTest.testNotifyoverrideUrls_Nouse","result":"PASS","time":0.013213643,"stackTrace":[]},"org.apache.dubbo.registry.dubbo.RegistryDirectoryTest.test_Constructor_CheckStatus":{"name":"org.apache.dubbo.registry.dubbo.RegistryDirectoryTest.test_Constructor_CheckStatus","result":"PASS","time":0.00564937,"stackTrace":[]},"org.apache.dubbo.registry.dubbo.RegistryDirectoryTest.testDubbo1UrlWithGenericInvocation":{"name":"org.apache.dubbo.registry.dubbo.RegistryDirectoryTest.testDubbo1UrlWithGenericInvocation","result":"PASS","time":0.007636913,"stackTrace":[]},"org.apache.dubbo.registry.dubbo.RegistryDirectoryTest.testNotified_WithError":{"name":"org.apache.dubbo.registry.dubbo.RegistryDirectoryTest.testNotified_WithError","result":"PASS","time":0.034986869,"stackTrace":[]},"org.apache.dubbo.registry.dubbo.RegistryDirectoryTest.testNotifyoverrideUrls_beforeInvoker":{"name":"org.apache.dubbo.registry.dubbo.RegistryDirectoryTest.testNotifyoverrideUrls_beforeInvoker","result":"PASS","time":0.034867292,"stackTrace":[]},"org.apache.dubbo.registry.dubbo.RegistryDirectoryTest.testNotified_Normal":{"name":"org.apache.dubbo.registry.dubbo.RegistryDirectoryTest.testNotified_Normal","result":"PASS","time":0.018843177,"stackTrace":[]},"org.apache.dubbo.registry.dubbo.RegistryProtocolTest.testExport":{"name":"org.apache.dubbo.registry.dubbo.RegistryProtocolTest.testExport","result":"PASS","time":0.693398551,"stackTrace":[]},"org.apache.dubbo.registry.dubbo.RegistryProtocolTest.testNotifyOverride":{"name":"org.apache.dubbo.registry.dubbo.RegistryProtocolTest.testNotifyOverride","result":"ERROR","time":0.377203275,"stackTrace":[{"declaringClass":"java.util.concurrent.ConcurrentHashMap$ValueIterator","methodName":"next","fileName":"ConcurrentHashMap.java","lineNumber":3436},{"declaringClass":"org.apache.dubbo.registry.dubbo.RegistryProtocolTest","methodName":"getListener","fileName":"RegistryProtocolTest.java","lineNumber":163},{"declaringClass":"org.apache.dubbo.registry.dubbo.RegistryProtocolTest","methodName":"testNotifyOverride","fileName":"RegistryProtocolTest.java","lineNumber":104},{"declaringClass":"sun.reflect.NativeMethodAccessorImpl","methodName":"invoke0","fileName":"NativeMethodAccessorImpl.java","lineNumber":-2},{"declaringClass":"sun.reflect.NativeMethodAccessorImpl","methodName":"invoke","fileName":"NativeMethodAccessorImpl.java","lineNumber":62},{"declaringClass":"sun.reflect.DelegatingMethodAccessorImpl","methodName":"invoke","fileName":"DelegatingMethodAccessorImpl.java","lineNumber":43},{"declaringClass":"java.lang.reflect.Method","methodName":"invoke","fileName":"Method.java","lineNumber":498},{"declaringClass":"org.junit.runners.model.FrameworkMethod$1","methodName":"runReflectiveCall","fileName":"FrameworkMethod.java","lineNumber":50},{"declaringClass":"org.junit.internal.runners.model.ReflectiveCallable","methodName":"run","fileName":"ReflectiveCallable.java","lineNumber":12},{"declaringClass":"org.junit.runners.model.FrameworkMethod","methodName":"invokeExplosively","fileName":"FrameworkMethod.java","lineNumber":47},{"declaringClass":"org.junit.internal.runners.statements.InvokeMethod","methodName":"evaluate","fileName":"InvokeMethod.java","lineNumber":17},{"declaringClass":"com.reedoei.testrunner.execution.JUnitTestRunner","methodName":"runChild","fileName":"JUnitTestRunner.java","lineNumber":332},{"declaringClass":"com.reedoei.testrunner.execution.JUnitTestRunner","methodName":"run","fileName":"JUnitTestRunner.java","lineNumber":108},{"declaringClass":"org.junit.runner.JUnitCore","methodName":"run","fileName":"JUnitCore.java","lineNumber":137},{"declaringClass":"com.reedoei.testrunner.execution.JUnitTestExecutor","methodName":"execute","fileName":"JUnitTestExecutor.java","lineNumber":292},{"declaringClass":"com.reedoei.testrunner.execution.JUnitTestExecutor","methodName":"execute","fileName":"JUnitTestExecutor.java","lineNumber":328},{"declaringClass":"com.reedoei.testrunner.execution.JUnitTestExecutor","methodName":"executeWithJUnit4Runner","fileName":"JUnitTestExecutor.java","lineNumber":366},{"declaringClass":"com.reedoei.testrunner.execution.JUnitTestExecutor","methodName":"runOrder","fileName":"JUnitTestExecutor.java","lineNumber":47},{"declaringClass":"com.reedoei.testrunner.execution.Executor$","methodName":"$anonfun$run$1","fileName":"Executor.scala","lineNumber":30},{"declaringClass":"scala.runtime.java8.JFunction0$mcV$sp","methodName":"apply","fileName":"JFunction0$mcV$sp.java","lineNumber":12},{"declaringClass":"scala.util.Try$","methodName":"apply","fileName":"Try.scala","lineNumber":209},{"declaringClass":"com.reedoei.testrunner.execution.Executor$","methodName":"run","fileName":"Executor.scala","lineNumber":28},{"declaringClass":"com.reedoei.testrunner.execution.Executor$","methodName":"main","fileName":"Executor.scala","lineNumber":18},{"declaringClass":"com.reedoei.testrunner.execution.Executor","methodName":"main","fileName":"Executor.scala","lineNumber":-1}]},"org.apache.dubbo.registry.dubbo.RegistryDirectoryTest.testNotified_Normal_withRouters":{"name":"org.apache.dubbo.registry.dubbo.RegistryDirectoryTest.testNotified_Normal_withRouters","result":"PASS","time":0.035493882,"stackTrace":[]},"org.apache.dubbo.registry.dubbo.RegistryDirectoryTest.testParmeterRoute":{"name":"org.apache.dubbo.registry.dubbo.RegistryDirectoryTest.testParmeterRoute","result":"PASS","time":0.015702124,"stackTrace":[]},"org.apache.dubbo.registry.dubbo.RegistryProtocolTest.testExportUrlNull":{"name":"org.apache.dubbo.registry.dubbo.RegistryProtocolTest.testExportUrlNull","result":"PASS","time":0.020978026,"stackTrace":[]},"org.apache.dubbo.registry.dubbo.RegistryDirectoryTest.test_Notified_acceptProtocol2":{"name":"org.apache.dubbo.registry.dubbo.RegistryDirectoryTest.test_Notified_acceptProtocol2","result":"PASS","time":0.006767887,"stackTrace":[]},"org.apache.dubbo.registry.dubbo.RegistryDirectoryTest.test_Constructor_WithErrorParam":{"name":"org.apache.dubbo.registry.dubbo.RegistryDirectoryTest.test_Constructor_WithErrorParam","result":"PASS","time":0.003784756,"stackTrace":[]},"org.apache.dubbo.registry.dubbo.RegistryDirectoryTest.test_Notified_acceptProtocol1":{"name":"org.apache.dubbo.registry.dubbo.RegistryDirectoryTest.test_Notified_acceptProtocol1","result":"PASS","time":0.010143693,"stackTrace":[]},"org.apache.dubbo.registry.dubbo.RegistryDirectoryTest.testNofityOverrideUrls_disabled_specifiedProvider":{"name":"org.apache.dubbo.registry.dubbo.RegistryDirectoryTest.testNofityOverrideUrls_disabled_specifiedProvider","result":"PASS","time":0.058999851,"stackTrace":[]},"org.apache.dubbo.registry.dubbo.RegistryDirectoryTest.testNotifyoverrideUrls_afterInvoker":{"name":"org.apache.dubbo.registry.dubbo.RegistryDirectoryTest.testNotifyoverrideUrls_afterInvoker","result":"PASS","time":0.03350606,"stackTrace":[]},"org.apache.dubbo.registry.dubbo.RegistryDirectoryTest.testNotified_WithDuplicateUrls":{"name":"org.apache.dubbo.registry.dubbo.RegistryDirectoryTest.testNotified_WithDuplicateUrls","result":"PASS","time":0.012852539,"stackTrace":[]},"org.apache.dubbo.registry.dubbo.RegistryDirectoryTest.testNofityOverrideUrls_Provider":{"name":"org.apache.dubbo.registry.dubbo.RegistryDirectoryTest.testNofityOverrideUrls_Provider","result":"PASS","time":0.017652998,"stackTrace":[]},"org.apache.dubbo.registry.dubbo.RegistryDirectoryTest.testNofityOverrideUrls_Clean1":{"name":"org.apache.dubbo.registry.dubbo.RegistryDirectoryTest.testNofityOverrideUrls_Clean1","result":"PASS","time":0.040285821,"stackTrace":[]},"org.apache.dubbo.registry.dubbo.RegistryDirectoryTest.testNotifyRouterUrls_Clean":{"name":"org.apache.dubbo.registry.dubbo.RegistryDirectoryTest.testNotifyRouterUrls_Clean","result":"PASS","time":0.139627579,"stackTrace":[]},"org.apache.dubbo.registry.dubbo.RegistryProtocolTest.testNotifyOverride_notmatch":{"name":"org.apache.dubbo.registry.dubbo.RegistryProtocolTest.testNotifyOverride_notmatch","result":"PASS","time":0.563186658,"stackTrace":[]},"org.apache.dubbo.registry.dubbo.RegistryProtocolTest.testDestoryRegistry":{"name":"org.apache.dubbo.registry.dubbo.RegistryProtocolTest.testDestoryRegistry","result":"PASS","time":3.665821899,"stackTrace":[]},"org.apache.dubbo.registry.dubbo.RegistryDirectoryTest.testNofityOverrideUrls_CleanNOverride":{"name":"org.apache.dubbo.registry.dubbo.RegistryDirectoryTest.testNofityOverrideUrls_CleanNOverride","result":"PASS","time":0.008144346,"stackTrace":[]},"org.apache.dubbo.registry.dubbo.RegistryDirectoryTest.testEmptyNotifyCauseForbidden":{"name":"org.apache.dubbo.registry.dubbo.RegistryDirectoryTest.testEmptyNotifyCauseForbidden","result":"PASS","time":0.011650137,"stackTrace":[]},"org.apache.dubbo.registry.dubbo.RegistryDirectoryTest.testNofity_To_Decrease_provider":{"name":"org.apache.dubbo.registry.dubbo.RegistryDirectoryTest.testNofity_To_Decrease_provider","result":"PASS","time":0.00501356,"stackTrace":[]},"org.apache.dubbo.registry.dubbo.RegistryDirectoryTest.testNofity_disabled_specifiedProvider":{"name":"org.apache.dubbo.registry.dubbo.RegistryDirectoryTest.testNofity_disabled_specifiedProvider","result":"PASS","time":0.010189024,"stackTrace":[]},"org.apache.dubbo.registry.dubbo.RegistryDirectoryTest.testDestroy_WithDestroyRegistry_WithError":{"name":"org.apache.dubbo.registry.dubbo.RegistryDirectoryTest.testDestroy_WithDestroyRegistry_WithError","result":"PASS","time":0.00481359,"stackTrace":[]},"org.apache.dubbo.registry.dubbo.RegistryDirectoryTest.testNotify_MockProviderOnly":{"name":"org.apache.dubbo.registry.dubbo.RegistryDirectoryTest.testNotify_MockProviderOnly","result":"PASS","time":0.02237949,"stackTrace":[]},"org.apache.dubbo.registry.dubbo.RegistryDirectoryTest.test_NotifiedDubbo1":{"name":"org.apache.dubbo.registry.dubbo.RegistryDirectoryTest.test_NotifiedDubbo1","result":"PASS","time":0.009978786,"stackTrace":[]},"org.apache.dubbo.registry.dubbo.RegistryDirectoryTest.testDestroy":{"name":"org.apache.dubbo.registry.dubbo.RegistryDirectoryTest.testDestroy","result":"PASS","time":0.014793564,"stackTrace":[]},"org.apache.dubbo.registry.dubbo.RegistryDirectoryTest.testNotifyRouterUrls":{"name":"org.apache.dubbo.registry.dubbo.RegistryDirectoryTest.testNotifyRouterUrls","result":"PASS","time":0.045485241,"stackTrace":[]},"org.apache.dubbo.registry.dubbo.RegistryDirectoryTest.testNofityOverrideUrls_CleanOnly":{"name":"org.apache.dubbo.registry.dubbo.RegistryDirectoryTest.testNofityOverrideUrls_CleanOnly","result":"PASS","time":0.013920417,"stackTrace":[]},"org.apache.dubbo.registry.dubbo.RegistryProtocolTest.testDefaultPort":{"name":"org.apache.dubbo.registry.dubbo.RegistryProtocolTest.testDefaultPort","result":"PASS","time":0.033876174,"stackTrace":[]}},"diffs":{}},"expected":"ERROR","dependentTest":"org.apache.dubbo.registry.dubbo.RegistryProtocolTest.testNotifyOverride","polluters":[],"hash":"ec4a820ddb27d9c9a3419de38d624151","flakyClass":"OD"}