{"time":{"startTime":1574054916252,"endTime":1574089185835,"elapsedSeconds":34269.58299994469},"expectedRun":{"id":"1574054632958-3f68295b-0b00-4a7a-b205-056751b1727d","testOrder":["org.apache.dubbo.rpc.protocol.dubbo.MultiThreadTest.testDubboMultiThreadInvoke","org.apache.dubbo.rpc.protocol.dubbo.ExplicitCallbackTest.TestCallbackProviderLimit","org.apache.dubbo.rpc.protocol.dubbo.ExplicitCallbackTest.TestCallbackMultiInstans","org.apache.dubbo.rpc.protocol.dubbo.ExplicitCallbackTest.TestCallbackNormal","org.apache.dubbo.rpc.protocol.dubbo.ExplicitCallbackTest.TestCallbackConsumerLimit","org.apache.dubbo.rpc.protocol.dubbo.telnet.CurrentTelnetHandlerTest.testSlash","org.apache.dubbo.rpc.protocol.dubbo.telnet.CurrentTelnetHandlerTest.testMessageError","org.apache.dubbo.rpc.protocol.dubbo.telnet.CurrentTelnetHandlerTest.testService","org.apache.dubbo.rpc.protocol.dubbo.telnet.LogTelnetHandlerTest.testPrintLog","org.apache.dubbo.rpc.protocol.dubbo.telnet.LogTelnetHandlerTest.testChangeLogLevel","org.apache.dubbo.rpc.protocol.dubbo.DubboLazyConnectTest.testSticky1","org.apache.dubbo.rpc.protocol.dubbo.DubboLazyConnectTest.testSticky2","org.apache.dubbo.rpc.protocol.dubbo.DubboLazyConnectTest.testSticky3","org.apache.dubbo.rpc.protocol.dubbo.DubboLazyConnectTest.testSticky4","org.apache.dubbo.rpc.protocol.dubbo.telnet.InvokerTelnetHandlerTest.testMessageNull","org.apache.dubbo.rpc.protocol.dubbo.telnet.InvokerTelnetHandlerTest.testInvokeByPassingNullValue","org.apache.dubbo.rpc.protocol.dubbo.telnet.InvokerTelnetHandlerTest.testInvaildMessage","org.apache.dubbo.rpc.protocol.dubbo.telnet.InvokerTelnetHandlerTest.testInvokeAutoFindMethod","org.apache.dubbo.rpc.protocol.dubbo.telnet.InvokerTelnetHandlerTest.testInvokeDefaultSService","org.apache.dubbo.rpc.protocol.dubbo.telnet.ListTelnetHandlerTest.testListDetailService","org.apache.dubbo.rpc.protocol.dubbo.telnet.ListTelnetHandlerTest.testInvaildMessage","org.apache.dubbo.rpc.protocol.dubbo.telnet.ListTelnetHandlerTest.testList","org.apache.dubbo.rpc.protocol.dubbo.telnet.ListTelnetHandlerTest.testListDetail","org.apache.dubbo.rpc.protocol.dubbo.telnet.ListTelnetHandlerTest.testListDefault","org.apache.dubbo.rpc.protocol.dubbo.telnet.ListTelnetHandlerTest.testListService","org.apache.dubbo.rpc.protocol.dubbo.DubboProtocolTest.testDubboProtocol","org.apache.dubbo.rpc.protocol.dubbo.DubboProtocolTest.testPerm","org.apache.dubbo.rpc.protocol.dubbo.DubboProtocolTest.testReturnNonSerialized","org.apache.dubbo.rpc.protocol.dubbo.DubboProtocolTest.testDubboProtocolMultiService","org.apache.dubbo.rpc.protocol.dubbo.DubboProtocolTest.testDemoProtocol","org.apache.dubbo.rpc.protocol.dubbo.DubboProtocolTest.testNonSerializedParameter","org.apache.dubbo.rpc.protocol.dubbo.DubboProtocolTest.testDubboProtocolWithMina","org.apache.dubbo.rpc.protocol.dubbo.telnet.PortTelnetHandlerTest.testErrorMessage","org.apache.dubbo.rpc.protocol.dubbo.telnet.PortTelnetHandlerTest.testListAllPort","org.apache.dubbo.rpc.protocol.dubbo.telnet.PortTelnetHandlerTest.testListClient","org.apache.dubbo.rpc.protocol.dubbo.telnet.PortTelnetHandlerTest.testListDetail","org.apache.dubbo.rpc.protocol.dubbo.telnet.PortTelnetHandlerTest.testNoPort","org.apache.dubbo.rpc.protocol.dubbo.ReferenceCountExchangeClientTest.test_counter_error","org.apache.dubbo.rpc.protocol.dubbo.ReferenceCountExchangeClientTest.test_not_share_connect","org.apache.dubbo.rpc.protocol.dubbo.ReferenceCountExchangeClientTest.test_multi_destory","org.apache.dubbo.rpc.protocol.dubbo.ReferenceCountExchangeClientTest.test_share_connect","org.apache.dubbo.rpc.protocol.dubbo.ImplicitCallBackTest.test_Normal_Ex","org.apache.dubbo.rpc.protocol.dubbo.ImplicitCallBackTest.test_Ex_Onthrow","org.apache.dubbo.rpc.protocol.dubbo.ImplicitCallBackTest.test_Sync_Onreturn","org.apache.dubbo.rpc.protocol.dubbo.ImplicitCallBackTest.test_Async_Future_Ex","org.apache.dubbo.rpc.protocol.dubbo.ImplicitCallBackTest.test_Ex_OnInvoke","org.apache.dubbo.rpc.protocol.dubbo.ImplicitCallBackTest.test_Async_Future","org.apache.dubbo.rpc.protocol.dubbo.ImplicitCallBackTest.test_Ex_OnReturn","org.apache.dubbo.rpc.protocol.dubbo.ImplicitCallBackTest.test_CloseCallback","org.apache.dubbo.rpc.protocol.dubbo.ImplicitCallBackTest.test_Async_Future_Multi","org.apache.dubbo.rpc.protocol.dubbo.ImplicitCallBackTest.test_Sync_NoFuture","org.apache.dubbo.rpc.protocol.dubbo.DubboInvokerAvilableTest.test_Normal_available","org.apache.dubbo.rpc.protocol.dubbo.DubboInvokerAvilableTest.test_NoInvokers","org.apache.dubbo.rpc.protocol.dubbo.DubboInvokerAvilableTest.test_Normal_ChannelReadOnly","org.apache.dubbo.rpc.protocol.dubbo.DubboInvokerAvilableTest.test_Lazy_ChannelReadOnly","org.apache.dubbo.rpc.protocol.dubbo.FutureFilterTest.testSyncCallbackHasException","org.apache.dubbo.rpc.protocol.dubbo.FutureFilterTest.testSyncCallback","org.apache.dubbo.rpc.protocol.dubbo.telnet.ChangeTelnetHandlerTest.testChangeSimpleName","org.apache.dubbo.rpc.protocol.dubbo.telnet.ChangeTelnetHandlerTest.testChangeMessageNull","org.apache.dubbo.rpc.protocol.dubbo.telnet.ChangeTelnetHandlerTest.testChangeServiceNotExport","org.apache.dubbo.rpc.protocol.dubbo.telnet.ChangeTelnetHandlerTest.testChangeCancel","org.apache.dubbo.rpc.protocol.dubbo.telnet.ChangeTelnetHandlerTest.testChangeName","org.apache.dubbo.rpc.protocol.dubbo.telnet.ChangeTelnetHandlerTest.testChangePath","org.apache.dubbo.rpc.protocol.dubbo.telnet.ChangeTelnetHandlerTest.testChangeCancel2","org.apache.dubbo.rpc.protocol.dubbo.RpcFilterTest.testRpcFilter"],"results":{"org.apache.dubbo.rpc.protocol.dubbo.DubboInvokerAvilableTest.test_Normal_ChannelReadOnly":{"name":"org.apache.dubbo.rpc.protocol.dubbo.DubboInvokerAvilableTest.test_Normal_ChannelReadOnly","result":"PASS","time":0.013976935,"stackTrace":[]},"org.apache.dubbo.rpc.protocol.dubbo.FutureFilterTest.testSyncCallbackHasException":{"name":"org.apache.dubbo.rpc.protocol.dubbo.FutureFilterTest.testSyncCallbackHasException","result":"PASS","time":0.007789395,"stackTrace":[]},"org.apache.dubbo.rpc.protocol.dubbo.RpcFilterTest.testRpcFilter":{"name":"org.apache.dubbo.rpc.protocol.dubbo.RpcFilterTest.testRpcFilter","result":"PASS","time":0.083273159,"stackTrace":[]},"org.apache.dubbo.rpc.protocol.dubbo.ImplicitCallBackTest.test_Sync_NoFuture":{"name":"org.apache.dubbo.rpc.protocol.dubbo.ImplicitCallBackTest.test_Sync_NoFuture","result":"PASS","time":10.109542633,"stackTrace":[]},"org.apache.dubbo.rpc.protocol.dubbo.telnet.CurrentTelnetHandlerTest.testService":{"name":"org.apache.dubbo.rpc.protocol.dubbo.telnet.CurrentTelnetHandlerTest.testService","result":"PASS","time":0.001781708,"stackTrace":[]},"org.apache.dubbo.rpc.protocol.dubbo.DubboProtocolTest.testDubboProtocolWithMina":{"name":"org.apache.dubbo.rpc.protocol.dubbo.DubboProtocolTest.testDubboProtocolWithMina","result":"PASS","time":0.955047352,"stackTrace":[]},"org.apache.dubbo.rpc.protocol.dubbo.telnet.LogTelnetHandlerTest.testChangeLogLevel":{"name":"org.apache.dubbo.rpc.protocol.dubbo.telnet.LogTelnetHandlerTest.testChangeLogLevel","result":"PASS","time":0.002103769,"stackTrace":[]},"org.apache.dubbo.rpc.protocol.dubbo.telnet.ChangeTelnetHandlerTest.testChangePath":{"name":"org.apache.dubbo.rpc.protocol.dubbo.telnet.ChangeTelnetHandlerTest.testChangePath","result":"PASS","time":0.067883932,"stackTrace":[]},"org.apache.dubbo.rpc.protocol.dubbo.telnet.ListTelnetHandlerTest.testInvaildMessage":{"name":"org.apache.dubbo.rpc.protocol.dubbo.telnet.ListTelnetHandlerTest.testInvaildMessage","result":"PASS","time":0.004769801,"stackTrace":[]},"org.apache.dubbo.rpc.protocol.dubbo.telnet.InvokerTelnetHandlerTest.testInvokeDefaultSService":{"name":"org.apache.dubbo.rpc.protocol.dubbo.telnet.InvokerTelnetHandlerTest.testInvokeDefaultSService","result":"PASS","time":0.113249989,"stackTrace":[]},"org.apache.dubbo.rpc.protocol.dubbo.telnet.InvokerTelnetHandlerTest.testInvokeAutoFindMethod":{"name":"org.apache.dubbo.rpc.protocol.dubbo.telnet.InvokerTelnetHandlerTest.testInvokeAutoFindMethod","result":"PASS","time":0.107866797,"stackTrace":[]},"org.apache.dubbo.rpc.protocol.dubbo.telnet.InvokerTelnetHandlerTest.testInvaildMessage":{"name":"org.apache.dubbo.rpc.protocol.dubbo.telnet.InvokerTelnetHandlerTest.testInvaildMessage","result":"PASS","time":0.005142641,"stackTrace":[]},"org.apache.dubbo.rpc.protocol.dubbo.telnet.ChangeTelnetHandlerTest.testChangeCancel":{"name":"org.apache.dubbo.rpc.protocol.dubbo.telnet.ChangeTelnetHandlerTest.testChangeCancel","result":"PASS","time":0.005834119,"stackTrace":[]},"org.apache.dubbo.rpc.protocol.dubbo.DubboInvokerAvilableTest.test_Lazy_ChannelReadOnly":{"name":"org.apache.dubbo.rpc.protocol.dubbo.DubboInvokerAvilableTest.test_Lazy_ChannelReadOnly","result":"PASS","time":0.05352354,"stackTrace":[]},"org.apache.dubbo.rpc.protocol.dubbo.telnet.ListTelnetHandlerTest.testListDetailService":{"name":"org.apache.dubbo.rpc.protocol.dubbo.telnet.ListTelnetHandlerTest.testListDetailService","result":"PASS","time":0.085334742,"stackTrace":[]},"org.apache.dubbo.rpc.protocol.dubbo.ImplicitCallBackTest.test_Async_Future_Ex":{"name":"org.apache.dubbo.rpc.protocol.dubbo.ImplicitCallBackTest.test_Async_Future_Ex","result":"PASS","time":10.146169585,"stackTrace":[]},"org.apache.dubbo.rpc.protocol.dubbo.DubboProtocolTest.testDubboProtocol":{"name":"org.apache.dubbo.rpc.protocol.dubbo.DubboProtocolTest.testDubboProtocol","result":"PASS","time":0.575063634,"stackTrace":[]},"org.apache.dubbo.rpc.protocol.dubbo.telnet.PortTelnetHandlerTest.testListDetail":{"name":"org.apache.dubbo.rpc.protocol.dubbo.telnet.PortTelnetHandlerTest.testListDetail","result":"FAILURE","time":0.006964999,"stackTrace":[{"declaringClass":"org.junit.Assert","methodName":"assertEquals","fileName":"Assert.java","lineNumber":115},{"declaringClass":"org.junit.Assert","methodName":"assertEquals","fileName":"Assert.java","lineNumber":144},{"declaringClass":"org.apache.dubbo.rpc.protocol.dubbo.telnet.PortTelnetHandlerTest","methodName":"testListDetail","fileName":"PortTelnetHandlerTest.java","lineNumber":85},{"declaringClass":"sun.reflect.NativeMethodAccessorImpl","methodName":"invoke0","fileName":"NativeMethodAccessorImpl.java","lineNumber":-2},{"declaringClass":"sun.reflect.NativeMethodAccessorImpl","methodName":"invoke","fileName":"NativeMethodAccessorImpl.java","lineNumber":62},{"declaringClass":"sun.reflect.DelegatingMethodAccessorImpl","methodName":"invoke","fileName":"DelegatingMethodAccessorImpl.java","lineNumber":43},{"declaringClass":"java.lang.reflect.Method","methodName":"invoke","fileName":"Method.java","lineNumber":498},{"declaringClass":"org.junit.runners.model.FrameworkMethod$1","methodName":"runReflectiveCall","fileName":"FrameworkMethod.java","lineNumber":50},{"declaringClass":"org.junit.internal.runners.model.ReflectiveCallable","methodName":"run","fileName":"ReflectiveCallable.java","lineNumber":12},{"declaringClass":"org.junit.runners.model.FrameworkMethod","methodName":"invokeExplosively","fileName":"FrameworkMethod.java","lineNumber":47},{"declaringClass":"org.junit.internal.runners.statements.InvokeMethod","methodName":"evaluate","fileName":"InvokeMethod.java","lineNumber":17},{"declaringClass":"com.reedoei.testrunner.execution.JUnitTestRunner","methodName":"runChild","fileName":"JUnitTestRunner.java","lineNumber":332},{"declaringClass":"com.reedoei.testrunner.execution.JUnitTestRunner","methodName":"run","fileName":"JUnitTestRunner.java","lineNumber":108},{"declaringClass":"org.junit.runner.JUnitCore","methodName":"run","fileName":"JUnitCore.java","lineNumber":137},{"declaringClass":"com.reedoei.testrunner.execution.JUnitTestExecutor","methodName":"execute","fileName":"JUnitTestExecutor.java","lineNumber":292},{"declaringClass":"com.reedoei.testrunner.execution.JUnitTestExecutor","methodName":"execute","fileName":"JUnitTestExecutor.java","lineNumber":328},{"declaringClass":"com.reedoei.testrunner.execution.JUnitTestExecutor","methodName":"executeWithJUnit4Runner","fileName":"JUnitTestExecutor.java","lineNumber":366},{"declaringClass":"com.reedoei.testrunner.execution.JUnitTestExecutor","methodName":"runOrder","fileName":"JUnitTestExecutor.java","lineNumber":47},{"declaringClass":"com.reedoei.testrunner.execution.Executor$","methodName":"$anonfun$run$1","fileName":"Executor.scala","lineNumber":30},{"declaringClass":"scala.runtime.java8.JFunction0$mcV$sp","methodName":"apply","fileName":"JFunction0$mcV$sp.java","lineNumber":12},{"declaringClass":"scala.util.Try$","methodName":"apply","fileName":"Try.scala","lineNumber":209},{"declaringClass":"com.reedoei.testrunner.execution.Executor$","methodName":"run","fileName":"Executor.scala","lineNumber":28},{"declaringClass":"com.reedoei.testrunner.execution.Executor$","methodName":"main","fileName":"Executor.scala","lineNumber":18},{"declaringClass":"com.reedoei.testrunner.execution.Executor","methodName":"main","fileName":"Executor.scala","lineNumber":-1}]},"org.apache.dubbo.rpc.protocol.dubbo.ReferenceCountExchangeClientTest.test_counter_error":{"name":"org.apache.dubbo.rpc.protocol.dubbo.ReferenceCountExchangeClientTest.test_counter_error","result":"PASS","time":1.374005488,"stackTrace":[]},"org.apache.dubbo.rpc.protocol.dubbo.telnet.PortTelnetHandlerTest.testErrorMessage":{"name":"org.apache.dubbo.rpc.protocol.dubbo.telnet.PortTelnetHandlerTest.testErrorMessage","result":"PASS","time":0.0346603,"stackTrace":[]},"org.apache.dubbo.rpc.protocol.dubbo.DubboProtocolTest.testDubboProtocolMultiService":{"name":"org.apache.dubbo.rpc.protocol.dubbo.DubboProtocolTest.testDubboProtocolMultiService","result":"PASS","time":0.159660176,"stackTrace":[]},"org.apache.dubbo.rpc.protocol.dubbo.telnet.ChangeTelnetHandlerTest.testChangeServiceNotExport":{"name":"org.apache.dubbo.rpc.protocol.dubbo.telnet.ChangeTelnetHandlerTest.testChangeServiceNotExport","result":"PASS","time":0.003409685,"stackTrace":[]},"org.apache.dubbo.rpc.protocol.dubbo.telnet.CurrentTelnetHandlerTest.testSlash":{"name":"org.apache.dubbo.rpc.protocol.dubbo.telnet.CurrentTelnetHandlerTest.testSlash","result":"PASS","time":5.245397841,"stackTrace":[]},"org.apache.dubbo.rpc.protocol.dubbo.ImplicitCallBackTest.test_Normal_Ex":{"name":"org.apache.dubbo.rpc.protocol.dubbo.ImplicitCallBackTest.test_Normal_Ex","result":"PASS","time":10.679157019,"stackTrace":[]},"org.apache.dubbo.rpc.protocol.dubbo.telnet.PortTelnetHandlerTest.testListAllPort":{"name":"org.apache.dubbo.rpc.protocol.dubbo.telnet.PortTelnetHandlerTest.testListAllPort","result":"FAILURE","time":0.016225357,"stackTrace":[{"declaringClass":"org.junit.Assert","methodName":"assertEquals","fileName":"Assert.java","lineNumber":115},{"declaringClass":"org.junit.Assert","methodName":"assertEquals","fileName":"Assert.java","lineNumber":144},{"declaringClass":"org.apache.dubbo.rpc.protocol.dubbo.telnet.PortTelnetHandlerTest","methodName":"testListAllPort","fileName":"PortTelnetHandlerTest.java","lineNumber":91},{"declaringClass":"sun.reflect.NativeMethodAccessorImpl","methodName":"invoke0","fileName":"NativeMethodAccessorImpl.java","lineNumber":-2},{"declaringClass":"sun.reflect.NativeMethodAccessorImpl","methodName":"invoke","fileName":"NativeMethodAccessorImpl.java","lineNumber":62},{"declaringClass":"sun.reflect.DelegatingMethodAccessorImpl","methodName":"invoke","fileName":"DelegatingMethodAccessorImpl.java","lineNumber":43},{"declaringClass":"java.lang.reflect.Method","methodName":"invoke","fileName":"Method.java","lineNumber":498},{"declaringClass":"org.junit.runners.model.FrameworkMethod$1","methodName":"runReflectiveCall","fileName":"FrameworkMethod.java","lineNumber":50},{"declaringClass":"org.junit.internal.runners.model.ReflectiveCallable","methodName":"run","fileName":"ReflectiveCallable.java","lineNumber":12},{"declaringClass":"org.junit.runners.model.FrameworkMethod","methodName":"invokeExplosively","fileName":"FrameworkMethod.java","lineNumber":47},{"declaringClass":"org.junit.internal.runners.statements.InvokeMethod","methodName":"evaluate","fileName":"InvokeMethod.java","lineNumber":17},{"declaringClass":"com.reedoei.testrunner.execution.JUnitTestRunner","methodName":"runChild","fileName":"JUnitTestRunner.java","lineNumber":332},{"declaringClass":"com.reedoei.testrunner.execution.JUnitTestRunner","methodName":"run","fileName":"JUnitTestRunner.java","lineNumber":108},{"declaringClass":"org.junit.runner.JUnitCore","methodName":"run","fileName":"JUnitCore.java","lineNumber":137},{"declaringClass":"com.reedoei.testrunner.execution.JUnitTestExecutor","methodName":"execute","fileName":"JUnitTestExecutor.java","lineNumber":292},{"declaringClass":"com.reedoei.testrunner.execution.JUnitTestExecutor","methodName":"execute","fileName":"JUnitTestExecutor.java","lineNumber":328},{"declaringClass":"com.reedoei.testrunner.execution.JUnitTestExecutor","methodName":"executeWithJUnit4Runner","fileName":"JUnitTestExecutor.java","lineNumber":366},{"declaringClass":"com.reedoei.testrunner.execution.JUnitTestExecutor","methodName":"runOrder","fileName":"JUnitTestExecutor.java","lineNumber":47},{"declaringClass":"com.reedoei.testrunner.execution.Executor$","methodName":"$anonfun$run$1","fileName":"Executor.scala","lineNumber":30},{"declaringClass":"scala.runtime.java8.JFunction0$mcV$sp","methodName":"apply","fileName":"JFunction0$mcV$sp.java","lineNumber":12},{"declaringClass":"scala.util.Try$","methodName":"apply","fileName":"Try.scala","lineNumber":209},{"declaringClass":"com.reedoei.testrunner.execution.Executor$","methodName":"run","fileName":"Executor.scala","lineNumber":28},{"declaringClass":"com.reedoei.testrunner.execution.Executor$","methodName":"main","fileName":"Executor.scala","lineNumber":18},{"declaringClass":"com.reedoei.testrunner.execution.Executor","methodName":"main","fileName":"Executor.scala","lineNumber":-1}]},"org.apache.dubbo.rpc.protocol.dubbo.DubboInvokerAvilableTest.test_Normal_available":{"name":"org.apache.dubbo.rpc.protocol.dubbo.DubboInvokerAvilableTest.test_Normal_available","result":"PASS","time":0.045856585,"stackTrace":[]},"org.apache.dubbo.rpc.protocol.dubbo.ImplicitCallBackTest.test_Ex_OnReturn":{"name":"org.apache.dubbo.rpc.protocol.dubbo.ImplicitCallBackTest.test_Ex_OnReturn","result":"PASS","time":12.094056234,"stackTrace":[]},"org.apache.dubbo.rpc.protocol.dubbo.telnet.ChangeTelnetHandlerTest.testChangeCancel2":{"name":"org.apache.dubbo.rpc.protocol.dubbo.telnet.ChangeTelnetHandlerTest.testChangeCancel2","result":"PASS","time":0.007293416,"stackTrace":[]},"org.apache.dubbo.rpc.protocol.dubbo.ReferenceCountExchangeClientTest.test_not_share_connect":{"name":"org.apache.dubbo.rpc.protocol.dubbo.ReferenceCountExchangeClientTest.test_not_share_connect","result":"PASS","time":0.139375843,"stackTrace":[]},"org.apache.dubbo.rpc.protocol.dubbo.ExplicitCallbackTest.TestCallbackProviderLimit":{"name":"org.apache.dubbo.rpc.protocol.dubbo.ExplicitCallbackTest.TestCallbackProviderLimit","result":"PASS","time":0.643740815,"stackTrace":[]},"org.apache.dubbo.rpc.protocol.dubbo.DubboInvokerAvilableTest.test_NoInvokers":{"name":"org.apache.dubbo.rpc.protocol.dubbo.DubboInvokerAvilableTest.test_NoInvokers","result":"PASS","time":0.016358483,"stackTrace":[]},"org.apache.dubbo.rpc.protocol.dubbo.ExplicitCallbackTest.TestCallbackNormal":{"name":"org.apache.dubbo.rpc.protocol.dubbo.ExplicitCallbackTest.TestCallbackNormal","result":"PASS","time":1.856263854,"stackTrace":[]},"org.apache.dubbo.rpc.protocol.dubbo.ImplicitCallBackTest.test_Ex_OnInvoke":{"name":"org.apache.dubbo.rpc.protocol.dubbo.ImplicitCallBackTest.test_Ex_OnInvoke","result":"PASS","time":10.082799807,"stackTrace":[]},"org.apache.dubbo.rpc.protocol.dubbo.ImplicitCallBackTest.test_Async_Future_Multi":{"name":"org.apache.dubbo.rpc.protocol.dubbo.ImplicitCallBackTest.test_Async_Future_Multi","result":"PASS","time":10.124706895,"stackTrace":[]},"org.apache.dubbo.rpc.protocol.dubbo.FutureFilterTest.testSyncCallback":{"name":"org.apache.dubbo.rpc.protocol.dubbo.FutureFilterTest.testSyncCallback","result":"PASS","time":0.004921996,"stackTrace":[]},"org.apache.dubbo.rpc.protocol.dubbo.telnet.ChangeTelnetHandlerTest.testChangeMessageNull":{"name":"org.apache.dubbo.rpc.protocol.dubbo.telnet.ChangeTelnetHandlerTest.testChangeMessageNull","result":"PASS","time":0.005180637,"stackTrace":[]},"org.apache.dubbo.rpc.protocol.dubbo.ReferenceCountExchangeClientTest.test_multi_destory":{"name":"org.apache.dubbo.rpc.protocol.dubbo.ReferenceCountExchangeClientTest.test_multi_destory","result":"PASS","time":0.18736714,"stackTrace":[]},"org.apache.dubbo.rpc.protocol.dubbo.DubboLazyConnectTest.testSticky4":{"name":"org.apache.dubbo.rpc.protocol.dubbo.DubboLazyConnectTest.testSticky4","result":"PASS","time":0.187486999,"stackTrace":[]},"org.apache.dubbo.rpc.protocol.dubbo.DubboLazyConnectTest.testSticky1":{"name":"org.apache.dubbo.rpc.protocol.dubbo.DubboLazyConnectTest.testSticky1","result":"PASS","time":0.024034728,"stackTrace":[]},"org.apache.dubbo.rpc.protocol.dubbo.DubboLazyConnectTest.testSticky3":{"name":"org.apache.dubbo.rpc.protocol.dubbo.DubboLazyConnectTest.testSticky3","result":"PASS","time":0.013814893,"stackTrace":[]},"org.apache.dubbo.rpc.protocol.dubbo.MultiThreadTest.testDubboMultiThreadInvoke":{"name":"org.apache.dubbo.rpc.protocol.dubbo.MultiThreadTest.testDubboMultiThreadInvoke","result":"ERROR","time":6.439845791,"stackTrace":[{"declaringClass":"org.apache.dubbo.rpc.protocol.dubbo.DubboInvoker","methodName":"doInvoke","fileName":"DubboInvoker.java","lineNumber":111},{"declaringClass":"org.apache.dubbo.rpc.protocol.AbstractInvoker","methodName":"invoke","fileName":"AbstractInvoker.java","lineNumber":154},{"declaringClass":"org.apache.dubbo.rpc.protocol.dubbo.filter.FutureFilter","methodName":"invoke","fileName":"FutureFilter.java","lineNumber":47},{"declaringClass":"org.apache.dubbo.rpc.protocol.ProtocolFilterWrapper$1","methodName":"invoke","fileName":"ProtocolFilterWrapper.java","lineNumber":72},{"declaringClass":"org.apache.dubbo.rpc.filter.ConsumerContextFilter","methodName":"invoke","fileName":"ConsumerContextFilter.java","lineNumber":50},{"declaringClass":"org.apache.dubbo.rpc.protocol.ProtocolFilterWrapper$1","methodName":"invoke","fileName":"ProtocolFilterWrapper.java","lineNumber":72},{"declaringClass":"org.apache.dubbo.rpc.listener.ListenerInvokerWrapper","methodName":"invoke","fileName":"ListenerInvokerWrapper.java","lineNumber":77},{"declaringClass":"org.apache.dubbo.rpc.proxy.InvokerInvocationHandler","methodName":"invoke","fileName":"InvokerInvocationHandler.java","lineNumber":70},{"declaringClass":"org.apache.dubbo.common.bytecode.proxy0","methodName":"getSize","fileName":"proxy0.java","lineNumber":-1},{"declaringClass":"org.apache.dubbo.rpc.protocol.dubbo.MultiThreadTest","methodName":"testDubboMultiThreadInvoke","fileName":"MultiThreadTest.java","lineNumber":45},{"declaringClass":"sun.reflect.NativeMethodAccessorImpl","methodName":"invoke0","fileName":"NativeMethodAccessorImpl.java","lineNumber":-2},{"declaringClass":"sun.reflect.NativeMethodAccessorImpl","methodName":"invoke","fileName":"NativeMethodAccessorImpl.java","lineNumber":62},{"declaringClass":"sun.reflect.DelegatingMethodAccessorImpl","methodName":"invoke","fileName":"DelegatingMethodAccessorImpl.java","lineNumber":43},{"declaringClass":"java.lang.reflect.Method","methodName":"invoke","fileName":"Method.java","lineNumber":498},{"declaringClass":"org.junit.runners.model.FrameworkMethod$1","methodName":"runReflectiveCall","fileName":"FrameworkMethod.java","lineNumber":50},{"declaringClass":"org.junit.internal.runners.model.ReflectiveCallable","methodName":"run","fileName":"ReflectiveCallable.java","lineNumber":12},{"declaringClass":"org.junit.runners.model.FrameworkMethod","methodName":"invokeExplosively","fileName":"FrameworkMethod.java","lineNumber":47},{"declaringClass":"org.junit.internal.runners.statements.InvokeMethod","methodName":"evaluate","fileName":"InvokeMethod.java","lineNumber":17},{"declaringClass":"com.reedoei.testrunner.execution.JUnitTestRunner","methodName":"runChild","fileName":"JUnitTestRunner.java","lineNumber":332},{"declaringClass":"com.reedoei.testrunner.execution.JUnitTestRunner","methodName":"run","fileName":"JUnitTestRunner.java","lineNumber":108},{"declaringClass":"org.junit.runner.JUnitCore","methodName":"run","fileName":"JUnitCore.java","lineNumber":137},{"declaringClass":"com.reedoei.testrunner.execution.JUnitTestExecutor","methodName":"execute","fileName":"JUnitTestExecutor.java","lineNumber":292},{"declaringClass":"com.reedoei.testrunner.execution.JUnitTestExecutor","methodName":"execute","fileName":"JUnitTestExecutor.java","lineNumber":328},{"declaringClass":"com.reedoei.testrunner.execution.JUnitTestExecutor","methodName":"executeWithJUnit4Runner","fileName":"JUnitTestExecutor.java","lineNumber":366},{"declaringClass":"com.reedoei.testrunner.execution.JUnitTestExecutor","methodName":"runOrder","fileName":"JUnitTestExecutor.java","lineNumber":47},{"declaringClass":"com.reedoei.testrunner.execution.Executor$","methodName":"$anonfun$run$1","fileName":"Executor.scala","lineNumber":30},{"declaringClass":"scala.runtime.java8.JFunction0$mcV$sp","methodName":"apply","fileName":"JFunction0$mcV$sp.java","lineNumber":12},{"declaringClass":"scala.util.Try$","methodName":"apply","fileName":"Try.scala","lineNumber":209},{"declaringClass":"com.reedoei.testrunner.execution.Executor$","methodName":"run","fileName":"Executor.scala","lineNumber":28},{"declaringClass":"com.reedoei.testrunner.execution.Executor$","methodName":"main","fileName":"Executor.scala","lineNumber":18},{"declaringClass":"com.reedoei.testrunner.execution.Executor","methodName":"main","fileName":"Executor.scala","lineNumber":-1}]},"org.apache.dubbo.rpc.protocol.dubbo.DubboLazyConnectTest.testSticky2":{"name":"org.apache.dubbo.rpc.protocol.dubbo.DubboLazyConnectTest.testSticky2","result":"PASS","time":0.023182673,"stackTrace":[]},"org.apache.dubbo.rpc.protocol.dubbo.DubboProtocolTest.testReturnNonSerialized":{"name":"org.apache.dubbo.rpc.protocol.dubbo.DubboProtocolTest.testReturnNonSerialized","result":"PASS","time":0.121410058,"stackTrace":[]},"org.apache.dubbo.rpc.protocol.dubbo.telnet.ListTelnetHandlerTest.testListService":{"name":"org.apache.dubbo.rpc.protocol.dubbo.telnet.ListTelnetHandlerTest.testListService","result":"PASS","time":0.112242316,"stackTrace":[]},"org.apache.dubbo.rpc.protocol.dubbo.ExplicitCallbackTest.TestCallbackMultiInstans":{"name":"org.apache.dubbo.rpc.protocol.dubbo.ExplicitCallbackTest.TestCallbackMultiInstans","result":"PASS","time":2.817551629,"stackTrace":[]},"org.apache.dubbo.rpc.protocol.dubbo.telnet.CurrentTelnetHandlerTest.testMessageError":{"name":"org.apache.dubbo.rpc.protocol.dubbo.telnet.CurrentTelnetHandlerTest.testMessageError","result":"PASS","time":0.003295836,"stackTrace":[]},"org.apache.dubbo.rpc.protocol.dubbo.telnet.ListTelnetHandlerTest.testListDefault":{"name":"org.apache.dubbo.rpc.protocol.dubbo.telnet.ListTelnetHandlerTest.testListDefault","result":"PASS","time":0.068447732,"stackTrace":[]},"org.apache.dubbo.rpc.protocol.dubbo.ReferenceCountExchangeClientTest.test_share_connect":{"name":"org.apache.dubbo.rpc.protocol.dubbo.ReferenceCountExchangeClientTest.test_share_connect","result":"PASS","time":0.159543392,"stackTrace":[]},"org.apache.dubbo.rpc.protocol.dubbo.telnet.ChangeTelnetHandlerTest.testChangeName":{"name":"org.apache.dubbo.rpc.protocol.dubbo.telnet.ChangeTelnetHandlerTest.testChangeName","result":"PASS","time":0.061715459,"stackTrace":[]},"org.apache.dubbo.rpc.protocol.dubbo.telnet.InvokerTelnetHandlerTest.testInvokeByPassingNullValue":{"name":"org.apache.dubbo.rpc.protocol.dubbo.telnet.InvokerTelnetHandlerTest.testInvokeByPassingNullValue","result":"PASS","time":1.042635964,"stackTrace":[]},"org.apache.dubbo.rpc.protocol.dubbo.ImplicitCallBackTest.test_Ex_Onthrow":{"name":"org.apache.dubbo.rpc.protocol.dubbo.ImplicitCallBackTest.test_Ex_Onthrow","result":"PASS","time":10.531810868,"stackTrace":[]},"org.apache.dubbo.rpc.protocol.dubbo.telnet.PortTelnetHandlerTest.testNoPort":{"name":"org.apache.dubbo.rpc.protocol.dubbo.telnet.PortTelnetHandlerTest.testNoPort","result":"PASS","time":40.606952751,"stackTrace":[]},"org.apache.dubbo.rpc.protocol.dubbo.DubboProtocolTest.testNonSerializedParameter":{"name":"org.apache.dubbo.rpc.protocol.dubbo.DubboProtocolTest.testNonSerializedParameter","result":"PASS","time":0.01581466,"stackTrace":[]},"org.apache.dubbo.rpc.protocol.dubbo.ImplicitCallBackTest.test_CloseCallback":{"name":"org.apache.dubbo.rpc.protocol.dubbo.ImplicitCallBackTest.test_CloseCallback","result":"PASS","time":10.11603598,"stackTrace":[]},"org.apache.dubbo.rpc.protocol.dubbo.telnet.InvokerTelnetHandlerTest.testMessageNull":{"name":"org.apache.dubbo.rpc.protocol.dubbo.telnet.InvokerTelnetHandlerTest.testMessageNull","result":"PASS","time":60.551652444,"stackTrace":[]},"org.apache.dubbo.rpc.protocol.dubbo.telnet.ListTelnetHandlerTest.testListDetail":{"name":"org.apache.dubbo.rpc.protocol.dubbo.telnet.ListTelnetHandlerTest.testListDetail","result":"PASS","time":0.071843377,"stackTrace":[]},"org.apache.dubbo.rpc.protocol.dubbo.ExplicitCallbackTest.TestCallbackConsumerLimit":{"name":"org.apache.dubbo.rpc.protocol.dubbo.ExplicitCallbackTest.TestCallbackConsumerLimit","result":"PASS","time":0.208139911,"stackTrace":[]},"org.apache.dubbo.rpc.protocol.dubbo.telnet.ChangeTelnetHandlerTest.testChangeSimpleName":{"name":"org.apache.dubbo.rpc.protocol.dubbo.telnet.ChangeTelnetHandlerTest.testChangeSimpleName","result":"PASS","time":10.066271676,"stackTrace":[]},"org.apache.dubbo.rpc.protocol.dubbo.DubboProtocolTest.testDemoProtocol":{"name":"org.apache.dubbo.rpc.protocol.dubbo.DubboProtocolTest.testDemoProtocol","result":"PASS","time":0.071661218,"stackTrace":[]},"org.apache.dubbo.rpc.protocol.dubbo.DubboProtocolTest.testPerm":{"name":"org.apache.dubbo.rpc.protocol.dubbo.DubboProtocolTest.testPerm","result":"PASS","time":10.779297554,"stackTrace":[]},"org.apache.dubbo.rpc.protocol.dubbo.ImplicitCallBackTest.test_Async_Future":{"name":"org.apache.dubbo.rpc.protocol.dubbo.ImplicitCallBackTest.test_Async_Future","result":"PASS","time":10.093107849,"stackTrace":[]},"org.apache.dubbo.rpc.protocol.dubbo.telnet.ListTelnetHandlerTest.testList":{"name":"org.apache.dubbo.rpc.protocol.dubbo.telnet.ListTelnetHandlerTest.testList","result":"PASS","time":0.08877474,"stackTrace":[]},"org.apache.dubbo.rpc.protocol.dubbo.telnet.PortTelnetHandlerTest.testListClient":{"name":"org.apache.dubbo.rpc.protocol.dubbo.telnet.PortTelnetHandlerTest.testListClient","result":"PASS","time":5.070548435,"stackTrace":[]},"org.apache.dubbo.rpc.protocol.dubbo.telnet.LogTelnetHandlerTest.testPrintLog":{"name":"org.apache.dubbo.rpc.protocol.dubbo.telnet.LogTelnetHandlerTest.testPrintLog","result":"PASS","time":0.012411052,"stackTrace":[]},"org.apache.dubbo.rpc.protocol.dubbo.ImplicitCallBackTest.test_Sync_Onreturn":{"name":"org.apache.dubbo.rpc.protocol.dubbo.ImplicitCallBackTest.test_Sync_Onreturn","result":"PASS","time":10.116951576,"stackTrace":[]}},"diffs":{}},"expected":"FAILURE","dependentTest":"org.apache.dubbo.rpc.protocol.dubbo.telnet.PortTelnetHandlerTest.testListAllPort","polluters":[{"time":{"startTime":1574054945878,"endTime":1574054945878,"elapsedSeconds":0.0},"index":0,"deps":["org.apache.dubbo.rpc.protocol.dubbo.MultiThreadTest.testDubboMultiThreadInvoke"],"cleanerData":{"dependentTest":"org.apache.dubbo.rpc.protocol.dubbo.telnet.PortTelnetHandlerTest.testListAllPort","time":{"addTime":{"startTime":1574054945918,"endTime":1574055180190,"elapsedSeconds":234.27299976348877},"totalTime":{"startTime":1574054945918,"endTime":1574055630533,"elapsedSeconds":684.6150000095367}},"expected":"FAILURE","isolationResult":"PASS","cleaners":[{"dependentTest":"org.apache.dubbo.rpc.protocol.dubbo.telnet.PortTelnetHandlerTest.testListAllPort","originalSize":23,"cleanerTests":["org.apache.dubbo.rpc.protocol.dubbo.ImplicitCallBackTest.test_Normal_Ex"],"orderFound":0,"time":{"addTime":{"startTime":1574054945918,"endTime":1574055180190,"elapsedSeconds":234.27299976348877},"totalTime":{"startTime":1574054945918,"endTime":1574055630533,"elapsedSeconds":684.6150000095367}}}]}},{"time":{"startTime":1574055655077,"endTime":1574055655077,"elapsedSeconds":0.0},"index":1,"deps":["org.apache.dubbo.rpc.protocol.dubbo.ExplicitCallbackTest.TestCallbackProviderLimit"],"cleanerData":{"dependentTest":"org.apache.dubbo.rpc.protocol.dubbo.telnet.PortTelnetHandlerTest.testListAllPort","time":{"addTime":{"startTime":1574055655095,"endTime":1574055979589,"elapsedSeconds":324.4940001964569},"totalTime":{"startTime":1574055655095,"endTime":1574056545802,"elapsedSeconds":890.7070000171661}},"expected":"FAILURE","isolationResult":"PASS","cleaners":[{"dependentTest":"org.apache.dubbo.rpc.protocol.dubbo.telnet.PortTelnetHandlerTest.testListAllPort","originalSize":34,"cleanerTests":["org.apache.dubbo.rpc.protocol.dubbo.ImplicitCallBackTest.test_Normal_Ex"],"orderFound":0,"time":{"addTime":{"startTime":1574055655095,"endTime":1574055979589,"elapsedSeconds":324.4940001964569},"totalTime":{"startTime":1574055655095,"endTime":1574056545802,"elapsedSeconds":890.7070000171661}}}]}},{"time":{"startTime":1574056566514,"endTime":1574056566514,"elapsedSeconds":0.0},"index":2,"deps":["org.apache.dubbo.rpc.protocol.dubbo.ExplicitCallbackTest.TestCallbackMultiInstans"],"cleanerData":{"dependentTest":"org.apache.dubbo.rpc.protocol.dubbo.telnet.PortTelnetHandlerTest.testListAllPort","time":{"addTime":{"startTime":1574056566533,"endTime":1574056877426,"elapsedSeconds":310.8939998149872},"totalTime":{"startTime":1574056566533,"endTime":1574057635724,"elapsedSeconds":1069.1909999847412}},"expected":"FAILURE","isolationResult":"PASS","cleaners":[{"dependentTest":"org.apache.dubbo.rpc.protocol.dubbo.telnet.PortTelnetHandlerTest.testListAllPort","originalSize":33,"cleanerTests":["org.apache.dubbo.rpc.protocol.dubbo.ImplicitCallBackTest.test_Normal_Ex"],"orderFound":0,"time":{"addTime":{"startTime":1574056566533,"endTime":1574056877426,"elapsedSeconds":310.8939998149872},"totalTime":{"startTime":1574056566533,"endTime":1574057635724,"elapsedSeconds":1069.1909999847412}}}]}},{"time":{"startTime":1574058028659,"endTime":1574058028659,"elapsedSeconds":0.0},"index":3,"deps":["org.apache.dubbo.rpc.protocol.dubbo.ExplicitCallbackTest.TestCallbackNormal"],"cleanerData":{"dependentTest":"org.apache.dubbo.rpc.protocol.dubbo.telnet.PortTelnetHandlerTest.testListAllPort","time":{"addTime":{"startTime":1574058028671,"endTime":1574058339916,"elapsedSeconds":311.2449998855591},"totalTime":{"startTime":1574058028671,"endTime":1574059279184,"elapsedSeconds":1250.513000011444}},"expected":"FAILURE","isolationResult":"PASS","cleaners":[{"dependentTest":"org.apache.dubbo.rpc.protocol.dubbo.telnet.PortTelnetHandlerTest.testListAllPort","originalSize":32,"cleanerTests":["org.apache.dubbo.rpc.protocol.dubbo.ImplicitCallBackTest.test_Normal_Ex"],"orderFound":0,"time":{"addTime":{"startTime":1574058028671,"endTime":1574058339916,"elapsedSeconds":311.2449998855591},"totalTime":{"startTime":1574058028671,"endTime":1574059279184,"elapsedSeconds":1250.513000011444}}}]}},{"time":{"startTime":1574060086881,"endTime":1574060086881,"elapsedSeconds":0.0},"index":4,"deps":["org.apache.dubbo.rpc.protocol.dubbo.ExplicitCallbackTest.TestCallbackConsumerLimit"],"cleanerData":{"dependentTest":"org.apache.dubbo.rpc.protocol.dubbo.telnet.PortTelnetHandlerTest.testListAllPort","time":{"addTime":{"startTime":1574060086895,"endTime":1574060380425,"elapsedSeconds":293.52999997138977},"totalTime":{"startTime":1574060086895,"endTime":1574061251293,"elapsedSeconds":1164.3980000019073}},"expected":"FAILURE","isolationResult":"PASS","cleaners":[{"dependentTest":"org.apache.dubbo.rpc.protocol.dubbo.telnet.PortTelnetHandlerTest.testListAllPort","originalSize":31,"cleanerTests":["org.apache.dubbo.rpc.protocol.dubbo.ImplicitCallBackTest.test_Normal_Ex"],"orderFound":0,"time":{"addTime":{"startTime":1574060086895,"endTime":1574060380425,"elapsedSeconds":293.52999997138977},"totalTime":{"startTime":1574060086895,"endTime":1574061251293,"elapsedSeconds":1164.3980000019073}}}]}},{"time":{"startTime":1574062170437,"endTime":1574062170437,"elapsedSeconds":0.0},"index":5,"deps":["org.apache.dubbo.rpc.protocol.dubbo.DubboLazyConnectTest.testSticky4"],"cleanerData":{"dependentTest":"org.apache.dubbo.rpc.protocol.dubbo.telnet.PortTelnetHandlerTest.testListAllPort","time":{"addTime":{"startTime":1574062201586,"endTime":1574062201586,"elapsedSeconds":0.0},"totalTime":{"startTime":1574062201586,"endTime":1574062201586,"elapsedSeconds":0.0}},"expected":"FAILURE","isolationResult":"PASS","cleaners":[]}},{"time":{"startTime":1574062434845,"endTime":1574062434845,"elapsedSeconds":0.0},"index":6,"deps":["org.apache.dubbo.rpc.protocol.dubbo.DubboProtocolTest.testDubboProtocol"],"cleanerData":{"dependentTest":"org.apache.dubbo.rpc.protocol.dubbo.telnet.PortTelnetHandlerTest.testListAllPort","time":{"addTime":{"startTime":1574062434854,"endTime":1574062728092,"elapsedSeconds":293.23799991607666},"totalTime":{"startTime":1574062434854,"endTime":1574063743174,"elapsedSeconds":1308.3199999332428}},"expected":"FAILURE","isolationResult":"PASS","cleaners":[{"dependentTest":"org.apache.dubbo.rpc.protocol.dubbo.telnet.PortTelnetHandlerTest.testListAllPort","originalSize":30,"cleanerTests":["org.apache.dubbo.rpc.protocol.dubbo.ImplicitCallBackTest.test_Normal_Ex"],"orderFound":0,"time":{"addTime":{"startTime":1574062434854,"endTime":1574062728092,"elapsedSeconds":293.23799991607666},"totalTime":{"startTime":1574062434854,"endTime":1574063743174,"elapsedSeconds":1308.3199999332428}}}]}},{"time":{"startTime":1574064768731,"endTime":1574064768731,"elapsedSeconds":0.0},"index":7,"deps":["org.apache.dubbo.rpc.protocol.dubbo.DubboProtocolTest.testPerm"],"cleanerData":{"dependentTest":"org.apache.dubbo.rpc.protocol.dubbo.telnet.PortTelnetHandlerTest.testListAllPort","time":{"addTime":{"startTime":1574064768743,"endTime":1574065064840,"elapsedSeconds":296.0979998111725},"totalTime":{"startTime":1574064768743,"endTime":1574066204325,"elapsedSeconds":1435.5820000171661}},"expected":"FAILURE","isolationResult":"PASS","cleaners":[{"dependentTest":"org.apache.dubbo.rpc.protocol.dubbo.telnet.PortTelnetHandlerTest.testListAllPort","originalSize":29,"cleanerTests":["org.apache.dubbo.rpc.protocol.dubbo.ImplicitCallBackTest.test_Normal_Ex"],"orderFound":0,"time":{"addTime":{"startTime":1574064768743,"endTime":1574065064840,"elapsedSeconds":296.0979998111725},"totalTime":{"startTime":1574064768743,"endTime":1574066204325,"elapsedSeconds":1435.5820000171661}}}]}},{"time":{"startTime":1574067264158,"endTime":1574067264158,"elapsedSeconds":0.0},"index":8,"deps":["org.apache.dubbo.rpc.protocol.dubbo.DubboProtocolTest.testReturnNonSerialized"],"cleanerData":{"dependentTest":"org.apache.dubbo.rpc.protocol.dubbo.telnet.PortTelnetHandlerTest.testListAllPort","time":{"addTime":{"startTime":1574067264168,"endTime":1574067544409,"elapsedSeconds":280.24199986457825},"totalTime":{"startTime":1574067264168,"endTime":1574068873451,"elapsedSeconds":1609.2829999923706}},"expected":"FAILURE","isolationResult":"PASS","cleaners":[{"dependentTest":"org.apache.dubbo.rpc.protocol.dubbo.telnet.PortTelnetHandlerTest.testListAllPort","originalSize":28,"cleanerTests":["org.apache.dubbo.rpc.protocol.dubbo.ImplicitCallBackTest.test_Normal_Ex"],"orderFound":0,"time":{"addTime":{"startTime":1574067264168,"endTime":1574067544409,"elapsedSeconds":280.24199986457825},"totalTime":{"startTime":1574067264168,"endTime":1574068873451,"elapsedSeconds":1609.2829999923706}}}]}},{"time":{"startTime":1574070472584,"endTime":1574070472584,"elapsedSeconds":0.0},"index":9,"deps":["org.apache.dubbo.rpc.protocol.dubbo.DubboProtocolTest.testDubboProtocolMultiService"],"cleanerData":{"dependentTest":"org.apache.dubbo.rpc.protocol.dubbo.telnet.PortTelnetHandlerTest.testListAllPort","time":{"addTime":{"startTime":1574070472594,"endTime":1574070749141,"elapsedSeconds":276.54699993133545},"totalTime":{"startTime":1574070472594,"endTime":1574072055133,"elapsedSeconds":1582.5389997959137}},"expected":"FAILURE","isolationResult":"PASS","cleaners":[{"dependentTest":"org.apache.dubbo.rpc.protocol.dubbo.telnet.PortTelnetHandlerTest.testListAllPort","originalSize":27,"cleanerTests":["org.apache.dubbo.rpc.protocol.dubbo.ImplicitCallBackTest.test_Normal_Ex"],"orderFound":0,"time":{"addTime":{"startTime":1574070472594,"endTime":1574070749141,"elapsedSeconds":276.54699993133545},"totalTime":{"startTime":1574070472594,"endTime":1574072055133,"elapsedSeconds":1582.5389997959137}}}]}},{"time":{"startTime":1574073706182,"endTime":1574073706182,"elapsedSeconds":0.0},"index":10,"deps":["org.apache.dubbo.rpc.protocol.dubbo.DubboProtocolTest.testDemoProtocol"],"cleanerData":{"dependentTest":"org.apache.dubbo.rpc.protocol.dubbo.telnet.PortTelnetHandlerTest.testListAllPort","time":{"addTime":{"startTime":1574073706192,"endTime":1574074003847,"elapsedSeconds":297.6559998989105},"totalTime":{"startTime":1574073706192,"endTime":1574075545408,"elapsedSeconds":1839.2160000801086}},"expected":"FAILURE","isolationResult":"PASS","cleaners":[{"dependentTest":"org.apache.dubbo.rpc.protocol.dubbo.telnet.PortTelnetHandlerTest.testListAllPort","originalSize":26,"cleanerTests":["org.apache.dubbo.rpc.protocol.dubbo.ImplicitCallBackTest.test_Normal_Ex"],"orderFound":0,"time":{"addTime":{"startTime":1574073706192,"endTime":1574074003847,"elapsedSeconds":297.6559998989105},"totalTime":{"startTime":1574073706192,"endTime":1574075545408,"elapsedSeconds":1839.2160000801086}}}]}},{"time":{"startTime":1574077405182,"endTime":1574077405182,"elapsedSeconds":0.0},"index":11,"deps":["org.apache.dubbo.rpc.protocol.dubbo.DubboProtocolTest.testNonSerializedParameter"],"cleanerData":{"dependentTest":"org.apache.dubbo.rpc.protocol.dubbo.telnet.PortTelnetHandlerTest.testListAllPort","time":{"addTime":{"startTime":1574077405192,"endTime":1574077687063,"elapsedSeconds":281.8710000514984},"totalTime":{"startTime":1574077405192,"endTime":1574079211726,"elapsedSeconds":1806.53400015831}},"expected":"FAILURE","isolationResult":"PASS","cleaners":[{"dependentTest":"org.apache.dubbo.rpc.protocol.dubbo.telnet.PortTelnetHandlerTest.testListAllPort","originalSize":25,"cleanerTests":["org.apache.dubbo.rpc.protocol.dubbo.ImplicitCallBackTest.test_Normal_Ex"],"orderFound":0,"time":{"addTime":{"startTime":1574077405192,"endTime":1574077687063,"elapsedSeconds":281.8710000514984},"totalTime":{"startTime":1574077405192,"endTime":1574079211726,"elapsedSeconds":1806.53400015831}}}]}},{"time":{"startTime":1574081012794,"endTime":1574081012794,"elapsedSeconds":0.0},"index":12,"deps":["org.apache.dubbo.rpc.protocol.dubbo.ReferenceCountExchangeClientTest.test_counter_error"],"cleanerData":{"dependentTest":"org.apache.dubbo.rpc.protocol.dubbo.telnet.PortTelnetHandlerTest.testListAllPort","time":{"addTime":{"startTime":1574081012803,"endTime":1574081421255,"elapsedSeconds":408.4520001411438},"totalTime":{"startTime":1574081012803,"endTime":1574082063834,"elapsedSeconds":1051.031000137329}},"expected":"FAILURE","isolationResult":"PASS","cleaners":[{"dependentTest":"org.apache.dubbo.rpc.protocol.dubbo.telnet.PortTelnetHandlerTest.testListAllPort","originalSize":40,"cleanerTests":["org.apache.dubbo.rpc.protocol.dubbo.ImplicitCallBackTest.test_Normal_Ex"],"orderFound":0,"time":{"addTime":{"startTime":1574081012803,"endTime":1574081421255,"elapsedSeconds":408.4520001411438},"totalTime":{"startTime":1574081012803,"endTime":1574082063834,"elapsedSeconds":1051.031000137329}}}]}},{"time":{"startTime":1574082092174,"endTime":1574082092174,"elapsedSeconds":0.0},"index":13,"deps":["org.apache.dubbo.rpc.protocol.dubbo.ReferenceCountExchangeClientTest.test_not_share_connect"],"cleanerData":{"dependentTest":"org.apache.dubbo.rpc.protocol.dubbo.telnet.PortTelnetHandlerTest.testListAllPort","time":{"addTime":{"startTime":1574082092191,"endTime":1574082523323,"elapsedSeconds":431.1319999694824},"totalTime":{"startTime":1574082092191,"endTime":1574083450050,"elapsedSeconds":1357.858999967575}},"expected":"FAILURE","isolationResult":"PASS","cleaners":[{"dependentTest":"org.apache.dubbo.rpc.protocol.dubbo.telnet.PortTelnetHandlerTest.testListAllPort","originalSize":39,"cleanerTests":["org.apache.dubbo.rpc.protocol.dubbo.ImplicitCallBackTest.test_Normal_Ex"],"orderFound":0,"time":{"addTime":{"startTime":1574082092191,"endTime":1574082523323,"elapsedSeconds":431.1319999694824},"totalTime":{"startTime":1574082092191,"endTime":1574083450050,"elapsedSeconds":1357.858999967575}}}]}},{"time":{"startTime":1574083875547,"endTime":1574083875547,"elapsedSeconds":0.0},"index":14,"deps":["org.apache.dubbo.rpc.protocol.dubbo.ReferenceCountExchangeClientTest.test_multi_destory"],"cleanerData":{"dependentTest":"org.apache.dubbo.rpc.protocol.dubbo.telnet.PortTelnetHandlerTest.testListAllPort","time":{"addTime":{"startTime":1574083875559,"endTime":1574084288513,"elapsedSeconds":412.9540002346039},"totalTime":{"startTime":1574083875559,"endTime":1574085264160,"elapsedSeconds":1388.601000070572}},"expected":"FAILURE","isolationResult":"PASS","cleaners":[{"dependentTest":"org.apache.dubbo.rpc.protocol.dubbo.telnet.PortTelnetHandlerTest.testListAllPort","originalSize":38,"cleanerTests":["org.apache.dubbo.rpc.protocol.dubbo.ImplicitCallBackTest.test_Normal_Ex"],"orderFound":0,"time":{"addTime":{"startTime":1574083875559,"endTime":1574084288513,"elapsedSeconds":412.9540002346039},"totalTime":{"startTime":1574083875559,"endTime":1574085264160,"elapsedSeconds":1388.601000070572}}}]}},{"time":{"startTime":1574086038574,"endTime":1574086038574,"elapsedSeconds":0.0},"index":15,"deps":["org.apache.dubbo.rpc.protocol.dubbo.ReferenceCountExchangeClientTest.test_share_connect"],"cleanerData":{"dependentTest":"org.apache.dubbo.rpc.protocol.dubbo.telnet.PortTelnetHandlerTest.testListAllPort","time":{"addTime":{"startTime":1574086038586,"endTime":1574086416238,"elapsedSeconds":377.6529998779297},"totalTime":{"startTime":1574086038586,"endTime":1574087443484,"elapsedSeconds":1404.8980000019073}},"expected":"FAILURE","isolationResult":"PASS","cleaners":[{"dependentTest":"org.apache.dubbo.rpc.protocol.dubbo.telnet.PortTelnetHandlerTest.testListAllPort","originalSize":37,"cleanerTests":["org.apache.dubbo.rpc.protocol.dubbo.ImplicitCallBackTest.test_Normal_Ex"],"orderFound":0,"time":{"addTime":{"startTime":1574086038586,"endTime":1574086416238,"elapsedSeconds":377.6529998779297},"totalTime":{"startTime":1574086038586,"endTime":1574087443484,"elapsedSeconds":1404.8980000019073}}}]}},{"time":{"startTime":1574088571097,"endTime":1574088571097,"elapsedSeconds":0.0},"index":16,"deps":["org.apache.dubbo.rpc.protocol.dubbo.DubboInvokerAvilableTest.test_Normal_available"],"cleanerData":{"dependentTest":"org.apache.dubbo.rpc.protocol.dubbo.telnet.PortTelnetHandlerTest.testListAllPort","time":{"addTime":{"startTime":1574088635951,"endTime":1574088635951,"elapsedSeconds":0.0},"totalTime":{"startTime":1574088635951,"endTime":1574088635951,"elapsedSeconds":0.0}},"expected":"FAILURE","isolationResult":"PASS","cleaners":[]}},{"time":{"startTime":1574088654963,"endTime":1574088654963,"elapsedSeconds":0.0},"index":17,"deps":["org.apache.dubbo.rpc.protocol.dubbo.DubboInvokerAvilableTest.test_NoInvokers"],"cleanerData":{"dependentTest":"org.apache.dubbo.rpc.protocol.dubbo.telnet.PortTelnetHandlerTest.testListAllPort","time":{"addTime":{"startTime":1574088716670,"endTime":1574088716670,"elapsedSeconds":0.0},"totalTime":{"startTime":1574088716670,"endTime":1574088716670,"elapsedSeconds":0.0}},"expected":"FAILURE","isolationResult":"PASS","cleaners":[]}},{"time":{"startTime":1574088740100,"endTime":1574088740100,"elapsedSeconds":0.0},"index":18,"deps":["org.apache.dubbo.rpc.protocol.dubbo.DubboInvokerAvilableTest.test_Normal_ChannelReadOnly"],"cleanerData":{"dependentTest":"org.apache.dubbo.rpc.protocol.dubbo.telnet.PortTelnetHandlerTest.testListAllPort","time":{"addTime":{"startTime":1574088807611,"endTime":1574088807611,"elapsedSeconds":0.0},"totalTime":{"startTime":1574088807611,"endTime":1574088807611,"elapsedSeconds":0.0}},"expected":"FAILURE","isolationResult":"PASS","cleaners":[]}},{"time":{"startTime":1574088833180,"endTime":1574088833180,"elapsedSeconds":0.0},"index":19,"deps":["org.apache.dubbo.rpc.protocol.dubbo.DubboInvokerAvilableTest.test_Lazy_ChannelReadOnly"],"cleanerData":{"dependentTest":"org.apache.dubbo.rpc.protocol.dubbo.telnet.PortTelnetHandlerTest.testListAllPort","time":{"addTime":{"startTime":1574088905796,"endTime":1574088905796,"elapsedSeconds":0.0},"totalTime":{"startTime":1574088905796,"endTime":1574088905796,"elapsedSeconds":0.0}},"expected":"FAILURE","isolationResult":"PASS","cleaners":[]}},{"time":{"startTime":1574089116170,"endTime":1574089116170,"elapsedSeconds":0.0},"index":20,"deps":["org.apache.dubbo.rpc.protocol.dubbo.RpcFilterTest.testRpcFilter"],"cleanerData":{"dependentTest":"org.apache.dubbo.rpc.protocol.dubbo.telnet.PortTelnetHandlerTest.testListAllPort","time":{"addTime":{"startTime":1574089185833,"endTime":1574089185833,"elapsedSeconds":0.0},"totalTime":{"startTime":1574089185833,"endTime":1574089185833,"elapsedSeconds":0.0}},"expected":"FAILURE","isolationResult":"PASS","cleaners":[]}}],"hash":"2d2e8e53d18f8617cd5564eb4d831699","flakyClass":"OD"}