{"time":{"startTime":1574060918301,"endTime":1574067727272,"elapsedSeconds":6808.970999956131},"expectedRun":{"id":"1574060854244-5bae5564-b51e-4baa-9545-1d53cfdab40f","testOrder":["org.apache.struts2.portlet.context.PortletActionContextTest.testGetRenderRequestAndResponseInEventPhase","org.apache.struts2.portlet.context.PortletActionContextTest.testGetActionRequestAndResponseInRenderPhase","org.apache.struts2.portlet.context.PortletActionContextTest.testIsRender","org.apache.struts2.portlet.context.PortletActionContextTest.testGetPhase","org.apache.struts2.portlet.context.PortletActionContextTest.testIsEvent","org.apache.struts2.portlet.context.PortletActionContextTest.testGetPortletConfig","org.apache.struts2.portlet.context.PortletActionContextTest.testIsAction","org.apache.struts2.portlet.context.PortletActionContextTest.testGetDefaultActionForMode","org.apache.struts2.portlet.context.PortletActionContextTest.testGetActionRequestAndResponse","org.apache.struts2.portlet.context.PortletActionContextTest.testGetRenderRequestAndResponse","org.apache.struts2.portlet.context.PortletActionContextTest.testGetNamespace","org.apache.struts2.portlet.dispatcher.Jsr168DispatcherTest.testModeChangeUsingPortletWidgets","org.apache.struts2.portlet.dispatcher.Jsr168DispatcherTest.testProcessAction_ok","org.apache.struts2.portlet.dispatcher.Jsr168DispatcherTest.testParseConfigWithBang","org.apache.struts2.portlet.dispatcher.Jsr168DispatcherTest.testRender_ok","org.apache.struts2.portlet.interceptor.PortletStateInterceptorTest.testRestoreValueStackInRenderPhaseWhenNotProperPrg","org.apache.struts2.portlet.interceptor.PortletStateInterceptorTest.testDoNotRestoreValueStackInRenderPhaseWhenProperPrg","org.apache.struts2.portlet.interceptor.PortletStateInterceptorTest.testCopyValueStackFromEventToRenderPhase","org.apache.struts2.portlet.PortletRequestMapTest.testEntrySet","org.apache.struts2.portlet.PortletRequestMapTest.testRemove","org.apache.struts2.portlet.PortletRequestMapTest.testClear","org.apache.struts2.portlet.PortletRequestMapTest.testGet","org.apache.struts2.portlet.PortletRequestMapTest.testPut","org.apache.struts2.portlet.result.PortletResultTest.testDoExecute_render","org.apache.struts2.portlet.result.PortletResultTest.testTitleAndContentType","org.apache.struts2.portlet.result.PortletResultTest.testDoExecute_event_locationIsAction","org.apache.struts2.portlet.result.PortletResultTest.testDoExecute_event_locationIsJsp","org.apache.struts2.portlet.result.PortletResultTest.testDoExecute_event_locationHasQueryParams","org.apache.struts2.portlet.dispatcher.Jsr286DispatcherTest.testProcessAction_ok","org.apache.struts2.portlet.dispatcher.Jsr286DispatcherTest.testParseConfigWithBang","org.apache.struts2.portlet.dispatcher.Jsr286DispatcherTest.testRender_ok","org.apache.struts2.portlet.dispatcher.Jsr286DispatcherTest.testModeChangeUsingPortletWidgets","org.apache.struts2.views.jsp.PortletUrlTagTest.testActionUrl","org.apache.struts2.views.jsp.PortletUrlTagTest.testEnsureParamsAreStringArrays","org.apache.struts2.views.jsp.PortletUrlTagTest.testSetWindowState","org.apache.struts2.views.jsp.PortletUrlTagTest.testSetPortletMode","org.apache.struts2.views.jsp.PortletUrlTagTest.testUrlWithMethod","org.apache.struts2.views.jsp.PortletUrlTagTest.testResourceUrlWithNestedParam","org.apache.struts2.views.jsp.PortletUrlTagTest.testUrlWithQueryParams","org.apache.struts2.views.jsp.PortletUrlTagTest.testResourceUrlWithTwoNestedParam","org.apache.struts2.views.jsp.PortletUrlTagTest.testResourceUrl","org.apache.struts2.views.jsp.PortletUrlTagTest.testWhenPortletModeDiffersFromCurrentAndNoParametersAreSetRenderTheDefaults","org.apache.struts2.views.jsp.PortletUrlTagTest.testUrlWithNoActionOrMethod","org.apache.struts2.components.PortletUrlRendererTest.testRenderUrlWithNamespace","org.apache.struts2.components.PortletUrlRendererTest.testIsPortelModeChanged","org.apache.struts2.portlet.PortletSessionMapTest.testEntrySet","org.apache.struts2.portlet.PortletSessionMapTest.testPut","org.apache.struts2.portlet.PortletSessionMapTest.testGet","org.apache.struts2.portlet.PortletSessionMapTest.testClear","org.apache.struts2.portlet.PortletSessionMapTest.testRemove","org.apache.struts2.portlet.interceptor.PortletAwareInterceptorTest.testPortletRequestIsSet","org.apache.struts2.portlet.util.PortletUrlHelperTest.testCreateActionUrl","org.apache.struts2.portlet.util.PortletUrlHelperTest.testCreateRenderUrlWithDifferentWindowState","org.apache.struts2.portlet.util.PortletUrlHelperTest.testCreateRenderUrlWithDifferentPortletMode","org.apache.struts2.portlet.util.PortletUrlHelperTest.testCreateRenderUrlWithNoModeOrState","org.apache.struts2.portlet.PortletApplicationMapTest.testRemove","org.apache.struts2.portlet.PortletApplicationMapTest.testGetFromAttributes","org.apache.struts2.portlet.PortletApplicationMapTest.testPut","org.apache.struts2.portlet.PortletApplicationMapTest.testClear","org.apache.struts2.portlet.PortletApplicationMapTest.testEntrySet","org.apache.struts2.portlet.PortletApplicationMapTest.testGetFromInitParameters"],"results":{"org.apache.struts2.portlet.context.PortletActionContextTest.testIsRender":{"name":"org.apache.struts2.portlet.context.PortletActionContextTest.testIsRender","result":"PASS","time":0.006115318,"stackTrace":[]},"org.apache.struts2.views.jsp.PortletUrlTagTest.testSetWindowState":{"name":"org.apache.struts2.views.jsp.PortletUrlTagTest.testSetWindowState","result":"PASS","time":0.719166157,"stackTrace":[]},"org.apache.struts2.portlet.PortletRequestMapTest.testClear":{"name":"org.apache.struts2.portlet.PortletRequestMapTest.testClear","result":"PASS","time":0.002949188,"stackTrace":[]},"org.apache.struts2.portlet.PortletApplicationMapTest.testClear":{"name":"org.apache.struts2.portlet.PortletApplicationMapTest.testClear","result":"PASS","time":0.002471858,"stackTrace":[]},"org.apache.struts2.portlet.context.PortletActionContextTest.testGetActionRequestAndResponseInRenderPhase":{"name":"org.apache.struts2.portlet.context.PortletActionContextTest.testGetActionRequestAndResponseInRenderPhase","result":"PASS","time":0.010020211,"stackTrace":[]},"org.apache.struts2.portlet.dispatcher.Jsr168DispatcherTest.testRender_ok":{"name":"org.apache.struts2.portlet.dispatcher.Jsr168DispatcherTest.testRender_ok","result":"ERROR","time":0.738813416,"stackTrace":[{"declaringClass":"org.jmock.core.AbstractDynamicMock","methodName":"mockInvocation","fileName":"AbstractDynamicMock.java","lineNumber":96},{"declaringClass":"org.jmock.cglib.CGLIBCoreMock","methodName":"intercept","fileName":"CGLIBCoreMock.java","lineNumber":79},{"declaringClass":"org.jmock.codegen.com.opensymphony.xwork2.ActionProxyFactory$$EnhancerByCGLIB$$d550a890","methodName":"createActionProxy","fileName":"\u003cgenerated\u003e","lineNumber":-1},{"declaringClass":"org.apache.struts2.portlet.dispatcher.Jsr168Dispatcher","methodName":"serviceAction","fileName":"Jsr168Dispatcher.java","lineNumber":485},{"declaringClass":"org.apache.struts2.portlet.dispatcher.Jsr168Dispatcher","methodName":"render","fileName":"Jsr168Dispatcher.java","lineNumber":337},{"declaringClass":"org.apache.struts2.portlet.dispatcher.Jsr168DispatcherTest","methodName":"testRender_ok","fileName":"Jsr168DispatcherTest.java","lineNumber":154},{"declaringClass":"sun.reflect.NativeMethodAccessorImpl","methodName":"invoke0","fileName":"NativeMethodAccessorImpl.java","lineNumber":-2},{"declaringClass":"sun.reflect.NativeMethodAccessorImpl","methodName":"invoke","fileName":"NativeMethodAccessorImpl.java","lineNumber":62},{"declaringClass":"sun.reflect.DelegatingMethodAccessorImpl","methodName":"invoke","fileName":"DelegatingMethodAccessorImpl.java","lineNumber":43},{"declaringClass":"java.lang.reflect.Method","methodName":"invoke","fileName":"Method.java","lineNumber":498},{"declaringClass":"org.junit.runners.model.FrameworkMethod$1","methodName":"runReflectiveCall","fileName":"FrameworkMethod.java","lineNumber":50},{"declaringClass":"org.junit.internal.runners.model.ReflectiveCallable","methodName":"run","fileName":"ReflectiveCallable.java","lineNumber":12},{"declaringClass":"org.junit.runners.model.FrameworkMethod","methodName":"invokeExplosively","fileName":"FrameworkMethod.java","lineNumber":47},{"declaringClass":"org.junit.internal.runners.statements.InvokeMethod","methodName":"evaluate","fileName":"InvokeMethod.java","lineNumber":17},{"declaringClass":"org.junit.internal.runners.statements.RunBefores","methodName":"evaluate","fileName":"RunBefores.java","lineNumber":26},{"declaringClass":"org.junit.internal.runners.statements.RunAfters","methodName":"evaluate","fileName":"RunAfters.java","lineNumber":27},{"declaringClass":"com.reedoei.testrunner.execution.JUnitTestRunner","methodName":"runChild","fileName":"JUnitTestRunner.java","lineNumber":332},{"declaringClass":"com.reedoei.testrunner.execution.JUnitTestRunner","methodName":"run","fileName":"JUnitTestRunner.java","lineNumber":108},{"declaringClass":"org.junit.runner.JUnitCore","methodName":"run","fileName":"JUnitCore.java","lineNumber":137},{"declaringClass":"com.reedoei.testrunner.execution.JUnitTestExecutor","methodName":"execute","fileName":"JUnitTestExecutor.java","lineNumber":292},{"declaringClass":"com.reedoei.testrunner.execution.JUnitTestExecutor","methodName":"execute","fileName":"JUnitTestExecutor.java","lineNumber":328},{"declaringClass":"com.reedoei.testrunner.execution.JUnitTestExecutor","methodName":"executeWithJUnit4Runner","fileName":"JUnitTestExecutor.java","lineNumber":366},{"declaringClass":"com.reedoei.testrunner.execution.JUnitTestExecutor","methodName":"runOrder","fileName":"JUnitTestExecutor.java","lineNumber":47},{"declaringClass":"com.reedoei.testrunner.execution.Executor$","methodName":"$anonfun$run$1","fileName":"Executor.scala","lineNumber":30},{"declaringClass":"scala.runtime.java8.JFunction0$mcV$sp","methodName":"apply","fileName":"JFunction0$mcV$sp.java","lineNumber":12},{"declaringClass":"scala.util.Try$","methodName":"apply","fileName":"Try.scala","lineNumber":209},{"declaringClass":"com.reedoei.testrunner.execution.Executor$","methodName":"run","fileName":"Executor.scala","lineNumber":28},{"declaringClass":"com.reedoei.testrunner.execution.Executor$","methodName":"main","fileName":"Executor.scala","lineNumber":18},{"declaringClass":"com.reedoei.testrunner.execution.Executor","methodName":"main","fileName":"Executor.scala","lineNumber":-1}]},"org.apache.struts2.portlet.dispatcher.Jsr286DispatcherTest.testModeChangeUsingPortletWidgets":{"name":"org.apache.struts2.portlet.dispatcher.Jsr286DispatcherTest.testModeChangeUsingPortletWidgets","result":"PASS","time":0.029130212,"stackTrace":[]},"org.apache.struts2.portlet.PortletSessionMapTest.testClear":{"name":"org.apache.struts2.portlet.PortletSessionMapTest.testClear","result":"PASS","time":0.004780137,"stackTrace":[]},"org.apache.struts2.portlet.result.PortletResultTest.testDoExecute_render":{"name":"org.apache.struts2.portlet.result.PortletResultTest.testDoExecute_render","result":"PASS","time":0.087535779,"stackTrace":[]},"org.apache.struts2.portlet.context.PortletActionContextTest.testGetNamespace":{"name":"org.apache.struts2.portlet.context.PortletActionContextTest.testGetNamespace","result":"PASS","time":0.016748849,"stackTrace":[]},"org.apache.struts2.components.PortletUrlRendererTest.testIsPortelModeChanged":{"name":"org.apache.struts2.components.PortletUrlRendererTest.testIsPortelModeChanged","result":"PASS","time":1.240969678,"stackTrace":[]},"org.apache.struts2.views.jsp.PortletUrlTagTest.testUrlWithNoActionOrMethod":{"name":"org.apache.struts2.views.jsp.PortletUrlTagTest.testUrlWithNoActionOrMethod","result":"PASS","time":0.805570706,"stackTrace":[]},"org.apache.struts2.portlet.interceptor.PortletAwareInterceptorTest.testPortletRequestIsSet":{"name":"org.apache.struts2.portlet.interceptor.PortletAwareInterceptorTest.testPortletRequestIsSet","result":"PASS","time":0.046121498,"stackTrace":[]},"org.apache.struts2.portlet.PortletApplicationMapTest.testGetFromAttributes":{"name":"org.apache.struts2.portlet.PortletApplicationMapTest.testGetFromAttributes","result":"PASS","time":0.002254777,"stackTrace":[]},"org.apache.struts2.portlet.result.PortletResultTest.testTitleAndContentType":{"name":"org.apache.struts2.portlet.result.PortletResultTest.testTitleAndContentType","result":"PASS","time":0.008792315,"stackTrace":[]},"org.apache.struts2.portlet.util.PortletUrlHelperTest.testCreateRenderUrlWithNoModeOrState":{"name":"org.apache.struts2.portlet.util.PortletUrlHelperTest.testCreateRenderUrlWithNoModeOrState","result":"PASS","time":0.002587873,"stackTrace":[]},"org.apache.struts2.components.PortletUrlRendererTest.testRenderUrlWithNamespace":{"name":"org.apache.struts2.components.PortletUrlRendererTest.testRenderUrlWithNamespace","result":"PASS","time":1.49740086,"stackTrace":[]},"org.apache.struts2.portlet.result.PortletResultTest.testDoExecute_event_locationIsAction":{"name":"org.apache.struts2.portlet.result.PortletResultTest.testDoExecute_event_locationIsAction","result":"PASS","time":0.016486088,"stackTrace":[]},"org.apache.struts2.portlet.PortletApplicationMapTest.testEntrySet":{"name":"org.apache.struts2.portlet.PortletApplicationMapTest.testEntrySet","result":"PASS","time":0.021476811,"stackTrace":[]},"org.apache.struts2.views.jsp.PortletUrlTagTest.testResourceUrlWithNestedParam":{"name":"org.apache.struts2.views.jsp.PortletUrlTagTest.testResourceUrlWithNestedParam","result":"PASS","time":0.930088881,"stackTrace":[]},"org.apache.struts2.portlet.dispatcher.Jsr286DispatcherTest.testRender_ok":{"name":"org.apache.struts2.portlet.dispatcher.Jsr286DispatcherTest.testRender_ok","result":"PASS","time":0.019068024,"stackTrace":[]},"org.apache.struts2.portlet.PortletSessionMapTest.testGet":{"name":"org.apache.struts2.portlet.PortletSessionMapTest.testGet","result":"PASS","time":0.001118378,"stackTrace":[]},"org.apache.struts2.views.jsp.PortletUrlTagTest.testResourceUrlWithTwoNestedParam":{"name":"org.apache.struts2.views.jsp.PortletUrlTagTest.testResourceUrlWithTwoNestedParam","result":"PASS","time":0.881787063,"stackTrace":[]},"org.apache.struts2.portlet.context.PortletActionContextTest.testGetRenderRequestAndResponseInEventPhase":{"name":"org.apache.struts2.portlet.context.PortletActionContextTest.testGetRenderRequestAndResponseInEventPhase","result":"PASS","time":0.521242865,"stackTrace":[]},"org.apache.struts2.views.jsp.PortletUrlTagTest.testActionUrl":{"name":"org.apache.struts2.views.jsp.PortletUrlTagTest.testActionUrl","result":"PASS","time":1.140773431,"stackTrace":[]},"org.apache.struts2.portlet.context.PortletActionContextTest.testGetRenderRequestAndResponse":{"name":"org.apache.struts2.portlet.context.PortletActionContextTest.testGetRenderRequestAndResponse","result":"PASS","time":0.008852871,"stackTrace":[]},"org.apache.struts2.portlet.PortletRequestMapTest.testPut":{"name":"org.apache.struts2.portlet.PortletRequestMapTest.testPut","result":"PASS","time":0.003587582,"stackTrace":[]},"org.apache.struts2.views.jsp.PortletUrlTagTest.testUrlWithQueryParams":{"name":"org.apache.struts2.views.jsp.PortletUrlTagTest.testUrlWithQueryParams","result":"PASS","time":0.648294923,"stackTrace":[]},"org.apache.struts2.portlet.context.PortletActionContextTest.testGetPortletConfig":{"name":"org.apache.struts2.portlet.context.PortletActionContextTest.testGetPortletConfig","result":"PASS","time":0.00577817,"stackTrace":[]},"org.apache.struts2.portlet.interceptor.PortletStateInterceptorTest.testRestoreValueStackInRenderPhaseWhenNotProperPrg":{"name":"org.apache.struts2.portlet.interceptor.PortletStateInterceptorTest.testRestoreValueStackInRenderPhaseWhenNotProperPrg","result":"PASS","time":2.492161214,"stackTrace":[]},"org.apache.struts2.views.jsp.PortletUrlTagTest.testEnsureParamsAreStringArrays":{"name":"org.apache.struts2.views.jsp.PortletUrlTagTest.testEnsureParamsAreStringArrays","result":"PASS","time":0.690927391,"stackTrace":[]},"org.apache.struts2.portlet.dispatcher.Jsr168DispatcherTest.testModeChangeUsingPortletWidgets":{"name":"org.apache.struts2.portlet.dispatcher.Jsr168DispatcherTest.testModeChangeUsingPortletWidgets","result":"PASS","time":12.476778022,"stackTrace":[]},"org.apache.struts2.portlet.dispatcher.Jsr286DispatcherTest.testParseConfigWithBang":{"name":"org.apache.struts2.portlet.dispatcher.Jsr286DispatcherTest.testParseConfigWithBang","result":"PASS","time":0.004779578,"stackTrace":[]},"org.apache.struts2.portlet.PortletRequestMapTest.testGet":{"name":"org.apache.struts2.portlet.PortletRequestMapTest.testGet","result":"PASS","time":0.003420091,"stackTrace":[]},"org.apache.struts2.portlet.PortletSessionMapTest.testEntrySet":{"name":"org.apache.struts2.portlet.PortletSessionMapTest.testEntrySet","result":"PASS","time":0.017116938,"stackTrace":[]},"org.apache.struts2.portlet.context.PortletActionContextTest.testIsEvent":{"name":"org.apache.struts2.portlet.context.PortletActionContextTest.testIsEvent","result":"PASS","time":0.009194,"stackTrace":[]},"org.apache.struts2.portlet.context.PortletActionContextTest.testIsAction":{"name":"org.apache.struts2.portlet.context.PortletActionContextTest.testIsAction","result":"PASS","time":0.007329454,"stackTrace":[]},"org.apache.struts2.portlet.PortletApplicationMapTest.testRemove":{"name":"org.apache.struts2.portlet.PortletApplicationMapTest.testRemove","result":"PASS","time":0.018610042,"stackTrace":[]},"org.apache.struts2.portlet.interceptor.PortletStateInterceptorTest.testCopyValueStackFromEventToRenderPhase":{"name":"org.apache.struts2.portlet.interceptor.PortletStateInterceptorTest.testCopyValueStackFromEventToRenderPhase","result":"PASS","time":1.50505964,"stackTrace":[]},"org.apache.struts2.portlet.context.PortletActionContextTest.testGetActionRequestAndResponse":{"name":"org.apache.struts2.portlet.context.PortletActionContextTest.testGetActionRequestAndResponse","result":"PASS","time":0.00849896,"stackTrace":[]},"org.apache.struts2.portlet.context.PortletActionContextTest.testGetDefaultActionForMode":{"name":"org.apache.struts2.portlet.context.PortletActionContextTest.testGetDefaultActionForMode","result":"PASS","time":0.033267415,"stackTrace":[]},"org.apache.struts2.portlet.result.PortletResultTest.testDoExecute_event_locationHasQueryParams":{"name":"org.apache.struts2.portlet.result.PortletResultTest.testDoExecute_event_locationHasQueryParams","result":"PASS","time":0.008001586,"stackTrace":[]},"org.apache.struts2.portlet.PortletSessionMapTest.testRemove":{"name":"org.apache.struts2.portlet.PortletSessionMapTest.testRemove","result":"PASS","time":0.002052502,"stackTrace":[]},"org.apache.struts2.views.jsp.PortletUrlTagTest.testWhenPortletModeDiffersFromCurrentAndNoParametersAreSetRenderTheDefaults":{"name":"org.apache.struts2.views.jsp.PortletUrlTagTest.testWhenPortletModeDiffersFromCurrentAndNoParametersAreSetRenderTheDefaults","result":"PASS","time":0.743506803,"stackTrace":[]},"org.apache.struts2.portlet.result.PortletResultTest.testDoExecute_event_locationIsJsp":{"name":"org.apache.struts2.portlet.result.PortletResultTest.testDoExecute_event_locationIsJsp","result":"PASS","time":0.008789032,"stackTrace":[]},"org.apache.struts2.views.jsp.PortletUrlTagTest.testResourceUrl":{"name":"org.apache.struts2.views.jsp.PortletUrlTagTest.testResourceUrl","result":"PASS","time":1.015667708,"stackTrace":[]},"org.apache.struts2.portlet.PortletApplicationMapTest.testPut":{"name":"org.apache.struts2.portlet.PortletApplicationMapTest.testPut","result":"PASS","time":0.001947383,"stackTrace":[]},"org.apache.struts2.portlet.interceptor.PortletStateInterceptorTest.testDoNotRestoreValueStackInRenderPhaseWhenProperPrg":{"name":"org.apache.struts2.portlet.interceptor.PortletStateInterceptorTest.testDoNotRestoreValueStackInRenderPhaseWhenProperPrg","result":"PASS","time":2.109461789,"stackTrace":[]},"org.apache.struts2.portlet.dispatcher.Jsr286DispatcherTest.testProcessAction_ok":{"name":"org.apache.struts2.portlet.dispatcher.Jsr286DispatcherTest.testProcessAction_ok","result":"PASS","time":0.585844561,"stackTrace":[]},"org.apache.struts2.portlet.util.PortletUrlHelperTest.testCreateRenderUrlWithDifferentWindowState":{"name":"org.apache.struts2.portlet.util.PortletUrlHelperTest.testCreateRenderUrlWithDifferentWindowState","result":"PASS","time":0.002868166,"stackTrace":[]},"org.apache.struts2.portlet.dispatcher.Jsr168DispatcherTest.testProcessAction_ok":{"name":"org.apache.struts2.portlet.dispatcher.Jsr168DispatcherTest.testProcessAction_ok","result":"ERROR","time":1.93063439,"stackTrace":[{"declaringClass":"org.jmock.core.AbstractDynamicMock","methodName":"mockInvocation","fileName":"AbstractDynamicMock.java","lineNumber":96},{"declaringClass":"org.jmock.cglib.CGLIBCoreMock","methodName":"intercept","fileName":"CGLIBCoreMock.java","lineNumber":79},{"declaringClass":"org.jmock.codegen.com.opensymphony.xwork2.ActionProxyFactory$$EnhancerByCGLIB$$d550a890","methodName":"createActionProxy","fileName":"\u003cgenerated\u003e","lineNumber":-1},{"declaringClass":"org.apache.struts2.portlet.dispatcher.Jsr168Dispatcher","methodName":"serviceAction","fileName":"Jsr168Dispatcher.java","lineNumber":485},{"declaringClass":"org.apache.struts2.portlet.dispatcher.Jsr168Dispatcher","methodName":"processAction","fileName":"Jsr168Dispatcher.java","lineNumber":305},{"declaringClass":"org.apache.struts2.portlet.dispatcher.Jsr168DispatcherTest","methodName":"testProcessAction_ok","fileName":"Jsr168DispatcherTest.java","lineNumber":183},{"declaringClass":"sun.reflect.NativeMethodAccessorImpl","methodName":"invoke0","fileName":"NativeMethodAccessorImpl.java","lineNumber":-2},{"declaringClass":"sun.reflect.NativeMethodAccessorImpl","methodName":"invoke","fileName":"NativeMethodAccessorImpl.java","lineNumber":62},{"declaringClass":"sun.reflect.DelegatingMethodAccessorImpl","methodName":"invoke","fileName":"DelegatingMethodAccessorImpl.java","lineNumber":43},{"declaringClass":"java.lang.reflect.Method","methodName":"invoke","fileName":"Method.java","lineNumber":498},{"declaringClass":"org.junit.runners.model.FrameworkMethod$1","methodName":"runReflectiveCall","fileName":"FrameworkMethod.java","lineNumber":50},{"declaringClass":"org.junit.internal.runners.model.ReflectiveCallable","methodName":"run","fileName":"ReflectiveCallable.java","lineNumber":12},{"declaringClass":"org.junit.runners.model.FrameworkMethod","methodName":"invokeExplosively","fileName":"FrameworkMethod.java","lineNumber":47},{"declaringClass":"org.junit.internal.runners.statements.InvokeMethod","methodName":"evaluate","fileName":"InvokeMethod.java","lineNumber":17},{"declaringClass":"org.junit.internal.runners.statements.RunBefores","methodName":"evaluate","fileName":"RunBefores.java","lineNumber":26},{"declaringClass":"org.junit.internal.runners.statements.RunAfters","methodName":"evaluate","fileName":"RunAfters.java","lineNumber":27},{"declaringClass":"com.reedoei.testrunner.execution.JUnitTestRunner","methodName":"runChild","fileName":"JUnitTestRunner.java","lineNumber":332},{"declaringClass":"com.reedoei.testrunner.execution.JUnitTestRunner","methodName":"run","fileName":"JUnitTestRunner.java","lineNumber":108},{"declaringClass":"org.junit.runner.JUnitCore","methodName":"run","fileName":"JUnitCore.java","lineNumber":137},{"declaringClass":"com.reedoei.testrunner.execution.JUnitTestExecutor","methodName":"execute","fileName":"JUnitTestExecutor.java","lineNumber":292},{"declaringClass":"com.reedoei.testrunner.execution.JUnitTestExecutor","methodName":"execute","fileName":"JUnitTestExecutor.java","lineNumber":328},{"declaringClass":"com.reedoei.testrunner.execution.JUnitTestExecutor","methodName":"executeWithJUnit4Runner","fileName":"JUnitTestExecutor.java","lineNumber":366},{"declaringClass":"com.reedoei.testrunner.execution.JUnitTestExecutor","methodName":"runOrder","fileName":"JUnitTestExecutor.java","lineNumber":47},{"declaringClass":"com.reedoei.testrunner.execution.Executor$","methodName":"$anonfun$run$1","fileName":"Executor.scala","lineNumber":30},{"declaringClass":"scala.runtime.java8.JFunction0$mcV$sp","methodName":"apply","fileName":"JFunction0$mcV$sp.java","lineNumber":12},{"declaringClass":"scala.util.Try$","methodName":"apply","fileName":"Try.scala","lineNumber":209},{"declaringClass":"com.reedoei.testrunner.execution.Executor$","methodName":"run","fileName":"Executor.scala","lineNumber":28},{"declaringClass":"com.reedoei.testrunner.execution.Executor$","methodName":"main","fileName":"Executor.scala","lineNumber":18},{"declaringClass":"com.reedoei.testrunner.execution.Executor","methodName":"main","fileName":"Executor.scala","lineNumber":-1}]},"org.apache.struts2.portlet.PortletApplicationMapTest.testGetFromInitParameters":{"name":"org.apache.struts2.portlet.PortletApplicationMapTest.testGetFromInitParameters","result":"PASS","time":0.003968314,"stackTrace":[]},"org.apache.struts2.portlet.dispatcher.Jsr168DispatcherTest.testParseConfigWithBang":{"name":"org.apache.struts2.portlet.dispatcher.Jsr168DispatcherTest.testParseConfigWithBang","result":"PASS","time":0.173169156,"stackTrace":[]},"org.apache.struts2.portlet.context.PortletActionContextTest.testGetPhase":{"name":"org.apache.struts2.portlet.context.PortletActionContextTest.testGetPhase","result":"PASS","time":0.066001345,"stackTrace":[]},"org.apache.struts2.portlet.util.PortletUrlHelperTest.testCreateRenderUrlWithDifferentPortletMode":{"name":"org.apache.struts2.portlet.util.PortletUrlHelperTest.testCreateRenderUrlWithDifferentPortletMode","result":"PASS","time":0.002674203,"stackTrace":[]},"org.apache.struts2.portlet.util.PortletUrlHelperTest.testCreateActionUrl":{"name":"org.apache.struts2.portlet.util.PortletUrlHelperTest.testCreateActionUrl","result":"PASS","time":0.006580913,"stackTrace":[]},"org.apache.struts2.views.jsp.PortletUrlTagTest.testSetPortletMode":{"name":"org.apache.struts2.views.jsp.PortletUrlTagTest.testSetPortletMode","result":"PASS","time":0.619574429,"stackTrace":[]},"org.apache.struts2.portlet.PortletSessionMapTest.testPut":{"name":"org.apache.struts2.portlet.PortletSessionMapTest.testPut","result":"PASS","time":0.001777307,"stackTrace":[]},"org.apache.struts2.portlet.PortletRequestMapTest.testRemove":{"name":"org.apache.struts2.portlet.PortletRequestMapTest.testRemove","result":"PASS","time":0.004869261,"stackTrace":[]},"org.apache.struts2.portlet.PortletRequestMapTest.testEntrySet":{"name":"org.apache.struts2.portlet.PortletRequestMapTest.testEntrySet","result":"PASS","time":0.034894553,"stackTrace":[]},"org.apache.struts2.views.jsp.PortletUrlTagTest.testUrlWithMethod":{"name":"org.apache.struts2.views.jsp.PortletUrlTagTest.testUrlWithMethod","result":"PASS","time":1.302640696,"stackTrace":[]}},"diffs":{}},"expected":"ERROR","dependentTest":"org.apache.struts2.portlet.dispatcher.Jsr168DispatcherTest.testProcessAction_ok","polluters":[{"time":{"startTime":1574061131153,"endTime":1574061131153,"elapsedSeconds":0.0},"index":0,"deps":["org.apache.struts2.portlet.dispatcher.Jsr168DispatcherTest.testModeChangeUsingPortletWidgets"],"cleanerData":{"dependentTest":"org.apache.struts2.portlet.dispatcher.Jsr168DispatcherTest.testProcessAction_ok","time":{"addTime":{"startTime":1574061131210,"endTime":1574061243177,"elapsedSeconds":111.96700024604797},"totalTime":{"startTime":1574061131210,"endTime":1574062810710,"elapsedSeconds":1679.5}},"expected":"ERROR","isolationResult":"PASS","cleaners":[{"dependentTest":"org.apache.struts2.portlet.dispatcher.Jsr168DispatcherTest.testProcessAction_ok","originalSize":59,"cleanerTests":["org.apache.struts2.components.PortletUrlRendererTest.testRenderUrlWithNamespace"],"orderFound":0,"time":{"addTime":{"startTime":1574061131210,"endTime":1574061243177,"elapsedSeconds":111.96700024604797},"totalTime":{"startTime":1574061131210,"endTime":1574062810710,"elapsedSeconds":1679.5}}},{"dependentTest":"org.apache.struts2.portlet.dispatcher.Jsr168DispatcherTest.testProcessAction_ok","originalSize":1,"cleanerTests":["org.apache.struts2.components.PortletUrlRendererTest.testIsPortelModeChanged"],"orderFound":2,"time":{"addTime":{"startTime":1574061131210,"endTime":1574061274138,"elapsedSeconds":142.92799997329712},"totalTime":{"startTime":1574061131210,"endTime":1574062864228,"elapsedSeconds":1733.0179998874664}}},{"dependentTest":"org.apache.struts2.portlet.dispatcher.Jsr168DispatcherTest.testProcessAction_ok","originalSize":1,"cleanerTests":["org.apache.struts2.portlet.interceptor.PortletStateInterceptorTest.testCopyValueStackFromEventToRenderPhase"],"orderFound":3,"time":{"addTime":{"startTime":1574061131210,"endTime":1574061852002,"elapsedSeconds":720.7920005321503},"totalTime":{"startTime":1574061131210,"endTime":1574062917451,"elapsedSeconds":1786.2409999370575}}},{"dependentTest":"org.apache.struts2.portlet.dispatcher.Jsr168DispatcherTest.testProcessAction_ok","originalSize":1,"cleanerTests":["org.apache.struts2.portlet.interceptor.PortletStateInterceptorTest.testRestoreValueStackInRenderPhaseWhenNotProperPrg"],"orderFound":4,"time":{"addTime":{"startTime":1574061131210,"endTime":1574061897595,"elapsedSeconds":766.3850004673004},"totalTime":{"startTime":1574061131210,"endTime":1574062984011,"elapsedSeconds":1852.800999879837}}},{"dependentTest":"org.apache.struts2.portlet.dispatcher.Jsr168DispatcherTest.testProcessAction_ok","originalSize":1,"cleanerTests":["org.apache.struts2.portlet.interceptor.PortletStateInterceptorTest.testDoNotRestoreValueStackInRenderPhaseWhenProperPrg"],"orderFound":5,"time":{"addTime":{"startTime":1574061131210,"endTime":1574061909525,"elapsedSeconds":778.3150005340576},"totalTime":{"startTime":1574061131210,"endTime":1574063036095,"elapsedSeconds":1904.8849999904633}}},{"dependentTest":"org.apache.struts2.portlet.dispatcher.Jsr168DispatcherTest.testProcessAction_ok","originalSize":1,"cleanerTests":["org.apache.struts2.views.jsp.PortletUrlTagTest.testSetWindowState"],"orderFound":6,"time":{"addTime":{"startTime":1574061131210,"endTime":1574062068992,"elapsedSeconds":937.7820003032684},"totalTime":{"startTime":1574061131210,"endTime":1574063097484,"elapsedSeconds":1966.273999929428}}},{"dependentTest":"org.apache.struts2.portlet.dispatcher.Jsr168DispatcherTest.testProcessAction_ok","originalSize":1,"cleanerTests":["org.apache.struts2.views.jsp.PortletUrlTagTest.testUrlWithMethod"],"orderFound":7,"time":{"addTime":{"startTime":1574061131210,"endTime":1574062090152,"elapsedSeconds":958.9420003890991},"totalTime":{"startTime":1574061131210,"endTime":1574063158117,"elapsedSeconds":2026.9070000648499}}},{"dependentTest":"org.apache.struts2.portlet.dispatcher.Jsr168DispatcherTest.testProcessAction_ok","originalSize":1,"cleanerTests":["org.apache.struts2.views.jsp.PortletUrlTagTest.testResourceUrlWithTwoNestedParam"],"orderFound":8,"time":{"addTime":{"startTime":1574061131210,"endTime":1574062104106,"elapsedSeconds":972.8960003852844},"totalTime":{"startTime":1574061131210,"endTime":1574063209316,"elapsedSeconds":2078.1059999465942}}},{"dependentTest":"org.apache.struts2.portlet.dispatcher.Jsr168DispatcherTest.testProcessAction_ok","originalSize":1,"cleanerTests":["org.apache.struts2.views.jsp.PortletUrlTagTest.testUrlWithNoActionOrMethod"],"orderFound":9,"time":{"addTime":{"startTime":1574061131210,"endTime":1574062137100,"elapsedSeconds":1005.8900003433228},"totalTime":{"startTime":1574061131210,"endTime":1574063270805,"elapsedSeconds":2139.5950000286102}}},{"dependentTest":"org.apache.struts2.portlet.dispatcher.Jsr168DispatcherTest.testProcessAction_ok","originalSize":1,"cleanerTests":["org.apache.struts2.views.jsp.PortletUrlTagTest.testWhenPortletModeDiffersFromCurrentAndNoParametersAreSetRenderTheDefaults"],"orderFound":10,"time":{"addTime":{"startTime":1574061131210,"endTime":1574062164769,"elapsedSeconds":1033.5590002536774},"totalTime":{"startTime":1574061131210,"endTime":1574063333691,"elapsedSeconds":2202.4809999465942}}},{"dependentTest":"org.apache.struts2.portlet.dispatcher.Jsr168DispatcherTest.testProcessAction_ok","originalSize":1,"cleanerTests":["org.apache.struts2.views.jsp.PortletUrlTagTest.testUrlWithQueryParams"],"orderFound":11,"time":{"addTime":{"startTime":1574061131210,"endTime":1574062186027,"elapsedSeconds":1054.8170001506805},"totalTime":{"startTime":1574061131210,"endTime":1574063393065,"elapsedSeconds":2261.8550000190735}}},{"dependentTest":"org.apache.struts2.portlet.dispatcher.Jsr168DispatcherTest.testProcessAction_ok","originalSize":1,"cleanerTests":["org.apache.struts2.views.jsp.PortletUrlTagTest.testResourceUrl"],"orderFound":12,"time":{"addTime":{"startTime":1574061131210,"endTime":1574062221461,"elapsedSeconds":1090.2510001659393},"totalTime":{"startTime":1574061131210,"endTime":1574063460844,"elapsedSeconds":2329.6340000629425}}},{"dependentTest":"org.apache.struts2.portlet.dispatcher.Jsr168DispatcherTest.testProcessAction_ok","originalSize":1,"cleanerTests":["org.apache.struts2.views.jsp.PortletUrlTagTest.testActionUrl"],"orderFound":13,"time":{"addTime":{"startTime":1574061131210,"endTime":1574062239507,"elapsedSeconds":1108.297000169754},"totalTime":{"startTime":1574061131210,"endTime":1574063519659,"elapsedSeconds":2388.4489998817444}}},{"dependentTest":"org.apache.struts2.portlet.dispatcher.Jsr168DispatcherTest.testProcessAction_ok","originalSize":1,"cleanerTests":["org.apache.struts2.views.jsp.PortletUrlTagTest.testEnsureParamsAreStringArrays"],"orderFound":14,"time":{"addTime":{"startTime":1574061131210,"endTime":1574062263113,"elapsedSeconds":1131.9030001163483},"totalTime":{"startTime":1574061131210,"endTime":1574063574421,"elapsedSeconds":2443.2109999656677}}},{"dependentTest":"org.apache.struts2.portlet.dispatcher.Jsr168DispatcherTest.testProcessAction_ok","originalSize":1,"cleanerTests":["org.apache.struts2.views.jsp.PortletUrlTagTest.testSetPortletMode"],"orderFound":15,"time":{"addTime":{"startTime":1574061131210,"endTime":1574062295403,"elapsedSeconds":1164.1930000782013},"totalTime":{"startTime":1574061131210,"endTime":1574063640994,"elapsedSeconds":2509.7839999198914}}},{"dependentTest":"org.apache.struts2.portlet.dispatcher.Jsr168DispatcherTest.testProcessAction_ok","originalSize":1,"cleanerTests":["org.apache.struts2.views.jsp.PortletUrlTagTest.testResourceUrlWithNestedParam"],"orderFound":16,"time":{"addTime":{"startTime":1574061131210,"endTime":1574062315178,"elapsedSeconds":1183.9680004119873},"totalTime":{"startTime":1574061131210,"endTime":1574063706190,"elapsedSeconds":2574.9800000190735}}}]}},{"time":{"startTime":1574064098960,"endTime":1574064098960,"elapsedSeconds":0.0},"index":1,"deps":["org.apache.struts2.portlet.dispatcher.Jsr286DispatcherTest.testModeChangeUsingPortletWidgets"],"cleanerData":{"dependentTest":"org.apache.struts2.portlet.dispatcher.Jsr168DispatcherTest.testProcessAction_ok","time":{"addTime":{"startTime":1574064098969,"endTime":1574064203367,"elapsedSeconds":104.39899969100952},"totalTime":{"startTime":1574064098969,"endTime":1574065846855,"elapsedSeconds":1747.885999917984}},"expected":"ERROR","isolationResult":"PASS","cleaners":[{"dependentTest":"org.apache.struts2.portlet.dispatcher.Jsr168DispatcherTest.testProcessAction_ok","originalSize":47,"cleanerTests":["org.apache.struts2.portlet.interceptor.PortletStateInterceptorTest.testCopyValueStackFromEventToRenderPhase"],"orderFound":0,"time":{"addTime":{"startTime":1574064098969,"endTime":1574064203367,"elapsedSeconds":104.39899969100952},"totalTime":{"startTime":1574064098969,"endTime":1574065846855,"elapsedSeconds":1747.885999917984}}},{"dependentTest":"org.apache.struts2.portlet.dispatcher.Jsr168DispatcherTest.testProcessAction_ok","originalSize":61,"cleanerTests":["org.apache.struts2.components.PortletUrlRendererTest.testRenderUrlWithNamespace"],"orderFound":2,"time":{"addTime":{"startTime":1574064098969,"endTime":1574064302943,"elapsedSeconds":203.974999666214},"totalTime":{"startTime":1574064098969,"endTime":1574066235625,"elapsedSeconds":2136.6559998989105}}},{"dependentTest":"org.apache.struts2.portlet.dispatcher.Jsr168DispatcherTest.testProcessAction_ok","originalSize":1,"cleanerTests":["org.apache.struts2.components.PortletUrlRendererTest.testIsPortelModeChanged"],"orderFound":4,"time":{"addTime":{"startTime":1574064098969,"endTime":1574064346699,"elapsedSeconds":247.73099946975708},"totalTime":{"startTime":1574064098969,"endTime":1574066300432,"elapsedSeconds":2201.4629998207092}}},{"dependentTest":"org.apache.struts2.portlet.dispatcher.Jsr168DispatcherTest.testProcessAction_ok","originalSize":1,"cleanerTests":["org.apache.struts2.portlet.interceptor.PortletStateInterceptorTest.testRestoreValueStackInRenderPhaseWhenNotProperPrg"],"orderFound":6,"time":{"addTime":{"startTime":1574064098969,"endTime":1574064883482,"elapsedSeconds":784.5139992237091},"totalTime":{"startTime":1574064098969,"endTime":1574066354408,"elapsedSeconds":2255.438999891281}}},{"dependentTest":"org.apache.struts2.portlet.dispatcher.Jsr168DispatcherTest.testProcessAction_ok","originalSize":1,"cleanerTests":["org.apache.struts2.portlet.interceptor.PortletStateInterceptorTest.testDoNotRestoreValueStackInRenderPhaseWhenProperPrg"],"orderFound":7,"time":{"addTime":{"startTime":1574064098969,"endTime":1574064896000,"elapsedSeconds":797.0319991111755},"totalTime":{"startTime":1574064098969,"endTime":1574066400875,"elapsedSeconds":2301.9059998989105}}},{"dependentTest":"org.apache.struts2.portlet.dispatcher.Jsr168DispatcherTest.testProcessAction_ok","originalSize":1,"cleanerTests":["org.apache.struts2.views.jsp.PortletUrlTagTest.testSetWindowState"],"orderFound":8,"time":{"addTime":{"startTime":1574064098969,"endTime":1574065056047,"elapsedSeconds":957.078999042511},"totalTime":{"startTime":1574064098969,"endTime":1574066450959,"elapsedSeconds":2351.9900000095367}}},{"dependentTest":"org.apache.struts2.portlet.dispatcher.Jsr168DispatcherTest.testProcessAction_ok","originalSize":1,"cleanerTests":["org.apache.struts2.views.jsp.PortletUrlTagTest.testUrlWithMethod"],"orderFound":9,"time":{"addTime":{"startTime":1574064098969,"endTime":1574065089075,"elapsedSeconds":990.1069989204407},"totalTime":{"startTime":1574064098969,"endTime":1574066513510,"elapsedSeconds":2414.540999889374}}},{"dependentTest":"org.apache.struts2.portlet.dispatcher.Jsr168DispatcherTest.testProcessAction_ok","originalSize":1,"cleanerTests":["org.apache.struts2.views.jsp.PortletUrlTagTest.testResourceUrlWithTwoNestedParam"],"orderFound":10,"time":{"addTime":{"startTime":1574064098969,"endTime":1574065106046,"elapsedSeconds":1007.0779991149902},"totalTime":{"startTime":1574064098969,"endTime":1574066572150,"elapsedSeconds":2473.180999994278}}},{"dependentTest":"org.apache.struts2.portlet.dispatcher.Jsr168DispatcherTest.testProcessAction_ok","originalSize":1,"cleanerTests":["org.apache.struts2.views.jsp.PortletUrlTagTest.testUrlWithNoActionOrMethod"],"orderFound":11,"time":{"addTime":{"startTime":1574064098969,"endTime":1574065141040,"elapsedSeconds":1042.07199883461},"totalTime":{"startTime":1574064098969,"endTime":1574066642164,"elapsedSeconds":2543.194999933243}}},{"dependentTest":"org.apache.struts2.portlet.dispatcher.Jsr168DispatcherTest.testProcessAction_ok","originalSize":1,"cleanerTests":["org.apache.struts2.views.jsp.PortletUrlTagTest.testWhenPortletModeDiffersFromCurrentAndNoParametersAreSetRenderTheDefaults"],"orderFound":12,"time":{"addTime":{"startTime":1574064098969,"endTime":1574065141520,"elapsedSeconds":1042.5519988536835},"totalTime":{"startTime":1574064098969,"endTime":1574066693501,"elapsedSeconds":2594.5319998264313}}},{"dependentTest":"org.apache.struts2.portlet.dispatcher.Jsr168DispatcherTest.testProcessAction_ok","originalSize":1,"cleanerTests":["org.apache.struts2.views.jsp.PortletUrlTagTest.testUrlWithQueryParams"],"orderFound":13,"time":{"addTime":{"startTime":1574064098969,"endTime":1574065174268,"elapsedSeconds":1075.299998998642},"totalTime":{"startTime":1574064098969,"endTime":1574066754864,"elapsedSeconds":2655.8949999809265}}},{"dependentTest":"org.apache.struts2.portlet.dispatcher.Jsr168DispatcherTest.testProcessAction_ok","originalSize":1,"cleanerTests":["org.apache.struts2.views.jsp.PortletUrlTagTest.testResourceUrl"],"orderFound":14,"time":{"addTime":{"startTime":1574064098969,"endTime":1574065198486,"elapsedSeconds":1099.5179986953735},"totalTime":{"startTime":1574064098969,"endTime":1574066816623,"elapsedSeconds":2717.6539998054504}}},{"dependentTest":"org.apache.struts2.portlet.dispatcher.Jsr168DispatcherTest.testProcessAction_ok","originalSize":1,"cleanerTests":["org.apache.struts2.views.jsp.PortletUrlTagTest.testActionUrl"],"orderFound":15,"time":{"addTime":{"startTime":1574064098969,"endTime":1574065231825,"elapsedSeconds":1132.8569989204407},"totalTime":{"startTime":1574064098969,"endTime":1574066888872,"elapsedSeconds":2789.9029998779297}}},{"dependentTest":"org.apache.struts2.portlet.dispatcher.Jsr168DispatcherTest.testProcessAction_ok","originalSize":1,"cleanerTests":["org.apache.struts2.views.jsp.PortletUrlTagTest.testEnsureParamsAreStringArrays"],"orderFound":16,"time":{"addTime":{"startTime":1574064098969,"endTime":1574065249590,"elapsedSeconds":1150.6219990253448},"totalTime":{"startTime":1574064098969,"endTime":1574066957777,"elapsedSeconds":2858.8079998493195}}},{"dependentTest":"org.apache.struts2.portlet.dispatcher.Jsr168DispatcherTest.testProcessAction_ok","originalSize":1,"cleanerTests":["org.apache.struts2.views.jsp.PortletUrlTagTest.testSetPortletMode"],"orderFound":17,"time":{"addTime":{"startTime":1574064098969,"endTime":1574065276558,"elapsedSeconds":1177.5899991989136},"totalTime":{"startTime":1574064098969,"endTime":1574067031573,"elapsedSeconds":2932.603999853134}}},{"dependentTest":"org.apache.struts2.portlet.dispatcher.Jsr168DispatcherTest.testProcessAction_ok","originalSize":1,"cleanerTests":["org.apache.struts2.views.jsp.PortletUrlTagTest.testResourceUrlWithNestedParam"],"orderFound":18,"time":{"addTime":{"startTime":1574064098969,"endTime":1574065290735,"elapsedSeconds":1191.7669990062714},"totalTime":{"startTime":1574064098969,"endTime":1574067098304,"elapsedSeconds":2999.3349997997284}}}]}}],"hash":"d6fdd5d940f5cc07833aed546b2695fa","flakyClass":"OD"}