{"time":{"startTime":1574047358275,"endTime":1574051625332,"elapsedSeconds":4267.056999921799},"expectedRun":{"id":"1574047337071-a992fd1b-c36c-4d34-a392-bdbe4104a10b","testOrder":["org.apache.dubbo.common.serialize.fst.FstFactoryTest.testDefaultFactory","org.apache.dubbo.common.serialize.fst.FstObjectInputTest.testWrongClassInput","org.apache.dubbo.common.serialize.fst.FstObjectInputTest.testEmptyByteArrayForEmptyInput","org.apache.dubbo.common.serialize.fst.FstObjectOutputTest.testWriteBool","org.apache.dubbo.common.serialize.fst.FstObjectOutputTest.testWriteShort","org.apache.dubbo.common.serialize.fst.FstObjectOutputTest.testWriteLong","org.apache.dubbo.common.serialize.fst.FstObjectOutputTest.testWriteEnum","org.apache.dubbo.common.serialize.fst.FstObjectOutputTest.testWriteDouble","org.apache.dubbo.common.serialize.fst.FstObjectOutputTest.testWriteNullBytesWithSubLength","org.apache.dubbo.common.serialize.fst.FstObjectOutputTest.testWriteBytes","org.apache.dubbo.common.serialize.fst.FstObjectOutputTest.testWriteInt","org.apache.dubbo.common.serialize.fst.FstObjectOutputTest.testWriteUTF","org.apache.dubbo.common.serialize.fst.FstObjectOutputTest.testWriteObject","org.apache.dubbo.common.serialize.fst.FstObjectOutputTest.testWriteBytesWithSubLength","org.apache.dubbo.common.serialize.fst.FstObjectOutputTest.testWriteFloat","org.apache.dubbo.common.serialize.fst.FstObjectOutputTest.testWriteNullBytes","org.apache.dubbo.common.serialize.fst.FstObjectOutputTest.testWriteByte","org.apache.dubbo.common.serialize.fst.FstSerializationTest.testContentType","org.apache.dubbo.common.serialize.fst.FstSerializationTest.testSerialize","org.apache.dubbo.common.serialize.fst.FstSerializationTest.testContentTypeId","org.apache.dubbo.common.serialize.fst.FstSerializationTest.testDeserialize"],"results":{"org.apache.dubbo.common.serialize.fst.FstObjectOutputTest.testWriteByte":{"name":"org.apache.dubbo.common.serialize.fst.FstObjectOutputTest.testWriteByte","result":"PASS","time":0.001096446,"stackTrace":[]},"org.apache.dubbo.common.serialize.fst.FstObjectOutputTest.testWriteDouble":{"name":"org.apache.dubbo.common.serialize.fst.FstObjectOutputTest.testWriteDouble","result":"PASS","time":0.001903868,"stackTrace":[]},"org.apache.dubbo.common.serialize.fst.FstObjectOutputTest.testWriteUTF":{"name":"org.apache.dubbo.common.serialize.fst.FstObjectOutputTest.testWriteUTF","result":"PASS","time":0.001915393,"stackTrace":[]},"org.apache.dubbo.common.serialize.fst.FstSerializationTest.testContentType":{"name":"org.apache.dubbo.common.serialize.fst.FstSerializationTest.testContentType","result":"PASS","time":0.013795884,"stackTrace":[]},"org.apache.dubbo.common.serialize.fst.FstObjectOutputTest.testWriteEnum":{"name":"org.apache.dubbo.common.serialize.fst.FstObjectOutputTest.testWriteEnum","result":"PASS","time":0.014457746,"stackTrace":[]},"org.apache.dubbo.common.serialize.fst.FstObjectOutputTest.testWriteNullBytes":{"name":"org.apache.dubbo.common.serialize.fst.FstObjectOutputTest.testWriteNullBytes","result":"PASS","time":0.001087505,"stackTrace":[]},"org.apache.dubbo.common.serialize.fst.FstObjectOutputTest.testWriteInt":{"name":"org.apache.dubbo.common.serialize.fst.FstObjectOutputTest.testWriteInt","result":"PASS","time":0.001219795,"stackTrace":[]},"org.apache.dubbo.common.serialize.fst.FstSerializationTest.testSerialize":{"name":"org.apache.dubbo.common.serialize.fst.FstSerializationTest.testSerialize","result":"PASS","time":3.822934391,"stackTrace":[]},"org.apache.dubbo.common.serialize.fst.FstObjectOutputTest.testWriteLong":{"name":"org.apache.dubbo.common.serialize.fst.FstObjectOutputTest.testWriteLong","result":"PASS","time":0.001804058,"stackTrace":[]},"org.apache.dubbo.common.serialize.fst.FstObjectInputTest.testWrongClassInput":{"name":"org.apache.dubbo.common.serialize.fst.FstObjectInputTest.testWrongClassInput","result":"PASS","time":0.04357307,"stackTrace":[]},"org.apache.dubbo.common.serialize.fst.FstObjectOutputTest.testWriteShort":{"name":"org.apache.dubbo.common.serialize.fst.FstObjectOutputTest.testWriteShort","result":"PASS","time":0.002642911,"stackTrace":[]},"org.apache.dubbo.common.serialize.fst.FstObjectOutputTest.testWriteNullBytesWithSubLength":{"name":"org.apache.dubbo.common.serialize.fst.FstObjectOutputTest.testWriteNullBytesWithSubLength","result":"PASS","time":0.001229991,"stackTrace":[]},"org.apache.dubbo.common.serialize.fst.FstObjectInputTest.testEmptyByteArrayForEmptyInput":{"name":"org.apache.dubbo.common.serialize.fst.FstObjectInputTest.testEmptyByteArrayForEmptyInput","result":"ERROR","time":0.032029377,"stackTrace":[{"declaringClass":"org.hamcrest.MatcherAssert","methodName":"assertThat","fileName":"MatcherAssert.java","lineNumber":20},{"declaringClass":"org.junit.Assert","methodName":"assertThat","fileName":"Assert.java","lineNumber":956},{"declaringClass":"org.junit.Assert","methodName":"assertThat","fileName":"Assert.java","lineNumber":923},{"declaringClass":"org.apache.dubbo.common.serialize.fst.FstObjectInputTest","methodName":"testEmptyByteArrayForEmptyInput","fileName":"FstObjectInputTest.java","lineNumber":44},{"declaringClass":"sun.reflect.NativeMethodAccessorImpl","methodName":"invoke0","fileName":"NativeMethodAccessorImpl.java","lineNumber":-2},{"declaringClass":"sun.reflect.NativeMethodAccessorImpl","methodName":"invoke","fileName":"NativeMethodAccessorImpl.java","lineNumber":62},{"declaringClass":"sun.reflect.DelegatingMethodAccessorImpl","methodName":"invoke","fileName":"DelegatingMethodAccessorImpl.java","lineNumber":43},{"declaringClass":"java.lang.reflect.Method","methodName":"invoke","fileName":"Method.java","lineNumber":498},{"declaringClass":"org.junit.runners.model.FrameworkMethod$1","methodName":"runReflectiveCall","fileName":"FrameworkMethod.java","lineNumber":50},{"declaringClass":"org.junit.internal.runners.model.ReflectiveCallable","methodName":"run","fileName":"ReflectiveCallable.java","lineNumber":12},{"declaringClass":"org.junit.runners.model.FrameworkMethod","methodName":"invokeExplosively","fileName":"FrameworkMethod.java","lineNumber":47},{"declaringClass":"org.junit.internal.runners.statements.InvokeMethod","methodName":"evaluate","fileName":"InvokeMethod.java","lineNumber":17},{"declaringClass":"com.reedoei.testrunner.execution.JUnitTestRunner","methodName":"runChild","fileName":"JUnitTestRunner.java","lineNumber":332},{"declaringClass":"com.reedoei.testrunner.execution.JUnitTestRunner","methodName":"run","fileName":"JUnitTestRunner.java","lineNumber":108},{"declaringClass":"org.junit.runner.JUnitCore","methodName":"run","fileName":"JUnitCore.java","lineNumber":137},{"declaringClass":"com.reedoei.testrunner.execution.JUnitTestExecutor","methodName":"execute","fileName":"JUnitTestExecutor.java","lineNumber":292},{"declaringClass":"com.reedoei.testrunner.execution.JUnitTestExecutor","methodName":"execute","fileName":"JUnitTestExecutor.java","lineNumber":328},{"declaringClass":"com.reedoei.testrunner.execution.JUnitTestExecutor","methodName":"executeWithJUnit4Runner","fileName":"JUnitTestExecutor.java","lineNumber":366},{"declaringClass":"com.reedoei.testrunner.execution.JUnitTestExecutor","methodName":"runOrder","fileName":"JUnitTestExecutor.java","lineNumber":47},{"declaringClass":"com.reedoei.testrunner.execution.Executor$","methodName":"$anonfun$run$1","fileName":"Executor.scala","lineNumber":30},{"declaringClass":"scala.runtime.java8.JFunction0$mcV$sp","methodName":"apply","fileName":"JFunction0$mcV$sp.java","lineNumber":12},{"declaringClass":"scala.util.Try$","methodName":"apply","fileName":"Try.scala","lineNumber":209},{"declaringClass":"com.reedoei.testrunner.execution.Executor$","methodName":"run","fileName":"Executor.scala","lineNumber":28},{"declaringClass":"com.reedoei.testrunner.execution.Executor$","methodName":"main","fileName":"Executor.scala","lineNumber":18},{"declaringClass":"com.reedoei.testrunner.execution.Executor","methodName":"main","fileName":"Executor.scala","lineNumber":-1}]},"org.apache.dubbo.common.serialize.fst.FstSerializationTest.testContentTypeId":{"name":"org.apache.dubbo.common.serialize.fst.FstSerializationTest.testContentTypeId","result":"PASS","time":0.003238419,"stackTrace":[]},"org.apache.dubbo.common.serialize.fst.FstFactoryTest.testDefaultFactory":{"name":"org.apache.dubbo.common.serialize.fst.FstFactoryTest.testDefaultFactory","result":"PASS","time":0.650637087,"stackTrace":[]},"org.apache.dubbo.common.serialize.fst.FstObjectOutputTest.testWriteBytes":{"name":"org.apache.dubbo.common.serialize.fst.FstObjectOutputTest.testWriteBytes","result":"PASS","time":0.001953808,"stackTrace":[]},"org.apache.dubbo.common.serialize.fst.FstObjectOutputTest.testWriteFloat":{"name":"org.apache.dubbo.common.serialize.fst.FstObjectOutputTest.testWriteFloat","result":"PASS","time":0.00148479,"stackTrace":[]},"org.apache.dubbo.common.serialize.fst.FstSerializationTest.testDeserialize":{"name":"org.apache.dubbo.common.serialize.fst.FstSerializationTest.testDeserialize","result":"PASS","time":0.747843386,"stackTrace":[]},"org.apache.dubbo.common.serialize.fst.FstObjectOutputTest.testWriteObject":{"name":"org.apache.dubbo.common.serialize.fst.FstObjectOutputTest.testWriteObject","result":"PASS","time":0.009863123,"stackTrace":[]},"org.apache.dubbo.common.serialize.fst.FstObjectOutputTest.testWriteBytesWithSubLength":{"name":"org.apache.dubbo.common.serialize.fst.FstObjectOutputTest.testWriteBytesWithSubLength","result":"PASS","time":0.001528235,"stackTrace":[]},"org.apache.dubbo.common.serialize.fst.FstObjectOutputTest.testWriteBool":{"name":"org.apache.dubbo.common.serialize.fst.FstObjectOutputTest.testWriteBool","result":"PASS","time":0.033083497,"stackTrace":[]}},"diffs":{}},"expected":"ERROR","dependentTest":"org.apache.dubbo.common.serialize.fst.FstObjectInputTest.testEmptyByteArrayForEmptyInput","polluters":[{"time":{"startTime":1574047381471,"endTime":1574047381472,"elapsedSeconds":9.999275207519531E-4},"index":0,"deps":["org.apache.dubbo.common.serialize.fst.FstObjectInputTest.testWrongClassInput"],"cleanerData":{"dependentTest":"org.apache.dubbo.common.serialize.fst.FstObjectInputTest.testEmptyByteArrayForEmptyInput","time":{"addTime":{"startTime":1574047381564,"endTime":1574047402805,"elapsedSeconds":21.241000175476074},"totalTime":{"startTime":1574047381564,"endTime":1574047554183,"elapsedSeconds":172.6190001964569}},"expected":"ERROR","isolationResult":"PASS","cleaners":[{"dependentTest":"org.apache.dubbo.common.serialize.fst.FstObjectInputTest.testEmptyByteArrayForEmptyInput","originalSize":19,"cleanerTests":["org.apache.dubbo.common.serialize.fst.FstObjectOutputTest.testWriteObject"],"orderFound":0,"time":{"addTime":{"startTime":1574047381564,"endTime":1574047402805,"elapsedSeconds":21.241000175476074},"totalTime":{"startTime":1574047381564,"endTime":1574047554183,"elapsedSeconds":172.6190001964569}}},{"dependentTest":"org.apache.dubbo.common.serialize.fst.FstObjectInputTest.testEmptyByteArrayForEmptyInput","originalSize":1,"cleanerTests":["org.apache.dubbo.common.serialize.fst.FstObjectOutputTest.testWriteBool"],"orderFound":1,"time":{"addTime":{"startTime":1574047381564,"endTime":1574047464539,"elapsedSeconds":82.97500014305115},"totalTime":{"startTime":1574047381564,"endTime":1574047566620,"elapsedSeconds":185.05599999427795}}}]}},{"time":{"startTime":1574047575181,"endTime":1574047575181,"elapsedSeconds":0.0},"index":1,"deps":["org.apache.dubbo.common.serialize.fst.FstObjectOutputTest.testWriteShort"],"cleanerData":{"dependentTest":"org.apache.dubbo.common.serialize.fst.FstObjectInputTest.testEmptyByteArrayForEmptyInput","time":{"addTime":{"startTime":1574047575191,"endTime":1574047612837,"elapsedSeconds":37.646000146865845},"totalTime":{"startTime":1574047575191,"endTime":1574047797716,"elapsedSeconds":222.52500009536743}},"expected":"ERROR","isolationResult":"PASS","cleaners":[{"dependentTest":"org.apache.dubbo.common.serialize.fst.FstObjectInputTest.testEmptyByteArrayForEmptyInput","originalSize":15,"cleanerTests":["org.apache.dubbo.common.serialize.fst.FstObjectOutputTest.testWriteObject"],"orderFound":0,"time":{"addTime":{"startTime":1574047575191,"endTime":1574047612837,"elapsedSeconds":37.646000146865845},"totalTime":{"startTime":1574047575191,"endTime":1574047797716,"elapsedSeconds":222.52500009536743}}},{"dependentTest":"org.apache.dubbo.common.serialize.fst.FstObjectInputTest.testEmptyByteArrayForEmptyInput","originalSize":1,"cleanerTests":["org.apache.dubbo.common.serialize.fst.FstObjectOutputTest.testWriteBool"],"orderFound":1,"time":{"addTime":{"startTime":1574047575191,"endTime":1574047649995,"elapsedSeconds":74.80399990081787},"totalTime":{"startTime":1574047575191,"endTime":1574047820359,"elapsedSeconds":245.16799998283386}}}]}},{"time":{"startTime":1574047830539,"endTime":1574047830539,"elapsedSeconds":0.0},"index":2,"deps":["org.apache.dubbo.common.serialize.fst.FstObjectOutputTest.testWriteLong"],"cleanerData":{"dependentTest":"org.apache.dubbo.common.serialize.fst.FstObjectInputTest.testEmptyByteArrayForEmptyInput","time":{"addTime":{"startTime":1574047830550,"endTime":1574047866429,"elapsedSeconds":35.87899994850159},"totalTime":{"startTime":1574047830550,"endTime":1574048112375,"elapsedSeconds":281.8250000476837}},"expected":"ERROR","isolationResult":"PASS","cleaners":[{"dependentTest":"org.apache.dubbo.common.serialize.fst.FstObjectInputTest.testEmptyByteArrayForEmptyInput","originalSize":8,"cleanerTests":["org.apache.dubbo.common.serialize.fst.FstObjectOutputTest.testWriteObject"],"orderFound":0,"time":{"addTime":{"startTime":1574047830550,"endTime":1574047866429,"elapsedSeconds":35.87899994850159},"totalTime":{"startTime":1574047830550,"endTime":1574048112375,"elapsedSeconds":281.8250000476837}}},{"dependentTest":"org.apache.dubbo.common.serialize.fst.FstObjectInputTest.testEmptyByteArrayForEmptyInput","originalSize":1,"cleanerTests":["org.apache.dubbo.common.serialize.fst.FstObjectOutputTest.testWriteBool"],"orderFound":2,"time":{"addTime":{"startTime":1574047830550,"endTime":1574047982291,"elapsedSeconds":151.74199891090393},"totalTime":{"startTime":1574047830550,"endTime":1574048182824,"elapsedSeconds":352.2739999294281}}}]}},{"time":{"startTime":1574048193271,"endTime":1574048193272,"elapsedSeconds":0.0010001659393310547},"index":3,"deps":["org.apache.dubbo.common.serialize.fst.FstObjectOutputTest.testWriteEnum"],"cleanerData":{"dependentTest":"org.apache.dubbo.common.serialize.fst.FstObjectInputTest.testEmptyByteArrayForEmptyInput","time":{"addTime":{"startTime":1574048193283,"endTime":1574048228608,"elapsedSeconds":35.325000047683716},"totalTime":{"startTime":1574048193283,"endTime":1574048537452,"elapsedSeconds":344.1689999103546}},"expected":"ERROR","isolationResult":"PASS","cleaners":[{"dependentTest":"org.apache.dubbo.common.serialize.fst.FstObjectInputTest.testEmptyByteArrayForEmptyInput","originalSize":9,"cleanerTests":["org.apache.dubbo.common.serialize.fst.FstObjectOutputTest.testWriteObject"],"orderFound":0,"time":{"addTime":{"startTime":1574048193283,"endTime":1574048228608,"elapsedSeconds":35.325000047683716},"totalTime":{"startTime":1574048193283,"endTime":1574048537452,"elapsedSeconds":344.1689999103546}}},{"dependentTest":"org.apache.dubbo.common.serialize.fst.FstObjectInputTest.testEmptyByteArrayForEmptyInput","originalSize":1,"cleanerTests":["org.apache.dubbo.common.serialize.fst.FstObjectOutputTest.testWriteBool"],"orderFound":1,"time":{"addTime":{"startTime":1574048193283,"endTime":1574048339545,"elapsedSeconds":146.26200008392334},"totalTime":{"startTime":1574048193283,"endTime":1574048557725,"elapsedSeconds":364.44199991226196}}}]}},{"time":{"startTime":1574048567305,"endTime":1574048567305,"elapsedSeconds":0.0},"index":4,"deps":["org.apache.dubbo.common.serialize.fst.FstObjectOutputTest.testWriteDouble"],"cleanerData":{"dependentTest":"org.apache.dubbo.common.serialize.fst.FstObjectInputTest.testEmptyByteArrayForEmptyInput","time":{"addTime":{"startTime":1574048567316,"endTime":1574048613979,"elapsedSeconds":46.66300010681152},"totalTime":{"startTime":1574048567316,"endTime":1574048927519,"elapsedSeconds":360.20300006866455}},"expected":"ERROR","isolationResult":"PASS","cleaners":[{"dependentTest":"org.apache.dubbo.common.serialize.fst.FstObjectInputTest.testEmptyByteArrayForEmptyInput","originalSize":6,"cleanerTests":["org.apache.dubbo.common.serialize.fst.FstObjectOutputTest.testWriteObject"],"orderFound":0,"time":{"addTime":{"startTime":1574048567316,"endTime":1574048613979,"elapsedSeconds":46.66300010681152},"totalTime":{"startTime":1574048567316,"endTime":1574048927519,"elapsedSeconds":360.20300006866455}}},{"dependentTest":"org.apache.dubbo.common.serialize.fst.FstObjectInputTest.testEmptyByteArrayForEmptyInput","originalSize":1,"cleanerTests":["org.apache.dubbo.common.serialize.fst.FstObjectOutputTest.testWriteBool"],"orderFound":4,"time":{"addTime":{"startTime":1574048567316,"endTime":1574048755486,"elapsedSeconds":188.17000007629395},"totalTime":{"startTime":1574048567316,"endTime":1574048979640,"elapsedSeconds":412.32400012016296}}}]}},{"time":{"startTime":1574048990036,"endTime":1574048990037,"elapsedSeconds":9.999275207519531E-4},"index":5,"deps":["org.apache.dubbo.common.serialize.fst.FstObjectOutputTest.testWriteNullBytesWithSubLength"],"cleanerData":{"dependentTest":"org.apache.dubbo.common.serialize.fst.FstObjectInputTest.testEmptyByteArrayForEmptyInput","time":{"addTime":{"startTime":1574048990049,"endTime":1574049034686,"elapsedSeconds":44.63700008392334},"totalTime":{"startTime":1574048990049,"endTime":1574049292634,"elapsedSeconds":302.585000038147}},"expected":"ERROR","isolationResult":"PASS","cleaners":[{"dependentTest":"org.apache.dubbo.common.serialize.fst.FstObjectInputTest.testEmptyByteArrayForEmptyInput","originalSize":12,"cleanerTests":["org.apache.dubbo.common.serialize.fst.FstObjectOutputTest.testWriteObject"],"orderFound":0,"time":{"addTime":{"startTime":1574048990049,"endTime":1574049034686,"elapsedSeconds":44.63700008392334},"totalTime":{"startTime":1574048990049,"endTime":1574049292634,"elapsedSeconds":302.585000038147}}},{"dependentTest":"org.apache.dubbo.common.serialize.fst.FstObjectInputTest.testEmptyByteArrayForEmptyInput","originalSize":1,"cleanerTests":["org.apache.dubbo.common.serialize.fst.FstObjectOutputTest.testWriteBool"],"orderFound":1,"time":{"addTime":{"startTime":1574048990049,"endTime":1574049113673,"elapsedSeconds":123.6240005493164},"totalTime":{"startTime":1574048990049,"endTime":1574049317781,"elapsedSeconds":327.731999874115}}}]}},{"time":{"startTime":1574049326175,"endTime":1574049326175,"elapsedSeconds":0.0},"index":6,"deps":["org.apache.dubbo.common.serialize.fst.FstObjectOutputTest.testWriteBytes"],"cleanerData":{"dependentTest":"org.apache.dubbo.common.serialize.fst.FstObjectInputTest.testEmptyByteArrayForEmptyInput","time":{"addTime":{"startTime":1574049326188,"endTime":1574049365667,"elapsedSeconds":39.479000091552734},"totalTime":{"startTime":1574049326188,"endTime":1574049618373,"elapsedSeconds":292.18499994277954}},"expected":"ERROR","isolationResult":"PASS","cleaners":[{"dependentTest":"org.apache.dubbo.common.serialize.fst.FstObjectInputTest.testEmptyByteArrayForEmptyInput","originalSize":17,"cleanerTests":["org.apache.dubbo.common.serialize.fst.FstObjectOutputTest.testWriteObject"],"orderFound":0,"time":{"addTime":{"startTime":1574049326188,"endTime":1574049365667,"elapsedSeconds":39.479000091552734},"totalTime":{"startTime":1574049326188,"endTime":1574049618373,"elapsedSeconds":292.18499994277954}}},{"dependentTest":"org.apache.dubbo.common.serialize.fst.FstObjectInputTest.testEmptyByteArrayForEmptyInput","originalSize":1,"cleanerTests":["org.apache.dubbo.common.serialize.fst.FstObjectOutputTest.testWriteBool"],"orderFound":1,"time":{"addTime":{"startTime":1574049326188,"endTime":1574049447364,"elapsedSeconds":121.1760003566742},"totalTime":{"startTime":1574049326188,"endTime":1574049644540,"elapsedSeconds":318.35199999809265}}}]}},{"time":{"startTime":1574049654428,"endTime":1574049654428,"elapsedSeconds":0.0},"index":7,"deps":["org.apache.dubbo.common.serialize.fst.FstObjectOutputTest.testWriteInt"],"cleanerData":{"dependentTest":"org.apache.dubbo.common.serialize.fst.FstObjectInputTest.testEmptyByteArrayForEmptyInput","time":{"addTime":{"startTime":1574049654439,"endTime":1574049695288,"elapsedSeconds":40.849000453948975},"totalTime":{"startTime":1574049654439,"endTime":1574049949127,"elapsedSeconds":294.68800020217896}},"expected":"ERROR","isolationResult":"PASS","cleaners":[{"dependentTest":"org.apache.dubbo.common.serialize.fst.FstObjectInputTest.testEmptyByteArrayForEmptyInput","originalSize":14,"cleanerTests":["org.apache.dubbo.common.serialize.fst.FstObjectOutputTest.testWriteObject"],"orderFound":0,"time":{"addTime":{"startTime":1574049654439,"endTime":1574049695288,"elapsedSeconds":40.849000453948975},"totalTime":{"startTime":1574049654439,"endTime":1574049949127,"elapsedSeconds":294.68800020217896}}},{"dependentTest":"org.apache.dubbo.common.serialize.fst.FstObjectInputTest.testEmptyByteArrayForEmptyInput","originalSize":1,"cleanerTests":["org.apache.dubbo.common.serialize.fst.FstObjectOutputTest.testWriteBool"],"orderFound":1,"time":{"addTime":{"startTime":1574049654439,"endTime":1574049773560,"elapsedSeconds":119.12100028991699},"totalTime":{"startTime":1574049654439,"endTime":1574049975496,"elapsedSeconds":321.0570001602173}}}]}},{"time":{"startTime":1574049983126,"endTime":1574049983126,"elapsedSeconds":0.0},"index":8,"deps":["org.apache.dubbo.common.serialize.fst.FstObjectOutputTest.testWriteUTF"],"cleanerData":{"dependentTest":"org.apache.dubbo.common.serialize.fst.FstObjectInputTest.testEmptyByteArrayForEmptyInput","time":{"addTime":{"startTime":1574049983135,"endTime":1574050030759,"elapsedSeconds":47.62400007247925},"totalTime":{"startTime":1574049983135,"endTime":1574050276085,"elapsedSeconds":292.9500000476837}},"expected":"ERROR","isolationResult":"PASS","cleaners":[{"dependentTest":"org.apache.dubbo.common.serialize.fst.FstObjectInputTest.testEmptyByteArrayForEmptyInput","originalSize":13,"cleanerTests":["org.apache.dubbo.common.serialize.fst.FstObjectOutputTest.testWriteObject"],"orderFound":0,"time":{"addTime":{"startTime":1574049983135,"endTime":1574050030759,"elapsedSeconds":47.62400007247925},"totalTime":{"startTime":1574049983135,"endTime":1574050276085,"elapsedSeconds":292.9500000476837}}},{"dependentTest":"org.apache.dubbo.common.serialize.fst.FstObjectInputTest.testEmptyByteArrayForEmptyInput","originalSize":1,"cleanerTests":["org.apache.dubbo.common.serialize.fst.FstObjectOutputTest.testWriteBool"],"orderFound":1,"time":{"addTime":{"startTime":1574049983135,"endTime":1574050104263,"elapsedSeconds":121.12800002098083},"totalTime":{"startTime":1574049983135,"endTime":1574050304446,"elapsedSeconds":321.3110001087189}}}]}},{"time":{"startTime":1574050326099,"endTime":1574050326100,"elapsedSeconds":9.999275207519531E-4},"index":9,"deps":["org.apache.dubbo.common.serialize.fst.FstObjectOutputTest.testWriteBytesWithSubLength"],"cleanerData":{"dependentTest":"org.apache.dubbo.common.serialize.fst.FstObjectInputTest.testEmptyByteArrayForEmptyInput","time":{"addTime":{"startTime":1574050326111,"endTime":1574050368931,"elapsedSeconds":42.8199999332428},"totalTime":{"startTime":1574050326111,"endTime":1574050678803,"elapsedSeconds":352.69199991226196}},"expected":"ERROR","isolationResult":"PASS","cleaners":[{"dependentTest":"org.apache.dubbo.common.serialize.fst.FstObjectInputTest.testEmptyByteArrayForEmptyInput","originalSize":7,"cleanerTests":["org.apache.dubbo.common.serialize.fst.FstObjectOutputTest.testWriteObject"],"orderFound":0,"time":{"addTime":{"startTime":1574050326111,"endTime":1574050368931,"elapsedSeconds":42.8199999332428},"totalTime":{"startTime":1574050326111,"endTime":1574050678803,"elapsedSeconds":352.69199991226196}}},{"dependentTest":"org.apache.dubbo.common.serialize.fst.FstObjectInputTest.testEmptyByteArrayForEmptyInput","originalSize":1,"cleanerTests":["org.apache.dubbo.common.serialize.fst.FstObjectOutputTest.testWriteBool"],"orderFound":2,"time":{"addTime":{"startTime":1574050326111,"endTime":1574050497030,"elapsedSeconds":170.9190001487732},"totalTime":{"startTime":1574050326111,"endTime":1574050734673,"elapsedSeconds":408.5620000362396}}}]}},{"time":{"startTime":1574050742655,"endTime":1574050742655,"elapsedSeconds":0.0},"index":10,"deps":["org.apache.dubbo.common.serialize.fst.FstObjectOutputTest.testWriteFloat"],"cleanerData":{"dependentTest":"org.apache.dubbo.common.serialize.fst.FstObjectInputTest.testEmptyByteArrayForEmptyInput","time":{"addTime":{"startTime":1574050742665,"endTime":1574050778702,"elapsedSeconds":36.037999868392944},"totalTime":{"startTime":1574050742665,"endTime":1574051019664,"elapsedSeconds":276.99900007247925}},"expected":"ERROR","isolationResult":"PASS","cleaners":[{"dependentTest":"org.apache.dubbo.common.serialize.fst.FstObjectInputTest.testEmptyByteArrayForEmptyInput","originalSize":16,"cleanerTests":["org.apache.dubbo.common.serialize.fst.FstObjectOutputTest.testWriteObject"],"orderFound":0,"time":{"addTime":{"startTime":1574050742665,"endTime":1574050778702,"elapsedSeconds":36.037999868392944},"totalTime":{"startTime":1574050742665,"endTime":1574051019664,"elapsedSeconds":276.99900007247925}}},{"dependentTest":"org.apache.dubbo.common.serialize.fst.FstObjectInputTest.testEmptyByteArrayForEmptyInput","originalSize":1,"cleanerTests":["org.apache.dubbo.common.serialize.fst.FstObjectOutputTest.testWriteBool"],"orderFound":1,"time":{"addTime":{"startTime":1574050742665,"endTime":1574050855650,"elapsedSeconds":112.98599934577942},"totalTime":{"startTime":1574050742665,"endTime":1574051041252,"elapsedSeconds":298.58700013160706}}}]}},{"time":{"startTime":1574051048277,"endTime":1574051048278,"elapsedSeconds":0.0010001659393310547},"index":11,"deps":["org.apache.dubbo.common.serialize.fst.FstObjectOutputTest.testWriteNullBytes"],"cleanerData":{"dependentTest":"org.apache.dubbo.common.serialize.fst.FstObjectInputTest.testEmptyByteArrayForEmptyInput","time":{"addTime":{"startTime":1574051048287,"endTime":1574051081543,"elapsedSeconds":33.25600004196167},"totalTime":{"startTime":1574051048287,"endTime":1574051291872,"elapsedSeconds":243.58500003814697}},"expected":"ERROR","isolationResult":"PASS","cleaners":[{"dependentTest":"org.apache.dubbo.common.serialize.fst.FstObjectInputTest.testEmptyByteArrayForEmptyInput","originalSize":18,"cleanerTests":["org.apache.dubbo.common.serialize.fst.FstObjectOutputTest.testWriteObject"],"orderFound":0,"time":{"addTime":{"startTime":1574051048287,"endTime":1574051081543,"elapsedSeconds":33.25600004196167},"totalTime":{"startTime":1574051048287,"endTime":1574051291872,"elapsedSeconds":243.58500003814697}}},{"dependentTest":"org.apache.dubbo.common.serialize.fst.FstObjectInputTest.testEmptyByteArrayForEmptyInput","originalSize":1,"cleanerTests":["org.apache.dubbo.common.serialize.fst.FstObjectOutputTest.testWriteBool"],"orderFound":1,"time":{"addTime":{"startTime":1574051048287,"endTime":1574051148529,"elapsedSeconds":100.242999792099},"totalTime":{"startTime":1574051048287,"endTime":1574051311628,"elapsedSeconds":263.34100008010864}}}]}},{"time":{"startTime":1574051317923,"endTime":1574051317923,"elapsedSeconds":0.0},"index":12,"deps":["org.apache.dubbo.common.serialize.fst.FstObjectOutputTest.testWriteByte"],"cleanerData":{"dependentTest":"org.apache.dubbo.common.serialize.fst.FstObjectInputTest.testEmptyByteArrayForEmptyInput","time":{"addTime":{"startTime":1574051317934,"endTime":1574051351735,"elapsedSeconds":33.801000118255615},"totalTime":{"startTime":1574051317934,"endTime":1574051572127,"elapsedSeconds":254.1930000782013}},"expected":"ERROR","isolationResult":"PASS","cleaners":[{"dependentTest":"org.apache.dubbo.common.serialize.fst.FstObjectInputTest.testEmptyByteArrayForEmptyInput","originalSize":10,"cleanerTests":["org.apache.dubbo.common.serialize.fst.FstObjectOutputTest.testWriteObject"],"orderFound":0,"time":{"addTime":{"startTime":1574051317934,"endTime":1574051351735,"elapsedSeconds":33.801000118255615},"totalTime":{"startTime":1574051317934,"endTime":1574051572127,"elapsedSeconds":254.1930000782013}}},{"dependentTest":"org.apache.dubbo.common.serialize.fst.FstObjectInputTest.testEmptyByteArrayForEmptyInput","originalSize":1,"cleanerTests":["org.apache.dubbo.common.serialize.fst.FstObjectOutputTest.testWriteBool"],"orderFound":1,"time":{"addTime":{"startTime":1574051317934,"endTime":1574051418669,"elapsedSeconds":100.73599982261658},"totalTime":{"startTime":1574051317934,"endTime":1574051592875,"elapsedSeconds":274.9409999847412}}}]}}],"hash":"d87a76589464c6c0e9dc9ba72e0a0ef0","flakyClass":"OD"}