{"time":{"startTime":1574051757396,"endTime":1574052596460,"elapsedSeconds":839.0640001296997},"expectedRun":{"id":"1574051515068-9bda8759-275f-4af9-b2cf-ff90a662f4d8","testOrder":["org.apache.dubbo.rpc.protocol.dubbo.ReferenceCountExchangeClientTest.test_counter_error","org.apache.dubbo.rpc.protocol.dubbo.ReferenceCountExchangeClientTest.test_not_share_connect","org.apache.dubbo.rpc.protocol.dubbo.ReferenceCountExchangeClientTest.test_multi_destory","org.apache.dubbo.rpc.protocol.dubbo.ReferenceCountExchangeClientTest.test_share_connect","org.apache.dubbo.rpc.protocol.dubbo.FutureFilterTest.testSyncCallbackHasException","org.apache.dubbo.rpc.protocol.dubbo.FutureFilterTest.testSyncCallback","org.apache.dubbo.rpc.protocol.dubbo.ExplicitCallbackTest.TestCallbackProviderLimit","org.apache.dubbo.rpc.protocol.dubbo.ExplicitCallbackTest.TestCallbackMultiInstans","org.apache.dubbo.rpc.protocol.dubbo.ExplicitCallbackTest.TestCallbackNormal","org.apache.dubbo.rpc.protocol.dubbo.ExplicitCallbackTest.TestCallbackConsumerLimit","org.apache.dubbo.rpc.protocol.dubbo.DubboProtocolTest.testDubboProtocol","org.apache.dubbo.rpc.protocol.dubbo.DubboProtocolTest.testPerm","org.apache.dubbo.rpc.protocol.dubbo.DubboProtocolTest.testReturnNonSerialized","org.apache.dubbo.rpc.protocol.dubbo.DubboProtocolTest.testDubboProtocolMultiService","org.apache.dubbo.rpc.protocol.dubbo.DubboProtocolTest.testDemoProtocol","org.apache.dubbo.rpc.protocol.dubbo.DubboProtocolTest.testNonSerializedParameter","org.apache.dubbo.rpc.protocol.dubbo.DubboProtocolTest.testDubboProtocolWithMina","org.apache.dubbo.rpc.protocol.dubbo.MultiThreadTest.testDubboMultiThreadInvoke","org.apache.dubbo.rpc.protocol.dubbo.ImplicitCallBackTest.test_Normal_Ex","org.apache.dubbo.rpc.protocol.dubbo.ImplicitCallBackTest.test_Ex_Onthrow","org.apache.dubbo.rpc.protocol.dubbo.ImplicitCallBackTest.test_Sync_Onreturn","org.apache.dubbo.rpc.protocol.dubbo.ImplicitCallBackTest.test_Async_Future_Ex","org.apache.dubbo.rpc.protocol.dubbo.ImplicitCallBackTest.test_Ex_OnInvoke","org.apache.dubbo.rpc.protocol.dubbo.ImplicitCallBackTest.test_Async_Future","org.apache.dubbo.rpc.protocol.dubbo.ImplicitCallBackTest.test_Ex_OnReturn","org.apache.dubbo.rpc.protocol.dubbo.ImplicitCallBackTest.test_CloseCallback","org.apache.dubbo.rpc.protocol.dubbo.ImplicitCallBackTest.test_Async_Future_Multi","org.apache.dubbo.rpc.protocol.dubbo.ImplicitCallBackTest.test_Sync_NoFuture","org.apache.dubbo.rpc.protocol.dubbo.telnet.InvokerTelnetHandlerTest.testMessageNull","org.apache.dubbo.rpc.protocol.dubbo.telnet.InvokerTelnetHandlerTest.testInvokeByPassingNullValue","org.apache.dubbo.rpc.protocol.dubbo.telnet.InvokerTelnetHandlerTest.testInvaildMessage","org.apache.dubbo.rpc.protocol.dubbo.telnet.InvokerTelnetHandlerTest.testInvokeAutoFindMethod","org.apache.dubbo.rpc.protocol.dubbo.telnet.InvokerTelnetHandlerTest.testInvokeDefaultSService","org.apache.dubbo.rpc.protocol.dubbo.telnet.ChangeTelnetHandlerTest.testChangeSimpleName","org.apache.dubbo.rpc.protocol.dubbo.telnet.ChangeTelnetHandlerTest.testChangeMessageNull","org.apache.dubbo.rpc.protocol.dubbo.telnet.ChangeTelnetHandlerTest.testChangeServiceNotExport","org.apache.dubbo.rpc.protocol.dubbo.telnet.ChangeTelnetHandlerTest.testChangeCancel","org.apache.dubbo.rpc.protocol.dubbo.telnet.ChangeTelnetHandlerTest.testChangeName","org.apache.dubbo.rpc.protocol.dubbo.telnet.ChangeTelnetHandlerTest.testChangePath","org.apache.dubbo.rpc.protocol.dubbo.telnet.ChangeTelnetHandlerTest.testChangeCancel2","org.apache.dubbo.rpc.protocol.dubbo.telnet.PortTelnetHandlerTest.testErrorMessage","org.apache.dubbo.rpc.protocol.dubbo.telnet.PortTelnetHandlerTest.testListAllPort"],"results":{"org.apache.dubbo.rpc.protocol.dubbo.ExplicitCallbackTest.TestCallbackNormal":{"name":"org.apache.dubbo.rpc.protocol.dubbo.ExplicitCallbackTest.TestCallbackNormal","result":"PASS","time":1.481552636,"stackTrace":[]},"org.apache.dubbo.rpc.protocol.dubbo.FutureFilterTest.testSyncCallbackHasException":{"name":"org.apache.dubbo.rpc.protocol.dubbo.FutureFilterTest.testSyncCallbackHasException","result":"PASS","time":4.300491505,"stackTrace":[]},"org.apache.dubbo.rpc.protocol.dubbo.ImplicitCallBackTest.test_Ex_OnInvoke":{"name":"org.apache.dubbo.rpc.protocol.dubbo.ImplicitCallBackTest.test_Ex_OnInvoke","result":"PASS","time":10.093926198,"stackTrace":[]},"org.apache.dubbo.rpc.protocol.dubbo.ImplicitCallBackTest.test_Async_Future_Multi":{"name":"org.apache.dubbo.rpc.protocol.dubbo.ImplicitCallBackTest.test_Async_Future_Multi","result":"PASS","time":10.148629486,"stackTrace":[]},"org.apache.dubbo.rpc.protocol.dubbo.ImplicitCallBackTest.test_Sync_NoFuture":{"name":"org.apache.dubbo.rpc.protocol.dubbo.ImplicitCallBackTest.test_Sync_NoFuture","result":"PASS","time":10.112489791,"stackTrace":[]},"org.apache.dubbo.rpc.protocol.dubbo.FutureFilterTest.testSyncCallback":{"name":"org.apache.dubbo.rpc.protocol.dubbo.FutureFilterTest.testSyncCallback","result":"PASS","time":0.01004362,"stackTrace":[]},"org.apache.dubbo.rpc.protocol.dubbo.telnet.ChangeTelnetHandlerTest.testChangePath":{"name":"org.apache.dubbo.rpc.protocol.dubbo.telnet.ChangeTelnetHandlerTest.testChangePath","result":"PASS","time":0.069660302,"stackTrace":[]},"org.apache.dubbo.rpc.protocol.dubbo.DubboProtocolTest.testDubboProtocolWithMina":{"name":"org.apache.dubbo.rpc.protocol.dubbo.DubboProtocolTest.testDubboProtocolWithMina","result":"PASS","time":1.011858634,"stackTrace":[]},"org.apache.dubbo.rpc.protocol.dubbo.telnet.InvokerTelnetHandlerTest.testInvokeDefaultSService":{"name":"org.apache.dubbo.rpc.protocol.dubbo.telnet.InvokerTelnetHandlerTest.testInvokeDefaultSService","result":"PASS","time":0.118523658,"stackTrace":[]},"org.apache.dubbo.rpc.protocol.dubbo.telnet.InvokerTelnetHandlerTest.testInvokeAutoFindMethod":{"name":"org.apache.dubbo.rpc.protocol.dubbo.telnet.InvokerTelnetHandlerTest.testInvokeAutoFindMethod","result":"PASS","time":0.094327991,"stackTrace":[]},"org.apache.dubbo.rpc.protocol.dubbo.telnet.InvokerTelnetHandlerTest.testInvaildMessage":{"name":"org.apache.dubbo.rpc.protocol.dubbo.telnet.InvokerTelnetHandlerTest.testInvaildMessage","result":"PASS","time":0.003343194,"stackTrace":[]},"org.apache.dubbo.rpc.protocol.dubbo.telnet.ChangeTelnetHandlerTest.testChangeMessageNull":{"name":"org.apache.dubbo.rpc.protocol.dubbo.telnet.ChangeTelnetHandlerTest.testChangeMessageNull","result":"PASS","time":0.005748351,"stackTrace":[]},"org.apache.dubbo.rpc.protocol.dubbo.ReferenceCountExchangeClientTest.test_multi_destory":{"name":"org.apache.dubbo.rpc.protocol.dubbo.ReferenceCountExchangeClientTest.test_multi_destory","result":"PASS","time":0.276640481,"stackTrace":[]},"org.apache.dubbo.rpc.protocol.dubbo.telnet.ChangeTelnetHandlerTest.testChangeCancel":{"name":"org.apache.dubbo.rpc.protocol.dubbo.telnet.ChangeTelnetHandlerTest.testChangeCancel","result":"PASS","time":0.003589401,"stackTrace":[]},"org.apache.dubbo.rpc.protocol.dubbo.ImplicitCallBackTest.test_Async_Future_Ex":{"name":"org.apache.dubbo.rpc.protocol.dubbo.ImplicitCallBackTest.test_Async_Future_Ex","result":"PASS","time":10.145447028,"stackTrace":[]},"org.apache.dubbo.rpc.protocol.dubbo.DubboProtocolTest.testDubboProtocol":{"name":"org.apache.dubbo.rpc.protocol.dubbo.DubboProtocolTest.testDubboProtocol","result":"PASS","time":0.882107876,"stackTrace":[]},"org.apache.dubbo.rpc.protocol.dubbo.ReferenceCountExchangeClientTest.test_counter_error":{"name":"org.apache.dubbo.rpc.protocol.dubbo.ReferenceCountExchangeClientTest.test_counter_error","result":"PASS","time":6.276589401,"stackTrace":[]},"org.apache.dubbo.rpc.protocol.dubbo.MultiThreadTest.testDubboMultiThreadInvoke":{"name":"org.apache.dubbo.rpc.protocol.dubbo.MultiThreadTest.testDubboMultiThreadInvoke","result":"PASS","time":7.911028137,"stackTrace":[]},"org.apache.dubbo.rpc.protocol.dubbo.DubboProtocolTest.testReturnNonSerialized":{"name":"org.apache.dubbo.rpc.protocol.dubbo.DubboProtocolTest.testReturnNonSerialized","result":"PASS","time":0.056267766,"stackTrace":[]},"org.apache.dubbo.rpc.protocol.dubbo.ExplicitCallbackTest.TestCallbackMultiInstans":{"name":"org.apache.dubbo.rpc.protocol.dubbo.ExplicitCallbackTest.TestCallbackMultiInstans","result":"PASS","time":2.198409877,"stackTrace":[]},"org.apache.dubbo.rpc.protocol.dubbo.telnet.PortTelnetHandlerTest.testErrorMessage":{"name":"org.apache.dubbo.rpc.protocol.dubbo.telnet.PortTelnetHandlerTest.testErrorMessage","result":"PASS","time":0.034042389,"stackTrace":[]},"org.apache.dubbo.rpc.protocol.dubbo.DubboProtocolTest.testDubboProtocolMultiService":{"name":"org.apache.dubbo.rpc.protocol.dubbo.DubboProtocolTest.testDubboProtocolMultiService","result":"PASS","time":0.172653715,"stackTrace":[]},"org.apache.dubbo.rpc.protocol.dubbo.ReferenceCountExchangeClientTest.test_share_connect":{"name":"org.apache.dubbo.rpc.protocol.dubbo.ReferenceCountExchangeClientTest.test_share_connect","result":"PASS","time":0.238905733,"stackTrace":[]},"org.apache.dubbo.rpc.protocol.dubbo.telnet.ChangeTelnetHandlerTest.testChangeName":{"name":"org.apache.dubbo.rpc.protocol.dubbo.telnet.ChangeTelnetHandlerTest.testChangeName","result":"PASS","time":0.084306234,"stackTrace":[]},"org.apache.dubbo.rpc.protocol.dubbo.ImplicitCallBackTest.test_Ex_Onthrow":{"name":"org.apache.dubbo.rpc.protocol.dubbo.ImplicitCallBackTest.test_Ex_Onthrow","result":"PASS","time":10.482722955,"stackTrace":[]},"org.apache.dubbo.rpc.protocol.dubbo.telnet.InvokerTelnetHandlerTest.testInvokeByPassingNullValue":{"name":"org.apache.dubbo.rpc.protocol.dubbo.telnet.InvokerTelnetHandlerTest.testInvokeByPassingNullValue","result":"PASS","time":0.752357278,"stackTrace":[]},"org.apache.dubbo.rpc.protocol.dubbo.telnet.ChangeTelnetHandlerTest.testChangeServiceNotExport":{"name":"org.apache.dubbo.rpc.protocol.dubbo.telnet.ChangeTelnetHandlerTest.testChangeServiceNotExport","result":"PASS","time":0.003136728,"stackTrace":[]},"org.apache.dubbo.rpc.protocol.dubbo.ImplicitCallBackTest.test_Normal_Ex":{"name":"org.apache.dubbo.rpc.protocol.dubbo.ImplicitCallBackTest.test_Normal_Ex","result":"PASS","time":92.338208337,"stackTrace":[]},"org.apache.dubbo.rpc.protocol.dubbo.telnet.PortTelnetHandlerTest.testListAllPort":{"name":"org.apache.dubbo.rpc.protocol.dubbo.telnet.PortTelnetHandlerTest.testListAllPort","result":"PASS","time":0.035532421,"stackTrace":[]},"org.apache.dubbo.rpc.protocol.dubbo.DubboProtocolTest.testNonSerializedParameter":{"name":"org.apache.dubbo.rpc.protocol.dubbo.DubboProtocolTest.testNonSerializedParameter","result":"PASS","time":0.017773232,"stackTrace":[]},"org.apache.dubbo.rpc.protocol.dubbo.telnet.InvokerTelnetHandlerTest.testMessageNull":{"name":"org.apache.dubbo.rpc.protocol.dubbo.telnet.InvokerTelnetHandlerTest.testMessageNull","result":"PASS","time":0.342497564,"stackTrace":[]},"org.apache.dubbo.rpc.protocol.dubbo.ImplicitCallBackTest.test_CloseCallback":{"name":"org.apache.dubbo.rpc.protocol.dubbo.ImplicitCallBackTest.test_CloseCallback","result":"PASS","time":10.102179978,"stackTrace":[]},"org.apache.dubbo.rpc.protocol.dubbo.ImplicitCallBackTest.test_Ex_OnReturn":{"name":"org.apache.dubbo.rpc.protocol.dubbo.ImplicitCallBackTest.test_Ex_OnReturn","result":"PASS","time":12.100218819,"stackTrace":[]},"org.apache.dubbo.rpc.protocol.dubbo.ExplicitCallbackTest.TestCallbackConsumerLimit":{"name":"org.apache.dubbo.rpc.protocol.dubbo.ExplicitCallbackTest.TestCallbackConsumerLimit","result":"PASS","time":0.161659279,"stackTrace":[]},"org.apache.dubbo.rpc.protocol.dubbo.telnet.ChangeTelnetHandlerTest.testChangeSimpleName":{"name":"org.apache.dubbo.rpc.protocol.dubbo.telnet.ChangeTelnetHandlerTest.testChangeSimpleName","result":"PASS","time":0.147490317,"stackTrace":[]},"org.apache.dubbo.rpc.protocol.dubbo.DubboProtocolTest.testDemoProtocol":{"name":"org.apache.dubbo.rpc.protocol.dubbo.DubboProtocolTest.testDemoProtocol","result":"PASS","time":0.189705644,"stackTrace":[]},"org.apache.dubbo.rpc.protocol.dubbo.ImplicitCallBackTest.test_Async_Future":{"name":"org.apache.dubbo.rpc.protocol.dubbo.ImplicitCallBackTest.test_Async_Future","result":"PASS","time":10.118561379,"stackTrace":[]},"org.apache.dubbo.rpc.protocol.dubbo.DubboProtocolTest.testPerm":{"name":"org.apache.dubbo.rpc.protocol.dubbo.DubboProtocolTest.testPerm","result":"PASS","time":8.733820456,"stackTrace":[]},"org.apache.dubbo.rpc.protocol.dubbo.telnet.ChangeTelnetHandlerTest.testChangeCancel2":{"name":"org.apache.dubbo.rpc.protocol.dubbo.telnet.ChangeTelnetHandlerTest.testChangeCancel2","result":"PASS","time":0.00500819,"stackTrace":[]},"org.apache.dubbo.rpc.protocol.dubbo.ReferenceCountExchangeClientTest.test_not_share_connect":{"name":"org.apache.dubbo.rpc.protocol.dubbo.ReferenceCountExchangeClientTest.test_not_share_connect","result":"PASS","time":0.568305949,"stackTrace":[]},"org.apache.dubbo.rpc.protocol.dubbo.ExplicitCallbackTest.TestCallbackProviderLimit":{"name":"org.apache.dubbo.rpc.protocol.dubbo.ExplicitCallbackTest.TestCallbackProviderLimit","result":"PASS","time":0.674295137,"stackTrace":[]},"org.apache.dubbo.rpc.protocol.dubbo.ImplicitCallBackTest.test_Sync_Onreturn":{"name":"org.apache.dubbo.rpc.protocol.dubbo.ImplicitCallBackTest.test_Sync_Onreturn","result":"PASS","time":10.175213948,"stackTrace":[]}},"diffs":{}},"expected":"PASS","dependentTest":"org.apache.dubbo.rpc.protocol.dubbo.DubboProtocolTest.testDubboProtocolWithMina","polluters":[{"time":{"startTime":1574051934863,"endTime":1574051934863,"elapsedSeconds":0.0},"index":0,"deps":["org.apache.dubbo.rpc.protocol.dubbo.DubboProtocolTest.testDubboProtocol"],"cleanerData":{"dependentTest":"org.apache.dubbo.rpc.protocol.dubbo.DubboProtocolTest.testDubboProtocolWithMina","time":{"addTime":{"startTime":1574051934908,"endTime":1574051934908,"elapsedSeconds":0.0},"totalTime":{"startTime":1574051934908,"endTime":1574051934908,"elapsedSeconds":0.0}},"expected":"PASS","isolationResult":"ERROR","cleaners":[]}},{"time":{"startTime":1574051986715,"endTime":1574051986715,"elapsedSeconds":0.0},"index":1,"deps":["org.apache.dubbo.rpc.protocol.dubbo.DubboProtocolTest.testDubboProtocolMultiService"],"cleanerData":{"dependentTest":"org.apache.dubbo.rpc.protocol.dubbo.DubboProtocolTest.testDubboProtocolWithMina","time":{"addTime":{"startTime":1574051986723,"endTime":1574051986723,"elapsedSeconds":0.0},"totalTime":{"startTime":1574051986723,"endTime":1574051986723,"elapsedSeconds":0.0}},"expected":"PASS","isolationResult":"ERROR","cleaners":[]}}],"hash":"90afe551c20b97a38e21d18d1cb58168","flakyClass":"OD"}