{"time":{"startTime":1574054977221,"endTime":1574092334106,"elapsedSeconds":37356.88499999046},"expectedRun":{"id":"1574054690937-92ec4cb8-532d-418b-b6a6-22c8793af6a3","testOrder":["org.apache.dubbo.rpc.protocol.dubbo.MultiThreadTest.testDubboMultiThreadInvoke","org.apache.dubbo.rpc.protocol.dubbo.ExplicitCallbackTest.TestCallbackProviderLimit","org.apache.dubbo.rpc.protocol.dubbo.ExplicitCallbackTest.TestCallbackMultiInstans","org.apache.dubbo.rpc.protocol.dubbo.ExplicitCallbackTest.TestCallbackNormal","org.apache.dubbo.rpc.protocol.dubbo.ExplicitCallbackTest.TestCallbackConsumerLimit","org.apache.dubbo.rpc.protocol.dubbo.telnet.CurrentTelnetHandlerTest.testSlash","org.apache.dubbo.rpc.protocol.dubbo.telnet.CurrentTelnetHandlerTest.testMessageError","org.apache.dubbo.rpc.protocol.dubbo.telnet.CurrentTelnetHandlerTest.testService","org.apache.dubbo.rpc.protocol.dubbo.telnet.LogTelnetHandlerTest.testPrintLog","org.apache.dubbo.rpc.protocol.dubbo.telnet.LogTelnetHandlerTest.testChangeLogLevel","org.apache.dubbo.rpc.protocol.dubbo.DubboLazyConnectTest.testSticky1","org.apache.dubbo.rpc.protocol.dubbo.DubboLazyConnectTest.testSticky2","org.apache.dubbo.rpc.protocol.dubbo.DubboLazyConnectTest.testSticky3","org.apache.dubbo.rpc.protocol.dubbo.DubboLazyConnectTest.testSticky4","org.apache.dubbo.rpc.protocol.dubbo.telnet.InvokerTelnetHandlerTest.testMessageNull","org.apache.dubbo.rpc.protocol.dubbo.telnet.InvokerTelnetHandlerTest.testInvokeByPassingNullValue","org.apache.dubbo.rpc.protocol.dubbo.telnet.InvokerTelnetHandlerTest.testInvaildMessage","org.apache.dubbo.rpc.protocol.dubbo.telnet.InvokerTelnetHandlerTest.testInvokeAutoFindMethod","org.apache.dubbo.rpc.protocol.dubbo.telnet.InvokerTelnetHandlerTest.testInvokeDefaultSService","org.apache.dubbo.rpc.protocol.dubbo.telnet.ListTelnetHandlerTest.testListDetailService","org.apache.dubbo.rpc.protocol.dubbo.telnet.ListTelnetHandlerTest.testInvaildMessage","org.apache.dubbo.rpc.protocol.dubbo.telnet.ListTelnetHandlerTest.testList","org.apache.dubbo.rpc.protocol.dubbo.telnet.ListTelnetHandlerTest.testListDetail","org.apache.dubbo.rpc.protocol.dubbo.telnet.ListTelnetHandlerTest.testListDefault","org.apache.dubbo.rpc.protocol.dubbo.telnet.ListTelnetHandlerTest.testListService","org.apache.dubbo.rpc.protocol.dubbo.DubboProtocolTest.testDubboProtocol","org.apache.dubbo.rpc.protocol.dubbo.DubboProtocolTest.testPerm","org.apache.dubbo.rpc.protocol.dubbo.DubboProtocolTest.testReturnNonSerialized","org.apache.dubbo.rpc.protocol.dubbo.DubboProtocolTest.testDubboProtocolMultiService","org.apache.dubbo.rpc.protocol.dubbo.DubboProtocolTest.testDemoProtocol","org.apache.dubbo.rpc.protocol.dubbo.DubboProtocolTest.testNonSerializedParameter","org.apache.dubbo.rpc.protocol.dubbo.DubboProtocolTest.testDubboProtocolWithMina","org.apache.dubbo.rpc.protocol.dubbo.telnet.PortTelnetHandlerTest.testErrorMessage","org.apache.dubbo.rpc.protocol.dubbo.telnet.PortTelnetHandlerTest.testListAllPort","org.apache.dubbo.rpc.protocol.dubbo.telnet.PortTelnetHandlerTest.testListClient","org.apache.dubbo.rpc.protocol.dubbo.telnet.PortTelnetHandlerTest.testListDetail","org.apache.dubbo.rpc.protocol.dubbo.telnet.PortTelnetHandlerTest.testNoPort","org.apache.dubbo.rpc.protocol.dubbo.ReferenceCountExchangeClientTest.test_counter_error","org.apache.dubbo.rpc.protocol.dubbo.ReferenceCountExchangeClientTest.test_not_share_connect","org.apache.dubbo.rpc.protocol.dubbo.ReferenceCountExchangeClientTest.test_multi_destory","org.apache.dubbo.rpc.protocol.dubbo.ReferenceCountExchangeClientTest.test_share_connect","org.apache.dubbo.rpc.protocol.dubbo.ImplicitCallBackTest.test_Normal_Ex","org.apache.dubbo.rpc.protocol.dubbo.ImplicitCallBackTest.test_Ex_Onthrow","org.apache.dubbo.rpc.protocol.dubbo.ImplicitCallBackTest.test_Sync_Onreturn","org.apache.dubbo.rpc.protocol.dubbo.ImplicitCallBackTest.test_Async_Future_Ex","org.apache.dubbo.rpc.protocol.dubbo.ImplicitCallBackTest.test_Ex_OnInvoke","org.apache.dubbo.rpc.protocol.dubbo.ImplicitCallBackTest.test_Async_Future","org.apache.dubbo.rpc.protocol.dubbo.ImplicitCallBackTest.test_Ex_OnReturn","org.apache.dubbo.rpc.protocol.dubbo.ImplicitCallBackTest.test_CloseCallback","org.apache.dubbo.rpc.protocol.dubbo.ImplicitCallBackTest.test_Async_Future_Multi","org.apache.dubbo.rpc.protocol.dubbo.ImplicitCallBackTest.test_Sync_NoFuture","org.apache.dubbo.rpc.protocol.dubbo.DubboInvokerAvilableTest.test_Normal_available","org.apache.dubbo.rpc.protocol.dubbo.DubboInvokerAvilableTest.test_NoInvokers","org.apache.dubbo.rpc.protocol.dubbo.DubboInvokerAvilableTest.test_Normal_ChannelReadOnly","org.apache.dubbo.rpc.protocol.dubbo.DubboInvokerAvilableTest.test_Lazy_ChannelReadOnly","org.apache.dubbo.rpc.protocol.dubbo.FutureFilterTest.testSyncCallbackHasException","org.apache.dubbo.rpc.protocol.dubbo.FutureFilterTest.testSyncCallback","org.apache.dubbo.rpc.protocol.dubbo.telnet.ChangeTelnetHandlerTest.testChangeSimpleName","org.apache.dubbo.rpc.protocol.dubbo.telnet.ChangeTelnetHandlerTest.testChangeMessageNull","org.apache.dubbo.rpc.protocol.dubbo.telnet.ChangeTelnetHandlerTest.testChangeServiceNotExport","org.apache.dubbo.rpc.protocol.dubbo.telnet.ChangeTelnetHandlerTest.testChangeCancel","org.apache.dubbo.rpc.protocol.dubbo.telnet.ChangeTelnetHandlerTest.testChangeName","org.apache.dubbo.rpc.protocol.dubbo.telnet.ChangeTelnetHandlerTest.testChangePath","org.apache.dubbo.rpc.protocol.dubbo.telnet.ChangeTelnetHandlerTest.testChangeCancel2","org.apache.dubbo.rpc.protocol.dubbo.RpcFilterTest.testRpcFilter"],"results":{"org.apache.dubbo.rpc.protocol.dubbo.DubboInvokerAvilableTest.test_Normal_ChannelReadOnly":{"name":"org.apache.dubbo.rpc.protocol.dubbo.DubboInvokerAvilableTest.test_Normal_ChannelReadOnly","result":"PASS","time":0.011335141,"stackTrace":[]},"org.apache.dubbo.rpc.protocol.dubbo.FutureFilterTest.testSyncCallbackHasException":{"name":"org.apache.dubbo.rpc.protocol.dubbo.FutureFilterTest.testSyncCallbackHasException","result":"PASS","time":0.011266202,"stackTrace":[]},"org.apache.dubbo.rpc.protocol.dubbo.RpcFilterTest.testRpcFilter":{"name":"org.apache.dubbo.rpc.protocol.dubbo.RpcFilterTest.testRpcFilter","result":"PASS","time":0.201868688,"stackTrace":[]},"org.apache.dubbo.rpc.protocol.dubbo.ImplicitCallBackTest.test_Sync_NoFuture":{"name":"org.apache.dubbo.rpc.protocol.dubbo.ImplicitCallBackTest.test_Sync_NoFuture","result":"PASS","time":10.220885482,"stackTrace":[]},"org.apache.dubbo.rpc.protocol.dubbo.telnet.CurrentTelnetHandlerTest.testService":{"name":"org.apache.dubbo.rpc.protocol.dubbo.telnet.CurrentTelnetHandlerTest.testService","result":"PASS","time":0.002593531,"stackTrace":[]},"org.apache.dubbo.rpc.protocol.dubbo.DubboProtocolTest.testDubboProtocolWithMina":{"name":"org.apache.dubbo.rpc.protocol.dubbo.DubboProtocolTest.testDubboProtocolWithMina","result":"PASS","time":1.847133874,"stackTrace":[]},"org.apache.dubbo.rpc.protocol.dubbo.telnet.LogTelnetHandlerTest.testChangeLogLevel":{"name":"org.apache.dubbo.rpc.protocol.dubbo.telnet.LogTelnetHandlerTest.testChangeLogLevel","result":"PASS","time":0.003278653,"stackTrace":[]},"org.apache.dubbo.rpc.protocol.dubbo.telnet.ListTelnetHandlerTest.testInvaildMessage":{"name":"org.apache.dubbo.rpc.protocol.dubbo.telnet.ListTelnetHandlerTest.testInvaildMessage","result":"PASS","time":0.008520546,"stackTrace":[]},"org.apache.dubbo.rpc.protocol.dubbo.telnet.ChangeTelnetHandlerTest.testChangePath":{"name":"org.apache.dubbo.rpc.protocol.dubbo.telnet.ChangeTelnetHandlerTest.testChangePath","result":"PASS","time":0.087205782,"stackTrace":[]},"org.apache.dubbo.rpc.protocol.dubbo.telnet.InvokerTelnetHandlerTest.testInvokeDefaultSService":{"name":"org.apache.dubbo.rpc.protocol.dubbo.telnet.InvokerTelnetHandlerTest.testInvokeDefaultSService","result":"PASS","time":0.117747529,"stackTrace":[]},"org.apache.dubbo.rpc.protocol.dubbo.telnet.InvokerTelnetHandlerTest.testInvokeAutoFindMethod":{"name":"org.apache.dubbo.rpc.protocol.dubbo.telnet.InvokerTelnetHandlerTest.testInvokeAutoFindMethod","result":"PASS","time":0.128948285,"stackTrace":[]},"org.apache.dubbo.rpc.protocol.dubbo.telnet.InvokerTelnetHandlerTest.testInvaildMessage":{"name":"org.apache.dubbo.rpc.protocol.dubbo.telnet.InvokerTelnetHandlerTest.testInvaildMessage","result":"PASS","time":0.003932135,"stackTrace":[]},"org.apache.dubbo.rpc.protocol.dubbo.telnet.ChangeTelnetHandlerTest.testChangeCancel":{"name":"org.apache.dubbo.rpc.protocol.dubbo.telnet.ChangeTelnetHandlerTest.testChangeCancel","result":"PASS","time":0.011204109,"stackTrace":[]},"org.apache.dubbo.rpc.protocol.dubbo.DubboInvokerAvilableTest.test_Lazy_ChannelReadOnly":{"name":"org.apache.dubbo.rpc.protocol.dubbo.DubboInvokerAvilableTest.test_Lazy_ChannelReadOnly","result":"PASS","time":0.08123232,"stackTrace":[]},"org.apache.dubbo.rpc.protocol.dubbo.ImplicitCallBackTest.test_Async_Future_Ex":{"name":"org.apache.dubbo.rpc.protocol.dubbo.ImplicitCallBackTest.test_Async_Future_Ex","result":"PASS","time":10.107253706,"stackTrace":[]},"org.apache.dubbo.rpc.protocol.dubbo.telnet.ListTelnetHandlerTest.testListDetailService":{"name":"org.apache.dubbo.rpc.protocol.dubbo.telnet.ListTelnetHandlerTest.testListDetailService","result":"PASS","time":0.217555463,"stackTrace":[]},"org.apache.dubbo.rpc.protocol.dubbo.DubboProtocolTest.testDubboProtocol":{"name":"org.apache.dubbo.rpc.protocol.dubbo.DubboProtocolTest.testDubboProtocol","result":"PASS","time":0.682685407,"stackTrace":[]},"org.apache.dubbo.rpc.protocol.dubbo.telnet.PortTelnetHandlerTest.testListDetail":{"name":"org.apache.dubbo.rpc.protocol.dubbo.telnet.PortTelnetHandlerTest.testListDetail","result":"FAILURE","time":0.005896562,"stackTrace":[{"declaringClass":"org.junit.Assert","methodName":"assertEquals","fileName":"Assert.java","lineNumber":115},{"declaringClass":"org.junit.Assert","methodName":"assertEquals","fileName":"Assert.java","lineNumber":144},{"declaringClass":"org.apache.dubbo.rpc.protocol.dubbo.telnet.PortTelnetHandlerTest","methodName":"testListDetail","fileName":"PortTelnetHandlerTest.java","lineNumber":85},{"declaringClass":"sun.reflect.NativeMethodAccessorImpl","methodName":"invoke0","fileName":"NativeMethodAccessorImpl.java","lineNumber":-2},{"declaringClass":"sun.reflect.NativeMethodAccessorImpl","methodName":"invoke","fileName":"NativeMethodAccessorImpl.java","lineNumber":62},{"declaringClass":"sun.reflect.DelegatingMethodAccessorImpl","methodName":"invoke","fileName":"DelegatingMethodAccessorImpl.java","lineNumber":43},{"declaringClass":"java.lang.reflect.Method","methodName":"invoke","fileName":"Method.java","lineNumber":498},{"declaringClass":"org.junit.runners.model.FrameworkMethod$1","methodName":"runReflectiveCall","fileName":"FrameworkMethod.java","lineNumber":50},{"declaringClass":"org.junit.internal.runners.model.ReflectiveCallable","methodName":"run","fileName":"ReflectiveCallable.java","lineNumber":12},{"declaringClass":"org.junit.runners.model.FrameworkMethod","methodName":"invokeExplosively","fileName":"FrameworkMethod.java","lineNumber":47},{"declaringClass":"org.junit.internal.runners.statements.InvokeMethod","methodName":"evaluate","fileName":"InvokeMethod.java","lineNumber":17},{"declaringClass":"com.reedoei.testrunner.execution.JUnitTestRunner","methodName":"runChild","fileName":"JUnitTestRunner.java","lineNumber":332},{"declaringClass":"com.reedoei.testrunner.execution.JUnitTestRunner","methodName":"run","fileName":"JUnitTestRunner.java","lineNumber":108},{"declaringClass":"org.junit.runner.JUnitCore","methodName":"run","fileName":"JUnitCore.java","lineNumber":137},{"declaringClass":"com.reedoei.testrunner.execution.JUnitTestExecutor","methodName":"execute","fileName":"JUnitTestExecutor.java","lineNumber":292},{"declaringClass":"com.reedoei.testrunner.execution.JUnitTestExecutor","methodName":"execute","fileName":"JUnitTestExecutor.java","lineNumber":328},{"declaringClass":"com.reedoei.testrunner.execution.JUnitTestExecutor","methodName":"executeWithJUnit4Runner","fileName":"JUnitTestExecutor.java","lineNumber":366},{"declaringClass":"com.reedoei.testrunner.execution.JUnitTestExecutor","methodName":"runOrder","fileName":"JUnitTestExecutor.java","lineNumber":47},{"declaringClass":"com.reedoei.testrunner.execution.Executor$","methodName":"$anonfun$run$1","fileName":"Executor.scala","lineNumber":30},{"declaringClass":"scala.runtime.java8.JFunction0$mcV$sp","methodName":"apply","fileName":"JFunction0$mcV$sp.java","lineNumber":12},{"declaringClass":"scala.util.Try$","methodName":"apply","fileName":"Try.scala","lineNumber":209},{"declaringClass":"com.reedoei.testrunner.execution.Executor$","methodName":"run","fileName":"Executor.scala","lineNumber":28},{"declaringClass":"com.reedoei.testrunner.execution.Executor$","methodName":"main","fileName":"Executor.scala","lineNumber":18},{"declaringClass":"com.reedoei.testrunner.execution.Executor","methodName":"main","fileName":"Executor.scala","lineNumber":-1}]},"org.apache.dubbo.rpc.protocol.dubbo.ReferenceCountExchangeClientTest.test_counter_error":{"name":"org.apache.dubbo.rpc.protocol.dubbo.ReferenceCountExchangeClientTest.test_counter_error","result":"PASS","time":1.366965536,"stackTrace":[]},"org.apache.dubbo.rpc.protocol.dubbo.telnet.PortTelnetHandlerTest.testErrorMessage":{"name":"org.apache.dubbo.rpc.protocol.dubbo.telnet.PortTelnetHandlerTest.testErrorMessage","result":"PASS","time":0.067610624,"stackTrace":[]},"org.apache.dubbo.rpc.protocol.dubbo.DubboProtocolTest.testDubboProtocolMultiService":{"name":"org.apache.dubbo.rpc.protocol.dubbo.DubboProtocolTest.testDubboProtocolMultiService","result":"PASS","time":0.247745044,"stackTrace":[]},"org.apache.dubbo.rpc.protocol.dubbo.telnet.ChangeTelnetHandlerTest.testChangeServiceNotExport":{"name":"org.apache.dubbo.rpc.protocol.dubbo.telnet.ChangeTelnetHandlerTest.testChangeServiceNotExport","result":"PASS","time":0.007695522,"stackTrace":[]},"org.apache.dubbo.rpc.protocol.dubbo.telnet.CurrentTelnetHandlerTest.testSlash":{"name":"org.apache.dubbo.rpc.protocol.dubbo.telnet.CurrentTelnetHandlerTest.testSlash","result":"PASS","time":3.963222616,"stackTrace":[]},"org.apache.dubbo.rpc.protocol.dubbo.ImplicitCallBackTest.test_Normal_Ex":{"name":"org.apache.dubbo.rpc.protocol.dubbo.ImplicitCallBackTest.test_Normal_Ex","result":"PASS","time":10.377007684,"stackTrace":[]},"org.apache.dubbo.rpc.protocol.dubbo.telnet.PortTelnetHandlerTest.testListAllPort":{"name":"org.apache.dubbo.rpc.protocol.dubbo.telnet.PortTelnetHandlerTest.testListAllPort","result":"FAILURE","time":0.051654734,"stackTrace":[{"declaringClass":"org.junit.Assert","methodName":"assertEquals","fileName":"Assert.java","lineNumber":115},{"declaringClass":"org.junit.Assert","methodName":"assertEquals","fileName":"Assert.java","lineNumber":144},{"declaringClass":"org.apache.dubbo.rpc.protocol.dubbo.telnet.PortTelnetHandlerTest","methodName":"testListAllPort","fileName":"PortTelnetHandlerTest.java","lineNumber":91},{"declaringClass":"sun.reflect.NativeMethodAccessorImpl","methodName":"invoke0","fileName":"NativeMethodAccessorImpl.java","lineNumber":-2},{"declaringClass":"sun.reflect.NativeMethodAccessorImpl","methodName":"invoke","fileName":"NativeMethodAccessorImpl.java","lineNumber":62},{"declaringClass":"sun.reflect.DelegatingMethodAccessorImpl","methodName":"invoke","fileName":"DelegatingMethodAccessorImpl.java","lineNumber":43},{"declaringClass":"java.lang.reflect.Method","methodName":"invoke","fileName":"Method.java","lineNumber":498},{"declaringClass":"org.junit.runners.model.FrameworkMethod$1","methodName":"runReflectiveCall","fileName":"FrameworkMethod.java","lineNumber":50},{"declaringClass":"org.junit.internal.runners.model.ReflectiveCallable","methodName":"run","fileName":"ReflectiveCallable.java","lineNumber":12},{"declaringClass":"org.junit.runners.model.FrameworkMethod","methodName":"invokeExplosively","fileName":"FrameworkMethod.java","lineNumber":47},{"declaringClass":"org.junit.internal.runners.statements.InvokeMethod","methodName":"evaluate","fileName":"InvokeMethod.java","lineNumber":17},{"declaringClass":"com.reedoei.testrunner.execution.JUnitTestRunner","methodName":"runChild","fileName":"JUnitTestRunner.java","lineNumber":332},{"declaringClass":"com.reedoei.testrunner.execution.JUnitTestRunner","methodName":"run","fileName":"JUnitTestRunner.java","lineNumber":108},{"declaringClass":"org.junit.runner.JUnitCore","methodName":"run","fileName":"JUnitCore.java","lineNumber":137},{"declaringClass":"com.reedoei.testrunner.execution.JUnitTestExecutor","methodName":"execute","fileName":"JUnitTestExecutor.java","lineNumber":292},{"declaringClass":"com.reedoei.testrunner.execution.JUnitTestExecutor","methodName":"execute","fileName":"JUnitTestExecutor.java","lineNumber":328},{"declaringClass":"com.reedoei.testrunner.execution.JUnitTestExecutor","methodName":"executeWithJUnit4Runner","fileName":"JUnitTestExecutor.java","lineNumber":366},{"declaringClass":"com.reedoei.testrunner.execution.JUnitTestExecutor","methodName":"runOrder","fileName":"JUnitTestExecutor.java","lineNumber":47},{"declaringClass":"com.reedoei.testrunner.execution.Executor$","methodName":"$anonfun$run$1","fileName":"Executor.scala","lineNumber":30},{"declaringClass":"scala.runtime.java8.JFunction0$mcV$sp","methodName":"apply","fileName":"JFunction0$mcV$sp.java","lineNumber":12},{"declaringClass":"scala.util.Try$","methodName":"apply","fileName":"Try.scala","lineNumber":209},{"declaringClass":"com.reedoei.testrunner.execution.Executor$","methodName":"run","fileName":"Executor.scala","lineNumber":28},{"declaringClass":"com.reedoei.testrunner.execution.Executor$","methodName":"main","fileName":"Executor.scala","lineNumber":18},{"declaringClass":"com.reedoei.testrunner.execution.Executor","methodName":"main","fileName":"Executor.scala","lineNumber":-1}]},"org.apache.dubbo.rpc.protocol.dubbo.DubboInvokerAvilableTest.test_Normal_available":{"name":"org.apache.dubbo.rpc.protocol.dubbo.DubboInvokerAvilableTest.test_Normal_available","result":"PASS","time":0.057291117,"stackTrace":[]},"org.apache.dubbo.rpc.protocol.dubbo.ImplicitCallBackTest.test_Ex_OnReturn":{"name":"org.apache.dubbo.rpc.protocol.dubbo.ImplicitCallBackTest.test_Ex_OnReturn","result":"PASS","time":12.100003855,"stackTrace":[]},"org.apache.dubbo.rpc.protocol.dubbo.telnet.ChangeTelnetHandlerTest.testChangeCancel2":{"name":"org.apache.dubbo.rpc.protocol.dubbo.telnet.ChangeTelnetHandlerTest.testChangeCancel2","result":"PASS","time":0.007794423,"stackTrace":[]},"org.apache.dubbo.rpc.protocol.dubbo.ReferenceCountExchangeClientTest.test_not_share_connect":{"name":"org.apache.dubbo.rpc.protocol.dubbo.ReferenceCountExchangeClientTest.test_not_share_connect","result":"PASS","time":0.168849568,"stackTrace":[]},"org.apache.dubbo.rpc.protocol.dubbo.ExplicitCallbackTest.TestCallbackProviderLimit":{"name":"org.apache.dubbo.rpc.protocol.dubbo.ExplicitCallbackTest.TestCallbackProviderLimit","result":"PASS","time":0.579214947,"stackTrace":[]},"org.apache.dubbo.rpc.protocol.dubbo.DubboInvokerAvilableTest.test_NoInvokers":{"name":"org.apache.dubbo.rpc.protocol.dubbo.DubboInvokerAvilableTest.test_NoInvokers","result":"PASS","time":0.015306319,"stackTrace":[]},"org.apache.dubbo.rpc.protocol.dubbo.ExplicitCallbackTest.TestCallbackNormal":{"name":"org.apache.dubbo.rpc.protocol.dubbo.ExplicitCallbackTest.TestCallbackNormal","result":"PASS","time":1.449860634,"stackTrace":[]},"org.apache.dubbo.rpc.protocol.dubbo.ImplicitCallBackTest.test_Ex_OnInvoke":{"name":"org.apache.dubbo.rpc.protocol.dubbo.ImplicitCallBackTest.test_Ex_OnInvoke","result":"PASS","time":10.121286719,"stackTrace":[]},"org.apache.dubbo.rpc.protocol.dubbo.ImplicitCallBackTest.test_Async_Future_Multi":{"name":"org.apache.dubbo.rpc.protocol.dubbo.ImplicitCallBackTest.test_Async_Future_Multi","result":"PASS","time":10.211725154,"stackTrace":[]},"org.apache.dubbo.rpc.protocol.dubbo.FutureFilterTest.testSyncCallback":{"name":"org.apache.dubbo.rpc.protocol.dubbo.FutureFilterTest.testSyncCallback","result":"PASS","time":0.004762467,"stackTrace":[]},"org.apache.dubbo.rpc.protocol.dubbo.telnet.ChangeTelnetHandlerTest.testChangeMessageNull":{"name":"org.apache.dubbo.rpc.protocol.dubbo.telnet.ChangeTelnetHandlerTest.testChangeMessageNull","result":"PASS","time":0.012186357,"stackTrace":[]},"org.apache.dubbo.rpc.protocol.dubbo.ReferenceCountExchangeClientTest.test_multi_destory":{"name":"org.apache.dubbo.rpc.protocol.dubbo.ReferenceCountExchangeClientTest.test_multi_destory","result":"PASS","time":0.103908469,"stackTrace":[]},"org.apache.dubbo.rpc.protocol.dubbo.DubboLazyConnectTest.testSticky4":{"name":"org.apache.dubbo.rpc.protocol.dubbo.DubboLazyConnectTest.testSticky4","result":"PASS","time":0.214534754,"stackTrace":[]},"org.apache.dubbo.rpc.protocol.dubbo.DubboLazyConnectTest.testSticky1":{"name":"org.apache.dubbo.rpc.protocol.dubbo.DubboLazyConnectTest.testSticky1","result":"PASS","time":0.040976288,"stackTrace":[]},"org.apache.dubbo.rpc.protocol.dubbo.DubboLazyConnectTest.testSticky3":{"name":"org.apache.dubbo.rpc.protocol.dubbo.DubboLazyConnectTest.testSticky3","result":"PASS","time":0.023673134,"stackTrace":[]},"org.apache.dubbo.rpc.protocol.dubbo.MultiThreadTest.testDubboMultiThreadInvoke":{"name":"org.apache.dubbo.rpc.protocol.dubbo.MultiThreadTest.testDubboMultiThreadInvoke","result":"PASS","time":13.854069512,"stackTrace":[]},"org.apache.dubbo.rpc.protocol.dubbo.DubboLazyConnectTest.testSticky2":{"name":"org.apache.dubbo.rpc.protocol.dubbo.DubboLazyConnectTest.testSticky2","result":"PASS","time":0.027271753,"stackTrace":[]},"org.apache.dubbo.rpc.protocol.dubbo.DubboProtocolTest.testReturnNonSerialized":{"name":"org.apache.dubbo.rpc.protocol.dubbo.DubboProtocolTest.testReturnNonSerialized","result":"PASS","time":0.065153222,"stackTrace":[]},"org.apache.dubbo.rpc.protocol.dubbo.telnet.ListTelnetHandlerTest.testListService":{"name":"org.apache.dubbo.rpc.protocol.dubbo.telnet.ListTelnetHandlerTest.testListService","result":"PASS","time":0.135987112,"stackTrace":[]},"org.apache.dubbo.rpc.protocol.dubbo.ExplicitCallbackTest.TestCallbackMultiInstans":{"name":"org.apache.dubbo.rpc.protocol.dubbo.ExplicitCallbackTest.TestCallbackMultiInstans","result":"PASS","time":2.06059776,"stackTrace":[]},"org.apache.dubbo.rpc.protocol.dubbo.telnet.CurrentTelnetHandlerTest.testMessageError":{"name":"org.apache.dubbo.rpc.protocol.dubbo.telnet.CurrentTelnetHandlerTest.testMessageError","result":"PASS","time":0.005679898,"stackTrace":[]},"org.apache.dubbo.rpc.protocol.dubbo.telnet.ListTelnetHandlerTest.testListDefault":{"name":"org.apache.dubbo.rpc.protocol.dubbo.telnet.ListTelnetHandlerTest.testListDefault","result":"PASS","time":0.10213654,"stackTrace":[]},"org.apache.dubbo.rpc.protocol.dubbo.ReferenceCountExchangeClientTest.test_share_connect":{"name":"org.apache.dubbo.rpc.protocol.dubbo.ReferenceCountExchangeClientTest.test_share_connect","result":"PASS","time":0.073165008,"stackTrace":[]},"org.apache.dubbo.rpc.protocol.dubbo.telnet.ChangeTelnetHandlerTest.testChangeName":{"name":"org.apache.dubbo.rpc.protocol.dubbo.telnet.ChangeTelnetHandlerTest.testChangeName","result":"PASS","time":0.130344719,"stackTrace":[]},"org.apache.dubbo.rpc.protocol.dubbo.ImplicitCallBackTest.test_Ex_Onthrow":{"name":"org.apache.dubbo.rpc.protocol.dubbo.ImplicitCallBackTest.test_Ex_Onthrow","result":"PASS","time":10.19705255,"stackTrace":[]},"org.apache.dubbo.rpc.protocol.dubbo.telnet.InvokerTelnetHandlerTest.testInvokeByPassingNullValue":{"name":"org.apache.dubbo.rpc.protocol.dubbo.telnet.InvokerTelnetHandlerTest.testInvokeByPassingNullValue","result":"PASS","time":1.426436704,"stackTrace":[]},"org.apache.dubbo.rpc.protocol.dubbo.telnet.PortTelnetHandlerTest.testNoPort":{"name":"org.apache.dubbo.rpc.protocol.dubbo.telnet.PortTelnetHandlerTest.testNoPort","result":"PASS","time":40.601794584,"stackTrace":[]},"org.apache.dubbo.rpc.protocol.dubbo.DubboProtocolTest.testNonSerializedParameter":{"name":"org.apache.dubbo.rpc.protocol.dubbo.DubboProtocolTest.testNonSerializedParameter","result":"PASS","time":0.020147993,"stackTrace":[]},"org.apache.dubbo.rpc.protocol.dubbo.ImplicitCallBackTest.test_CloseCallback":{"name":"org.apache.dubbo.rpc.protocol.dubbo.ImplicitCallBackTest.test_CloseCallback","result":"PASS","time":10.111461693,"stackTrace":[]},"org.apache.dubbo.rpc.protocol.dubbo.telnet.InvokerTelnetHandlerTest.testMessageNull":{"name":"org.apache.dubbo.rpc.protocol.dubbo.telnet.InvokerTelnetHandlerTest.testMessageNull","result":"PASS","time":60.631526449,"stackTrace":[]},"org.apache.dubbo.rpc.protocol.dubbo.telnet.ListTelnetHandlerTest.testListDetail":{"name":"org.apache.dubbo.rpc.protocol.dubbo.telnet.ListTelnetHandlerTest.testListDetail","result":"PASS","time":0.135924599,"stackTrace":[]},"org.apache.dubbo.rpc.protocol.dubbo.ExplicitCallbackTest.TestCallbackConsumerLimit":{"name":"org.apache.dubbo.rpc.protocol.dubbo.ExplicitCallbackTest.TestCallbackConsumerLimit","result":"PASS","time":0.310027658,"stackTrace":[]},"org.apache.dubbo.rpc.protocol.dubbo.telnet.ChangeTelnetHandlerTest.testChangeSimpleName":{"name":"org.apache.dubbo.rpc.protocol.dubbo.telnet.ChangeTelnetHandlerTest.testChangeSimpleName","result":"PASS","time":10.104354947,"stackTrace":[]},"org.apache.dubbo.rpc.protocol.dubbo.ImplicitCallBackTest.test_Async_Future":{"name":"org.apache.dubbo.rpc.protocol.dubbo.ImplicitCallBackTest.test_Async_Future","result":"PASS","time":10.133512389,"stackTrace":[]},"org.apache.dubbo.rpc.protocol.dubbo.DubboProtocolTest.testDemoProtocol":{"name":"org.apache.dubbo.rpc.protocol.dubbo.DubboProtocolTest.testDemoProtocol","result":"PASS","time":0.078864463,"stackTrace":[]},"org.apache.dubbo.rpc.protocol.dubbo.DubboProtocolTest.testPerm":{"name":"org.apache.dubbo.rpc.protocol.dubbo.DubboProtocolTest.testPerm","result":"PASS","time":6.174880969,"stackTrace":[]},"org.apache.dubbo.rpc.protocol.dubbo.telnet.ListTelnetHandlerTest.testList":{"name":"org.apache.dubbo.rpc.protocol.dubbo.telnet.ListTelnetHandlerTest.testList","result":"PASS","time":0.220000013,"stackTrace":[]},"org.apache.dubbo.rpc.protocol.dubbo.telnet.PortTelnetHandlerTest.testListClient":{"name":"org.apache.dubbo.rpc.protocol.dubbo.telnet.PortTelnetHandlerTest.testListClient","result":"PASS","time":5.094636148,"stackTrace":[]},"org.apache.dubbo.rpc.protocol.dubbo.telnet.LogTelnetHandlerTest.testPrintLog":{"name":"org.apache.dubbo.rpc.protocol.dubbo.telnet.LogTelnetHandlerTest.testPrintLog","result":"PASS","time":0.014218464,"stackTrace":[]},"org.apache.dubbo.rpc.protocol.dubbo.ImplicitCallBackTest.test_Sync_Onreturn":{"name":"org.apache.dubbo.rpc.protocol.dubbo.ImplicitCallBackTest.test_Sync_Onreturn","result":"PASS","time":10.166229944,"stackTrace":[]}},"diffs":{}},"expected":"FAILURE","dependentTest":"org.apache.dubbo.rpc.protocol.dubbo.telnet.PortTelnetHandlerTest.testListDetail","polluters":[{"time":{"startTime":1574055003022,"endTime":1574055003022,"elapsedSeconds":0.0},"index":0,"deps":["org.apache.dubbo.rpc.protocol.dubbo.MultiThreadTest.testDubboMultiThreadInvoke"],"cleanerData":{"dependentTest":"org.apache.dubbo.rpc.protocol.dubbo.telnet.PortTelnetHandlerTest.testListDetail","time":{"addTime":{"startTime":1574055003057,"endTime":1574055272250,"elapsedSeconds":269.1930003166199},"totalTime":{"startTime":1574055003057,"endTime":1574055746451,"elapsedSeconds":743.3940000534058}},"expected":"FAILURE","isolationResult":"PASS","cleaners":[{"dependentTest":"org.apache.dubbo.rpc.protocol.dubbo.telnet.PortTelnetHandlerTest.testListDetail","originalSize":25,"cleanerTests":["org.apache.dubbo.rpc.protocol.dubbo.ImplicitCallBackTest.test_Normal_Ex"],"orderFound":0,"time":{"addTime":{"startTime":1574055003057,"endTime":1574055272250,"elapsedSeconds":269.1930003166199},"totalTime":{"startTime":1574055003057,"endTime":1574055746451,"elapsedSeconds":743.3940000534058}}}]}},{"time":{"startTime":1574055766235,"endTime":1574055766235,"elapsedSeconds":0.0},"index":1,"deps":["org.apache.dubbo.rpc.protocol.dubbo.ExplicitCallbackTest.TestCallbackProviderLimit"],"cleanerData":{"dependentTest":"org.apache.dubbo.rpc.protocol.dubbo.telnet.PortTelnetHandlerTest.testListDetail","time":{"addTime":{"startTime":1574055766243,"endTime":1574056111168,"elapsedSeconds":344.9249999523163},"totalTime":{"startTime":1574055766243,"endTime":1574056725984,"elapsedSeconds":959.7409999370575}},"expected":"FAILURE","isolationResult":"PASS","cleaners":[{"dependentTest":"org.apache.dubbo.rpc.protocol.dubbo.telnet.PortTelnetHandlerTest.testListDetail","originalSize":36,"cleanerTests":["org.apache.dubbo.rpc.protocol.dubbo.ImplicitCallBackTest.test_Normal_Ex"],"orderFound":0,"time":{"addTime":{"startTime":1574055766243,"endTime":1574056111168,"elapsedSeconds":344.9249999523163},"totalTime":{"startTime":1574055766243,"endTime":1574056725984,"elapsedSeconds":959.7409999370575}}}]}},{"time":{"startTime":1574056746898,"endTime":1574056746898,"elapsedSeconds":0.0},"index":2,"deps":["org.apache.dubbo.rpc.protocol.dubbo.ExplicitCallbackTest.TestCallbackMultiInstans"],"cleanerData":{"dependentTest":"org.apache.dubbo.rpc.protocol.dubbo.telnet.PortTelnetHandlerTest.testListDetail","time":{"addTime":{"startTime":1574056746910,"endTime":1574057085443,"elapsedSeconds":338.5329999923706},"totalTime":{"startTime":1574056746910,"endTime":1574057990378,"elapsedSeconds":1243.4679999351501}},"expected":"FAILURE","isolationResult":"PASS","cleaners":[{"dependentTest":"org.apache.dubbo.rpc.protocol.dubbo.telnet.PortTelnetHandlerTest.testListDetail","originalSize":35,"cleanerTests":["org.apache.dubbo.rpc.protocol.dubbo.ImplicitCallBackTest.test_Normal_Ex"],"orderFound":0,"time":{"addTime":{"startTime":1574056746910,"endTime":1574057085443,"elapsedSeconds":338.5329999923706},"totalTime":{"startTime":1574056746910,"endTime":1574057990378,"elapsedSeconds":1243.4679999351501}}}]}},{"time":{"startTime":1574058410539,"endTime":1574058410540,"elapsedSeconds":9.999275207519531E-4},"index":3,"deps":["org.apache.dubbo.rpc.protocol.dubbo.ExplicitCallbackTest.TestCallbackNormal"],"cleanerData":{"dependentTest":"org.apache.dubbo.rpc.protocol.dubbo.telnet.PortTelnetHandlerTest.testListDetail","time":{"addTime":{"startTime":1574058410546,"endTime":1574058744983,"elapsedSeconds":334.4370000362396},"totalTime":{"startTime":1574058410546,"endTime":1574059653226,"elapsedSeconds":1242.6800000667572}},"expected":"FAILURE","isolationResult":"PASS","cleaners":[{"dependentTest":"org.apache.dubbo.rpc.protocol.dubbo.telnet.PortTelnetHandlerTest.testListDetail","originalSize":34,"cleanerTests":["org.apache.dubbo.rpc.protocol.dubbo.ImplicitCallBackTest.test_Normal_Ex"],"orderFound":0,"time":{"addTime":{"startTime":1574058410546,"endTime":1574058744983,"elapsedSeconds":334.4370000362396},"totalTime":{"startTime":1574058410546,"endTime":1574059653226,"elapsedSeconds":1242.6800000667572}}}]}},{"time":{"startTime":1574060457648,"endTime":1574060457648,"elapsedSeconds":0.0},"index":4,"deps":["org.apache.dubbo.rpc.protocol.dubbo.ExplicitCallbackTest.TestCallbackConsumerLimit"],"cleanerData":{"dependentTest":"org.apache.dubbo.rpc.protocol.dubbo.telnet.PortTelnetHandlerTest.testListDetail","time":{"addTime":{"startTime":1574060457661,"endTime":1574060778166,"elapsedSeconds":320.5059998035431},"totalTime":{"startTime":1574060457661,"endTime":1574061738971,"elapsedSeconds":1281.3099999427795}},"expected":"FAILURE","isolationResult":"PASS","cleaners":[{"dependentTest":"org.apache.dubbo.rpc.protocol.dubbo.telnet.PortTelnetHandlerTest.testListDetail","originalSize":33,"cleanerTests":["org.apache.dubbo.rpc.protocol.dubbo.ImplicitCallBackTest.test_Normal_Ex"],"orderFound":0,"time":{"addTime":{"startTime":1574060457661,"endTime":1574060778166,"elapsedSeconds":320.5059998035431},"totalTime":{"startTime":1574060457661,"endTime":1574061738971,"elapsedSeconds":1281.3099999427795}}}]}},{"time":{"startTime":1574062600146,"endTime":1574062600147,"elapsedSeconds":0.0010001659393310547},"index":5,"deps":["org.apache.dubbo.rpc.protocol.dubbo.DubboLazyConnectTest.testSticky4"],"cleanerData":{"dependentTest":"org.apache.dubbo.rpc.protocol.dubbo.telnet.PortTelnetHandlerTest.testListDetail","time":{"addTime":{"startTime":1574062629097,"endTime":1574062629097,"elapsedSeconds":0.0},"totalTime":{"startTime":1574062629097,"endTime":1574062629097,"elapsedSeconds":0.0}},"expected":"FAILURE","isolationResult":"PASS","cleaners":[]}},{"time":{"startTime":1574062855497,"endTime":1574062855497,"elapsedSeconds":0.0},"index":6,"deps":["org.apache.dubbo.rpc.protocol.dubbo.DubboProtocolTest.testDubboProtocol"],"cleanerData":{"dependentTest":"org.apache.dubbo.rpc.protocol.dubbo.telnet.PortTelnetHandlerTest.testListDetail","time":{"addTime":{"startTime":1574062855505,"endTime":1574063141656,"elapsedSeconds":286.1509997844696},"totalTime":{"startTime":1574062855505,"endTime":1574064328514,"elapsedSeconds":1473.008999824524}},"expected":"FAILURE","isolationResult":"PASS","cleaners":[{"dependentTest":"org.apache.dubbo.rpc.protocol.dubbo.telnet.PortTelnetHandlerTest.testListDetail","originalSize":32,"cleanerTests":["org.apache.dubbo.rpc.protocol.dubbo.ImplicitCallBackTest.test_Normal_Ex"],"orderFound":0,"time":{"addTime":{"startTime":1574062855505,"endTime":1574063141656,"elapsedSeconds":286.1509997844696},"totalTime":{"startTime":1574062855505,"endTime":1574064328514,"elapsedSeconds":1473.008999824524}}}]}},{"time":{"startTime":1574065718296,"endTime":1574065718296,"elapsedSeconds":0.0},"index":7,"deps":["org.apache.dubbo.rpc.protocol.dubbo.DubboProtocolTest.testPerm"],"cleanerData":{"dependentTest":"org.apache.dubbo.rpc.protocol.dubbo.telnet.PortTelnetHandlerTest.testListDetail","time":{"addTime":{"startTime":1574065718306,"endTime":1574066037379,"elapsedSeconds":319.0739998817444},"totalTime":{"startTime":1574065718306,"endTime":1574067221322,"elapsedSeconds":1503.016000032425}},"expected":"FAILURE","isolationResult":"PASS","cleaners":[{"dependentTest":"org.apache.dubbo.rpc.protocol.dubbo.telnet.PortTelnetHandlerTest.testListDetail","originalSize":31,"cleanerTests":["org.apache.dubbo.rpc.protocol.dubbo.ImplicitCallBackTest.test_Normal_Ex"],"orderFound":0,"time":{"addTime":{"startTime":1574065718306,"endTime":1574066037379,"elapsedSeconds":319.0739998817444},"totalTime":{"startTime":1574065718306,"endTime":1574067221322,"elapsedSeconds":1503.016000032425}}}]}},{"time":{"startTime":1574068307189,"endTime":1574068307189,"elapsedSeconds":0.0},"index":8,"deps":["org.apache.dubbo.rpc.protocol.dubbo.DubboProtocolTest.testReturnNonSerialized"],"cleanerData":{"dependentTest":"org.apache.dubbo.rpc.protocol.dubbo.telnet.PortTelnetHandlerTest.testListDetail","time":{"addTime":{"startTime":1574068307211,"endTime":1574068630450,"elapsedSeconds":323.239000082016},"totalTime":{"startTime":1574068307211,"endTime":1574070053601,"elapsedSeconds":1746.3900001049042}},"expected":"FAILURE","isolationResult":"PASS","cleaners":[{"dependentTest":"org.apache.dubbo.rpc.protocol.dubbo.telnet.PortTelnetHandlerTest.testListDetail","originalSize":30,"cleanerTests":["org.apache.dubbo.rpc.protocol.dubbo.ImplicitCallBackTest.test_Normal_Ex"],"orderFound":0,"time":{"addTime":{"startTime":1574068307211,"endTime":1574068630450,"elapsedSeconds":323.239000082016},"totalTime":{"startTime":1574068307211,"endTime":1574070053601,"elapsedSeconds":1746.3900001049042}}}]}},{"time":{"startTime":1574071747283,"endTime":1574071747283,"elapsedSeconds":0.0},"index":9,"deps":["org.apache.dubbo.rpc.protocol.dubbo.DubboProtocolTest.testDubboProtocolMultiService"],"cleanerData":{"dependentTest":"org.apache.dubbo.rpc.protocol.dubbo.telnet.PortTelnetHandlerTest.testListDetail","time":{"addTime":{"startTime":1574071747292,"endTime":1574072051090,"elapsedSeconds":303.7980000972748},"totalTime":{"startTime":1574071747292,"endTime":1574073520729,"elapsedSeconds":1773.4370000362396}},"expected":"FAILURE","isolationResult":"PASS","cleaners":[{"dependentTest":"org.apache.dubbo.rpc.protocol.dubbo.telnet.PortTelnetHandlerTest.testListDetail","originalSize":29,"cleanerTests":["org.apache.dubbo.rpc.protocol.dubbo.ImplicitCallBackTest.test_Normal_Ex"],"orderFound":0,"time":{"addTime":{"startTime":1574071747292,"endTime":1574072051090,"elapsedSeconds":303.7980000972748},"totalTime":{"startTime":1574071747292,"endTime":1574073520729,"elapsedSeconds":1773.4370000362396}}}]}},{"time":{"startTime":1574075452722,"endTime":1574075452722,"elapsedSeconds":0.0},"index":10,"deps":["org.apache.dubbo.rpc.protocol.dubbo.DubboProtocolTest.testDemoProtocol"],"cleanerData":{"dependentTest":"org.apache.dubbo.rpc.protocol.dubbo.telnet.PortTelnetHandlerTest.testListDetail","time":{"addTime":{"startTime":1574075452738,"endTime":1574075762985,"elapsedSeconds":310.24700021743774},"totalTime":{"startTime":1574075452738,"endTime":1574077457467,"elapsedSeconds":2004.7290000915527}},"expected":"FAILURE","isolationResult":"PASS","cleaners":[{"dependentTest":"org.apache.dubbo.rpc.protocol.dubbo.telnet.PortTelnetHandlerTest.testListDetail","originalSize":28,"cleanerTests":["org.apache.dubbo.rpc.protocol.dubbo.ImplicitCallBackTest.test_Normal_Ex"],"orderFound":0,"time":{"addTime":{"startTime":1574075452738,"endTime":1574075762985,"elapsedSeconds":310.24700021743774},"totalTime":{"startTime":1574075452738,"endTime":1574077457467,"elapsedSeconds":2004.7290000915527}}}]}},{"time":{"startTime":1574079726951,"endTime":1574079726951,"elapsedSeconds":0.0},"index":11,"deps":["org.apache.dubbo.rpc.protocol.dubbo.DubboProtocolTest.testNonSerializedParameter"],"cleanerData":{"dependentTest":"org.apache.dubbo.rpc.protocol.dubbo.telnet.PortTelnetHandlerTest.testListDetail","time":{"addTime":{"startTime":1574079726961,"endTime":1574080030704,"elapsedSeconds":303.7430000305176},"totalTime":{"startTime":1574079726961,"endTime":1574081630930,"elapsedSeconds":1903.9690001010895}},"expected":"FAILURE","isolationResult":"PASS","cleaners":[{"dependentTest":"org.apache.dubbo.rpc.protocol.dubbo.telnet.PortTelnetHandlerTest.testListDetail","originalSize":27,"cleanerTests":["org.apache.dubbo.rpc.protocol.dubbo.ImplicitCallBackTest.test_Normal_Ex"],"orderFound":0,"time":{"addTime":{"startTime":1574079726961,"endTime":1574080030704,"elapsedSeconds":303.7430000305176},"totalTime":{"startTime":1574079726961,"endTime":1574081630930,"elapsedSeconds":1903.9690001010895}}}]}},{"time":{"startTime":1574083592584,"endTime":1574083592584,"elapsedSeconds":0.0},"index":12,"deps":["org.apache.dubbo.rpc.protocol.dubbo.ReferenceCountExchangeClientTest.test_counter_error"],"cleanerData":{"dependentTest":"org.apache.dubbo.rpc.protocol.dubbo.telnet.PortTelnetHandlerTest.testListDetail","time":{"addTime":{"startTime":1574083592596,"endTime":1574083999344,"elapsedSeconds":406.7480001449585},"totalTime":{"startTime":1574083592596,"endTime":1574084733977,"elapsedSeconds":1141.3810000419617}},"expected":"FAILURE","isolationResult":"PASS","cleaners":[{"dependentTest":"org.apache.dubbo.rpc.protocol.dubbo.telnet.PortTelnetHandlerTest.testListDetail","originalSize":42,"cleanerTests":["org.apache.dubbo.rpc.protocol.dubbo.ImplicitCallBackTest.test_Normal_Ex"],"orderFound":0,"time":{"addTime":{"startTime":1574083592596,"endTime":1574083999344,"elapsedSeconds":406.7480001449585},"totalTime":{"startTime":1574083592596,"endTime":1574084733977,"elapsedSeconds":1141.3810000419617}}}]}},{"time":{"startTime":1574084755602,"endTime":1574084755602,"elapsedSeconds":0.0},"index":13,"deps":["org.apache.dubbo.rpc.protocol.dubbo.ReferenceCountExchangeClientTest.test_not_share_connect"],"cleanerData":{"dependentTest":"org.apache.dubbo.rpc.protocol.dubbo.telnet.PortTelnetHandlerTest.testListDetail","time":{"addTime":{"startTime":1574084755617,"endTime":1574085145008,"elapsedSeconds":389.39099979400635},"totalTime":{"startTime":1574084755617,"endTime":1574085992068,"elapsedSeconds":1236.4509999752045}},"expected":"FAILURE","isolationResult":"PASS","cleaners":[{"dependentTest":"org.apache.dubbo.rpc.protocol.dubbo.telnet.PortTelnetHandlerTest.testListDetail","originalSize":41,"cleanerTests":["org.apache.dubbo.rpc.protocol.dubbo.ImplicitCallBackTest.test_Normal_Ex"],"orderFound":0,"time":{"addTime":{"startTime":1574084755617,"endTime":1574085145008,"elapsedSeconds":389.39099979400635},"totalTime":{"startTime":1574084755617,"endTime":1574085992068,"elapsedSeconds":1236.4509999752045}}}]}},{"time":{"startTime":1574086499229,"endTime":1574086499229,"elapsedSeconds":0.0},"index":14,"deps":["org.apache.dubbo.rpc.protocol.dubbo.ReferenceCountExchangeClientTest.test_multi_destory"],"cleanerData":{"dependentTest":"org.apache.dubbo.rpc.protocol.dubbo.telnet.PortTelnetHandlerTest.testListDetail","time":{"addTime":{"startTime":1574086499237,"endTime":1574086897627,"elapsedSeconds":398.3900001049042},"totalTime":{"startTime":1574086499237,"endTime":1574087943628,"elapsedSeconds":1444.391000032425}},"expected":"FAILURE","isolationResult":"PASS","cleaners":[{"dependentTest":"org.apache.dubbo.rpc.protocol.dubbo.telnet.PortTelnetHandlerTest.testListDetail","originalSize":40,"cleanerTests":["org.apache.dubbo.rpc.protocol.dubbo.ImplicitCallBackTest.test_Normal_Ex"],"orderFound":0,"time":{"addTime":{"startTime":1574086499237,"endTime":1574086897627,"elapsedSeconds":398.3900001049042},"totalTime":{"startTime":1574086499237,"endTime":1574087943628,"elapsedSeconds":1444.391000032425}}}]}},{"time":{"startTime":1574088796773,"endTime":1574088796773,"elapsedSeconds":0.0},"index":15,"deps":["org.apache.dubbo.rpc.protocol.dubbo.ReferenceCountExchangeClientTest.test_share_connect"],"cleanerData":{"dependentTest":"org.apache.dubbo.rpc.protocol.dubbo.telnet.PortTelnetHandlerTest.testListDetail","time":{"addTime":{"startTime":1574088796785,"endTime":1574089208816,"elapsedSeconds":412.0310001373291},"totalTime":{"startTime":1574088796785,"endTime":1574090266742,"elapsedSeconds":1469.9570000171661}},"expected":"FAILURE","isolationResult":"PASS","cleaners":[{"dependentTest":"org.apache.dubbo.rpc.protocol.dubbo.telnet.PortTelnetHandlerTest.testListDetail","originalSize":39,"cleanerTests":["org.apache.dubbo.rpc.protocol.dubbo.ImplicitCallBackTest.test_Normal_Ex"],"orderFound":0,"time":{"addTime":{"startTime":1574088796785,"endTime":1574089208816,"elapsedSeconds":412.0310001373291},"totalTime":{"startTime":1574088796785,"endTime":1574090266742,"elapsedSeconds":1469.9570000171661}}}]}},{"time":{"startTime":1574091535462,"endTime":1574091535462,"elapsedSeconds":0.0},"index":16,"deps":["org.apache.dubbo.rpc.protocol.dubbo.DubboInvokerAvilableTest.test_Normal_available"],"cleanerData":{"dependentTest":"org.apache.dubbo.rpc.protocol.dubbo.telnet.PortTelnetHandlerTest.testListDetail","time":{"addTime":{"startTime":1574091620795,"endTime":1574091620795,"elapsedSeconds":0.0},"totalTime":{"startTime":1574091620795,"endTime":1574091620795,"elapsedSeconds":0.0}},"expected":"FAILURE","isolationResult":"PASS","cleaners":[]}},{"time":{"startTime":1574091645014,"endTime":1574091645014,"elapsedSeconds":0.0},"index":17,"deps":["org.apache.dubbo.rpc.protocol.dubbo.DubboInvokerAvilableTest.test_NoInvokers"],"cleanerData":{"dependentTest":"org.apache.dubbo.rpc.protocol.dubbo.telnet.PortTelnetHandlerTest.testListDetail","time":{"addTime":{"startTime":1574091725426,"endTime":1574091725426,"elapsedSeconds":0.0},"totalTime":{"startTime":1574091725426,"endTime":1574091725426,"elapsedSeconds":0.0}},"expected":"FAILURE","isolationResult":"PASS","cleaners":[]}},{"time":{"startTime":1574091754523,"endTime":1574091754523,"elapsedSeconds":0.0},"index":18,"deps":["org.apache.dubbo.rpc.protocol.dubbo.DubboInvokerAvilableTest.test_Normal_ChannelReadOnly"],"cleanerData":{"dependentTest":"org.apache.dubbo.rpc.protocol.dubbo.telnet.PortTelnetHandlerTest.testListDetail","time":{"addTime":{"startTime":1574091846631,"endTime":1574091846631,"elapsedSeconds":0.0},"totalTime":{"startTime":1574091846631,"endTime":1574091846631,"elapsedSeconds":0.0}},"expected":"FAILURE","isolationResult":"PASS","cleaners":[]}},{"time":{"startTime":1574091879305,"endTime":1574091879305,"elapsedSeconds":0.0},"index":19,"deps":["org.apache.dubbo.rpc.protocol.dubbo.DubboInvokerAvilableTest.test_Lazy_ChannelReadOnly"],"cleanerData":{"dependentTest":"org.apache.dubbo.rpc.protocol.dubbo.telnet.PortTelnetHandlerTest.testListDetail","time":{"addTime":{"startTime":1574091971784,"endTime":1574091971785,"elapsedSeconds":0.0010001659393310547},"totalTime":{"startTime":1574091971785,"endTime":1574091971785,"elapsedSeconds":0.0}},"expected":"FAILURE","isolationResult":"PASS","cleaners":[]}},{"time":{"startTime":1574092252005,"endTime":1574092252006,"elapsedSeconds":9.999275207519531E-4},"index":20,"deps":["org.apache.dubbo.rpc.protocol.dubbo.RpcFilterTest.testRpcFilter"],"cleanerData":{"dependentTest":"org.apache.dubbo.rpc.protocol.dubbo.telnet.PortTelnetHandlerTest.testListDetail","time":{"addTime":{"startTime":1574092334104,"endTime":1574092334104,"elapsedSeconds":0.0},"totalTime":{"startTime":1574092334104,"endTime":1574092334104,"elapsedSeconds":0.0}},"expected":"FAILURE","isolationResult":"PASS","cleaners":[]}}],"hash":"2d2e8e53d18f8617cd5564eb4d831699","flakyClass":"OD"}