{"time":{"startTime":1574049182614,"endTime":1574052479621,"elapsedSeconds":3297.0069999694824},"expectedRun":{"id":"1574049085133-89667ce9-06bc-4693-95fc-09294be48b4c","testOrder":["org.apache.dubbo.rpc.cluster.support.AbstractClusterInvokerTest.testMockedInvokerSelect","org.apache.dubbo.rpc.cluster.support.AbstractClusterInvokerTest.testSelect_multiInvokers","org.apache.dubbo.rpc.cluster.support.AbstractClusterInvokerTest.testSelect_Invokersize0","org.apache.dubbo.rpc.cluster.support.AbstractClusterInvokerTest.testSelectBalance","org.apache.dubbo.rpc.cluster.support.AbstractClusterInvokerTest.testSelectAgainAndCheckAvailable","org.apache.dubbo.rpc.cluster.support.AbstractClusterInvokerTest.testTimeoutExceptionCode","org.apache.dubbo.rpc.cluster.support.AbstractClusterInvokerTest.testSelect_Invokersize1","org.apache.dubbo.rpc.cluster.support.AbstractClusterInvokerTest.testCloseAvailablecheck","org.apache.dubbo.rpc.cluster.support.AbstractClusterInvokerTest.testBindingAttachment","org.apache.dubbo.rpc.cluster.support.AbstractClusterInvokerTest.testDonotSelectAgainAndNoCheckAvailable","org.apache.dubbo.rpc.cluster.support.AbstractClusterInvokerTest.testSelect_Invokersize2AndselectNotNull","org.apache.dubbo.rpc.cluster.loadbalance.RoundRobinLoadBalanceTest.testLoadBalanceWarmup","org.apache.dubbo.rpc.cluster.loadbalance.RoundRobinLoadBalanceTest.testRoundRobinLoadBalanceSelect","org.apache.dubbo.rpc.cluster.StickyTest.testStickyForceCheck","org.apache.dubbo.rpc.cluster.StickyTest.testMethodStickyNoCheck","org.apache.dubbo.rpc.cluster.StickyTest.testMethodStickyForceCheck","org.apache.dubbo.rpc.cluster.StickyTest.testMethodsSticky","org.apache.dubbo.rpc.cluster.StickyTest.testStickyNoCheck","org.apache.dubbo.rpc.cluster.loadbalance.ConsistentHashLoadBalanceTest.testLoadBalanceWarmup","org.apache.dubbo.rpc.cluster.configurator.override.OverrideConfiguratorTest.testOverride_Application","org.apache.dubbo.rpc.cluster.configurator.override.OverrideConfiguratorTest.testOverride_Host","org.apache.dubbo.rpc.cluster.merger.ResultMergerTest.testArrayMerger","org.apache.dubbo.rpc.cluster.merger.ResultMergerTest.testCharArrayMerger","org.apache.dubbo.rpc.cluster.merger.ResultMergerTest.testIntArrayMerger","org.apache.dubbo.rpc.cluster.merger.ResultMergerTest.testSetMerger","org.apache.dubbo.rpc.cluster.merger.ResultMergerTest.testByteArrayMerger","org.apache.dubbo.rpc.cluster.merger.ResultMergerTest.testListMerger","org.apache.dubbo.rpc.cluster.merger.ResultMergerTest.testShortArrayMerger","org.apache.dubbo.rpc.cluster.merger.ResultMergerTest.testLongArrayMerger","org.apache.dubbo.rpc.cluster.merger.ResultMergerTest.testDoubleArrayMerger","org.apache.dubbo.rpc.cluster.merger.ResultMergerTest.testMapArrayMerger","org.apache.dubbo.rpc.cluster.merger.ResultMergerTest.testFloatArrayMerger","org.apache.dubbo.rpc.cluster.merger.ResultMergerTest.testBooleanArrayMerger","org.apache.dubbo.rpc.cluster.router.condition.ConditionRouterTest.testRoute_Empty_HostFilter","org.apache.dubbo.rpc.cluster.router.condition.ConditionRouterTest.testRoute_methodRoute","org.apache.dubbo.rpc.cluster.router.condition.ConditionRouterTest.testRoute_Placeholder","org.apache.dubbo.rpc.cluster.router.condition.ConditionRouterTest.testRoute_ReturnEmpty","org.apache.dubbo.rpc.cluster.router.condition.ConditionRouterTest.testRoute_ReturnAll","org.apache.dubbo.rpc.cluster.router.condition.ConditionRouterTest.testRoute_ReturnFalse","org.apache.dubbo.rpc.cluster.router.condition.ConditionRouterTest.testRoute_Force","org.apache.dubbo.rpc.cluster.router.condition.ConditionRouterTest.testRoute_HostFilter","org.apache.dubbo.rpc.cluster.router.condition.ConditionRouterTest.testRoute_False_HostFilter","org.apache.dubbo.rpc.cluster.router.condition.ConditionRouterTest.testRoute_NoForce","org.apache.dubbo.rpc.cluster.router.condition.ConditionRouterTest.testRoute_matchWhen","org.apache.dubbo.rpc.cluster.router.condition.ConditionRouterTest.testRoute_matchFilter","org.apache.dubbo.rpc.cluster.support.wrapper.MockClusterInvokerTest.testMockInvokerInvoke_normal","org.apache.dubbo.rpc.cluster.support.wrapper.MockClusterInvokerTest.testMockInvokerFromOverride_Invoke_force_throwCustemExceptionNotFound","org.apache.dubbo.rpc.cluster.support.wrapper.MockClusterInvokerTest.testMockInvokerFromOverride_Invoke_check_ListString","org.apache.dubbo.rpc.cluster.support.wrapper.MockClusterInvokerTest.testMockInvokerFromOverride_Invoke_Fock_WithDefault","org.apache.dubbo.rpc.cluster.support.wrapper.MockClusterInvokerTest.testMockInvokerFromOverride_Invoke_mock_false","org.apache.dubbo.rpc.cluster.support.wrapper.MockClusterInvokerTest.testMockInvokerFromOverride_Invoke_check_Boolean","org.apache.dubbo.rpc.cluster.support.wrapper.MockClusterInvokerTest.testMockInvokerFromOverride_Invoke_check_ListPojo_empty","org.apache.dubbo.rpc.cluster.support.wrapper.MockClusterInvokerTest.testMockInvokerFromOverride_Invoke_checkCompatible_ImplMock3","org.apache.dubbo.rpc.cluster.support.wrapper.MockClusterInvokerTest.testMockInvokerFromOverride_Invoke_checkCompatible_ImplMock2","org.apache.dubbo.rpc.cluster.support.wrapper.MockClusterInvokerTest.testMockInvokerFromOverride_Invoke_check_int","org.apache.dubbo.rpc.cluster.support.wrapper.MockClusterInvokerTest.testMockInvokerFromOverride_Invoke_check_boolean","org.apache.dubbo.rpc.cluster.support.wrapper.MockClusterInvokerTest.testMockInvokerFromOverride_Invoke_checkCompatible_ImplMock","org.apache.dubbo.rpc.cluster.support.wrapper.MockClusterInvokerTest.testMockInvokerFromOverride_Invoke_check_ListPojo_error","org.apache.dubbo.rpc.cluster.support.wrapper.MockClusterInvokerTest.testMockInvokerInvoke_failmock","org.apache.dubbo.rpc.cluster.support.wrapper.MockClusterInvokerTest.testMockInvokerFromOverride_Invoke_Fock_WithOutDefault","org.apache.dubbo.rpc.cluster.support.wrapper.MockClusterInvokerTest.testMockInvokerFromOverride_Invoke_Fock_WithFailDefault","org.apache.dubbo.rpc.cluster.support.wrapper.MockClusterInvokerTest.testMockInvokerInvoke_forcemock_defaultreturn","org.apache.dubbo.rpc.cluster.support.wrapper.MockClusterInvokerTest.testMockInvokerFromOverride_Invoke_checkCompatible_return","org.apache.dubbo.rpc.cluster.support.wrapper.MockClusterInvokerTest.testMockInvokerFromOverride_Invoke_check_ListPojo","org.apache.dubbo.rpc.cluster.support.wrapper.MockClusterInvokerTest.testMockInvokerFromOverride_Invoke_Fock_Default","org.apache.dubbo.rpc.cluster.support.wrapper.MockClusterInvokerTest.testMockInvokerInvoke_forcemock","org.apache.dubbo.rpc.cluster.support.wrapper.MockClusterInvokerTest.testMockInvokerFromOverride_Invoke_force_throw","org.apache.dubbo.rpc.cluster.support.wrapper.MockClusterInvokerTest.testMockInvokerFromOverride_Invoke_force_throwCustemException","org.apache.dubbo.rpc.cluster.support.wrapper.MockClusterInvokerTest.testMockInvokerFromOverride_Invoke_Fock_someMethods","org.apache.dubbo.rpc.cluster.support.wrapper.MockClusterInvokerTest.testMockInvokerFromOverride_Invoke_Fock_WithForceDefault","org.apache.dubbo.rpc.cluster.support.wrapper.MockClusterInvokerTest.testMockInvokerFromOverride_Invoke_check_String","org.apache.dubbo.rpc.cluster.support.wrapper.MockClusterInvokerTest.testMockInvokerFromOverride_Invoke_check_ListString_empty","org.apache.dubbo.rpc.cluster.loadbalance.LoadBalanceBaseTest.testLoadBalanceWarmup","org.apache.dubbo.rpc.cluster.router.tag.TagRouterTest.testRoute_matchTag","org.apache.dubbo.rpc.cluster.router.tag.TagRouterTest.testRoute_requestWithoutTag_shouldNotDowngrade","org.apache.dubbo.rpc.cluster.router.tag.TagRouterTest.testRoute_matchDefault","org.apache.dubbo.rpc.cluster.router.tag.TagRouterTest.testRoute_createBySpi","org.apache.dubbo.rpc.cluster.router.tag.TagRouterTest.testRoute_requestWithTag_shouldDowngrade","org.apache.dubbo.rpc.cluster.support.FailfastClusterInvokerTest.testInvokeExceptoin","org.apache.dubbo.rpc.cluster.support.FailfastClusterInvokerTest.testNoInvoke","org.apache.dubbo.rpc.cluster.support.FailfastClusterInvokerTest.testInvokeNoExceptoin","org.apache.dubbo.rpc.cluster.support.ClusterUtilsTest.testMergeUrl","org.apache.dubbo.rpc.cluster.support.MergeableClusterInvokerTest.testGetMenuSuccessfully","org.apache.dubbo.rpc.cluster.support.MergeableClusterInvokerTest.testAddMenu","org.apache.dubbo.rpc.cluster.configurator.absent.AbsentConfiguratorTest.testOverrideHost","org.apache.dubbo.rpc.cluster.configurator.absent.AbsentConfiguratorTest.testOverrideApplication","org.apache.dubbo.rpc.cluster.router.file.FileRouterEngineTest.testRouteByMethodName","org.apache.dubbo.rpc.cluster.router.file.FileRouterEngineTest.testRouteNotAvailable","org.apache.dubbo.rpc.cluster.router.file.FileRouterEngineTest.testRouteAvailable","org.apache.dubbo.rpc.cluster.loadbalance.RandomLoadBalanceTest.testRandomLoadBalanceSelect","org.apache.dubbo.rpc.cluster.loadbalance.RandomLoadBalanceTest.testLoadBalanceWarmup","org.apache.dubbo.rpc.cluster.support.FailoverClusterInvokerTest.testNoInvoke","org.apache.dubbo.rpc.cluster.support.FailoverClusterInvokerTest.testInvokerDestroyAndReList","org.apache.dubbo.rpc.cluster.support.FailoverClusterInvokerTest.testInvokeWithRuntimeException","org.apache.dubbo.rpc.cluster.support.FailoverClusterInvokerTest.testInvoke_retryTimes","org.apache.dubbo.rpc.cluster.support.FailoverClusterInvokerTest.testInvokeWithRPCException","org.apache.dubbo.rpc.cluster.directory.StaticDirectoryTest.testStaticDirectory","org.apache.dubbo.rpc.cluster.loadbalance.LeastActiveBalanceTest.testLoadBalanceWarmup","org.apache.dubbo.rpc.cluster.support.FailbackClusterInvokerTest.testNoInvoke","org.apache.dubbo.rpc.cluster.support.FailbackClusterInvokerTest.testInvokeNoExceptoin","org.apache.dubbo.rpc.cluster.support.FailbackClusterInvokerTest.testInvokeExceptoin","org.apache.dubbo.rpc.cluster.support.FailbackClusterInvokerTest.testRetryFailed","org.apache.dubbo.rpc.cluster.router.script.ScriptRouterTest.testRouteReturnAll","org.apache.dubbo.rpc.cluster.router.script.ScriptRouterTest.testRoutePickInvokers","org.apache.dubbo.rpc.cluster.support.ForkingClusterInvokerTest.testInvokeNoException","org.apache.dubbo.rpc.cluster.support.ForkingClusterInvokerTest.testClearRpcContext","org.apache.dubbo.rpc.cluster.support.ForkingClusterInvokerTest.testInvokeException","org.apache.dubbo.rpc.cluster.support.FailSafeClusterInvokerTest.testNoInvoke","org.apache.dubbo.rpc.cluster.support.FailSafeClusterInvokerTest.testInvokeNoExceptoin","org.apache.dubbo.rpc.cluster.support.FailSafeClusterInvokerTest.testInvokeExceptoin"],"results":{"org.apache.dubbo.rpc.cluster.router.condition.ConditionRouterTest.testRoute_ReturnFalse":{"name":"org.apache.dubbo.rpc.cluster.router.condition.ConditionRouterTest.testRoute_ReturnFalse","result":"PASS","time":0.004786494,"stackTrace":[]},"org.apache.dubbo.rpc.cluster.merger.ResultMergerTest.testSetMerger":{"name":"org.apache.dubbo.rpc.cluster.merger.ResultMergerTest.testSetMerger","result":"PASS","time":0.009254349,"stackTrace":[]},"org.apache.dubbo.rpc.cluster.merger.ResultMergerTest.testMapArrayMerger":{"name":"org.apache.dubbo.rpc.cluster.merger.ResultMergerTest.testMapArrayMerger","result":"PASS","time":0.016411984,"stackTrace":[]},"org.apache.dubbo.rpc.cluster.support.wrapper.MockClusterInvokerTest.testMockInvokerInvoke_normal":{"name":"org.apache.dubbo.rpc.cluster.support.wrapper.MockClusterInvokerTest.testMockInvokerInvoke_normal","result":"PASS","time":1.314659684,"stackTrace":[]},"org.apache.dubbo.rpc.cluster.router.tag.TagRouterTest.testRoute_matchDefault":{"name":"org.apache.dubbo.rpc.cluster.router.tag.TagRouterTest.testRoute_matchDefault","result":"PASS","time":9.44811E-4,"stackTrace":[]},"org.apache.dubbo.rpc.cluster.merger.ResultMergerTest.testCharArrayMerger":{"name":"org.apache.dubbo.rpc.cluster.merger.ResultMergerTest.testCharArrayMerger","result":"PASS","time":0.002108798,"stackTrace":[]},"org.apache.dubbo.rpc.cluster.support.FailfastClusterInvokerTest.testNoInvoke":{"name":"org.apache.dubbo.rpc.cluster.support.FailfastClusterInvokerTest.testNoInvoke","result":"PASS","time":0.007885362,"stackTrace":[]},"org.apache.dubbo.rpc.cluster.support.wrapper.MockClusterInvokerTest.testMockInvokerInvoke_forcemock":{"name":"org.apache.dubbo.rpc.cluster.support.wrapper.MockClusterInvokerTest.testMockInvokerInvoke_forcemock","result":"PASS","time":0.007009141,"stackTrace":[]},"org.apache.dubbo.rpc.cluster.support.wrapper.MockClusterInvokerTest.testMockInvokerFromOverride_Invoke_check_ListPojo_error":{"name":"org.apache.dubbo.rpc.cluster.support.wrapper.MockClusterInvokerTest.testMockInvokerFromOverride_Invoke_check_ListPojo_error","result":"PASS","time":0.009771421,"stackTrace":[]},"org.apache.dubbo.rpc.cluster.router.condition.ConditionRouterTest.testRoute_HostFilter":{"name":"org.apache.dubbo.rpc.cluster.router.condition.ConditionRouterTest.testRoute_HostFilter","result":"PASS","time":0.003008488,"stackTrace":[]},"org.apache.dubbo.rpc.cluster.support.wrapper.MockClusterInvokerTest.testMockInvokerFromOverride_Invoke_check_Boolean":{"name":"org.apache.dubbo.rpc.cluster.support.wrapper.MockClusterInvokerTest.testMockInvokerFromOverride_Invoke_check_Boolean","result":"PASS","time":0.004024471,"stackTrace":[]},"org.apache.dubbo.rpc.cluster.support.MergeableClusterInvokerTest.testAddMenu":{"name":"org.apache.dubbo.rpc.cluster.support.MergeableClusterInvokerTest.testAddMenu","result":"PASS","time":0.036147602,"stackTrace":[]},"org.apache.dubbo.rpc.cluster.support.AbstractClusterInvokerTest.testSelectAgainAndCheckAvailable":{"name":"org.apache.dubbo.rpc.cluster.support.AbstractClusterInvokerTest.testSelectAgainAndCheckAvailable","result":"PASS","time":0.286813517,"stackTrace":[]},"org.apache.dubbo.rpc.cluster.support.wrapper.MockClusterInvokerTest.testMockInvokerInvoke_failmock":{"name":"org.apache.dubbo.rpc.cluster.support.wrapper.MockClusterInvokerTest.testMockInvokerInvoke_failmock","result":"PASS","time":0.015377911,"stackTrace":[]},"org.apache.dubbo.rpc.cluster.configurator.override.OverrideConfiguratorTest.testOverride_Application":{"name":"org.apache.dubbo.rpc.cluster.configurator.override.OverrideConfiguratorTest.testOverride_Application","result":"PASS","time":0.01177503,"stackTrace":[]},"org.apache.dubbo.rpc.cluster.support.ForkingClusterInvokerTest.testInvokeNoException":{"name":"org.apache.dubbo.rpc.cluster.support.ForkingClusterInvokerTest.testInvokeNoException","result":"PASS","time":0.032165458,"stackTrace":[]},"org.apache.dubbo.rpc.cluster.support.wrapper.MockClusterInvokerTest.testMockInvokerFromOverride_Invoke_checkCompatible_ImplMock":{"name":"org.apache.dubbo.rpc.cluster.support.wrapper.MockClusterInvokerTest.testMockInvokerFromOverride_Invoke_checkCompatible_ImplMock","result":"PASS","time":0.006894454,"stackTrace":[]},"org.apache.dubbo.rpc.cluster.merger.ResultMergerTest.testListMerger":{"name":"org.apache.dubbo.rpc.cluster.merger.ResultMergerTest.testListMerger","result":"PASS","time":0.018900466,"stackTrace":[]},"org.apache.dubbo.rpc.cluster.support.wrapper.MockClusterInvokerTest.testMockInvokerFromOverride_Invoke_Fock_WithForceDefault":{"name":"org.apache.dubbo.rpc.cluster.support.wrapper.MockClusterInvokerTest.testMockInvokerFromOverride_Invoke_Fock_WithForceDefault","result":"PASS","time":0.014449653,"stackTrace":[]},"org.apache.dubbo.rpc.cluster.router.tag.TagRouterTest.testRoute_requestWithTag_shouldDowngrade":{"name":"org.apache.dubbo.rpc.cluster.router.tag.TagRouterTest.testRoute_requestWithTag_shouldDowngrade","result":"PASS","time":0.002352491,"stackTrace":[]},"org.apache.dubbo.rpc.cluster.support.FailbackClusterInvokerTest.testRetryFailed":{"name":"org.apache.dubbo.rpc.cluster.support.FailbackClusterInvokerTest.testRetryFailed","result":"PASS","time":0.013588379,"stackTrace":[]},"org.apache.dubbo.rpc.cluster.support.FailSafeClusterInvokerTest.testInvokeExceptoin":{"name":"org.apache.dubbo.rpc.cluster.support.FailSafeClusterInvokerTest.testInvokeExceptoin","result":"PASS","time":0.007270436,"stackTrace":[]},"org.apache.dubbo.rpc.cluster.support.ForkingClusterInvokerTest.testInvokeException":{"name":"org.apache.dubbo.rpc.cluster.support.ForkingClusterInvokerTest.testInvokeException","result":"PASS","time":0.048792777,"stackTrace":[]},"org.apache.dubbo.rpc.cluster.support.wrapper.MockClusterInvokerTest.testMockInvokerFromOverride_Invoke_Fock_WithFailDefault":{"name":"org.apache.dubbo.rpc.cluster.support.wrapper.MockClusterInvokerTest.testMockInvokerFromOverride_Invoke_Fock_WithFailDefault","result":"PASS","time":0.019579861,"stackTrace":[]},"org.apache.dubbo.rpc.cluster.support.wrapper.MockClusterInvokerTest.testMockInvokerFromOverride_Invoke_check_int":{"name":"org.apache.dubbo.rpc.cluster.support.wrapper.MockClusterInvokerTest.testMockInvokerFromOverride_Invoke_check_int","result":"PASS","time":0.005231764,"stackTrace":[]},"org.apache.dubbo.rpc.cluster.support.ClusterUtilsTest.testMergeUrl":{"name":"org.apache.dubbo.rpc.cluster.support.ClusterUtilsTest.testMergeUrl","result":"PASS","time":0.010345766,"stackTrace":[]},"org.apache.dubbo.rpc.cluster.support.wrapper.MockClusterInvokerTest.testMockInvokerFromOverride_Invoke_checkCompatible_ImplMock2":{"name":"org.apache.dubbo.rpc.cluster.support.wrapper.MockClusterInvokerTest.testMockInvokerFromOverride_Invoke_checkCompatible_ImplMock2","result":"PASS","time":0.006302856,"stackTrace":[]},"org.apache.dubbo.rpc.cluster.support.wrapper.MockClusterInvokerTest.testMockInvokerFromOverride_Invoke_checkCompatible_ImplMock3":{"name":"org.apache.dubbo.rpc.cluster.support.wrapper.MockClusterInvokerTest.testMockInvokerFromOverride_Invoke_checkCompatible_ImplMock3","result":"PASS","time":0.008314428,"stackTrace":[]},"org.apache.dubbo.rpc.cluster.StickyTest.testMethodStickyForceCheck":{"name":"org.apache.dubbo.rpc.cluster.StickyTest.testMethodStickyForceCheck","result":"PASS","time":0.008546737,"stackTrace":[]},"org.apache.dubbo.rpc.cluster.support.AbstractClusterInvokerTest.testTimeoutExceptionCode":{"name":"org.apache.dubbo.rpc.cluster.support.AbstractClusterInvokerTest.testTimeoutExceptionCode","result":"PASS","time":0.223809262,"stackTrace":[]},"org.apache.dubbo.rpc.cluster.support.wrapper.MockClusterInvokerTest.testMockInvokerFromOverride_Invoke_Fock_Default":{"name":"org.apache.dubbo.rpc.cluster.support.wrapper.MockClusterInvokerTest.testMockInvokerFromOverride_Invoke_Fock_Default","result":"PASS","time":0.020636565,"stackTrace":[]},"org.apache.dubbo.rpc.cluster.support.MergeableClusterInvokerTest.testGetMenuSuccessfully":{"name":"org.apache.dubbo.rpc.cluster.support.MergeableClusterInvokerTest.testGetMenuSuccessfully","result":"PASS","time":0.130284428,"stackTrace":[]},"org.apache.dubbo.rpc.cluster.configurator.absent.AbsentConfiguratorTest.testOverrideApplication":{"name":"org.apache.dubbo.rpc.cluster.configurator.absent.AbsentConfiguratorTest.testOverrideApplication","result":"PASS","time":0.00318485,"stackTrace":[]},"org.apache.dubbo.rpc.cluster.support.wrapper.MockClusterInvokerTest.testMockInvokerFromOverride_Invoke_check_boolean":{"name":"org.apache.dubbo.rpc.cluster.support.wrapper.MockClusterInvokerTest.testMockInvokerFromOverride_Invoke_check_boolean","result":"PASS","time":0.003262938,"stackTrace":[]},"org.apache.dubbo.rpc.cluster.merger.ResultMergerTest.testLongArrayMerger":{"name":"org.apache.dubbo.rpc.cluster.merger.ResultMergerTest.testLongArrayMerger","result":"PASS","time":0.001039661,"stackTrace":[]},"org.apache.dubbo.rpc.cluster.support.wrapper.MockClusterInvokerTest.testMockInvokerInvoke_forcemock_defaultreturn":{"name":"org.apache.dubbo.rpc.cluster.support.wrapper.MockClusterInvokerTest.testMockInvokerInvoke_forcemock_defaultreturn","result":"PASS","time":0.004179949,"stackTrace":[]},"org.apache.dubbo.rpc.cluster.router.condition.ConditionRouterTest.testRoute_ReturnEmpty":{"name":"org.apache.dubbo.rpc.cluster.router.condition.ConditionRouterTest.testRoute_ReturnEmpty","result":"PASS","time":0.004627174,"stackTrace":[]},"org.apache.dubbo.rpc.cluster.router.script.ScriptRouterTest.testRoutePickInvokers":{"name":"org.apache.dubbo.rpc.cluster.router.script.ScriptRouterTest.testRoutePickInvokers","result":"PASS","time":0.138220918,"stackTrace":[]},"org.apache.dubbo.rpc.cluster.merger.ResultMergerTest.testFloatArrayMerger":{"name":"org.apache.dubbo.rpc.cluster.merger.ResultMergerTest.testFloatArrayMerger","result":"PASS","time":0.001696635,"stackTrace":[]},"org.apache.dubbo.rpc.cluster.merger.ResultMergerTest.testArrayMerger":{"name":"org.apache.dubbo.rpc.cluster.merger.ResultMergerTest.testArrayMerger","result":"PASS","time":1.604277109,"stackTrace":[]},"org.apache.dubbo.rpc.cluster.support.wrapper.MockClusterInvokerTest.testMockInvokerFromOverride_Invoke_Fock_WithOutDefault":{"name":"org.apache.dubbo.rpc.cluster.support.wrapper.MockClusterInvokerTest.testMockInvokerFromOverride_Invoke_Fock_WithOutDefault","result":"PASS","time":0.007857005,"stackTrace":[]},"org.apache.dubbo.rpc.cluster.router.tag.TagRouterTest.testRoute_matchTag":{"name":"org.apache.dubbo.rpc.cluster.router.tag.TagRouterTest.testRoute_matchTag","result":"PASS","time":0.012182584,"stackTrace":[]},"org.apache.dubbo.rpc.cluster.router.condition.ConditionRouterTest.testRoute_NoForce":{"name":"org.apache.dubbo.rpc.cluster.router.condition.ConditionRouterTest.testRoute_NoForce","result":"PASS","time":0.002154967,"stackTrace":[]},"org.apache.dubbo.rpc.cluster.loadbalance.RandomLoadBalanceTest.testLoadBalanceWarmup":{"name":"org.apache.dubbo.rpc.cluster.loadbalance.RandomLoadBalanceTest.testLoadBalanceWarmup","result":"PASS","time":0.007126483,"stackTrace":[]},"org.apache.dubbo.rpc.cluster.router.condition.ConditionRouterTest.testRoute_Placeholder":{"name":"org.apache.dubbo.rpc.cluster.router.condition.ConditionRouterTest.testRoute_Placeholder","result":"PASS","time":0.00300765,"stackTrace":[]},"org.apache.dubbo.rpc.cluster.StickyTest.testMethodStickyNoCheck":{"name":"org.apache.dubbo.rpc.cluster.StickyTest.testMethodStickyNoCheck","result":"PASS","time":0.010206074,"stackTrace":[]},"org.apache.dubbo.rpc.cluster.configurator.absent.AbsentConfiguratorTest.testOverrideHost":{"name":"org.apache.dubbo.rpc.cluster.configurator.absent.AbsentConfiguratorTest.testOverrideHost","result":"PASS","time":0.00482931,"stackTrace":[]},"org.apache.dubbo.rpc.cluster.router.condition.ConditionRouterTest.testRoute_matchWhen":{"name":"org.apache.dubbo.rpc.cluster.router.condition.ConditionRouterTest.testRoute_matchWhen","result":"PASS","time":0.006227981,"stackTrace":[]},"org.apache.dubbo.rpc.cluster.support.AbstractClusterInvokerTest.testMockedInvokerSelect":{"name":"org.apache.dubbo.rpc.cluster.support.AbstractClusterInvokerTest.testMockedInvokerSelect","result":"PASS","time":5.745050592,"stackTrace":[]},"org.apache.dubbo.rpc.cluster.support.FailoverClusterInvokerTest.testInvokeWithRuntimeException":{"name":"org.apache.dubbo.rpc.cluster.support.FailoverClusterInvokerTest.testInvokeWithRuntimeException","result":"PASS","time":0.014382391,"stackTrace":[]},"org.apache.dubbo.rpc.cluster.router.script.ScriptRouterTest.testRouteReturnAll":{"name":"org.apache.dubbo.rpc.cluster.router.script.ScriptRouterTest.testRouteReturnAll","result":"PASS","time":0.08761584,"stackTrace":[]},"org.apache.dubbo.rpc.cluster.support.FailbackClusterInvokerTest.testInvokeNoExceptoin":{"name":"org.apache.dubbo.rpc.cluster.support.FailbackClusterInvokerTest.testInvokeNoExceptoin","result":"PASS","time":0.003882823,"stackTrace":[]},"org.apache.dubbo.rpc.cluster.router.tag.TagRouterTest.testRoute_requestWithoutTag_shouldNotDowngrade":{"name":"org.apache.dubbo.rpc.cluster.router.tag.TagRouterTest.testRoute_requestWithoutTag_shouldNotDowngrade","result":"PASS","time":0.001622039,"stackTrace":[]},"org.apache.dubbo.rpc.cluster.merger.ResultMergerTest.testByteArrayMerger":{"name":"org.apache.dubbo.rpc.cluster.merger.ResultMergerTest.testByteArrayMerger","result":"PASS","time":0.001418508,"stackTrace":[]},"org.apache.dubbo.rpc.cluster.merger.ResultMergerTest.testBooleanArrayMerger":{"name":"org.apache.dubbo.rpc.cluster.merger.ResultMergerTest.testBooleanArrayMerger","result":"PASS","time":0.001630422,"stackTrace":[]},"org.apache.dubbo.rpc.cluster.StickyTest.testStickyForceCheck":{"name":"org.apache.dubbo.rpc.cluster.StickyTest.testStickyForceCheck","result":"PASS","time":0.218067411,"stackTrace":[]},"org.apache.dubbo.rpc.cluster.support.wrapper.MockClusterInvokerTest.testMockInvokerFromOverride_Invoke_checkCompatible_return":{"name":"org.apache.dubbo.rpc.cluster.support.wrapper.MockClusterInvokerTest.testMockInvokerFromOverride_Invoke_checkCompatible_return","result":"PASS","time":0.010223886,"stackTrace":[]},"org.apache.dubbo.rpc.cluster.router.tag.TagRouterTest.testRoute_createBySpi":{"name":"org.apache.dubbo.rpc.cluster.router.tag.TagRouterTest.testRoute_createBySpi","result":"PASS","time":0.024508911,"stackTrace":[]},"org.apache.dubbo.rpc.cluster.router.file.FileRouterEngineTest.testRouteByMethodName":{"name":"org.apache.dubbo.rpc.cluster.router.file.FileRouterEngineTest.testRouteByMethodName","result":"PASS","time":6.356707481,"stackTrace":[]},"org.apache.dubbo.rpc.cluster.support.FailfastClusterInvokerTest.testInvokeExceptoin":{"name":"org.apache.dubbo.rpc.cluster.support.FailfastClusterInvokerTest.testInvokeExceptoin","result":"PASS","time":0.046749635,"stackTrace":[]},"org.apache.dubbo.rpc.cluster.merger.ResultMergerTest.testIntArrayMerger":{"name":"org.apache.dubbo.rpc.cluster.merger.ResultMergerTest.testIntArrayMerger","result":"PASS","time":0.001096027,"stackTrace":[]},"org.apache.dubbo.rpc.cluster.loadbalance.LoadBalanceBaseTest.testLoadBalanceWarmup":{"name":"org.apache.dubbo.rpc.cluster.loadbalance.LoadBalanceBaseTest.testLoadBalanceWarmup","result":"PASS","time":0.007005579,"stackTrace":[]},"org.apache.dubbo.rpc.cluster.support.FailSafeClusterInvokerTest.testNoInvoke":{"name":"org.apache.dubbo.rpc.cluster.support.FailSafeClusterInvokerTest.testNoInvoke","result":"PASS","time":0.01473316,"stackTrace":[]},"org.apache.dubbo.rpc.cluster.router.file.FileRouterEngineTest.testRouteAvailable":{"name":"org.apache.dubbo.rpc.cluster.router.file.FileRouterEngineTest.testRouteAvailable","result":"PASS","time":1.556335473,"stackTrace":[]},"org.apache.dubbo.rpc.cluster.support.wrapper.MockClusterInvokerTest.testMockInvokerFromOverride_Invoke_check_ListString_empty":{"name":"org.apache.dubbo.rpc.cluster.support.wrapper.MockClusterInvokerTest.testMockInvokerFromOverride_Invoke_check_ListString_empty","result":"PASS","time":0.002806702,"stackTrace":[]},"org.apache.dubbo.rpc.cluster.support.AbstractClusterInvokerTest.testSelect_Invokersize0":{"name":"org.apache.dubbo.rpc.cluster.support.AbstractClusterInvokerTest.testSelect_Invokersize0","result":"PASS","time":0.045856791,"stackTrace":[]},"org.apache.dubbo.rpc.cluster.support.FailbackClusterInvokerTest.testNoInvoke":{"name":"org.apache.dubbo.rpc.cluster.support.FailbackClusterInvokerTest.testNoInvoke","result":"PASS","time":0.031880345,"stackTrace":[]},"org.apache.dubbo.rpc.cluster.support.AbstractClusterInvokerTest.testSelect_Invokersize1":{"name":"org.apache.dubbo.rpc.cluster.support.AbstractClusterInvokerTest.testSelect_Invokersize1","result":"PASS","time":0.00966281,"stackTrace":[]},"org.apache.dubbo.rpc.cluster.loadbalance.RandomLoadBalanceTest.testRandomLoadBalanceSelect":{"name":"org.apache.dubbo.rpc.cluster.loadbalance.RandomLoadBalanceTest.testRandomLoadBalanceSelect","result":"PASS","time":1.52529,"stackTrace":[]},"org.apache.dubbo.rpc.cluster.support.FailoverClusterInvokerTest.testInvoke_retryTimes":{"name":"org.apache.dubbo.rpc.cluster.support.FailoverClusterInvokerTest.testInvoke_retryTimes","result":"PASS","time":0.013904503,"stackTrace":[]},"org.apache.dubbo.rpc.cluster.support.FailfastClusterInvokerTest.testInvokeNoExceptoin":{"name":"org.apache.dubbo.rpc.cluster.support.FailfastClusterInvokerTest.testInvokeNoExceptoin","result":"PASS","time":0.003819542,"stackTrace":[]},"org.apache.dubbo.rpc.cluster.merger.ResultMergerTest.testDoubleArrayMerger":{"name":"org.apache.dubbo.rpc.cluster.merger.ResultMergerTest.testDoubleArrayMerger","result":"PASS","time":0.001150158,"stackTrace":[]},"org.apache.dubbo.rpc.cluster.support.wrapper.MockClusterInvokerTest.testMockInvokerFromOverride_Invoke_force_throwCustemException":{"name":"org.apache.dubbo.rpc.cluster.support.wrapper.MockClusterInvokerTest.testMockInvokerFromOverride_Invoke_force_throwCustemException","result":"PASS","time":0.005475597,"stackTrace":[]},"org.apache.dubbo.rpc.cluster.loadbalance.LeastActiveBalanceTest.testLoadBalanceWarmup":{"name":"org.apache.dubbo.rpc.cluster.loadbalance.LeastActiveBalanceTest.testLoadBalanceWarmup","result":"PASS","time":0.004751221,"stackTrace":[]},"org.apache.dubbo.rpc.cluster.router.condition.ConditionRouterTest.testRoute_ReturnAll":{"name":"org.apache.dubbo.rpc.cluster.router.condition.ConditionRouterTest.testRoute_ReturnAll","result":"PASS","time":0.036502002,"stackTrace":[]},"org.apache.dubbo.rpc.cluster.support.ForkingClusterInvokerTest.testClearRpcContext":{"name":"org.apache.dubbo.rpc.cluster.support.ForkingClusterInvokerTest.testClearRpcContext","result":"PASS","time":0.031824329,"stackTrace":[]},"org.apache.dubbo.rpc.cluster.support.AbstractClusterInvokerTest.testSelect_multiInvokers":{"name":"org.apache.dubbo.rpc.cluster.support.AbstractClusterInvokerTest.testSelect_multiInvokers","result":"PASS","time":40.353269837,"stackTrace":[]},"org.apache.dubbo.rpc.cluster.support.FailoverClusterInvokerTest.testNoInvoke":{"name":"org.apache.dubbo.rpc.cluster.support.FailoverClusterInvokerTest.testNoInvoke","result":"PASS","time":0.006515818,"stackTrace":[]},"org.apache.dubbo.rpc.cluster.support.FailoverClusterInvokerTest.testInvokerDestroyAndReList":{"name":"org.apache.dubbo.rpc.cluster.support.FailoverClusterInvokerTest.testInvokerDestroyAndReList","result":"PASS","time":0.03001545,"stackTrace":[]},"org.apache.dubbo.rpc.cluster.support.wrapper.MockClusterInvokerTest.testMockInvokerFromOverride_Invoke_mock_false":{"name":"org.apache.dubbo.rpc.cluster.support.wrapper.MockClusterInvokerTest.testMockInvokerFromOverride_Invoke_mock_false","result":"PASS","time":0.002498819,"stackTrace":[]},"org.apache.dubbo.rpc.cluster.router.condition.ConditionRouterTest.testRoute_Empty_HostFilter":{"name":"org.apache.dubbo.rpc.cluster.router.condition.ConditionRouterTest.testRoute_Empty_HostFilter","result":"PASS","time":0.050778646,"stackTrace":[]},"org.apache.dubbo.rpc.cluster.support.AbstractClusterInvokerTest.testCloseAvailablecheck":{"name":"org.apache.dubbo.rpc.cluster.support.AbstractClusterInvokerTest.testCloseAvailablecheck","result":"PASS","time":0.42479179,"stackTrace":[]},"org.apache.dubbo.rpc.cluster.StickyTest.testMethodsSticky":{"name":"org.apache.dubbo.rpc.cluster.StickyTest.testMethodsSticky","result":"PASS","time":0.285707082,"stackTrace":[]},"org.apache.dubbo.rpc.cluster.router.condition.ConditionRouterTest.testRoute_False_HostFilter":{"name":"org.apache.dubbo.rpc.cluster.router.condition.ConditionRouterTest.testRoute_False_HostFilter","result":"PASS","time":0.002715413,"stackTrace":[]},"org.apache.dubbo.rpc.cluster.support.FailSafeClusterInvokerTest.testInvokeNoExceptoin":{"name":"org.apache.dubbo.rpc.cluster.support.FailSafeClusterInvokerTest.testInvokeNoExceptoin","result":"PASS","time":0.004743608,"stackTrace":[]},"org.apache.dubbo.rpc.cluster.support.AbstractClusterInvokerTest.testSelectBalance":{"name":"org.apache.dubbo.rpc.cluster.support.AbstractClusterInvokerTest.testSelectBalance","result":"PASS","time":0.93731376,"stackTrace":[]},"org.apache.dubbo.rpc.cluster.support.wrapper.MockClusterInvokerTest.testMockInvokerFromOverride_Invoke_force_throwCustemExceptionNotFound":{"name":"org.apache.dubbo.rpc.cluster.support.wrapper.MockClusterInvokerTest.testMockInvokerFromOverride_Invoke_force_throwCustemExceptionNotFound","result":"PASS","time":0.019231328,"stackTrace":[]},"org.apache.dubbo.rpc.cluster.merger.ResultMergerTest.testShortArrayMerger":{"name":"org.apache.dubbo.rpc.cluster.merger.ResultMergerTest.testShortArrayMerger","result":"PASS","time":0.002092804,"stackTrace":[]},"org.apache.dubbo.rpc.cluster.loadbalance.RoundRobinLoadBalanceTest.testRoundRobinLoadBalanceSelect":{"name":"org.apache.dubbo.rpc.cluster.loadbalance.RoundRobinLoadBalanceTest.testRoundRobinLoadBalanceSelect","result":"PASS","time":5.534834096,"stackTrace":[]},"org.apache.dubbo.rpc.cluster.support.wrapper.MockClusterInvokerTest.testMockInvokerFromOverride_Invoke_check_ListPojo_empty":{"name":"org.apache.dubbo.rpc.cluster.support.wrapper.MockClusterInvokerTest.testMockInvokerFromOverride_Invoke_check_ListPojo_empty","result":"PASS","time":0.007675684,"stackTrace":[]},"org.apache.dubbo.rpc.cluster.support.wrapper.MockClusterInvokerTest.testMockInvokerFromOverride_Invoke_check_ListPojo":{"name":"org.apache.dubbo.rpc.cluster.support.wrapper.MockClusterInvokerTest.testMockInvokerFromOverride_Invoke_check_ListPojo","result":"PASS","time":0.017059948,"stackTrace":[]},"org.apache.dubbo.rpc.cluster.support.AbstractClusterInvokerTest.testSelect_Invokersize2AndselectNotNull":{"name":"org.apache.dubbo.rpc.cluster.support.AbstractClusterInvokerTest.testSelect_Invokersize2AndselectNotNull","result":"PASS","time":0.022426445,"stackTrace":[]},"org.apache.dubbo.rpc.cluster.support.wrapper.MockClusterInvokerTest.testMockInvokerFromOverride_Invoke_Fock_someMethods":{"name":"org.apache.dubbo.rpc.cluster.support.wrapper.MockClusterInvokerTest.testMockInvokerFromOverride_Invoke_Fock_someMethods","result":"PASS","time":0.005585955,"stackTrace":[]},"org.apache.dubbo.rpc.cluster.router.file.FileRouterEngineTest.testRouteNotAvailable":{"name":"org.apache.dubbo.rpc.cluster.router.file.FileRouterEngineTest.testRouteNotAvailable","result":"PASS","time":2.297975924,"stackTrace":[]},"org.apache.dubbo.rpc.cluster.support.FailoverClusterInvokerTest.testInvokeWithRPCException":{"name":"org.apache.dubbo.rpc.cluster.support.FailoverClusterInvokerTest.testInvokeWithRPCException","result":"PASS","time":0.278825129,"stackTrace":[]},"org.apache.dubbo.rpc.cluster.support.wrapper.MockClusterInvokerTest.testMockInvokerFromOverride_Invoke_check_ListString":{"name":"org.apache.dubbo.rpc.cluster.support.wrapper.MockClusterInvokerTest.testMockInvokerFromOverride_Invoke_check_ListString","result":"PASS","time":0.505358885,"stackTrace":[]},"org.apache.dubbo.rpc.cluster.support.wrapper.MockClusterInvokerTest.testMockInvokerFromOverride_Invoke_Fock_WithDefault":{"name":"org.apache.dubbo.rpc.cluster.support.wrapper.MockClusterInvokerTest.testMockInvokerFromOverride_Invoke_Fock_WithDefault","result":"PASS","time":0.019274144,"stackTrace":[]},"org.apache.dubbo.rpc.cluster.support.wrapper.MockClusterInvokerTest.testMockInvokerFromOverride_Invoke_force_throw":{"name":"org.apache.dubbo.rpc.cluster.support.wrapper.MockClusterInvokerTest.testMockInvokerFromOverride_Invoke_force_throw","result":"PASS","time":0.003017009,"stackTrace":[]},"org.apache.dubbo.rpc.cluster.router.condition.ConditionRouterTest.testRoute_Force":{"name":"org.apache.dubbo.rpc.cluster.router.condition.ConditionRouterTest.testRoute_Force","result":"PASS","time":0.003750115,"stackTrace":[]},"org.apache.dubbo.rpc.cluster.directory.StaticDirectoryTest.testStaticDirectory":{"name":"org.apache.dubbo.rpc.cluster.directory.StaticDirectoryTest.testStaticDirectory","result":"PASS","time":0.014371286,"stackTrace":[]},"org.apache.dubbo.rpc.cluster.support.wrapper.MockClusterInvokerTest.testMockInvokerFromOverride_Invoke_check_String":{"name":"org.apache.dubbo.rpc.cluster.support.wrapper.MockClusterInvokerTest.testMockInvokerFromOverride_Invoke_check_String","result":"PASS","time":0.003453757,"stackTrace":[]},"org.apache.dubbo.rpc.cluster.support.FailbackClusterInvokerTest.testInvokeExceptoin":{"name":"org.apache.dubbo.rpc.cluster.support.FailbackClusterInvokerTest.testInvokeExceptoin","result":"PASS","time":0.005179729,"stackTrace":[]},"org.apache.dubbo.rpc.cluster.router.condition.ConditionRouterTest.testRoute_methodRoute":{"name":"org.apache.dubbo.rpc.cluster.router.condition.ConditionRouterTest.testRoute_methodRoute","result":"PASS","time":0.009874514,"stackTrace":[]},"org.apache.dubbo.rpc.cluster.support.AbstractClusterInvokerTest.testBindingAttachment":{"name":"org.apache.dubbo.rpc.cluster.support.AbstractClusterInvokerTest.testBindingAttachment","result":"PASS","time":0.009235141,"stackTrace":[]},"org.apache.dubbo.rpc.cluster.configurator.override.OverrideConfiguratorTest.testOverride_Host":{"name":"org.apache.dubbo.rpc.cluster.configurator.override.OverrideConfiguratorTest.testOverride_Host","result":"PASS","time":0.010834831,"stackTrace":[]},"org.apache.dubbo.rpc.cluster.support.AbstractClusterInvokerTest.testDonotSelectAgainAndNoCheckAvailable":{"name":"org.apache.dubbo.rpc.cluster.support.AbstractClusterInvokerTest.testDonotSelectAgainAndNoCheckAvailable","result":"PASS","time":0.012710412,"stackTrace":[]},"org.apache.dubbo.rpc.cluster.loadbalance.ConsistentHashLoadBalanceTest.testLoadBalanceWarmup":{"name":"org.apache.dubbo.rpc.cluster.loadbalance.ConsistentHashLoadBalanceTest.testLoadBalanceWarmup","result":"PASS","time":0.008803003,"stackTrace":[]},"org.apache.dubbo.rpc.cluster.loadbalance.RoundRobinLoadBalanceTest.testLoadBalanceWarmup":{"name":"org.apache.dubbo.rpc.cluster.loadbalance.RoundRobinLoadBalanceTest.testLoadBalanceWarmup","result":"PASS","time":0.364312686,"stackTrace":[]},"org.apache.dubbo.rpc.cluster.router.condition.ConditionRouterTest.testRoute_matchFilter":{"name":"org.apache.dubbo.rpc.cluster.router.condition.ConditionRouterTest.testRoute_matchFilter","result":"PASS","time":0.010030691,"stackTrace":[]},"org.apache.dubbo.rpc.cluster.StickyTest.testStickyNoCheck":{"name":"org.apache.dubbo.rpc.cluster.StickyTest.testStickyNoCheck","result":"ERROR","time":0.029781256,"stackTrace":[{"declaringClass":"org.junit.Assert","methodName":"fail","fileName":"Assert.java","lineNumber":86},{"declaringClass":"org.junit.Assert","methodName":"assertTrue","fileName":"Assert.java","lineNumber":41},{"declaringClass":"org.junit.Assert","methodName":"assertTrue","fileName":"Assert.java","lineNumber":52},{"declaringClass":"org.apache.dubbo.rpc.cluster.StickyTest","methodName":"testStickyNoCheck","fileName":"StickyTest.java","lineNumber":77},{"declaringClass":"sun.reflect.NativeMethodAccessorImpl","methodName":"invoke0","fileName":"NativeMethodAccessorImpl.java","lineNumber":-2},{"declaringClass":"sun.reflect.NativeMethodAccessorImpl","methodName":"invoke","fileName":"NativeMethodAccessorImpl.java","lineNumber":62},{"declaringClass":"sun.reflect.DelegatingMethodAccessorImpl","methodName":"invoke","fileName":"DelegatingMethodAccessorImpl.java","lineNumber":43},{"declaringClass":"java.lang.reflect.Method","methodName":"invoke","fileName":"Method.java","lineNumber":498},{"declaringClass":"org.junit.runners.model.FrameworkMethod$1","methodName":"runReflectiveCall","fileName":"FrameworkMethod.java","lineNumber":50},{"declaringClass":"org.junit.internal.runners.model.ReflectiveCallable","methodName":"run","fileName":"ReflectiveCallable.java","lineNumber":12},{"declaringClass":"org.junit.runners.model.FrameworkMethod","methodName":"invokeExplosively","fileName":"FrameworkMethod.java","lineNumber":47},{"declaringClass":"org.junit.internal.runners.statements.InvokeMethod","methodName":"evaluate","fileName":"InvokeMethod.java","lineNumber":17},{"declaringClass":"org.junit.internal.runners.statements.RunBefores","methodName":"evaluate","fileName":"RunBefores.java","lineNumber":26},{"declaringClass":"com.reedoei.testrunner.execution.JUnitTestRunner","methodName":"runChild","fileName":"JUnitTestRunner.java","lineNumber":332},{"declaringClass":"com.reedoei.testrunner.execution.JUnitTestRunner","methodName":"run","fileName":"JUnitTestRunner.java","lineNumber":108},{"declaringClass":"org.junit.runner.JUnitCore","methodName":"run","fileName":"JUnitCore.java","lineNumber":137},{"declaringClass":"com.reedoei.testrunner.execution.JUnitTestExecutor","methodName":"execute","fileName":"JUnitTestExecutor.java","lineNumber":292},{"declaringClass":"com.reedoei.testrunner.execution.JUnitTestExecutor","methodName":"execute","fileName":"JUnitTestExecutor.java","lineNumber":328},{"declaringClass":"com.reedoei.testrunner.execution.JUnitTestExecutor","methodName":"executeWithJUnit4Runner","fileName":"JUnitTestExecutor.java","lineNumber":366},{"declaringClass":"com.reedoei.testrunner.execution.JUnitTestExecutor","methodName":"runOrder","fileName":"JUnitTestExecutor.java","lineNumber":47},{"declaringClass":"com.reedoei.testrunner.execution.Executor$","methodName":"$anonfun$run$1","fileName":"Executor.scala","lineNumber":30},{"declaringClass":"scala.runtime.java8.JFunction0$mcV$sp","methodName":"apply","fileName":"JFunction0$mcV$sp.java","lineNumber":12},{"declaringClass":"scala.util.Try$","methodName":"apply","fileName":"Try.scala","lineNumber":209},{"declaringClass":"com.reedoei.testrunner.execution.Executor$","methodName":"run","fileName":"Executor.scala","lineNumber":28},{"declaringClass":"com.reedoei.testrunner.execution.Executor$","methodName":"main","fileName":"Executor.scala","lineNumber":18},{"declaringClass":"com.reedoei.testrunner.execution.Executor","methodName":"main","fileName":"Executor.scala","lineNumber":-1}]}},"diffs":{}},"expected":"ERROR","dependentTest":"org.apache.dubbo.rpc.cluster.StickyTest.testStickyNoCheck","polluters":[{"time":{"startTime":1574049413182,"endTime":1574049413182,"elapsedSeconds":0.0},"index":0,"deps":["org.apache.dubbo.rpc.cluster.StickyTest.testStickyForceCheck"],"cleanerData":{"dependentTest":"org.apache.dubbo.rpc.cluster.StickyTest.testStickyNoCheck","time":{"addTime":{"startTime":1574049413237,"endTime":1574051159987,"elapsedSeconds":1746.7509989738464},"totalTime":{"startTime":1574049413237,"endTime":1574051192746,"elapsedSeconds":1779.5090000629425}},"expected":"ERROR","isolationResult":"PASS","cleaners":[{"dependentTest":"org.apache.dubbo.rpc.cluster.StickyTest.testStickyNoCheck","originalSize":1,"cleanerTests":["org.apache.dubbo.rpc.cluster.StickyTest.testStickyForceCheck"],"orderFound":0,"time":{"addTime":{"startTime":1574049413237,"endTime":1574051159987,"elapsedSeconds":1746.7509989738464},"totalTime":{"startTime":1574049413237,"endTime":1574051192746,"elapsedSeconds":1779.5090000629425}}}]}}],"hash":"d4b34c90e9d4cc1b7d652ed8c4049a8a","flakyClass":"OD"}