{"time":{"startTime":1574051124376,"endTime":1574060587700,"elapsedSeconds":9463.324000120163},"expectedRun":{"id":"1574051034380-7956cbd4-f497-4c47-8913-ae6844a78892","testOrder":["org.apache.dubbo.rpc.cluster.support.FailoverClusterInvokerTest.testInvokeWithRuntimeException","org.apache.dubbo.rpc.cluster.support.FailoverClusterInvokerTest.testInvokerDestroyAndReList","org.apache.dubbo.rpc.cluster.support.FailoverClusterInvokerTest.testInvokeWithRPCException","org.apache.dubbo.rpc.cluster.support.FailoverClusterInvokerTest.testNoInvoke","org.apache.dubbo.rpc.cluster.support.FailoverClusterInvokerTest.testInvoke_retryTimes","org.apache.dubbo.rpc.cluster.loadbalance.LoadBalanceBaseTest.testLoadBalanceWarmup","org.apache.dubbo.rpc.cluster.loadbalance.RandomLoadBalanceTest.testLoadBalanceWarmup","org.apache.dubbo.rpc.cluster.loadbalance.RandomLoadBalanceTest.testRandomLoadBalanceSelect","org.apache.dubbo.rpc.cluster.support.AbstractClusterInvokerTest.testSelect_Invokersize0","org.apache.dubbo.rpc.cluster.support.AbstractClusterInvokerTest.testSelect_Invokersize1","org.apache.dubbo.rpc.cluster.support.AbstractClusterInvokerTest.testDonotSelectAgainAndNoCheckAvailable","org.apache.dubbo.rpc.cluster.support.AbstractClusterInvokerTest.testSelect_multiInvokers","org.apache.dubbo.rpc.cluster.support.AbstractClusterInvokerTest.testMockedInvokerSelect","org.apache.dubbo.rpc.cluster.support.AbstractClusterInvokerTest.testCloseAvailablecheck","org.apache.dubbo.rpc.cluster.support.AbstractClusterInvokerTest.testSelect_Invokersize2AndselectNotNull","org.apache.dubbo.rpc.cluster.support.AbstractClusterInvokerTest.testTimeoutExceptionCode","org.apache.dubbo.rpc.cluster.support.AbstractClusterInvokerTest.testBindingAttachment","org.apache.dubbo.rpc.cluster.support.AbstractClusterInvokerTest.testSelectAgainAndCheckAvailable","org.apache.dubbo.rpc.cluster.support.AbstractClusterInvokerTest.testSelectBalance","org.apache.dubbo.rpc.cluster.directory.StaticDirectoryTest.testStaticDirectory","org.apache.dubbo.rpc.cluster.merger.ResultMergerTest.testFloatArrayMerger","org.apache.dubbo.rpc.cluster.merger.ResultMergerTest.testArrayMerger","org.apache.dubbo.rpc.cluster.merger.ResultMergerTest.testByteArrayMerger","org.apache.dubbo.rpc.cluster.merger.ResultMergerTest.testLongArrayMerger","org.apache.dubbo.rpc.cluster.merger.ResultMergerTest.testCharArrayMerger","org.apache.dubbo.rpc.cluster.merger.ResultMergerTest.testSetMerger","org.apache.dubbo.rpc.cluster.merger.ResultMergerTest.testListMerger","org.apache.dubbo.rpc.cluster.merger.ResultMergerTest.testDoubleArrayMerger","org.apache.dubbo.rpc.cluster.merger.ResultMergerTest.testIntArrayMerger","org.apache.dubbo.rpc.cluster.merger.ResultMergerTest.testBooleanArrayMerger","org.apache.dubbo.rpc.cluster.merger.ResultMergerTest.testMapArrayMerger","org.apache.dubbo.rpc.cluster.merger.ResultMergerTest.testShortArrayMerger","org.apache.dubbo.rpc.cluster.router.script.ScriptRouterTest.testRoutePickInvokers","org.apache.dubbo.rpc.cluster.router.script.ScriptRouterTest.testRouteReturnAll","org.apache.dubbo.rpc.cluster.router.tag.TagRouterTest.testRoute_matchTag","org.apache.dubbo.rpc.cluster.router.tag.TagRouterTest.testRoute_requestWithoutTag_shouldNotDowngrade","org.apache.dubbo.rpc.cluster.router.tag.TagRouterTest.testRoute_createBySpi","org.apache.dubbo.rpc.cluster.router.tag.TagRouterTest.testRoute_requestWithTag_shouldDowngrade","org.apache.dubbo.rpc.cluster.router.tag.TagRouterTest.testRoute_matchDefault","org.apache.dubbo.rpc.cluster.loadbalance.LeastActiveBalanceTest.testLoadBalanceWarmup","org.apache.dubbo.rpc.cluster.router.file.FileRouterEngineTest.testRouteByMethodName","org.apache.dubbo.rpc.cluster.router.file.FileRouterEngineTest.testRouteAvailable","org.apache.dubbo.rpc.cluster.router.file.FileRouterEngineTest.testRouteNotAvailable","org.apache.dubbo.rpc.cluster.support.ForkingClusterInvokerTest.testClearRpcContext","org.apache.dubbo.rpc.cluster.support.ForkingClusterInvokerTest.testInvokeException","org.apache.dubbo.rpc.cluster.support.ForkingClusterInvokerTest.testInvokeNoException","org.apache.dubbo.rpc.cluster.StickyTest.testMethodsSticky","org.apache.dubbo.rpc.cluster.StickyTest.testMethodStickyNoCheck","org.apache.dubbo.rpc.cluster.StickyTest.testStickyNoCheck","org.apache.dubbo.rpc.cluster.StickyTest.testStickyForceCheck","org.apache.dubbo.rpc.cluster.StickyTest.testMethodStickyForceCheck","org.apache.dubbo.rpc.cluster.support.FailSafeClusterInvokerTest.testNoInvoke","org.apache.dubbo.rpc.cluster.support.FailSafeClusterInvokerTest.testInvokeNoExceptoin","org.apache.dubbo.rpc.cluster.support.FailSafeClusterInvokerTest.testInvokeExceptoin","org.apache.dubbo.rpc.cluster.configurator.absent.AbsentConfiguratorTest.testOverrideApplication","org.apache.dubbo.rpc.cluster.configurator.absent.AbsentConfiguratorTest.testOverrideHost","org.apache.dubbo.rpc.cluster.configurator.override.OverrideConfiguratorTest.testOverride_Host","org.apache.dubbo.rpc.cluster.configurator.override.OverrideConfiguratorTest.testOverride_Application","org.apache.dubbo.rpc.cluster.support.FailbackClusterInvokerTest.testRetryFailed","org.apache.dubbo.rpc.cluster.support.FailbackClusterInvokerTest.testInvokeExceptoin","org.apache.dubbo.rpc.cluster.support.FailbackClusterInvokerTest.testInvokeNoExceptoin","org.apache.dubbo.rpc.cluster.support.FailbackClusterInvokerTest.testNoInvoke","org.apache.dubbo.rpc.cluster.loadbalance.ConsistentHashLoadBalanceTest.testLoadBalanceWarmup","org.apache.dubbo.rpc.cluster.loadbalance.RoundRobinLoadBalanceTest.testLoadBalanceWarmup","org.apache.dubbo.rpc.cluster.loadbalance.RoundRobinLoadBalanceTest.testRoundRobinLoadBalanceSelect","org.apache.dubbo.rpc.cluster.support.MergeableClusterInvokerTest.testAddMenu","org.apache.dubbo.rpc.cluster.support.MergeableClusterInvokerTest.testGetMenuSuccessfully","org.apache.dubbo.rpc.cluster.support.ClusterUtilsTest.testMergeUrl","org.apache.dubbo.rpc.cluster.router.condition.ConditionRouterTest.testRoute_NoForce","org.apache.dubbo.rpc.cluster.router.condition.ConditionRouterTest.testRoute_Empty_HostFilter","org.apache.dubbo.rpc.cluster.router.condition.ConditionRouterTest.testRoute_ReturnEmpty","org.apache.dubbo.rpc.cluster.router.condition.ConditionRouterTest.testRoute_Placeholder","org.apache.dubbo.rpc.cluster.router.condition.ConditionRouterTest.testRoute_matchFilter","org.apache.dubbo.rpc.cluster.router.condition.ConditionRouterTest.testRoute_HostFilter","org.apache.dubbo.rpc.cluster.router.condition.ConditionRouterTest.testRoute_False_HostFilter","org.apache.dubbo.rpc.cluster.router.condition.ConditionRouterTest.testRoute_methodRoute","org.apache.dubbo.rpc.cluster.router.condition.ConditionRouterTest.testRoute_ReturnFalse","org.apache.dubbo.rpc.cluster.router.condition.ConditionRouterTest.testRoute_ReturnAll","org.apache.dubbo.rpc.cluster.router.condition.ConditionRouterTest.testRoute_Force","org.apache.dubbo.rpc.cluster.router.condition.ConditionRouterTest.testRoute_matchWhen","org.apache.dubbo.rpc.cluster.support.FailfastClusterInvokerTest.testNoInvoke","org.apache.dubbo.rpc.cluster.support.FailfastClusterInvokerTest.testInvokeNoExceptoin","org.apache.dubbo.rpc.cluster.support.FailfastClusterInvokerTest.testInvokeExceptoin","org.apache.dubbo.rpc.cluster.support.wrapper.MockClusterInvokerTest.testMockInvokerFromOverride_Invoke_check_boolean","org.apache.dubbo.rpc.cluster.support.wrapper.MockClusterInvokerTest.testMockInvokerFromOverride_Invoke_mock_false","org.apache.dubbo.rpc.cluster.support.wrapper.MockClusterInvokerTest.testMockInvokerFromOverride_Invoke_check_ListPojo_error","org.apache.dubbo.rpc.cluster.support.wrapper.MockClusterInvokerTest.testMockInvokerFromOverride_Invoke_Fock_WithOutDefault","org.apache.dubbo.rpc.cluster.support.wrapper.MockClusterInvokerTest.testMockInvokerFromOverride_Invoke_check_String","org.apache.dubbo.rpc.cluster.support.wrapper.MockClusterInvokerTest.testMockInvokerFromOverride_Invoke_Fock_someMethods","org.apache.dubbo.rpc.cluster.support.wrapper.MockClusterInvokerTest.testMockInvokerFromOverride_Invoke_checkCompatible_ImplMock2","org.apache.dubbo.rpc.cluster.support.wrapper.MockClusterInvokerTest.testMockInvokerFromOverride_Invoke_Fock_WithForceDefault","org.apache.dubbo.rpc.cluster.support.wrapper.MockClusterInvokerTest.testMockInvokerFromOverride_Invoke_check_ListString","org.apache.dubbo.rpc.cluster.support.wrapper.MockClusterInvokerTest.testMockInvokerFromOverride_Invoke_force_throwCustemExceptionNotFound","org.apache.dubbo.rpc.cluster.support.wrapper.MockClusterInvokerTest.testMockInvokerFromOverride_Invoke_check_ListPojo_empty","org.apache.dubbo.rpc.cluster.support.wrapper.MockClusterInvokerTest.testMockInvokerFromOverride_Invoke_checkCompatible_return","org.apache.dubbo.rpc.cluster.support.wrapper.MockClusterInvokerTest.testMockInvokerFromOverride_Invoke_checkCompatible_ImplMock3","org.apache.dubbo.rpc.cluster.support.wrapper.MockClusterInvokerTest.testMockInvokerInvoke_failmock","org.apache.dubbo.rpc.cluster.support.wrapper.MockClusterInvokerTest.testMockInvokerFromOverride_Invoke_check_Boolean","org.apache.dubbo.rpc.cluster.support.wrapper.MockClusterInvokerTest.testMockInvokerInvoke_normal","org.apache.dubbo.rpc.cluster.support.wrapper.MockClusterInvokerTest.testMockInvokerFromOverride_Invoke_check_ListString_empty","org.apache.dubbo.rpc.cluster.support.wrapper.MockClusterInvokerTest.testMockInvokerInvoke_forcemock","org.apache.dubbo.rpc.cluster.support.wrapper.MockClusterInvokerTest.testMockInvokerFromOverride_Invoke_Fock_WithFailDefault","org.apache.dubbo.rpc.cluster.support.wrapper.MockClusterInvokerTest.testMockInvokerFromOverride_Invoke_check_int","org.apache.dubbo.rpc.cluster.support.wrapper.MockClusterInvokerTest.testMockInvokerFromOverride_Invoke_checkCompatible_ImplMock","org.apache.dubbo.rpc.cluster.support.wrapper.MockClusterInvokerTest.testMockInvokerFromOverride_Invoke_Fock_WithDefault","org.apache.dubbo.rpc.cluster.support.wrapper.MockClusterInvokerTest.testMockInvokerFromOverride_Invoke_check_ListPojo","org.apache.dubbo.rpc.cluster.support.wrapper.MockClusterInvokerTest.testMockInvokerFromOverride_Invoke_Fock_Default","org.apache.dubbo.rpc.cluster.support.wrapper.MockClusterInvokerTest.testMockInvokerFromOverride_Invoke_force_throw","org.apache.dubbo.rpc.cluster.support.wrapper.MockClusterInvokerTest.testMockInvokerFromOverride_Invoke_force_throwCustemException","org.apache.dubbo.rpc.cluster.support.wrapper.MockClusterInvokerTest.testMockInvokerInvoke_forcemock_defaultreturn"],"results":{"org.apache.dubbo.rpc.cluster.router.condition.ConditionRouterTest.testRoute_ReturnFalse":{"name":"org.apache.dubbo.rpc.cluster.router.condition.ConditionRouterTest.testRoute_ReturnFalse","result":"PASS","time":0.00353394,"stackTrace":[]},"org.apache.dubbo.rpc.cluster.merger.ResultMergerTest.testSetMerger":{"name":"org.apache.dubbo.rpc.cluster.merger.ResultMergerTest.testSetMerger","result":"PASS","time":0.011971155,"stackTrace":[]},"org.apache.dubbo.rpc.cluster.merger.ResultMergerTest.testMapArrayMerger":{"name":"org.apache.dubbo.rpc.cluster.merger.ResultMergerTest.testMapArrayMerger","result":"PASS","time":0.012226233,"stackTrace":[]},"org.apache.dubbo.rpc.cluster.router.tag.TagRouterTest.testRoute_matchDefault":{"name":"org.apache.dubbo.rpc.cluster.router.tag.TagRouterTest.testRoute_matchDefault","result":"PASS","time":0.001059148,"stackTrace":[]},"org.apache.dubbo.rpc.cluster.merger.ResultMergerTest.testCharArrayMerger":{"name":"org.apache.dubbo.rpc.cluster.merger.ResultMergerTest.testCharArrayMerger","result":"PASS","time":0.017915278,"stackTrace":[]},"org.apache.dubbo.rpc.cluster.support.wrapper.MockClusterInvokerTest.testMockInvokerInvoke_normal":{"name":"org.apache.dubbo.rpc.cluster.support.wrapper.MockClusterInvokerTest.testMockInvokerInvoke_normal","result":"PASS","time":0.007455876,"stackTrace":[]},"org.apache.dubbo.rpc.cluster.support.FailfastClusterInvokerTest.testNoInvoke":{"name":"org.apache.dubbo.rpc.cluster.support.FailfastClusterInvokerTest.testNoInvoke","result":"PASS","time":0.00484656,"stackTrace":[]},"org.apache.dubbo.rpc.cluster.support.wrapper.MockClusterInvokerTest.testMockInvokerInvoke_forcemock":{"name":"org.apache.dubbo.rpc.cluster.support.wrapper.MockClusterInvokerTest.testMockInvokerInvoke_forcemock","result":"PASS","time":0.003231645,"stackTrace":[]},"org.apache.dubbo.rpc.cluster.support.wrapper.MockClusterInvokerTest.testMockInvokerFromOverride_Invoke_check_ListPojo_error":{"name":"org.apache.dubbo.rpc.cluster.support.wrapper.MockClusterInvokerTest.testMockInvokerFromOverride_Invoke_check_ListPojo_error","result":"PASS","time":0.473165456,"stackTrace":[]},"org.apache.dubbo.rpc.cluster.router.condition.ConditionRouterTest.testRoute_HostFilter":{"name":"org.apache.dubbo.rpc.cluster.router.condition.ConditionRouterTest.testRoute_HostFilter","result":"PASS","time":0.001733024,"stackTrace":[]},"org.apache.dubbo.rpc.cluster.support.wrapper.MockClusterInvokerTest.testMockInvokerFromOverride_Invoke_check_Boolean":{"name":"org.apache.dubbo.rpc.cluster.support.wrapper.MockClusterInvokerTest.testMockInvokerFromOverride_Invoke_check_Boolean","result":"PASS","time":0.002806282,"stackTrace":[]},"org.apache.dubbo.rpc.cluster.support.MergeableClusterInvokerTest.testAddMenu":{"name":"org.apache.dubbo.rpc.cluster.support.MergeableClusterInvokerTest.testAddMenu","result":"PASS","time":0.040352331,"stackTrace":[]},"org.apache.dubbo.rpc.cluster.support.AbstractClusterInvokerTest.testSelectAgainAndCheckAvailable":{"name":"org.apache.dubbo.rpc.cluster.support.AbstractClusterInvokerTest.testSelectAgainAndCheckAvailable","result":"PASS","time":0.231159239,"stackTrace":[]},"org.apache.dubbo.rpc.cluster.support.wrapper.MockClusterInvokerTest.testMockInvokerInvoke_failmock":{"name":"org.apache.dubbo.rpc.cluster.support.wrapper.MockClusterInvokerTest.testMockInvokerInvoke_failmock","result":"PASS","time":0.011050861,"stackTrace":[]},"org.apache.dubbo.rpc.cluster.configurator.override.OverrideConfiguratorTest.testOverride_Application":{"name":"org.apache.dubbo.rpc.cluster.configurator.override.OverrideConfiguratorTest.testOverride_Application","result":"PASS","time":0.001123267,"stackTrace":[]},"org.apache.dubbo.rpc.cluster.support.ForkingClusterInvokerTest.testInvokeNoException":{"name":"org.apache.dubbo.rpc.cluster.support.ForkingClusterInvokerTest.testInvokeNoException","result":"PASS","time":0.022769591,"stackTrace":[]},"org.apache.dubbo.rpc.cluster.support.wrapper.MockClusterInvokerTest.testMockInvokerFromOverride_Invoke_checkCompatible_ImplMock":{"name":"org.apache.dubbo.rpc.cluster.support.wrapper.MockClusterInvokerTest.testMockInvokerFromOverride_Invoke_checkCompatible_ImplMock","result":"PASS","time":0.007210576,"stackTrace":[]},"org.apache.dubbo.rpc.cluster.merger.ResultMergerTest.testListMerger":{"name":"org.apache.dubbo.rpc.cluster.merger.ResultMergerTest.testListMerger","result":"PASS","time":0.024333728,"stackTrace":[]},"org.apache.dubbo.rpc.cluster.support.wrapper.MockClusterInvokerTest.testMockInvokerFromOverride_Invoke_Fock_WithForceDefault":{"name":"org.apache.dubbo.rpc.cluster.support.wrapper.MockClusterInvokerTest.testMockInvokerFromOverride_Invoke_Fock_WithForceDefault","result":"PASS","time":0.005770765,"stackTrace":[]},"org.apache.dubbo.rpc.cluster.router.tag.TagRouterTest.testRoute_requestWithTag_shouldDowngrade":{"name":"org.apache.dubbo.rpc.cluster.router.tag.TagRouterTest.testRoute_requestWithTag_shouldDowngrade","result":"PASS","time":8.4004E-4,"stackTrace":[]},"org.apache.dubbo.rpc.cluster.support.FailbackClusterInvokerTest.testRetryFailed":{"name":"org.apache.dubbo.rpc.cluster.support.FailbackClusterInvokerTest.testRetryFailed","result":"PASS","time":0.033954976,"stackTrace":[]},"org.apache.dubbo.rpc.cluster.support.FailSafeClusterInvokerTest.testInvokeExceptoin":{"name":"org.apache.dubbo.rpc.cluster.support.FailSafeClusterInvokerTest.testInvokeExceptoin","result":"PASS","time":0.007591447,"stackTrace":[]},"org.apache.dubbo.rpc.cluster.support.ForkingClusterInvokerTest.testInvokeException":{"name":"org.apache.dubbo.rpc.cluster.support.ForkingClusterInvokerTest.testInvokeException","result":"PASS","time":0.043150791,"stackTrace":[]},"org.apache.dubbo.rpc.cluster.support.wrapper.MockClusterInvokerTest.testMockInvokerFromOverride_Invoke_Fock_WithFailDefault":{"name":"org.apache.dubbo.rpc.cluster.support.wrapper.MockClusterInvokerTest.testMockInvokerFromOverride_Invoke_Fock_WithFailDefault","result":"PASS","time":0.008971608,"stackTrace":[]},"org.apache.dubbo.rpc.cluster.support.wrapper.MockClusterInvokerTest.testMockInvokerFromOverride_Invoke_check_int":{"name":"org.apache.dubbo.rpc.cluster.support.wrapper.MockClusterInvokerTest.testMockInvokerFromOverride_Invoke_check_int","result":"PASS","time":0.003700454,"stackTrace":[]},"org.apache.dubbo.rpc.cluster.support.ClusterUtilsTest.testMergeUrl":{"name":"org.apache.dubbo.rpc.cluster.support.ClusterUtilsTest.testMergeUrl","result":"PASS","time":0.007200308,"stackTrace":[]},"org.apache.dubbo.rpc.cluster.support.wrapper.MockClusterInvokerTest.testMockInvokerFromOverride_Invoke_checkCompatible_ImplMock2":{"name":"org.apache.dubbo.rpc.cluster.support.wrapper.MockClusterInvokerTest.testMockInvokerFromOverride_Invoke_checkCompatible_ImplMock2","result":"PASS","time":0.009600783,"stackTrace":[]},"org.apache.dubbo.rpc.cluster.support.wrapper.MockClusterInvokerTest.testMockInvokerFromOverride_Invoke_checkCompatible_ImplMock3":{"name":"org.apache.dubbo.rpc.cluster.support.wrapper.MockClusterInvokerTest.testMockInvokerFromOverride_Invoke_checkCompatible_ImplMock3","result":"PASS","time":0.00192161,"stackTrace":[]},"org.apache.dubbo.rpc.cluster.StickyTest.testMethodStickyForceCheck":{"name":"org.apache.dubbo.rpc.cluster.StickyTest.testMethodStickyForceCheck","result":"PASS","time":0.004913263,"stackTrace":[]},"org.apache.dubbo.rpc.cluster.support.AbstractClusterInvokerTest.testTimeoutExceptionCode":{"name":"org.apache.dubbo.rpc.cluster.support.AbstractClusterInvokerTest.testTimeoutExceptionCode","result":"PASS","time":0.483194049,"stackTrace":[]},"org.apache.dubbo.rpc.cluster.support.wrapper.MockClusterInvokerTest.testMockInvokerFromOverride_Invoke_Fock_Default":{"name":"org.apache.dubbo.rpc.cluster.support.wrapper.MockClusterInvokerTest.testMockInvokerFromOverride_Invoke_Fock_Default","result":"PASS","time":0.010803675,"stackTrace":[]},"org.apache.dubbo.rpc.cluster.support.MergeableClusterInvokerTest.testGetMenuSuccessfully":{"name":"org.apache.dubbo.rpc.cluster.support.MergeableClusterInvokerTest.testGetMenuSuccessfully","result":"PASS","time":0.059748699,"stackTrace":[]},"org.apache.dubbo.rpc.cluster.configurator.absent.AbsentConfiguratorTest.testOverrideApplication":{"name":"org.apache.dubbo.rpc.cluster.configurator.absent.AbsentConfiguratorTest.testOverrideApplication","result":"PASS","time":0.009244777,"stackTrace":[]},"org.apache.dubbo.rpc.cluster.support.wrapper.MockClusterInvokerTest.testMockInvokerFromOverride_Invoke_check_boolean":{"name":"org.apache.dubbo.rpc.cluster.support.wrapper.MockClusterInvokerTest.testMockInvokerFromOverride_Invoke_check_boolean","result":"PASS","time":0.461781499,"stackTrace":[]},"org.apache.dubbo.rpc.cluster.merger.ResultMergerTest.testLongArrayMerger":{"name":"org.apache.dubbo.rpc.cluster.merger.ResultMergerTest.testLongArrayMerger","result":"PASS","time":0.001531169,"stackTrace":[]},"org.apache.dubbo.rpc.cluster.support.wrapper.MockClusterInvokerTest.testMockInvokerInvoke_forcemock_defaultreturn":{"name":"org.apache.dubbo.rpc.cluster.support.wrapper.MockClusterInvokerTest.testMockInvokerInvoke_forcemock_defaultreturn","result":"PASS","time":0.003325798,"stackTrace":[]},"org.apache.dubbo.rpc.cluster.router.condition.ConditionRouterTest.testRoute_ReturnEmpty":{"name":"org.apache.dubbo.rpc.cluster.router.condition.ConditionRouterTest.testRoute_ReturnEmpty","result":"PASS","time":0.011653354,"stackTrace":[]},"org.apache.dubbo.rpc.cluster.router.script.ScriptRouterTest.testRoutePickInvokers":{"name":"org.apache.dubbo.rpc.cluster.router.script.ScriptRouterTest.testRoutePickInvokers","result":"PASS","time":1.532148003,"stackTrace":[]},"org.apache.dubbo.rpc.cluster.merger.ResultMergerTest.testFloatArrayMerger":{"name":"org.apache.dubbo.rpc.cluster.merger.ResultMergerTest.testFloatArrayMerger","result":"PASS","time":0.103793941,"stackTrace":[]},"org.apache.dubbo.rpc.cluster.merger.ResultMergerTest.testArrayMerger":{"name":"org.apache.dubbo.rpc.cluster.merger.ResultMergerTest.testArrayMerger","result":"PASS","time":0.012126213,"stackTrace":[]},"org.apache.dubbo.rpc.cluster.support.wrapper.MockClusterInvokerTest.testMockInvokerFromOverride_Invoke_Fock_WithOutDefault":{"name":"org.apache.dubbo.rpc.cluster.support.wrapper.MockClusterInvokerTest.testMockInvokerFromOverride_Invoke_Fock_WithOutDefault","result":"PASS","time":0.010047938,"stackTrace":[]},"org.apache.dubbo.rpc.cluster.router.tag.TagRouterTest.testRoute_matchTag":{"name":"org.apache.dubbo.rpc.cluster.router.tag.TagRouterTest.testRoute_matchTag","result":"PASS","time":0.008087215,"stackTrace":[]},"org.apache.dubbo.rpc.cluster.router.condition.ConditionRouterTest.testRoute_NoForce":{"name":"org.apache.dubbo.rpc.cluster.router.condition.ConditionRouterTest.testRoute_NoForce","result":"PASS","time":0.003230388,"stackTrace":[]},"org.apache.dubbo.rpc.cluster.loadbalance.RandomLoadBalanceTest.testLoadBalanceWarmup":{"name":"org.apache.dubbo.rpc.cluster.loadbalance.RandomLoadBalanceTest.testLoadBalanceWarmup","result":"PASS","time":0.007654309,"stackTrace":[]},"org.apache.dubbo.rpc.cluster.router.condition.ConditionRouterTest.testRoute_Placeholder":{"name":"org.apache.dubbo.rpc.cluster.router.condition.ConditionRouterTest.testRoute_Placeholder","result":"PASS","time":0.00208023,"stackTrace":[]},"org.apache.dubbo.rpc.cluster.StickyTest.testMethodStickyNoCheck":{"name":"org.apache.dubbo.rpc.cluster.StickyTest.testMethodStickyNoCheck","result":"ERROR","time":0.015433014,"stackTrace":[{"declaringClass":"org.junit.Assert","methodName":"fail","fileName":"Assert.java","lineNumber":86},{"declaringClass":"org.junit.Assert","methodName":"assertTrue","fileName":"Assert.java","lineNumber":41},{"declaringClass":"org.junit.Assert","methodName":"assertTrue","fileName":"Assert.java","lineNumber":52},{"declaringClass":"org.apache.dubbo.rpc.cluster.StickyTest","methodName":"testMethodStickyNoCheck","fileName":"StickyTest.java","lineNumber":90},{"declaringClass":"sun.reflect.NativeMethodAccessorImpl","methodName":"invoke0","fileName":"NativeMethodAccessorImpl.java","lineNumber":-2},{"declaringClass":"sun.reflect.NativeMethodAccessorImpl","methodName":"invoke","fileName":"NativeMethodAccessorImpl.java","lineNumber":62},{"declaringClass":"sun.reflect.DelegatingMethodAccessorImpl","methodName":"invoke","fileName":"DelegatingMethodAccessorImpl.java","lineNumber":43},{"declaringClass":"java.lang.reflect.Method","methodName":"invoke","fileName":"Method.java","lineNumber":498},{"declaringClass":"org.junit.runners.model.FrameworkMethod$1","methodName":"runReflectiveCall","fileName":"FrameworkMethod.java","lineNumber":50},{"declaringClass":"org.junit.internal.runners.model.ReflectiveCallable","methodName":"run","fileName":"ReflectiveCallable.java","lineNumber":12},{"declaringClass":"org.junit.runners.model.FrameworkMethod","methodName":"invokeExplosively","fileName":"FrameworkMethod.java","lineNumber":47},{"declaringClass":"org.junit.internal.runners.statements.InvokeMethod","methodName":"evaluate","fileName":"InvokeMethod.java","lineNumber":17},{"declaringClass":"org.junit.internal.runners.statements.RunBefores","methodName":"evaluate","fileName":"RunBefores.java","lineNumber":26},{"declaringClass":"com.reedoei.testrunner.execution.JUnitTestRunner","methodName":"runChild","fileName":"JUnitTestRunner.java","lineNumber":332},{"declaringClass":"com.reedoei.testrunner.execution.JUnitTestRunner","methodName":"run","fileName":"JUnitTestRunner.java","lineNumber":108},{"declaringClass":"org.junit.runner.JUnitCore","methodName":"run","fileName":"JUnitCore.java","lineNumber":137},{"declaringClass":"com.reedoei.testrunner.execution.JUnitTestExecutor","methodName":"execute","fileName":"JUnitTestExecutor.java","lineNumber":292},{"declaringClass":"com.reedoei.testrunner.execution.JUnitTestExecutor","methodName":"execute","fileName":"JUnitTestExecutor.java","lineNumber":328},{"declaringClass":"com.reedoei.testrunner.execution.JUnitTestExecutor","methodName":"executeWithJUnit4Runner","fileName":"JUnitTestExecutor.java","lineNumber":366},{"declaringClass":"com.reedoei.testrunner.execution.JUnitTestExecutor","methodName":"runOrder","fileName":"JUnitTestExecutor.java","lineNumber":47},{"declaringClass":"com.reedoei.testrunner.execution.Executor$","methodName":"$anonfun$run$1","fileName":"Executor.scala","lineNumber":30},{"declaringClass":"scala.runtime.java8.JFunction0$mcV$sp","methodName":"apply","fileName":"JFunction0$mcV$sp.java","lineNumber":12},{"declaringClass":"scala.util.Try$","methodName":"apply","fileName":"Try.scala","lineNumber":209},{"declaringClass":"com.reedoei.testrunner.execution.Executor$","methodName":"run","fileName":"Executor.scala","lineNumber":28},{"declaringClass":"com.reedoei.testrunner.execution.Executor$","methodName":"main","fileName":"Executor.scala","lineNumber":18},{"declaringClass":"com.reedoei.testrunner.execution.Executor","methodName":"main","fileName":"Executor.scala","lineNumber":-1}]},"org.apache.dubbo.rpc.cluster.configurator.absent.AbsentConfiguratorTest.testOverrideHost":{"name":"org.apache.dubbo.rpc.cluster.configurator.absent.AbsentConfiguratorTest.testOverrideHost","result":"PASS","time":0.001656612,"stackTrace":[]},"org.apache.dubbo.rpc.cluster.router.condition.ConditionRouterTest.testRoute_matchWhen":{"name":"org.apache.dubbo.rpc.cluster.router.condition.ConditionRouterTest.testRoute_matchWhen","result":"PASS","time":0.004303296,"stackTrace":[]},"org.apache.dubbo.rpc.cluster.support.AbstractClusterInvokerTest.testMockedInvokerSelect":{"name":"org.apache.dubbo.rpc.cluster.support.AbstractClusterInvokerTest.testMockedInvokerSelect","result":"PASS","time":0.015072467,"stackTrace":[]},"org.apache.dubbo.rpc.cluster.support.FailoverClusterInvokerTest.testInvokeWithRuntimeException":{"name":"org.apache.dubbo.rpc.cluster.support.FailoverClusterInvokerTest.testInvokeWithRuntimeException","result":"PASS","time":4.526437744,"stackTrace":[]},"org.apache.dubbo.rpc.cluster.router.script.ScriptRouterTest.testRouteReturnAll":{"name":"org.apache.dubbo.rpc.cluster.router.script.ScriptRouterTest.testRouteReturnAll","result":"PASS","time":0.08477656,"stackTrace":[]},"org.apache.dubbo.rpc.cluster.support.FailbackClusterInvokerTest.testInvokeNoExceptoin":{"name":"org.apache.dubbo.rpc.cluster.support.FailbackClusterInvokerTest.testInvokeNoExceptoin","result":"PASS","time":0.003931365,"stackTrace":[]},"org.apache.dubbo.rpc.cluster.router.tag.TagRouterTest.testRoute_requestWithoutTag_shouldNotDowngrade":{"name":"org.apache.dubbo.rpc.cluster.router.tag.TagRouterTest.testRoute_requestWithoutTag_shouldNotDowngrade","result":"PASS","time":8.53451E-4,"stackTrace":[]},"org.apache.dubbo.rpc.cluster.merger.ResultMergerTest.testByteArrayMerger":{"name":"org.apache.dubbo.rpc.cluster.merger.ResultMergerTest.testByteArrayMerger","result":"PASS","time":0.001558339,"stackTrace":[]},"org.apache.dubbo.rpc.cluster.merger.ResultMergerTest.testBooleanArrayMerger":{"name":"org.apache.dubbo.rpc.cluster.merger.ResultMergerTest.testBooleanArrayMerger","result":"PASS","time":0.001620433,"stackTrace":[]},"org.apache.dubbo.rpc.cluster.support.wrapper.MockClusterInvokerTest.testMockInvokerFromOverride_Invoke_checkCompatible_return":{"name":"org.apache.dubbo.rpc.cluster.support.wrapper.MockClusterInvokerTest.testMockInvokerFromOverride_Invoke_checkCompatible_return","result":"PASS","time":0.009590865,"stackTrace":[]},"org.apache.dubbo.rpc.cluster.StickyTest.testStickyForceCheck":{"name":"org.apache.dubbo.rpc.cluster.StickyTest.testStickyForceCheck","result":"PASS","time":0.003788878,"stackTrace":[]},"org.apache.dubbo.rpc.cluster.router.tag.TagRouterTest.testRoute_createBySpi":{"name":"org.apache.dubbo.rpc.cluster.router.tag.TagRouterTest.testRoute_createBySpi","result":"PASS","time":0.011870996,"stackTrace":[]},"org.apache.dubbo.rpc.cluster.router.file.FileRouterEngineTest.testRouteByMethodName":{"name":"org.apache.dubbo.rpc.cluster.router.file.FileRouterEngineTest.testRouteByMethodName","result":"PASS","time":4.661127971,"stackTrace":[]},"org.apache.dubbo.rpc.cluster.support.FailfastClusterInvokerTest.testInvokeExceptoin":{"name":"org.apache.dubbo.rpc.cluster.support.FailfastClusterInvokerTest.testInvokeExceptoin","result":"PASS","time":0.004839296,"stackTrace":[]},"org.apache.dubbo.rpc.cluster.merger.ResultMergerTest.testIntArrayMerger":{"name":"org.apache.dubbo.rpc.cluster.merger.ResultMergerTest.testIntArrayMerger","result":"PASS","time":0.001021152,"stackTrace":[]},"org.apache.dubbo.rpc.cluster.support.FailSafeClusterInvokerTest.testNoInvoke":{"name":"org.apache.dubbo.rpc.cluster.support.FailSafeClusterInvokerTest.testNoInvoke","result":"PASS","time":0.029404983,"stackTrace":[]},"org.apache.dubbo.rpc.cluster.loadbalance.LoadBalanceBaseTest.testLoadBalanceWarmup":{"name":"org.apache.dubbo.rpc.cluster.loadbalance.LoadBalanceBaseTest.testLoadBalanceWarmup","result":"PASS","time":0.322527399,"stackTrace":[]},"org.apache.dubbo.rpc.cluster.router.file.FileRouterEngineTest.testRouteAvailable":{"name":"org.apache.dubbo.rpc.cluster.router.file.FileRouterEngineTest.testRouteAvailable","result":"PASS","time":1.670529306,"stackTrace":[]},"org.apache.dubbo.rpc.cluster.support.wrapper.MockClusterInvokerTest.testMockInvokerFromOverride_Invoke_check_ListString_empty":{"name":"org.apache.dubbo.rpc.cluster.support.wrapper.MockClusterInvokerTest.testMockInvokerFromOverride_Invoke_check_ListString_empty","result":"PASS","time":0.00374746,"stackTrace":[]},"org.apache.dubbo.rpc.cluster.support.AbstractClusterInvokerTest.testSelect_Invokersize0":{"name":"org.apache.dubbo.rpc.cluster.support.AbstractClusterInvokerTest.testSelect_Invokersize0","result":"PASS","time":0.017509821,"stackTrace":[]},"org.apache.dubbo.rpc.cluster.support.FailbackClusterInvokerTest.testNoInvoke":{"name":"org.apache.dubbo.rpc.cluster.support.FailbackClusterInvokerTest.testNoInvoke","result":"PASS","time":0.007441696,"stackTrace":[]},"org.apache.dubbo.rpc.cluster.loadbalance.RandomLoadBalanceTest.testRandomLoadBalanceSelect":{"name":"org.apache.dubbo.rpc.cluster.loadbalance.RandomLoadBalanceTest.testRandomLoadBalanceSelect","result":"PASS","time":2.124420093,"stackTrace":[]},"org.apache.dubbo.rpc.cluster.support.AbstractClusterInvokerTest.testSelect_Invokersize1":{"name":"org.apache.dubbo.rpc.cluster.support.AbstractClusterInvokerTest.testSelect_Invokersize1","result":"PASS","time":0.00574604,"stackTrace":[]},"org.apache.dubbo.rpc.cluster.support.FailoverClusterInvokerTest.testInvoke_retryTimes":{"name":"org.apache.dubbo.rpc.cluster.support.FailoverClusterInvokerTest.testInvoke_retryTimes","result":"PASS","time":0.028688361,"stackTrace":[]},"org.apache.dubbo.rpc.cluster.support.FailfastClusterInvokerTest.testInvokeNoExceptoin":{"name":"org.apache.dubbo.rpc.cluster.support.FailfastClusterInvokerTest.testInvokeNoExceptoin","result":"PASS","time":0.001680221,"stackTrace":[]},"org.apache.dubbo.rpc.cluster.merger.ResultMergerTest.testDoubleArrayMerger":{"name":"org.apache.dubbo.rpc.cluster.merger.ResultMergerTest.testDoubleArrayMerger","result":"PASS","time":0.001940538,"stackTrace":[]},"org.apache.dubbo.rpc.cluster.support.wrapper.MockClusterInvokerTest.testMockInvokerFromOverride_Invoke_force_throwCustemException":{"name":"org.apache.dubbo.rpc.cluster.support.wrapper.MockClusterInvokerTest.testMockInvokerFromOverride_Invoke_force_throwCustemException","result":"PASS","time":0.003118774,"stackTrace":[]},"org.apache.dubbo.rpc.cluster.loadbalance.LeastActiveBalanceTest.testLoadBalanceWarmup":{"name":"org.apache.dubbo.rpc.cluster.loadbalance.LeastActiveBalanceTest.testLoadBalanceWarmup","result":"PASS","time":0.007863777,"stackTrace":[]},"org.apache.dubbo.rpc.cluster.router.condition.ConditionRouterTest.testRoute_ReturnAll":{"name":"org.apache.dubbo.rpc.cluster.router.condition.ConditionRouterTest.testRoute_ReturnAll","result":"PASS","time":0.007507911,"stackTrace":[]},"org.apache.dubbo.rpc.cluster.support.ForkingClusterInvokerTest.testClearRpcContext":{"name":"org.apache.dubbo.rpc.cluster.support.ForkingClusterInvokerTest.testClearRpcContext","result":"ERROR","time":0.019635311,"stackTrace":[{"declaringClass":"org.junit.Assert","methodName":"fail","fileName":"Assert.java","lineNumber":88},{"declaringClass":"org.junit.Assert","methodName":"assertTrue","fileName":"Assert.java","lineNumber":41},{"declaringClass":"org.apache.dubbo.rpc.cluster.support.ForkingClusterInvokerTest","methodName":"testClearRpcContext","fileName":"ForkingClusterInvokerTest.java","lineNumber":133},{"declaringClass":"sun.reflect.NativeMethodAccessorImpl","methodName":"invoke0","fileName":"NativeMethodAccessorImpl.java","lineNumber":-2},{"declaringClass":"sun.reflect.NativeMethodAccessorImpl","methodName":"invoke","fileName":"NativeMethodAccessorImpl.java","lineNumber":62},{"declaringClass":"sun.reflect.DelegatingMethodAccessorImpl","methodName":"invoke","fileName":"DelegatingMethodAccessorImpl.java","lineNumber":43},{"declaringClass":"java.lang.reflect.Method","methodName":"invoke","fileName":"Method.java","lineNumber":498},{"declaringClass":"org.junit.runners.model.FrameworkMethod$1","methodName":"runReflectiveCall","fileName":"FrameworkMethod.java","lineNumber":50},{"declaringClass":"org.junit.internal.runners.model.ReflectiveCallable","methodName":"run","fileName":"ReflectiveCallable.java","lineNumber":12},{"declaringClass":"org.junit.runners.model.FrameworkMethod","methodName":"invokeExplosively","fileName":"FrameworkMethod.java","lineNumber":47},{"declaringClass":"org.junit.internal.runners.statements.InvokeMethod","methodName":"evaluate","fileName":"InvokeMethod.java","lineNumber":17},{"declaringClass":"org.junit.internal.runners.statements.RunBefores","methodName":"evaluate","fileName":"RunBefores.java","lineNumber":26},{"declaringClass":"com.reedoei.testrunner.execution.JUnitTestRunner","methodName":"runChild","fileName":"JUnitTestRunner.java","lineNumber":332},{"declaringClass":"com.reedoei.testrunner.execution.JUnitTestRunner","methodName":"run","fileName":"JUnitTestRunner.java","lineNumber":108},{"declaringClass":"org.junit.runner.JUnitCore","methodName":"run","fileName":"JUnitCore.java","lineNumber":137},{"declaringClass":"com.reedoei.testrunner.execution.JUnitTestExecutor","methodName":"execute","fileName":"JUnitTestExecutor.java","lineNumber":292},{"declaringClass":"com.reedoei.testrunner.execution.JUnitTestExecutor","methodName":"execute","fileName":"JUnitTestExecutor.java","lineNumber":328},{"declaringClass":"com.reedoei.testrunner.execution.JUnitTestExecutor","methodName":"executeWithJUnit4Runner","fileName":"JUnitTestExecutor.java","lineNumber":366},{"declaringClass":"com.reedoei.testrunner.execution.JUnitTestExecutor","methodName":"runOrder","fileName":"JUnitTestExecutor.java","lineNumber":47},{"declaringClass":"com.reedoei.testrunner.execution.Executor$","methodName":"$anonfun$run$1","fileName":"Executor.scala","lineNumber":30},{"declaringClass":"scala.runtime.java8.JFunction0$mcV$sp","methodName":"apply","fileName":"JFunction0$mcV$sp.java","lineNumber":12},{"declaringClass":"scala.util.Try$","methodName":"apply","fileName":"Try.scala","lineNumber":209},{"declaringClass":"com.reedoei.testrunner.execution.Executor$","methodName":"run","fileName":"Executor.scala","lineNumber":28},{"declaringClass":"com.reedoei.testrunner.execution.Executor$","methodName":"main","fileName":"Executor.scala","lineNumber":18},{"declaringClass":"com.reedoei.testrunner.execution.Executor","methodName":"main","fileName":"Executor.scala","lineNumber":-1}]},"org.apache.dubbo.rpc.cluster.support.AbstractClusterInvokerTest.testSelect_multiInvokers":{"name":"org.apache.dubbo.rpc.cluster.support.AbstractClusterInvokerTest.testSelect_multiInvokers","result":"PASS","time":44.255329014,"stackTrace":[]},"org.apache.dubbo.rpc.cluster.support.FailoverClusterInvokerTest.testNoInvoke":{"name":"org.apache.dubbo.rpc.cluster.support.FailoverClusterInvokerTest.testNoInvoke","result":"PASS","time":0.008353679,"stackTrace":[]},"org.apache.dubbo.rpc.cluster.support.FailoverClusterInvokerTest.testInvokerDestroyAndReList":{"name":"org.apache.dubbo.rpc.cluster.support.FailoverClusterInvokerTest.testInvokerDestroyAndReList","result":"PASS","time":0.054015093,"stackTrace":[]},"org.apache.dubbo.rpc.cluster.support.wrapper.MockClusterInvokerTest.testMockInvokerFromOverride_Invoke_mock_false":{"name":"org.apache.dubbo.rpc.cluster.support.wrapper.MockClusterInvokerTest.testMockInvokerFromOverride_Invoke_mock_false","result":"PASS","time":0.004260899,"stackTrace":[]},"org.apache.dubbo.rpc.cluster.support.AbstractClusterInvokerTest.testCloseAvailablecheck":{"name":"org.apache.dubbo.rpc.cluster.support.AbstractClusterInvokerTest.testCloseAvailablecheck","result":"PASS","time":0.265011821,"stackTrace":[]},"org.apache.dubbo.rpc.cluster.router.condition.ConditionRouterTest.testRoute_Empty_HostFilter":{"name":"org.apache.dubbo.rpc.cluster.router.condition.ConditionRouterTest.testRoute_Empty_HostFilter","result":"PASS","time":0.001577757,"stackTrace":[]},"org.apache.dubbo.rpc.cluster.StickyTest.testMethodsSticky":{"name":"org.apache.dubbo.rpc.cluster.StickyTest.testMethodsSticky","result":"PASS","time":0.255771792,"stackTrace":[]},"org.apache.dubbo.rpc.cluster.router.condition.ConditionRouterTest.testRoute_False_HostFilter":{"name":"org.apache.dubbo.rpc.cluster.router.condition.ConditionRouterTest.testRoute_False_HostFilter","result":"PASS","time":0.001734701,"stackTrace":[]},"org.apache.dubbo.rpc.cluster.support.FailSafeClusterInvokerTest.testInvokeNoExceptoin":{"name":"org.apache.dubbo.rpc.cluster.support.FailSafeClusterInvokerTest.testInvokeNoExceptoin","result":"PASS","time":0.004711198,"stackTrace":[]},"org.apache.dubbo.rpc.cluster.support.AbstractClusterInvokerTest.testSelectBalance":{"name":"org.apache.dubbo.rpc.cluster.support.AbstractClusterInvokerTest.testSelectBalance","result":"PASS","time":0.529771776,"stackTrace":[]},"org.apache.dubbo.rpc.cluster.support.wrapper.MockClusterInvokerTest.testMockInvokerFromOverride_Invoke_force_throwCustemExceptionNotFound":{"name":"org.apache.dubbo.rpc.cluster.support.wrapper.MockClusterInvokerTest.testMockInvokerFromOverride_Invoke_force_throwCustemExceptionNotFound","result":"PASS","time":0.004890703,"stackTrace":[]},"org.apache.dubbo.rpc.cluster.merger.ResultMergerTest.testShortArrayMerger":{"name":"org.apache.dubbo.rpc.cluster.merger.ResultMergerTest.testShortArrayMerger","result":"PASS","time":0.00227084,"stackTrace":[]},"org.apache.dubbo.rpc.cluster.support.wrapper.MockClusterInvokerTest.testMockInvokerFromOverride_Invoke_check_ListPojo":{"name":"org.apache.dubbo.rpc.cluster.support.wrapper.MockClusterInvokerTest.testMockInvokerFromOverride_Invoke_check_ListPojo","result":"PASS","time":0.010257058,"stackTrace":[]},"org.apache.dubbo.rpc.cluster.loadbalance.RoundRobinLoadBalanceTest.testRoundRobinLoadBalanceSelect":{"name":"org.apache.dubbo.rpc.cluster.loadbalance.RoundRobinLoadBalanceTest.testRoundRobinLoadBalanceSelect","result":"PASS","time":4.671659726,"stackTrace":[]},"org.apache.dubbo.rpc.cluster.support.wrapper.MockClusterInvokerTest.testMockInvokerFromOverride_Invoke_check_ListPojo_empty":{"name":"org.apache.dubbo.rpc.cluster.support.wrapper.MockClusterInvokerTest.testMockInvokerFromOverride_Invoke_check_ListPojo_empty","result":"PASS","time":0.0023117,"stackTrace":[]},"org.apache.dubbo.rpc.cluster.support.AbstractClusterInvokerTest.testSelect_Invokersize2AndselectNotNull":{"name":"org.apache.dubbo.rpc.cluster.support.AbstractClusterInvokerTest.testSelect_Invokersize2AndselectNotNull","result":"PASS","time":0.010183021,"stackTrace":[]},"org.apache.dubbo.rpc.cluster.support.wrapper.MockClusterInvokerTest.testMockInvokerFromOverride_Invoke_Fock_someMethods":{"name":"org.apache.dubbo.rpc.cluster.support.wrapper.MockClusterInvokerTest.testMockInvokerFromOverride_Invoke_Fock_someMethods","result":"PASS","time":0.003758146,"stackTrace":[]},"org.apache.dubbo.rpc.cluster.router.file.FileRouterEngineTest.testRouteNotAvailable":{"name":"org.apache.dubbo.rpc.cluster.router.file.FileRouterEngineTest.testRouteNotAvailable","result":"PASS","time":1.239270888,"stackTrace":[]},"org.apache.dubbo.rpc.cluster.support.FailoverClusterInvokerTest.testInvokeWithRPCException":{"name":"org.apache.dubbo.rpc.cluster.support.FailoverClusterInvokerTest.testInvokeWithRPCException","result":"PASS","time":0.351962278,"stackTrace":[]},"org.apache.dubbo.rpc.cluster.support.wrapper.MockClusterInvokerTest.testMockInvokerFromOverride_Invoke_check_ListString":{"name":"org.apache.dubbo.rpc.cluster.support.wrapper.MockClusterInvokerTest.testMockInvokerFromOverride_Invoke_check_ListString","result":"PASS","time":0.004000932,"stackTrace":[]},"org.apache.dubbo.rpc.cluster.support.wrapper.MockClusterInvokerTest.testMockInvokerFromOverride_Invoke_Fock_WithDefault":{"name":"org.apache.dubbo.rpc.cluster.support.wrapper.MockClusterInvokerTest.testMockInvokerFromOverride_Invoke_Fock_WithDefault","result":"PASS","time":0.012356287,"stackTrace":[]},"org.apache.dubbo.rpc.cluster.support.wrapper.MockClusterInvokerTest.testMockInvokerFromOverride_Invoke_force_throw":{"name":"org.apache.dubbo.rpc.cluster.support.wrapper.MockClusterInvokerTest.testMockInvokerFromOverride_Invoke_force_throw","result":"PASS","time":0.001876768,"stackTrace":[]},"org.apache.dubbo.rpc.cluster.router.condition.ConditionRouterTest.testRoute_Force":{"name":"org.apache.dubbo.rpc.cluster.router.condition.ConditionRouterTest.testRoute_Force","result":"PASS","time":0.002199598,"stackTrace":[]},"org.apache.dubbo.rpc.cluster.directory.StaticDirectoryTest.testStaticDirectory":{"name":"org.apache.dubbo.rpc.cluster.directory.StaticDirectoryTest.testStaticDirectory","result":"PASS","time":0.052224235,"stackTrace":[]},"org.apache.dubbo.rpc.cluster.support.wrapper.MockClusterInvokerTest.testMockInvokerFromOverride_Invoke_check_String":{"name":"org.apache.dubbo.rpc.cluster.support.wrapper.MockClusterInvokerTest.testMockInvokerFromOverride_Invoke_check_String","result":"PASS","time":0.001752092,"stackTrace":[]},"org.apache.dubbo.rpc.cluster.support.FailbackClusterInvokerTest.testInvokeExceptoin":{"name":"org.apache.dubbo.rpc.cluster.support.FailbackClusterInvokerTest.testInvokeExceptoin","result":"PASS","time":0.011036053,"stackTrace":[]},"org.apache.dubbo.rpc.cluster.router.condition.ConditionRouterTest.testRoute_methodRoute":{"name":"org.apache.dubbo.rpc.cluster.router.condition.ConditionRouterTest.testRoute_methodRoute","result":"PASS","time":0.005915347,"stackTrace":[]},"org.apache.dubbo.rpc.cluster.support.AbstractClusterInvokerTest.testBindingAttachment":{"name":"org.apache.dubbo.rpc.cluster.support.AbstractClusterInvokerTest.testBindingAttachment","result":"PASS","time":0.030438428,"stackTrace":[]},"org.apache.dubbo.rpc.cluster.configurator.override.OverrideConfiguratorTest.testOverride_Host":{"name":"org.apache.dubbo.rpc.cluster.configurator.override.OverrideConfiguratorTest.testOverride_Host","result":"PASS","time":0.003399556,"stackTrace":[]},"org.apache.dubbo.rpc.cluster.support.AbstractClusterInvokerTest.testDonotSelectAgainAndNoCheckAvailable":{"name":"org.apache.dubbo.rpc.cluster.support.AbstractClusterInvokerTest.testDonotSelectAgainAndNoCheckAvailable","result":"PASS","time":0.009996463,"stackTrace":[]},"org.apache.dubbo.rpc.cluster.loadbalance.ConsistentHashLoadBalanceTest.testLoadBalanceWarmup":{"name":"org.apache.dubbo.rpc.cluster.loadbalance.ConsistentHashLoadBalanceTest.testLoadBalanceWarmup","result":"PASS","time":0.003749345,"stackTrace":[]},"org.apache.dubbo.rpc.cluster.loadbalance.RoundRobinLoadBalanceTest.testLoadBalanceWarmup":{"name":"org.apache.dubbo.rpc.cluster.loadbalance.RoundRobinLoadBalanceTest.testLoadBalanceWarmup","result":"PASS","time":0.003964612,"stackTrace":[]},"org.apache.dubbo.rpc.cluster.router.condition.ConditionRouterTest.testRoute_matchFilter":{"name":"org.apache.dubbo.rpc.cluster.router.condition.ConditionRouterTest.testRoute_matchFilter","result":"PASS","time":0.005015238,"stackTrace":[]},"org.apache.dubbo.rpc.cluster.StickyTest.testStickyNoCheck":{"name":"org.apache.dubbo.rpc.cluster.StickyTest.testStickyNoCheck","result":"PASS","time":0.004885883,"stackTrace":[]}},"diffs":{}},"expected":"ERROR","dependentTest":"org.apache.dubbo.rpc.cluster.support.ForkingClusterInvokerTest.testClearRpcContext","polluters":[{"time":{"startTime":1574051565709,"endTime":1574051565709,"elapsedSeconds":0.0},"index":0,"deps":["org.apache.dubbo.rpc.cluster.router.tag.TagRouterTest.testRoute_matchTag"],"cleanerData":{"dependentTest":"org.apache.dubbo.rpc.cluster.support.ForkingClusterInvokerTest.testClearRpcContext","time":{"addTime":{"startTime":1574051565749,"endTime":1574051691452,"elapsedSeconds":125.70299983024597},"totalTime":{"startTime":1574051565749,"endTime":1574053568896,"elapsedSeconds":2003.146999835968}},"expected":"ERROR","isolationResult":"PASS","cleaners":[{"dependentTest":"org.apache.dubbo.rpc.cluster.support.ForkingClusterInvokerTest.testClearRpcContext","originalSize":100,"cleanerTests":["org.apache.dubbo.rpc.cluster.support.ForkingClusterInvokerTest.testInvokeException"],"orderFound":0,"time":{"addTime":{"startTime":1574051565749,"endTime":1574051691452,"elapsedSeconds":125.70299983024597},"totalTime":{"startTime":1574051565749,"endTime":1574053568896,"elapsedSeconds":2003.146999835968}}},{"dependentTest":"org.apache.dubbo.rpc.cluster.support.ForkingClusterInvokerTest.testClearRpcContext","originalSize":1,"cleanerTests":["org.apache.dubbo.rpc.cluster.support.ForkingClusterInvokerTest.testInvokeNoException"],"orderFound":2,"time":{"addTime":{"startTime":1574051565749,"endTime":1574052826126,"elapsedSeconds":1260.3769998550415},"totalTime":{"startTime":1574051565749,"endTime":1574053631561,"elapsedSeconds":2065.8120000362396}}},{"dependentTest":"org.apache.dubbo.rpc.cluster.support.ForkingClusterInvokerTest.testClearRpcContext","originalSize":1,"cleanerTests":["org.apache.dubbo.rpc.cluster.support.AbstractClusterInvokerTest.testTimeoutExceptionCode"],"orderFound":3,"time":{"addTime":{"startTime":1574051565749,"endTime":1574052969785,"elapsedSeconds":1404.0369992256165},"totalTime":{"startTime":1574051565749,"endTime":1574053690004,"elapsedSeconds":2124.2549998760223}}}]}},{"time":{"startTime":1574053706381,"endTime":1574053706381,"elapsedSeconds":0.0},"index":1,"deps":["org.apache.dubbo.rpc.cluster.router.tag.TagRouterTest.testRoute_requestWithoutTag_shouldNotDowngrade"],"cleanerData":{"dependentTest":"org.apache.dubbo.rpc.cluster.support.ForkingClusterInvokerTest.testClearRpcContext","time":{"addTime":{"startTime":1574053706387,"endTime":1574053849598,"elapsedSeconds":143.21099996566772},"totalTime":{"startTime":1574053706387,"endTime":1574055566982,"elapsedSeconds":1860.5950000286102}},"expected":"ERROR","isolationResult":"PASS","cleaners":[{"dependentTest":"org.apache.dubbo.rpc.cluster.support.ForkingClusterInvokerTest.testClearRpcContext","originalSize":101,"cleanerTests":["org.apache.dubbo.rpc.cluster.support.ForkingClusterInvokerTest.testInvokeException"],"orderFound":0,"time":{"addTime":{"startTime":1574053706387,"endTime":1574053849598,"elapsedSeconds":143.21099996566772},"totalTime":{"startTime":1574053706387,"endTime":1574055566982,"elapsedSeconds":1860.5950000286102}}},{"dependentTest":"org.apache.dubbo.rpc.cluster.support.ForkingClusterInvokerTest.testClearRpcContext","originalSize":1,"cleanerTests":["org.apache.dubbo.rpc.cluster.support.ForkingClusterInvokerTest.testInvokeNoException"],"orderFound":2,"time":{"addTime":{"startTime":1574053706387,"endTime":1574054921286,"elapsedSeconds":1214.8999991416931},"totalTime":{"startTime":1574053706387,"endTime":1574055613293,"elapsedSeconds":1906.9059998989105}}},{"dependentTest":"org.apache.dubbo.rpc.cluster.support.ForkingClusterInvokerTest.testClearRpcContext","originalSize":1,"cleanerTests":["org.apache.dubbo.rpc.cluster.support.AbstractClusterInvokerTest.testTimeoutExceptionCode"],"orderFound":3,"time":{"addTime":{"startTime":1574053706387,"endTime":1574055078389,"elapsedSeconds":1372.0029990673065},"totalTime":{"startTime":1574053706387,"endTime":1574055656680,"elapsedSeconds":1950.2929999828339}}}]}},{"time":{"startTime":1574055693594,"endTime":1574055693594,"elapsedSeconds":0.0},"index":2,"deps":["org.apache.dubbo.rpc.cluster.router.tag.TagRouterTest.testRoute_requestWithTag_shouldDowngrade"],"cleanerData":{"dependentTest":"org.apache.dubbo.rpc.cluster.support.ForkingClusterInvokerTest.testClearRpcContext","time":{"addTime":{"startTime":1574055693607,"endTime":1574055810782,"elapsedSeconds":117.17499995231628},"totalTime":{"startTime":1574055693607,"endTime":1574057528489,"elapsedSeconds":1834.8819999694824}},"expected":"ERROR","isolationResult":"PASS","cleaners":[{"dependentTest":"org.apache.dubbo.rpc.cluster.support.ForkingClusterInvokerTest.testClearRpcContext","originalSize":103,"cleanerTests":["org.apache.dubbo.rpc.cluster.support.ForkingClusterInvokerTest.testInvokeException"],"orderFound":0,"time":{"addTime":{"startTime":1574055693607,"endTime":1574055810782,"elapsedSeconds":117.17499995231628},"totalTime":{"startTime":1574055693607,"endTime":1574057528489,"elapsedSeconds":1834.8819999694824}}},{"dependentTest":"org.apache.dubbo.rpc.cluster.support.ForkingClusterInvokerTest.testClearRpcContext","originalSize":1,"cleanerTests":["org.apache.dubbo.rpc.cluster.support.ForkingClusterInvokerTest.testInvokeNoException"],"orderFound":2,"time":{"addTime":{"startTime":1574055693607,"endTime":1574056930345,"elapsedSeconds":1236.7379999160767},"totalTime":{"startTime":1574055693607,"endTime":1574057556898,"elapsedSeconds":1863.2909998893738}}},{"dependentTest":"org.apache.dubbo.rpc.cluster.support.ForkingClusterInvokerTest.testClearRpcContext","originalSize":1,"cleanerTests":["org.apache.dubbo.rpc.cluster.support.AbstractClusterInvokerTest.testTimeoutExceptionCode"],"orderFound":3,"time":{"addTime":{"startTime":1574055693607,"endTime":1574057090143,"elapsedSeconds":1396.5359997749329},"totalTime":{"startTime":1574055693607,"endTime":1574057591724,"elapsedSeconds":1898.1169998645782}}}]}},{"time":{"startTime":1574057605071,"endTime":1574057605071,"elapsedSeconds":0.0},"index":3,"deps":["org.apache.dubbo.rpc.cluster.router.tag.TagRouterTest.testRoute_matchDefault"],"cleanerData":{"dependentTest":"org.apache.dubbo.rpc.cluster.support.ForkingClusterInvokerTest.testClearRpcContext","time":{"addTime":{"startTime":1574057605078,"endTime":1574057708424,"elapsedSeconds":103.34600019454956},"totalTime":{"startTime":1574057605078,"endTime":1574059448438,"elapsedSeconds":1843.3599998950958}},"expected":"ERROR","isolationResult":"PASS","cleaners":[{"dependentTest":"org.apache.dubbo.rpc.cluster.support.ForkingClusterInvokerTest.testClearRpcContext","originalSize":104,"cleanerTests":["org.apache.dubbo.rpc.cluster.support.ForkingClusterInvokerTest.testInvokeException"],"orderFound":0,"time":{"addTime":{"startTime":1574057605078,"endTime":1574057708424,"elapsedSeconds":103.34600019454956},"totalTime":{"startTime":1574057605078,"endTime":1574059448438,"elapsedSeconds":1843.3599998950958}}},{"dependentTest":"org.apache.dubbo.rpc.cluster.support.ForkingClusterInvokerTest.testClearRpcContext","originalSize":1,"cleanerTests":["org.apache.dubbo.rpc.cluster.support.ForkingClusterInvokerTest.testInvokeNoException"],"orderFound":2,"time":{"addTime":{"startTime":1574057605078,"endTime":1574058828942,"elapsedSeconds":1223.864999294281},"totalTime":{"startTime":1574057605078,"endTime":1574059481417,"elapsedSeconds":1876.3389999866486}}},{"dependentTest":"org.apache.dubbo.rpc.cluster.support.ForkingClusterInvokerTest.testClearRpcContext","originalSize":1,"cleanerTests":["org.apache.dubbo.rpc.cluster.support.AbstractClusterInvokerTest.testTimeoutExceptionCode"],"orderFound":3,"time":{"addTime":{"startTime":1574057605078,"endTime":1574058994838,"elapsedSeconds":1389.7609994411469},"totalTime":{"startTime":1574057605078,"endTime":1574059516247,"elapsedSeconds":1911.1689999103546}}}]}}],"hash":"ee159baaddd001c5384f60aac8f3c1b2","flakyClass":"OD"}