{"time":{"startTime":1574299785012,"endTime":1574300434094,"elapsedSeconds":649.0820000171661},"expectedRun":{"id":"1574299753508-3f36b720-2a18-49b1-ab0f-478373d4a00c","testOrder":["org.apache.dubbo.registry.dubbo.RegistryDirectoryTest.testNotifyoverrideUrls_beforeInvoker","org.apache.dubbo.registry.dubbo.RegistryDirectoryTest.test_Constructor_CheckStatus","org.apache.dubbo.registry.dubbo.RegistryDirectoryTest.testNofityOverrideUrls_CleanNOverride","org.apache.dubbo.registry.dubbo.RegistryDirectoryTest.testDubbo1UrlWithGenericInvocation","org.apache.dubbo.registry.dubbo.RegistryDirectoryTest.testNofity_disabled_specifiedProvider","org.apache.dubbo.registry.dubbo.RegistryDirectoryTest.testParmeterRoute","org.apache.dubbo.registry.dubbo.RegistryDirectoryTest.testNotifyRouterUrls","org.apache.dubbo.registry.dubbo.RegistryDirectoryTest.testDestroy_WithDestroyRegistry","org.apache.dubbo.registry.dubbo.RegistryDirectoryTest.test_Notified_acceptProtocol1","org.apache.dubbo.registry.dubbo.RegistryDirectoryTest.testEmptyNotifyCauseForbidden","org.apache.dubbo.registry.dubbo.RegistryDirectoryTest.test_Notified_acceptProtocol0","org.apache.dubbo.registry.dubbo.RegistryDirectoryTest.testNotifyoverrideUrls_afterInvoker","org.apache.dubbo.registry.dubbo.RegistryDirectoryTest.test_NotifiedDubbo1","org.apache.dubbo.registry.dubbo.RegistryDirectoryTest.testNofityOverrideUrls_disabled_specifiedProvider","org.apache.dubbo.registry.dubbo.RegistryDirectoryTest.testNofityOverrideUrls_CleanOnly","org.apache.dubbo.registry.dubbo.RegistryDirectoryTest.testNotifyoverrideUrls_Nouse","org.apache.dubbo.registry.dubbo.RegistryDirectoryTest.testNotified_WithError","org.apache.dubbo.registry.dubbo.RegistryDirectoryTest.testNotify_MockProviderOnly","org.apache.dubbo.registry.dubbo.RegistryDirectoryTest.testDestroy","org.apache.dubbo.registry.dubbo.RegistryDirectoryTest.testParametersMerge","org.apache.dubbo.registry.dubbo.RegistryDirectoryTest.testNotifyRouterUrls_Clean","org.apache.dubbo.registry.dubbo.RegistryDirectoryTest.testNotifyoverrideUrls_withInvoker","org.apache.dubbo.registry.dubbo.RegistryDirectoryTest.test_Constructor_WithErrorParam","org.apache.dubbo.registry.dubbo.RegistryDirectoryTest.testNotified_Normal_withRouters","org.apache.dubbo.registry.dubbo.RegistryDirectoryTest.test_Notified_acceptProtocol2","org.apache.dubbo.registry.dubbo.RegistryDirectoryTest.testNotified_Normal","org.apache.dubbo.registry.dubbo.RegistryDirectoryTest.testNofity_To_Decrease_provider","org.apache.dubbo.registry.dubbo.RegistryDirectoryTest.testDestroy_WithDestroyRegistry_WithError","org.apache.dubbo.registry.dubbo.RegistryDirectoryTest.testNofityOverrideUrls_Provider","org.apache.dubbo.registry.dubbo.RegistryDirectoryTest.testNotified_WithDuplicateUrls","org.apache.dubbo.registry.dubbo.RegistryDirectoryTest.testNofityOverrideUrls_disabled_allProvider","org.apache.dubbo.registry.dubbo.RegistryDirectoryTest.testNofityOverrideUrls_Clean1","org.apache.dubbo.registry.dubbo.RegistryProtocolTest.testNotifyOverride","org.apache.dubbo.registry.dubbo.RegistryProtocolTest.testExport","org.apache.dubbo.registry.dubbo.RegistryProtocolTest.testDestoryRegistry","org.apache.dubbo.registry.dubbo.RegistryProtocolTest.testNotifyOverride_notmatch","org.apache.dubbo.registry.dubbo.RegistryProtocolTest.testExportUrlNull","org.apache.dubbo.registry.dubbo.RegistryProtocolTest.testDefaultPort","org.apache.dubbo.registry.dubbo.RegistryStatusCheckerTest.testCheckOK","org.apache.dubbo.registry.dubbo.RegistryStatusCheckerTest.testCheckUnknown"],"results":{"org.apache.dubbo.registry.dubbo.RegistryDirectoryTest.testDestroy_WithDestroyRegistry":{"name":"org.apache.dubbo.registry.dubbo.RegistryDirectoryTest.testDestroy_WithDestroyRegistry","result":"PASS","time":0.013021359,"stackTrace":[]},"org.apache.dubbo.registry.dubbo.RegistryDirectoryTest.testNofityOverrideUrls_disabled_allProvider":{"name":"org.apache.dubbo.registry.dubbo.RegistryDirectoryTest.testNofityOverrideUrls_disabled_allProvider","result":"PASS","time":0.004878758,"stackTrace":[]},"org.apache.dubbo.registry.dubbo.RegistryDirectoryTest.test_Notified_acceptProtocol0":{"name":"org.apache.dubbo.registry.dubbo.RegistryDirectoryTest.test_Notified_acceptProtocol0","result":"PASS","time":0.016643025,"stackTrace":[]},"org.apache.dubbo.registry.dubbo.RegistryStatusCheckerTest.testCheckUnknown":{"name":"org.apache.dubbo.registry.dubbo.RegistryStatusCheckerTest.testCheckUnknown","result":"PASS","time":0.081227649,"stackTrace":[]},"org.apache.dubbo.registry.dubbo.RegistryDirectoryTest.testParametersMerge":{"name":"org.apache.dubbo.registry.dubbo.RegistryDirectoryTest.testParametersMerge","result":"PASS","time":0.011823356,"stackTrace":[]},"org.apache.dubbo.registry.dubbo.RegistryStatusCheckerTest.testCheckOK":{"name":"org.apache.dubbo.registry.dubbo.RegistryStatusCheckerTest.testCheckOK","result":"PASS","time":0.433618539,"stackTrace":[]},"org.apache.dubbo.registry.dubbo.RegistryDirectoryTest.testNotifyoverrideUrls_withInvoker":{"name":"org.apache.dubbo.registry.dubbo.RegistryDirectoryTest.testNotifyoverrideUrls_withInvoker","result":"PASS","time":0.008023024,"stackTrace":[]},"org.apache.dubbo.registry.dubbo.RegistryDirectoryTest.testNotifyoverrideUrls_Nouse":{"name":"org.apache.dubbo.registry.dubbo.RegistryDirectoryTest.testNotifyoverrideUrls_Nouse","result":"PASS","time":0.018331207,"stackTrace":[]},"org.apache.dubbo.registry.dubbo.RegistryDirectoryTest.test_Constructor_CheckStatus":{"name":"org.apache.dubbo.registry.dubbo.RegistryDirectoryTest.test_Constructor_CheckStatus","result":"PASS","time":0.011142915,"stackTrace":[]},"org.apache.dubbo.registry.dubbo.RegistryDirectoryTest.testDubbo1UrlWithGenericInvocation":{"name":"org.apache.dubbo.registry.dubbo.RegistryDirectoryTest.testDubbo1UrlWithGenericInvocation","result":"PASS","time":0.006795687,"stackTrace":[]},"org.apache.dubbo.registry.dubbo.RegistryDirectoryTest.testNotified_WithError":{"name":"org.apache.dubbo.registry.dubbo.RegistryDirectoryTest.testNotified_WithError","result":"PASS","time":0.019560222,"stackTrace":[]},"org.apache.dubbo.registry.dubbo.RegistryDirectoryTest.testNotifyoverrideUrls_beforeInvoker":{"name":"org.apache.dubbo.registry.dubbo.RegistryDirectoryTest.testNotifyoverrideUrls_beforeInvoker","result":"PASS","time":0.726772858,"stackTrace":[]},"org.apache.dubbo.registry.dubbo.RegistryDirectoryTest.testNotified_Normal":{"name":"org.apache.dubbo.registry.dubbo.RegistryDirectoryTest.testNotified_Normal","result":"PASS","time":0.014241642,"stackTrace":[]},"org.apache.dubbo.registry.dubbo.RegistryProtocolTest.testExport":{"name":"org.apache.dubbo.registry.dubbo.RegistryProtocolTest.testExport","result":"PASS","time":0.300126926,"stackTrace":[]},"org.apache.dubbo.registry.dubbo.RegistryProtocolTest.testNotifyOverride":{"name":"org.apache.dubbo.registry.dubbo.RegistryProtocolTest.testNotifyOverride","result":"PASS","time":1.808210589,"stackTrace":[]},"org.apache.dubbo.registry.dubbo.RegistryDirectoryTest.testNotified_Normal_withRouters":{"name":"org.apache.dubbo.registry.dubbo.RegistryDirectoryTest.testNotified_Normal_withRouters","result":"PASS","time":0.010841389,"stackTrace":[]},"org.apache.dubbo.registry.dubbo.RegistryProtocolTest.testExportUrlNull":{"name":"org.apache.dubbo.registry.dubbo.RegistryProtocolTest.testExportUrlNull","result":"PASS","time":0.003250293,"stackTrace":[]},"org.apache.dubbo.registry.dubbo.RegistryDirectoryTest.testParmeterRoute":{"name":"org.apache.dubbo.registry.dubbo.RegistryDirectoryTest.testParmeterRoute","result":"PASS","time":0.014391044,"stackTrace":[]},"org.apache.dubbo.registry.dubbo.RegistryDirectoryTest.test_Constructor_WithErrorParam":{"name":"org.apache.dubbo.registry.dubbo.RegistryDirectoryTest.test_Constructor_WithErrorParam","result":"PASS","time":0.002361989,"stackTrace":[]},"org.apache.dubbo.registry.dubbo.RegistryDirectoryTest.test_Notified_acceptProtocol2":{"name":"org.apache.dubbo.registry.dubbo.RegistryDirectoryTest.test_Notified_acceptProtocol2","result":"PASS","time":0.003858025,"stackTrace":[]},"org.apache.dubbo.registry.dubbo.RegistryDirectoryTest.testNofityOverrideUrls_disabled_specifiedProvider":{"name":"org.apache.dubbo.registry.dubbo.RegistryDirectoryTest.testNofityOverrideUrls_disabled_specifiedProvider","result":"PASS","time":0.008205183,"stackTrace":[]},"org.apache.dubbo.registry.dubbo.RegistryDirectoryTest.test_Notified_acceptProtocol1":{"name":"org.apache.dubbo.registry.dubbo.RegistryDirectoryTest.test_Notified_acceptProtocol1","result":"PASS","time":0.007039939,"stackTrace":[]},"org.apache.dubbo.registry.dubbo.RegistryDirectoryTest.testNotifyoverrideUrls_afterInvoker":{"name":"org.apache.dubbo.registry.dubbo.RegistryDirectoryTest.testNotifyoverrideUrls_afterInvoker","result":"PASS","time":0.011260815,"stackTrace":[]},"org.apache.dubbo.registry.dubbo.RegistryDirectoryTest.testNotified_WithDuplicateUrls":{"name":"org.apache.dubbo.registry.dubbo.RegistryDirectoryTest.testNotified_WithDuplicateUrls","result":"PASS","time":0.002675319,"stackTrace":[]},"org.apache.dubbo.registry.dubbo.RegistryDirectoryTest.testNofityOverrideUrls_Provider":{"name":"org.apache.dubbo.registry.dubbo.RegistryDirectoryTest.testNofityOverrideUrls_Provider","result":"PASS","time":0.006950885,"stackTrace":[]},"org.apache.dubbo.registry.dubbo.RegistryDirectoryTest.testNofityOverrideUrls_Clean1":{"name":"org.apache.dubbo.registry.dubbo.RegistryDirectoryTest.testNofityOverrideUrls_Clean1","result":"PASS","time":0.015174648,"stackTrace":[]},"org.apache.dubbo.registry.dubbo.RegistryDirectoryTest.testNotifyRouterUrls_Clean":{"name":"org.apache.dubbo.registry.dubbo.RegistryDirectoryTest.testNotifyRouterUrls_Clean","result":"PASS","time":0.011727249,"stackTrace":[]},"org.apache.dubbo.registry.dubbo.RegistryProtocolTest.testNotifyOverride_notmatch":{"name":"org.apache.dubbo.registry.dubbo.RegistryProtocolTest.testNotifyOverride_notmatch","result":"ERROR","time":0.086203843,"stackTrace":[{"declaringClass":"java.util.concurrent.ConcurrentHashMap$ValueIterator","methodName":"next","fileName":"ConcurrentHashMap.java","lineNumber":3436},{"declaringClass":"org.apache.dubbo.registry.dubbo.RegistryProtocolTest","methodName":"getListener","fileName":"RegistryProtocolTest.java","lineNumber":163},{"declaringClass":"org.apache.dubbo.registry.dubbo.RegistryProtocolTest","methodName":"testNotifyOverride_notmatch","fileName":"RegistryProtocolTest.java","lineNumber":134},{"declaringClass":"sun.reflect.NativeMethodAccessorImpl","methodName":"invoke0","fileName":"NativeMethodAccessorImpl.java","lineNumber":-2},{"declaringClass":"sun.reflect.NativeMethodAccessorImpl","methodName":"invoke","fileName":"NativeMethodAccessorImpl.java","lineNumber":62},{"declaringClass":"sun.reflect.DelegatingMethodAccessorImpl","methodName":"invoke","fileName":"DelegatingMethodAccessorImpl.java","lineNumber":43},{"declaringClass":"java.lang.reflect.Method","methodName":"invoke","fileName":"Method.java","lineNumber":498},{"declaringClass":"org.junit.runners.model.FrameworkMethod$1","methodName":"runReflectiveCall","fileName":"FrameworkMethod.java","lineNumber":50},{"declaringClass":"org.junit.internal.runners.model.ReflectiveCallable","methodName":"run","fileName":"ReflectiveCallable.java","lineNumber":12},{"declaringClass":"org.junit.runners.model.FrameworkMethod","methodName":"invokeExplosively","fileName":"FrameworkMethod.java","lineNumber":47},{"declaringClass":"org.junit.internal.runners.statements.InvokeMethod","methodName":"evaluate","fileName":"InvokeMethod.java","lineNumber":17},{"declaringClass":"com.reedoei.testrunner.execution.JUnitTestRunner","methodName":"runChild","fileName":"JUnitTestRunner.java","lineNumber":332},{"declaringClass":"com.reedoei.testrunner.execution.JUnitTestRunner","methodName":"run","fileName":"JUnitTestRunner.java","lineNumber":108},{"declaringClass":"org.junit.runner.JUnitCore","methodName":"run","fileName":"JUnitCore.java","lineNumber":137},{"declaringClass":"com.reedoei.testrunner.execution.JUnitTestExecutor","methodName":"execute","fileName":"JUnitTestExecutor.java","lineNumber":292},{"declaringClass":"com.reedoei.testrunner.execution.JUnitTestExecutor","methodName":"execute","fileName":"JUnitTestExecutor.java","lineNumber":328},{"declaringClass":"com.reedoei.testrunner.execution.JUnitTestExecutor","methodName":"executeWithJUnit4Runner","fileName":"JUnitTestExecutor.java","lineNumber":366},{"declaringClass":"com.reedoei.testrunner.execution.JUnitTestExecutor","methodName":"runOrder","fileName":"JUnitTestExecutor.java","lineNumber":47},{"declaringClass":"com.reedoei.testrunner.execution.Executor$","methodName":"$anonfun$run$1","fileName":"Executor.scala","lineNumber":30},{"declaringClass":"scala.runtime.java8.JFunction0$mcV$sp","methodName":"apply","fileName":"JFunction0$mcV$sp.java","lineNumber":12},{"declaringClass":"scala.util.Try$","methodName":"apply","fileName":"Try.scala","lineNumber":209},{"declaringClass":"com.reedoei.testrunner.execution.Executor$","methodName":"run","fileName":"Executor.scala","lineNumber":28},{"declaringClass":"com.reedoei.testrunner.execution.Executor$","methodName":"main","fileName":"Executor.scala","lineNumber":18},{"declaringClass":"com.reedoei.testrunner.execution.Executor","methodName":"main","fileName":"Executor.scala","lineNumber":-1}]},"org.apache.dubbo.registry.dubbo.RegistryProtocolTest.testDestoryRegistry":{"name":"org.apache.dubbo.registry.dubbo.RegistryProtocolTest.testDestoryRegistry","result":"ERROR","time":0.09674147,"stackTrace":[{"declaringClass":"org.junit.Assert","methodName":"fail","fileName":"Assert.java","lineNumber":88},{"declaringClass":"org.junit.Assert","methodName":"failNotEquals","fileName":"Assert.java","lineNumber":834},{"declaringClass":"org.junit.Assert","methodName":"assertEquals","fileName":"Assert.java","lineNumber":118},{"declaringClass":"org.junit.Assert","methodName":"assertEquals","fileName":"Assert.java","lineNumber":144},{"declaringClass":"org.apache.dubbo.registry.dubbo.RegistryProtocolTest","methodName":"testDestoryRegistry","fileName":"RegistryProtocolTest.java","lineNumber":153},{"declaringClass":"sun.reflect.NativeMethodAccessorImpl","methodName":"invoke0","fileName":"NativeMethodAccessorImpl.java","lineNumber":-2},{"declaringClass":"sun.reflect.NativeMethodAccessorImpl","methodName":"invoke","fileName":"NativeMethodAccessorImpl.java","lineNumber":62},{"declaringClass":"sun.reflect.DelegatingMethodAccessorImpl","methodName":"invoke","fileName":"DelegatingMethodAccessorImpl.java","lineNumber":43},{"declaringClass":"java.lang.reflect.Method","methodName":"invoke","fileName":"Method.java","lineNumber":498},{"declaringClass":"org.junit.runners.model.FrameworkMethod$1","methodName":"runReflectiveCall","fileName":"FrameworkMethod.java","lineNumber":50},{"declaringClass":"org.junit.internal.runners.model.ReflectiveCallable","methodName":"run","fileName":"ReflectiveCallable.java","lineNumber":12},{"declaringClass":"org.junit.runners.model.FrameworkMethod","methodName":"invokeExplosively","fileName":"FrameworkMethod.java","lineNumber":47},{"declaringClass":"org.junit.internal.runners.statements.InvokeMethod","methodName":"evaluate","fileName":"InvokeMethod.java","lineNumber":17},{"declaringClass":"com.reedoei.testrunner.execution.JUnitTestRunner","methodName":"runChild","fileName":"JUnitTestRunner.java","lineNumber":332},{"declaringClass":"com.reedoei.testrunner.execution.JUnitTestRunner","methodName":"run","fileName":"JUnitTestRunner.java","lineNumber":108},{"declaringClass":"org.junit.runner.JUnitCore","methodName":"run","fileName":"JUnitCore.java","lineNumber":137},{"declaringClass":"com.reedoei.testrunner.execution.JUnitTestExecutor","methodName":"execute","fileName":"JUnitTestExecutor.java","lineNumber":292},{"declaringClass":"com.reedoei.testrunner.execution.JUnitTestExecutor","methodName":"execute","fileName":"JUnitTestExecutor.java","lineNumber":328},{"declaringClass":"com.reedoei.testrunner.execution.JUnitTestExecutor","methodName":"executeWithJUnit4Runner","fileName":"JUnitTestExecutor.java","lineNumber":366},{"declaringClass":"com.reedoei.testrunner.execution.JUnitTestExecutor","methodName":"runOrder","fileName":"JUnitTestExecutor.java","lineNumber":47},{"declaringClass":"com.reedoei.testrunner.execution.Executor$","methodName":"$anonfun$run$1","fileName":"Executor.scala","lineNumber":30},{"declaringClass":"scala.runtime.java8.JFunction0$mcV$sp","methodName":"apply","fileName":"JFunction0$mcV$sp.java","lineNumber":12},{"declaringClass":"scala.util.Try$","methodName":"apply","fileName":"Try.scala","lineNumber":209},{"declaringClass":"com.reedoei.testrunner.execution.Executor$","methodName":"run","fileName":"Executor.scala","lineNumber":28},{"declaringClass":"com.reedoei.testrunner.execution.Executor$","methodName":"main","fileName":"Executor.scala","lineNumber":18},{"declaringClass":"com.reedoei.testrunner.execution.Executor","methodName":"main","fileName":"Executor.scala","lineNumber":-1}]},"org.apache.dubbo.registry.dubbo.RegistryDirectoryTest.testNofityOverrideUrls_CleanNOverride":{"name":"org.apache.dubbo.registry.dubbo.RegistryDirectoryTest.testNofityOverrideUrls_CleanNOverride","result":"PASS","time":0.0377729,"stackTrace":[]},"org.apache.dubbo.registry.dubbo.RegistryDirectoryTest.testEmptyNotifyCauseForbidden":{"name":"org.apache.dubbo.registry.dubbo.RegistryDirectoryTest.testEmptyNotifyCauseForbidden","result":"PASS","time":0.007475221,"stackTrace":[]},"org.apache.dubbo.registry.dubbo.RegistryDirectoryTest.testNofity_To_Decrease_provider":{"name":"org.apache.dubbo.registry.dubbo.RegistryDirectoryTest.testNofity_To_Decrease_provider","result":"PASS","time":0.005560108,"stackTrace":[]},"org.apache.dubbo.registry.dubbo.RegistryDirectoryTest.testNofity_disabled_specifiedProvider":{"name":"org.apache.dubbo.registry.dubbo.RegistryDirectoryTest.testNofity_disabled_specifiedProvider","result":"PASS","time":0.010630035,"stackTrace":[]},"org.apache.dubbo.registry.dubbo.RegistryDirectoryTest.testDestroy_WithDestroyRegistry_WithError":{"name":"org.apache.dubbo.registry.dubbo.RegistryDirectoryTest.testDestroy_WithDestroyRegistry_WithError","result":"PASS","time":0.002289279,"stackTrace":[]},"org.apache.dubbo.registry.dubbo.RegistryDirectoryTest.testNotify_MockProviderOnly":{"name":"org.apache.dubbo.registry.dubbo.RegistryDirectoryTest.testNotify_MockProviderOnly","result":"PASS","time":0.021357993,"stackTrace":[]},"org.apache.dubbo.registry.dubbo.RegistryDirectoryTest.test_NotifiedDubbo1":{"name":"org.apache.dubbo.registry.dubbo.RegistryDirectoryTest.test_NotifiedDubbo1","result":"PASS","time":0.004950141,"stackTrace":[]},"org.apache.dubbo.registry.dubbo.RegistryDirectoryTest.testDestroy":{"name":"org.apache.dubbo.registry.dubbo.RegistryDirectoryTest.testDestroy","result":"PASS","time":0.010311396,"stackTrace":[]},"org.apache.dubbo.registry.dubbo.RegistryDirectoryTest.testNotifyRouterUrls":{"name":"org.apache.dubbo.registry.dubbo.RegistryDirectoryTest.testNotifyRouterUrls","result":"PASS","time":0.137836116,"stackTrace":[]},"org.apache.dubbo.registry.dubbo.RegistryProtocolTest.testDefaultPort":{"name":"org.apache.dubbo.registry.dubbo.RegistryProtocolTest.testDefaultPort","result":"PASS","time":4.8138E-4,"stackTrace":[]},"org.apache.dubbo.registry.dubbo.RegistryDirectoryTest.testNofityOverrideUrls_CleanOnly":{"name":"org.apache.dubbo.registry.dubbo.RegistryDirectoryTest.testNofityOverrideUrls_CleanOnly","result":"PASS","time":0.00683075,"stackTrace":[]}},"diffs":{}},"expected":"ERROR","dependentTest":"org.apache.dubbo.registry.dubbo.RegistryProtocolTest.testDestoryRegistry","polluters":[],"hash":"fbf56beeb5a9f2170eee10dc7fa8b925","flakyClass":"OD"}