{"time":{"startTime":1574158709619,"endTime":1574159673695,"elapsedSeconds":964.0759999752045},"expectedRun":{"id":"1574158674983-2bd2f3a0-4500-40c7-8894-0384a2dde706","testOrder":["org.wildfly.naming.java.permission.JndiPermissionTestCase.testActions","org.wildfly.naming.java.permission.JndiPermissionTestCase.testSerialization","org.wildfly.naming.java.permission.JndiPermissionTestCase.testCollectionSerialization","org.wildfly.naming.java.permission.JndiPermissionTestCase.testNameImplies","org.wildfly.naming.java.permission.JndiPermissionTestCase.testSecurity","org.wildfly.naming.java.permission.JndiPermissionTestCase.testCollection","org.wildfly.naming.java.permission.JndiPermissionTestCase.testCollectionSecurity","org.jboss.as.naming.InitialContextFactoryTestCase.testInitialFactory","org.jboss.as.naming.InitialContextFactoryTestCase.testJavaContext","org.jboss.as.naming.NamingEventCoordinatorTestCase.testFireSubTreeEvent","org.jboss.as.naming.NamingEventCoordinatorTestCase.testFireObjectEvent","org.jboss.as.naming.NamingEventCoordinatorTestCase.testFireMultiLevelEvent","org.jboss.as.naming.NamingEventCoordinatorTestCase.testFireAllEvent","org.jboss.as.naming.NamingEventCoordinatorTestCase.testFireOneLevelEvent","org.jboss.as.naming.NamingContextTestCase.testRebindReferenceable","org.jboss.as.naming.NamingContextTestCase.testLookupReference","org.jboss.as.naming.NamingContextTestCase.testCreateSubcontext","org.jboss.as.naming.NamingContextTestCase.testListBindingsNameNotFound","org.jboss.as.naming.NamingContextTestCase.testLookupWitResolveResult","org.jboss.as.naming.NamingContextTestCase.testListBindings","org.jboss.as.naming.NamingContextTestCase.testBind","org.jboss.as.naming.NamingContextTestCase.testList","org.jboss.as.naming.NamingContextTestCase.testListNameNotFound","org.jboss.as.naming.NamingContextTestCase.testLookupNameNotFound","org.jboss.as.naming.NamingContextTestCase.testLookupLink","org.jboss.as.naming.NamingContextTestCase.testListBindingsWithContinuation","org.jboss.as.naming.NamingContextTestCase.testListWithContinuation","org.jboss.as.naming.NamingContextTestCase.testBindReferenceable","org.jboss.as.naming.NamingContextTestCase.testLookup","org.jboss.as.naming.NamingContextTestCase.testLookupWithContinuation","org.jboss.as.naming.NamingContextTestCase.testRebind","org.jboss.as.naming.NamingContextTestCase.testLookupContextLink","org.jboss.as.naming.NamingContextTestCase.testUnbind","org.jboss.as.naming.NamingContextTestCase.testLookupEmptyName","org.jboss.as.naming.InitialContextTestCase.testRegisterURLSchemeHandler","org.jboss.as.naming.ServiceBasedNamingStoreTestCase.testLookupBinding","org.jboss.as.naming.ServiceBasedNamingStoreTestCase.testLookupNestedContext","org.jboss.as.naming.ServiceBasedNamingStoreTestCase.testListBindings","org.jboss.as.naming.ServiceBasedNamingStoreTestCase.testList","org.jboss.as.naming.ServiceBasedNamingStoreTestCase.testLookupBindingUsingNestedContext","org.jboss.as.naming.ServiceBasedNamingStoreTestCase.testStoredContext","org.jboss.as.naming.ServiceBasedNamingStoreTestCase.testLookupBase","org.jboss.as.naming.ServiceBasedNamingStoreTestCase.testLookupParentContext","org.jboss.as.naming.ObjectFactoryTestCase.testBindAndRetrieveObjectFactoryFromInitialContext","org.jboss.as.naming.ObjectFactoryTestCase.testBindAndRetrieveObjectFactoryFromNamingContext","org.jboss.as.naming.WritableServiceBasedNamingStoreTestCase.testCreateSubcontext","org.jboss.as.naming.WritableServiceBasedNamingStoreTestCase.testMultipleOwnersBindingReferences","org.jboss.as.naming.WritableServiceBasedNamingStoreTestCase.testBind","org.jboss.as.naming.WritableServiceBasedNamingStoreTestCase.testCreateSubContextNoOwner","org.jboss.as.naming.WritableServiceBasedNamingStoreTestCase.testBindNested","org.jboss.as.naming.WritableServiceBasedNamingStoreTestCase.testRebindNoOwner","org.jboss.as.naming.WritableServiceBasedNamingStoreTestCase.testPermissions","org.jboss.as.naming.WritableServiceBasedNamingStoreTestCase.testBindNoOwner","org.jboss.as.naming.WritableServiceBasedNamingStoreTestCase.testOwnerBindingReferences","org.jboss.as.naming.WritableServiceBasedNamingStoreTestCase.testRebind","org.jboss.as.naming.WritableServiceBasedNamingStoreTestCase.testUnbind","org.jboss.as.naming.WritableServiceBasedNamingStoreTestCase.testUnBindNoOwner","org.jboss.as.naming.ExternalContextsNavigableSetTestCase.testGetParentContext","org.jboss.as.naming.InMemoryNamingStoreTestCase.testListBindingsNameNotFound","org.jboss.as.naming.InMemoryNamingStoreTestCase.testUnbindNotFound","org.jboss.as.naming.InMemoryNamingStoreTestCase.testListBindings","org.jboss.as.naming.InMemoryNamingStoreTestCase.testList","org.jboss.as.naming.InMemoryNamingStoreTestCase.testAutoRemove","org.jboss.as.naming.InMemoryNamingStoreTestCase.testBindAndLookup","org.jboss.as.naming.InMemoryNamingStoreTestCase.testBindAndRebind","org.jboss.as.naming.InMemoryNamingStoreTestCase.testBindUnbindLookup","org.jboss.as.naming.InMemoryNamingStoreTestCase.testListNameNotFound","org.jboss.as.naming.InMemoryNamingStoreTestCase.testRebindEmptyName","org.jboss.as.naming.InMemoryNamingStoreTestCase.testLookupNameNotFound","org.jboss.as.naming.InMemoryNamingStoreTestCase.testRebindInvalidContext","org.jboss.as.naming.InMemoryNamingStoreTestCase.testBindAndLookupResolveResult","org.jboss.as.naming.InMemoryNamingStoreTestCase.testRebindAndLookup","org.jboss.as.naming.InMemoryNamingStoreTestCase.testBindEmptyName","org.jboss.as.naming.InMemoryNamingStoreTestCase.testLookupEmptyName","org.jboss.as.naming.subsystem.NamingSubsystemTestCase.testCompositeBindingOps","org.jboss.as.naming.subsystem.NamingSubsystemTestCase.testOnlyExternalContextAllowsCache","org.jboss.as.naming.subsystem.NamingSubsystemTestCase.testSchemaOfSubsystemTemplates","org.jboss.as.naming.subsystem.NamingSubsystemTestCase.testCompositeBindingUpdate","org.jboss.as.naming.subsystem.NamingSubsystemTestCase.testRejectionsEAP6","org.jboss.as.naming.subsystem.NamingSubsystemTestCase.testRejectionsEAP7","org.jboss.as.naming.subsystem.NamingSubsystemTestCase.testSubsystem","org.jboss.as.naming.subsystem.NamingSubsystemTestCase.testSchema"],"results":{"org.jboss.as.naming.ServiceBasedNamingStoreTestCase.testLookupParentContext":{"name":"org.jboss.as.naming.ServiceBasedNamingStoreTestCase.testLookupParentContext","result":"PASS","time":0.003671259,"stackTrace":[]},"org.jboss.as.naming.NamingContextTestCase.testLookup":{"name":"org.jboss.as.naming.NamingContextTestCase.testLookup","result":"PASS","time":0.006808262,"stackTrace":[]},"org.jboss.as.naming.subsystem.NamingSubsystemTestCase.testSubsystem":{"name":"org.jboss.as.naming.subsystem.NamingSubsystemTestCase.testSubsystem","result":"PASS","time":1.970274425,"stackTrace":[]},"org.jboss.as.naming.subsystem.NamingSubsystemTestCase.testCompositeBindingOps":{"name":"org.jboss.as.naming.subsystem.NamingSubsystemTestCase.testCompositeBindingOps","result":"PASS","time":3.097880271,"stackTrace":[]},"org.wildfly.naming.java.permission.JndiPermissionTestCase.testCollection":{"name":"org.wildfly.naming.java.permission.JndiPermissionTestCase.testCollection","result":"PASS","time":0.004178272,"stackTrace":[]},"org.jboss.as.naming.ServiceBasedNamingStoreTestCase.testLookupBase":{"name":"org.jboss.as.naming.ServiceBasedNamingStoreTestCase.testLookupBase","result":"PASS","time":0.004902158,"stackTrace":[]},"org.jboss.as.naming.WritableServiceBasedNamingStoreTestCase.testMultipleOwnersBindingReferences":{"name":"org.jboss.as.naming.WritableServiceBasedNamingStoreTestCase.testMultipleOwnersBindingReferences","result":"PASS","time":0.058448732,"stackTrace":[]},"org.jboss.as.naming.NamingContextTestCase.testBindReferenceable":{"name":"org.jboss.as.naming.NamingContextTestCase.testBindReferenceable","result":"PASS","time":0.010673414,"stackTrace":[]},"org.jboss.as.naming.NamingEventCoordinatorTestCase.testFireOneLevelEvent":{"name":"org.jboss.as.naming.NamingEventCoordinatorTestCase.testFireOneLevelEvent","result":"PASS","time":0.005365309,"stackTrace":[]},"org.jboss.as.naming.InMemoryNamingStoreTestCase.testBindUnbindLookup":{"name":"org.jboss.as.naming.InMemoryNamingStoreTestCase.testBindUnbindLookup","result":"PASS","time":8.19576E-4,"stackTrace":[]},"org.jboss.as.naming.InMemoryNamingStoreTestCase.testBindAndLookupResolveResult":{"name":"org.jboss.as.naming.InMemoryNamingStoreTestCase.testBindAndLookupResolveResult","result":"PASS","time":6.75273E-4,"stackTrace":[]},"org.jboss.as.naming.WritableServiceBasedNamingStoreTestCase.testCreateSubcontext":{"name":"org.jboss.as.naming.WritableServiceBasedNamingStoreTestCase.testCreateSubcontext","result":"PASS","time":0.091873792,"stackTrace":[]},"org.jboss.as.naming.NamingContextTestCase.testListWithContinuation":{"name":"org.jboss.as.naming.NamingContextTestCase.testListWithContinuation","result":"PASS","time":0.020330774,"stackTrace":[]},"org.jboss.as.naming.WritableServiceBasedNamingStoreTestCase.testRebind":{"name":"org.jboss.as.naming.WritableServiceBasedNamingStoreTestCase.testRebind","result":"PASS","time":0.021958122,"stackTrace":[]},"org.jboss.as.naming.WritableServiceBasedNamingStoreTestCase.testPermissions":{"name":"org.jboss.as.naming.WritableServiceBasedNamingStoreTestCase.testPermissions","result":"PASS","time":0.034897557,"stackTrace":[]},"org.jboss.as.naming.NamingEventCoordinatorTestCase.testFireObjectEvent":{"name":"org.jboss.as.naming.NamingEventCoordinatorTestCase.testFireObjectEvent","result":"PASS","time":0.00866282,"stackTrace":[]},"org.jboss.as.naming.NamingContextTestCase.testLookupNameNotFound":{"name":"org.jboss.as.naming.NamingContextTestCase.testLookupNameNotFound","result":"PASS","time":0.007825713,"stackTrace":[]},"org.jboss.as.naming.subsystem.NamingSubsystemTestCase.testSchema":{"name":"org.jboss.as.naming.subsystem.NamingSubsystemTestCase.testSchema","result":"PASS","time":0.058147626,"stackTrace":[]},"org.wildfly.naming.java.permission.JndiPermissionTestCase.testSecurity":{"name":"org.wildfly.naming.java.permission.JndiPermissionTestCase.testSecurity","result":"PASS","time":0.001970921,"stackTrace":[]},"org.jboss.as.naming.WritableServiceBasedNamingStoreTestCase.testOwnerBindingReferences":{"name":"org.jboss.as.naming.WritableServiceBasedNamingStoreTestCase.testOwnerBindingReferences","result":"PASS","time":0.015563699,"stackTrace":[]},"org.jboss.as.naming.WritableServiceBasedNamingStoreTestCase.testBindNested":{"name":"org.jboss.as.naming.WritableServiceBasedNamingStoreTestCase.testBindNested","result":"PASS","time":0.029683466,"stackTrace":[]},"org.jboss.as.naming.NamingContextTestCase.testUnbind":{"name":"org.jboss.as.naming.NamingContextTestCase.testUnbind","result":"PASS","time":0.023467499,"stackTrace":[]},"org.jboss.as.naming.NamingContextTestCase.testRebindReferenceable":{"name":"org.jboss.as.naming.NamingContextTestCase.testRebindReferenceable","result":"PASS","time":0.149900653,"stackTrace":[]},"org.jboss.as.naming.WritableServiceBasedNamingStoreTestCase.testUnbind":{"name":"org.jboss.as.naming.WritableServiceBasedNamingStoreTestCase.testUnbind","result":"PASS","time":0.013021086,"stackTrace":[]},"org.jboss.as.naming.WritableServiceBasedNamingStoreTestCase.testBindNoOwner":{"name":"org.jboss.as.naming.WritableServiceBasedNamingStoreTestCase.testBindNoOwner","result":"PASS","time":0.016870382,"stackTrace":[]},"org.jboss.as.naming.NamingContextTestCase.testListNameNotFound":{"name":"org.jboss.as.naming.NamingContextTestCase.testListNameNotFound","result":"PASS","time":0.011613544,"stackTrace":[]},"org.jboss.as.naming.ServiceBasedNamingStoreTestCase.testListBindings":{"name":"org.jboss.as.naming.ServiceBasedNamingStoreTestCase.testListBindings","result":"PASS","time":0.049359012,"stackTrace":[]},"org.jboss.as.naming.ServiceBasedNamingStoreTestCase.testLookupNestedContext":{"name":"org.jboss.as.naming.ServiceBasedNamingStoreTestCase.testLookupNestedContext","result":"PASS","time":0.01094337,"stackTrace":[]},"org.jboss.as.naming.NamingContextTestCase.testListBindingsWithContinuation":{"name":"org.jboss.as.naming.NamingContextTestCase.testListBindingsWithContinuation","result":"PASS","time":0.012608574,"stackTrace":[]},"org.jboss.as.naming.WritableServiceBasedNamingStoreTestCase.testBind":{"name":"org.jboss.as.naming.WritableServiceBasedNamingStoreTestCase.testBind","result":"PASS","time":0.046079941,"stackTrace":[]},"org.jboss.as.naming.InMemoryNamingStoreTestCase.testBindEmptyName":{"name":"org.jboss.as.naming.InMemoryNamingStoreTestCase.testBindEmptyName","result":"PASS","time":0.001002363,"stackTrace":[]},"org.jboss.as.naming.InMemoryNamingStoreTestCase.testBindAndRebind":{"name":"org.jboss.as.naming.InMemoryNamingStoreTestCase.testBindAndRebind","result":"PASS","time":8.91587E-4,"stackTrace":[]},"org.jboss.as.naming.subsystem.NamingSubsystemTestCase.testSchemaOfSubsystemTemplates":{"name":"org.jboss.as.naming.subsystem.NamingSubsystemTestCase.testSchemaOfSubsystemTemplates","result":"PASS","time":2.356338987,"stackTrace":[]},"org.jboss.as.naming.InMemoryNamingStoreTestCase.testRebindEmptyName":{"name":"org.jboss.as.naming.InMemoryNamingStoreTestCase.testRebindEmptyName","result":"PASS","time":0.001203032,"stackTrace":[]},"org.jboss.as.naming.NamingContextTestCase.testLookupEmptyName":{"name":"org.jboss.as.naming.NamingContextTestCase.testLookupEmptyName","result":"PASS","time":0.010011412,"stackTrace":[]},"org.jboss.as.naming.InitialContextTestCase.testRegisterURLSchemeHandler":{"name":"org.jboss.as.naming.InitialContextTestCase.testRegisterURLSchemeHandler","result":"PASS","time":0.899064537,"stackTrace":[]},"org.wildfly.naming.java.permission.JndiPermissionTestCase.testCollectionSecurity":{"name":"org.wildfly.naming.java.permission.JndiPermissionTestCase.testCollectionSecurity","result":"PASS","time":0.393156049,"stackTrace":[]},"org.jboss.as.naming.InMemoryNamingStoreTestCase.testListNameNotFound":{"name":"org.jboss.as.naming.InMemoryNamingStoreTestCase.testListNameNotFound","result":"PASS","time":9.68767E-4,"stackTrace":[]},"org.wildfly.naming.java.permission.JndiPermissionTestCase.testSerialization":{"name":"org.wildfly.naming.java.permission.JndiPermissionTestCase.testSerialization","result":"PASS","time":0.004664053,"stackTrace":[]},"org.jboss.as.naming.InMemoryNamingStoreTestCase.testLookupEmptyName":{"name":"org.jboss.as.naming.InMemoryNamingStoreTestCase.testLookupEmptyName","result":"PASS","time":0.003522905,"stackTrace":[]},"org.jboss.as.naming.InMemoryNamingStoreTestCase.testRebindAndLookup":{"name":"org.jboss.as.naming.InMemoryNamingStoreTestCase.testRebindAndLookup","result":"PASS","time":5.19935E-4,"stackTrace":[]},"org.jboss.as.naming.subsystem.NamingSubsystemTestCase.testCompositeBindingUpdate":{"name":"org.jboss.as.naming.subsystem.NamingSubsystemTestCase.testCompositeBindingUpdate","result":"PASS","time":0.202763991,"stackTrace":[]},"org.jboss.as.naming.NamingContextTestCase.testLookupWitResolveResult":{"name":"org.jboss.as.naming.NamingContextTestCase.testLookupWitResolveResult","result":"PASS","time":0.019838498,"stackTrace":[]},"org.jboss.as.naming.NamingContextTestCase.testListBindings":{"name":"org.jboss.as.naming.NamingContextTestCase.testListBindings","result":"PASS","time":0.025832354,"stackTrace":[]},"org.jboss.as.naming.NamingEventCoordinatorTestCase.testFireAllEvent":{"name":"org.jboss.as.naming.NamingEventCoordinatorTestCase.testFireAllEvent","result":"PASS","time":0.005864989,"stackTrace":[]},"org.jboss.as.naming.NamingContextTestCase.testLookupLink":{"name":"org.jboss.as.naming.NamingContextTestCase.testLookupLink","result":"PASS","time":0.012814481,"stackTrace":[]},"org.jboss.as.naming.ExternalContextsNavigableSetTestCase.testGetParentContext":{"name":"org.jboss.as.naming.ExternalContextsNavigableSetTestCase.testGetParentContext","result":"PASS","time":0.005068672,"stackTrace":[]},"org.jboss.as.naming.InMemoryNamingStoreTestCase.testListBindings":{"name":"org.jboss.as.naming.InMemoryNamingStoreTestCase.testListBindings","result":"PASS","time":0.002177456,"stackTrace":[]},"org.wildfly.naming.java.permission.JndiPermissionTestCase.testNameImplies":{"name":"org.wildfly.naming.java.permission.JndiPermissionTestCase.testNameImplies","result":"PASS","time":0.008367929,"stackTrace":[]},"org.jboss.as.naming.NamingContextTestCase.testLookupContextLink":{"name":"org.jboss.as.naming.NamingContextTestCase.testLookupContextLink","result":"PASS","time":0.015853701,"stackTrace":[]},"org.jboss.as.naming.ServiceBasedNamingStoreTestCase.testLookupBindingUsingNestedContext":{"name":"org.jboss.as.naming.ServiceBasedNamingStoreTestCase.testLookupBindingUsingNestedContext","result":"PASS","time":0.17729854,"stackTrace":[]},"org.jboss.as.naming.InMemoryNamingStoreTestCase.testListBindingsNameNotFound":{"name":"org.jboss.as.naming.InMemoryNamingStoreTestCase.testListBindingsNameNotFound","result":"PASS","time":0.001343981,"stackTrace":[]},"org.jboss.as.naming.InitialContextFactoryTestCase.testInitialFactory":{"name":"org.jboss.as.naming.InitialContextFactoryTestCase.testInitialFactory","result":"PASS","time":0.207388441,"stackTrace":[]},"org.jboss.as.naming.InitialContextFactoryTestCase.testJavaContext":{"name":"org.jboss.as.naming.InitialContextFactoryTestCase.testJavaContext","result":"PASS","time":0.006308373,"stackTrace":[]},"org.jboss.as.naming.NamingContextTestCase.testBind":{"name":"org.jboss.as.naming.NamingContextTestCase.testBind","result":"PASS","time":0.017404427,"stackTrace":[]},"org.wildfly.naming.java.permission.JndiPermissionTestCase.testActions":{"name":"org.wildfly.naming.java.permission.JndiPermissionTestCase.testActions","result":"PASS","time":0.070580746,"stackTrace":[]},"org.jboss.as.naming.InMemoryNamingStoreTestCase.testBindAndLookup":{"name":"org.jboss.as.naming.InMemoryNamingStoreTestCase.testBindAndLookup","result":"PASS","time":7.98273E-4,"stackTrace":[]},"org.jboss.as.naming.InMemoryNamingStoreTestCase.testAutoRemove":{"name":"org.jboss.as.naming.InMemoryNamingStoreTestCase.testAutoRemove","result":"PASS","time":0.001295438,"stackTrace":[]},"org.jboss.as.naming.ServiceBasedNamingStoreTestCase.testStoredContext":{"name":"org.jboss.as.naming.ServiceBasedNamingStoreTestCase.testStoredContext","result":"PASS","time":0.047459544,"stackTrace":[]},"org.jboss.as.naming.NamingContextTestCase.testLookupReference":{"name":"org.jboss.as.naming.NamingContextTestCase.testLookupReference","result":"PASS","time":0.029632059,"stackTrace":[]},"org.jboss.as.naming.subsystem.NamingSubsystemTestCase.testOnlyExternalContextAllowsCache":{"name":"org.jboss.as.naming.subsystem.NamingSubsystemTestCase.testOnlyExternalContextAllowsCache","result":"PASS","time":0.312092429,"stackTrace":[]},"org.jboss.as.naming.WritableServiceBasedNamingStoreTestCase.testCreateSubContextNoOwner":{"name":"org.jboss.as.naming.WritableServiceBasedNamingStoreTestCase.testCreateSubContextNoOwner","result":"PASS","time":0.022909149,"stackTrace":[]},"org.wildfly.naming.java.permission.JndiPermissionTestCase.testCollectionSerialization":{"name":"org.wildfly.naming.java.permission.JndiPermissionTestCase.testCollectionSerialization","result":"PASS","time":0.007984613,"stackTrace":[]},"org.jboss.as.naming.ServiceBasedNamingStoreTestCase.testList":{"name":"org.jboss.as.naming.ServiceBasedNamingStoreTestCase.testList","result":"PASS","time":0.027209233,"stackTrace":[]},"org.jboss.as.naming.ObjectFactoryTestCase.testBindAndRetrieveObjectFactoryFromNamingContext":{"name":"org.jboss.as.naming.ObjectFactoryTestCase.testBindAndRetrieveObjectFactoryFromNamingContext","result":"PASS","time":0.001853859,"stackTrace":[]},"org.jboss.as.naming.NamingContextTestCase.testRebind":{"name":"org.jboss.as.naming.NamingContextTestCase.testRebind","result":"PASS","time":0.010356382,"stackTrace":[]},"org.jboss.as.naming.ServiceBasedNamingStoreTestCase.testLookupBinding":{"name":"org.jboss.as.naming.ServiceBasedNamingStoreTestCase.testLookupBinding","result":"PASS","time":1.457071408,"stackTrace":[]},"org.jboss.as.naming.NamingContextTestCase.testList":{"name":"org.jboss.as.naming.NamingContextTestCase.testList","result":"PASS","time":0.014132968,"stackTrace":[]},"org.jboss.as.naming.InMemoryNamingStoreTestCase.testRebindInvalidContext":{"name":"org.jboss.as.naming.InMemoryNamingStoreTestCase.testRebindInvalidContext","result":"PASS","time":6.22959E-4,"stackTrace":[]},"org.jboss.as.naming.NamingContextTestCase.testListBindingsNameNotFound":{"name":"org.jboss.as.naming.NamingContextTestCase.testListBindingsNameNotFound","result":"PASS","time":0.015916701,"stackTrace":[]},"org.jboss.as.naming.NamingEventCoordinatorTestCase.testFireSubTreeEvent":{"name":"org.jboss.as.naming.NamingEventCoordinatorTestCase.testFireSubTreeEvent","result":"PASS","time":0.317500624,"stackTrace":[]},"org.jboss.as.naming.NamingEventCoordinatorTestCase.testFireMultiLevelEvent":{"name":"org.jboss.as.naming.NamingEventCoordinatorTestCase.testFireMultiLevelEvent","result":"PASS","time":0.008919574,"stackTrace":[]},"org.jboss.as.naming.InMemoryNamingStoreTestCase.testList":{"name":"org.jboss.as.naming.InMemoryNamingStoreTestCase.testList","result":"PASS","time":0.001082128,"stackTrace":[]},"org.jboss.as.naming.InMemoryNamingStoreTestCase.testUnbindNotFound":{"name":"org.jboss.as.naming.InMemoryNamingStoreTestCase.testUnbindNotFound","result":"PASS","time":0.00107186,"stackTrace":[]},"org.jboss.as.naming.NamingContextTestCase.testLookupWithContinuation":{"name":"org.jboss.as.naming.NamingContextTestCase.testLookupWithContinuation","result":"PASS","time":0.039561681,"stackTrace":[]},"org.jboss.as.naming.WritableServiceBasedNamingStoreTestCase.testUnBindNoOwner":{"name":"org.jboss.as.naming.WritableServiceBasedNamingStoreTestCase.testUnBindNoOwner","result":"PASS","time":0.012091362,"stackTrace":[]},"org.jboss.as.naming.ObjectFactoryTestCase.testBindAndRetrieveObjectFactoryFromInitialContext":{"name":"org.jboss.as.naming.ObjectFactoryTestCase.testBindAndRetrieveObjectFactoryFromInitialContext","result":"PASS","time":0.009114585,"stackTrace":[]},"org.jboss.as.naming.InMemoryNamingStoreTestCase.testLookupNameNotFound":{"name":"org.jboss.as.naming.InMemoryNamingStoreTestCase.testLookupNameNotFound","result":"PASS","time":8.30122E-4,"stackTrace":[]},"org.jboss.as.naming.subsystem.NamingSubsystemTestCase.testRejectionsEAP7":{"name":"org.jboss.as.naming.subsystem.NamingSubsystemTestCase.testRejectionsEAP7","result":"PASS","time":3.181285273,"stackTrace":[]},"org.jboss.as.naming.subsystem.NamingSubsystemTestCase.testRejectionsEAP6":{"name":"org.jboss.as.naming.subsystem.NamingSubsystemTestCase.testRejectionsEAP6","result":"PASS","time":4.425798151,"stackTrace":[]},"org.jboss.as.naming.WritableServiceBasedNamingStoreTestCase.testRebindNoOwner":{"name":"org.jboss.as.naming.WritableServiceBasedNamingStoreTestCase.testRebindNoOwner","result":"PASS","time":0.03018133,"stackTrace":[]},"org.jboss.as.naming.NamingContextTestCase.testCreateSubcontext":{"name":"org.jboss.as.naming.NamingContextTestCase.testCreateSubcontext","result":"PASS","time":0.017724392,"stackTrace":[]}},"diffs":{}},"expected":"PASS","dependentTest":"org.jboss.as.naming.WritableServiceBasedNamingStoreTestCase.testPermissions","polluters":[{"time":{"startTime":1574158782552,"endTime":1574158782552,"elapsedSeconds":0.0},"index":0,"deps":["org.jboss.as.naming.InitialContextFactoryTestCase.testInitialFactory"],"cleanerData":{"dependentTest":"org.jboss.as.naming.WritableServiceBasedNamingStoreTestCase.testPermissions","time":{"addTime":{"startTime":1574158782578,"endTime":1574158782578,"elapsedSeconds":0.0},"totalTime":{"startTime":1574158782578,"endTime":1574158782578,"elapsedSeconds":0.0}},"expected":"PASS","isolationResult":"ERROR","cleaners":[]}},{"time":{"startTime":1574158793922,"endTime":1574158793922,"elapsedSeconds":0.0},"index":1,"deps":["org.jboss.as.naming.InitialContextFactoryTestCase.testJavaContext"],"cleanerData":{"dependentTest":"org.jboss.as.naming.WritableServiceBasedNamingStoreTestCase.testPermissions","time":{"addTime":{"startTime":1574158793929,"endTime":1574158793929,"elapsedSeconds":0.0},"totalTime":{"startTime":1574158793929,"endTime":1574158793929,"elapsedSeconds":0.0}},"expected":"PASS","isolationResult":"ERROR","cleaners":[]}},{"time":{"startTime":1574158808670,"endTime":1574158808670,"elapsedSeconds":0.0},"index":2,"deps":["org.jboss.as.naming.NamingEventCoordinatorTestCase.testFireSubTreeEvent"],"cleanerData":{"dependentTest":"org.jboss.as.naming.WritableServiceBasedNamingStoreTestCase.testPermissions","time":{"addTime":{"startTime":1574158808695,"endTime":1574158808695,"elapsedSeconds":0.0},"totalTime":{"startTime":1574158808695,"endTime":1574158808695,"elapsedSeconds":0.0}},"expected":"PASS","isolationResult":"ERROR","cleaners":[]}},{"time":{"startTime":1574158822972,"endTime":1574158822972,"elapsedSeconds":0.0},"index":3,"deps":["org.jboss.as.naming.NamingEventCoordinatorTestCase.testFireObjectEvent"],"cleanerData":{"dependentTest":"org.jboss.as.naming.WritableServiceBasedNamingStoreTestCase.testPermissions","time":{"addTime":{"startTime":1574158822981,"endTime":1574158822981,"elapsedSeconds":0.0},"totalTime":{"startTime":1574158822981,"endTime":1574158822981,"elapsedSeconds":0.0}},"expected":"PASS","isolationResult":"ERROR","cleaners":[]}},{"time":{"startTime":1574158838217,"endTime":1574158838217,"elapsedSeconds":0.0},"index":4,"deps":["org.jboss.as.naming.NamingEventCoordinatorTestCase.testFireMultiLevelEvent"],"cleanerData":{"dependentTest":"org.jboss.as.naming.WritableServiceBasedNamingStoreTestCase.testPermissions","time":{"addTime":{"startTime":1574158838242,"endTime":1574158838242,"elapsedSeconds":0.0},"totalTime":{"startTime":1574158838242,"endTime":1574158838242,"elapsedSeconds":0.0}},"expected":"PASS","isolationResult":"ERROR","cleaners":[]}},{"time":{"startTime":1574158852069,"endTime":1574158852069,"elapsedSeconds":0.0},"index":5,"deps":["org.jboss.as.naming.NamingEventCoordinatorTestCase.testFireAllEvent"],"cleanerData":{"dependentTest":"org.jboss.as.naming.WritableServiceBasedNamingStoreTestCase.testPermissions","time":{"addTime":{"startTime":1574158852081,"endTime":1574158852081,"elapsedSeconds":0.0},"totalTime":{"startTime":1574158852081,"endTime":1574158852081,"elapsedSeconds":0.0}},"expected":"PASS","isolationResult":"ERROR","cleaners":[]}},{"time":{"startTime":1574158862972,"endTime":1574158862972,"elapsedSeconds":0.0},"index":6,"deps":["org.jboss.as.naming.NamingEventCoordinatorTestCase.testFireOneLevelEvent"],"cleanerData":{"dependentTest":"org.jboss.as.naming.WritableServiceBasedNamingStoreTestCase.testPermissions","time":{"addTime":{"startTime":1574158862981,"endTime":1574158862981,"elapsedSeconds":0.0},"totalTime":{"startTime":1574158862981,"endTime":1574158862981,"elapsedSeconds":0.0}},"expected":"PASS","isolationResult":"ERROR","cleaners":[]}},{"time":{"startTime":1574158877891,"endTime":1574158877891,"elapsedSeconds":0.0},"index":7,"deps":["org.jboss.as.naming.NamingContextTestCase.testRebindReferenceable"],"cleanerData":{"dependentTest":"org.jboss.as.naming.WritableServiceBasedNamingStoreTestCase.testPermissions","time":{"addTime":{"startTime":1574158877897,"endTime":1574158877897,"elapsedSeconds":0.0},"totalTime":{"startTime":1574158877897,"endTime":1574158877897,"elapsedSeconds":0.0}},"expected":"PASS","isolationResult":"ERROR","cleaners":[]}},{"time":{"startTime":1574158893233,"endTime":1574158893233,"elapsedSeconds":0.0},"index":8,"deps":["org.jboss.as.naming.NamingContextTestCase.testLookupReference"],"cleanerData":{"dependentTest":"org.jboss.as.naming.WritableServiceBasedNamingStoreTestCase.testPermissions","time":{"addTime":{"startTime":1574158893246,"endTime":1574158893246,"elapsedSeconds":0.0},"totalTime":{"startTime":1574158893246,"endTime":1574158893246,"elapsedSeconds":0.0}},"expected":"PASS","isolationResult":"ERROR","cleaners":[]}},{"time":{"startTime":1574158906204,"endTime":1574158906204,"elapsedSeconds":0.0},"index":9,"deps":["org.jboss.as.naming.NamingContextTestCase.testCreateSubcontext"],"cleanerData":{"dependentTest":"org.jboss.as.naming.WritableServiceBasedNamingStoreTestCase.testPermissions","time":{"addTime":{"startTime":1574158906214,"endTime":1574158906214,"elapsedSeconds":0.0},"totalTime":{"startTime":1574158906214,"endTime":1574158906214,"elapsedSeconds":0.0}},"expected":"PASS","isolationResult":"ERROR","cleaners":[]}},{"time":{"startTime":1574158919360,"endTime":1574158919361,"elapsedSeconds":0.0010001659393310547},"index":10,"deps":["org.jboss.as.naming.NamingContextTestCase.testListBindingsNameNotFound"],"cleanerData":{"dependentTest":"org.jboss.as.naming.WritableServiceBasedNamingStoreTestCase.testPermissions","time":{"addTime":{"startTime":1574158919368,"endTime":1574158919368,"elapsedSeconds":0.0},"totalTime":{"startTime":1574158919368,"endTime":1574158919368,"elapsedSeconds":0.0}},"expected":"PASS","isolationResult":"ERROR","cleaners":[]}},{"time":{"startTime":1574158931014,"endTime":1574158931014,"elapsedSeconds":0.0},"index":11,"deps":["org.jboss.as.naming.NamingContextTestCase.testLookupWitResolveResult"],"cleanerData":{"dependentTest":"org.jboss.as.naming.WritableServiceBasedNamingStoreTestCase.testPermissions","time":{"addTime":{"startTime":1574158931019,"endTime":1574158931019,"elapsedSeconds":0.0},"totalTime":{"startTime":1574158931019,"endTime":1574158931019,"elapsedSeconds":0.0}},"expected":"PASS","isolationResult":"ERROR","cleaners":[]}},{"time":{"startTime":1574158943663,"endTime":1574158943663,"elapsedSeconds":0.0},"index":12,"deps":["org.jboss.as.naming.NamingContextTestCase.testListBindings"],"cleanerData":{"dependentTest":"org.jboss.as.naming.WritableServiceBasedNamingStoreTestCase.testPermissions","time":{"addTime":{"startTime":1574158943668,"endTime":1574158943668,"elapsedSeconds":0.0},"totalTime":{"startTime":1574158943668,"endTime":1574158943668,"elapsedSeconds":0.0}},"expected":"PASS","isolationResult":"ERROR","cleaners":[]}},{"time":{"startTime":1574158952342,"endTime":1574158952343,"elapsedSeconds":9.999275207519531E-4},"index":13,"deps":["org.jboss.as.naming.NamingContextTestCase.testBind"],"cleanerData":{"dependentTest":"org.jboss.as.naming.WritableServiceBasedNamingStoreTestCase.testPermissions","time":{"addTime":{"startTime":1574158952347,"endTime":1574158952347,"elapsedSeconds":0.0},"totalTime":{"startTime":1574158952347,"endTime":1574158952347,"elapsedSeconds":0.0}},"expected":"PASS","isolationResult":"ERROR","cleaners":[]}},{"time":{"startTime":1574158963168,"endTime":1574158963168,"elapsedSeconds":0.0},"index":14,"deps":["org.jboss.as.naming.NamingContextTestCase.testList"],"cleanerData":{"dependentTest":"org.jboss.as.naming.WritableServiceBasedNamingStoreTestCase.testPermissions","time":{"addTime":{"startTime":1574158963172,"endTime":1574158963172,"elapsedSeconds":0.0},"totalTime":{"startTime":1574158963172,"endTime":1574158963172,"elapsedSeconds":0.0}},"expected":"PASS","isolationResult":"ERROR","cleaners":[]}},{"time":{"startTime":1574158973892,"endTime":1574158973893,"elapsedSeconds":9.999275207519531E-4},"index":15,"deps":["org.jboss.as.naming.NamingContextTestCase.testListNameNotFound"],"cleanerData":{"dependentTest":"org.jboss.as.naming.WritableServiceBasedNamingStoreTestCase.testPermissions","time":{"addTime":{"startTime":1574158973898,"endTime":1574158973898,"elapsedSeconds":0.0},"totalTime":{"startTime":1574158973898,"endTime":1574158973898,"elapsedSeconds":0.0}},"expected":"PASS","isolationResult":"ERROR","cleaners":[]}},{"time":{"startTime":1574158986358,"endTime":1574158986358,"elapsedSeconds":0.0},"index":16,"deps":["org.jboss.as.naming.NamingContextTestCase.testLookupNameNotFound"],"cleanerData":{"dependentTest":"org.jboss.as.naming.WritableServiceBasedNamingStoreTestCase.testPermissions","time":{"addTime":{"startTime":1574158986365,"endTime":1574158986365,"elapsedSeconds":0.0},"totalTime":{"startTime":1574158986365,"endTime":1574158986365,"elapsedSeconds":0.0}},"expected":"PASS","isolationResult":"ERROR","cleaners":[]}},{"time":{"startTime":1574159001887,"endTime":1574159001887,"elapsedSeconds":0.0},"index":17,"deps":["org.jboss.as.naming.NamingContextTestCase.testLookupLink"],"cleanerData":{"dependentTest":"org.jboss.as.naming.WritableServiceBasedNamingStoreTestCase.testPermissions","time":{"addTime":{"startTime":1574159001894,"endTime":1574159001894,"elapsedSeconds":0.0},"totalTime":{"startTime":1574159001894,"endTime":1574159001894,"elapsedSeconds":0.0}},"expected":"PASS","isolationResult":"ERROR","cleaners":[]}},{"time":{"startTime":1574159019810,"endTime":1574159019810,"elapsedSeconds":0.0},"index":18,"deps":["org.jboss.as.naming.NamingContextTestCase.testListBindingsWithContinuation"],"cleanerData":{"dependentTest":"org.jboss.as.naming.WritableServiceBasedNamingStoreTestCase.testPermissions","time":{"addTime":{"startTime":1574159019821,"endTime":1574159019821,"elapsedSeconds":0.0},"totalTime":{"startTime":1574159019821,"endTime":1574159019821,"elapsedSeconds":0.0}},"expected":"PASS","isolationResult":"ERROR","cleaners":[]}},{"time":{"startTime":1574159032685,"endTime":1574159032685,"elapsedSeconds":0.0},"index":19,"deps":["org.jboss.as.naming.NamingContextTestCase.testListWithContinuation"],"cleanerData":{"dependentTest":"org.jboss.as.naming.WritableServiceBasedNamingStoreTestCase.testPermissions","time":{"addTime":{"startTime":1574159032690,"endTime":1574159032690,"elapsedSeconds":0.0},"totalTime":{"startTime":1574159032690,"endTime":1574159032690,"elapsedSeconds":0.0}},"expected":"PASS","isolationResult":"ERROR","cleaners":[]}},{"time":{"startTime":1574159042134,"endTime":1574159042134,"elapsedSeconds":0.0},"index":20,"deps":["org.jboss.as.naming.NamingContextTestCase.testBindReferenceable"],"cleanerData":{"dependentTest":"org.jboss.as.naming.WritableServiceBasedNamingStoreTestCase.testPermissions","time":{"addTime":{"startTime":1574159042140,"endTime":1574159042140,"elapsedSeconds":0.0},"totalTime":{"startTime":1574159042140,"endTime":1574159042140,"elapsedSeconds":0.0}},"expected":"PASS","isolationResult":"ERROR","cleaners":[]}},{"time":{"startTime":1574159056954,"endTime":1574159056954,"elapsedSeconds":0.0},"index":21,"deps":["org.jboss.as.naming.NamingContextTestCase.testLookup"],"cleanerData":{"dependentTest":"org.jboss.as.naming.WritableServiceBasedNamingStoreTestCase.testPermissions","time":{"addTime":{"startTime":1574159056960,"endTime":1574159056960,"elapsedSeconds":0.0},"totalTime":{"startTime":1574159056960,"endTime":1574159056960,"elapsedSeconds":0.0}},"expected":"PASS","isolationResult":"ERROR","cleaners":[]}},{"time":{"startTime":1574159065999,"endTime":1574159065999,"elapsedSeconds":0.0},"index":22,"deps":["org.jboss.as.naming.NamingContextTestCase.testLookupWithContinuation"],"cleanerData":{"dependentTest":"org.jboss.as.naming.WritableServiceBasedNamingStoreTestCase.testPermissions","time":{"addTime":{"startTime":1574159066004,"endTime":1574159066004,"elapsedSeconds":0.0},"totalTime":{"startTime":1574159066004,"endTime":1574159066004,"elapsedSeconds":0.0}},"expected":"PASS","isolationResult":"ERROR","cleaners":[]}},{"time":{"startTime":1574159075088,"endTime":1574159075088,"elapsedSeconds":0.0},"index":23,"deps":["org.jboss.as.naming.NamingContextTestCase.testRebind"],"cleanerData":{"dependentTest":"org.jboss.as.naming.WritableServiceBasedNamingStoreTestCase.testPermissions","time":{"addTime":{"startTime":1574159075093,"endTime":1574159075093,"elapsedSeconds":0.0},"totalTime":{"startTime":1574159075093,"endTime":1574159075093,"elapsedSeconds":0.0}},"expected":"PASS","isolationResult":"ERROR","cleaners":[]}},{"time":{"startTime":1574159086588,"endTime":1574159086588,"elapsedSeconds":0.0},"index":24,"deps":["org.jboss.as.naming.NamingContextTestCase.testLookupContextLink"],"cleanerData":{"dependentTest":"org.jboss.as.naming.WritableServiceBasedNamingStoreTestCase.testPermissions","time":{"addTime":{"startTime":1574159086594,"endTime":1574159086594,"elapsedSeconds":0.0},"totalTime":{"startTime":1574159086594,"endTime":1574159086594,"elapsedSeconds":0.0}},"expected":"PASS","isolationResult":"ERROR","cleaners":[]}},{"time":{"startTime":1574159097989,"endTime":1574159097989,"elapsedSeconds":0.0},"index":25,"deps":["org.jboss.as.naming.NamingContextTestCase.testUnbind"],"cleanerData":{"dependentTest":"org.jboss.as.naming.WritableServiceBasedNamingStoreTestCase.testPermissions","time":{"addTime":{"startTime":1574159097995,"endTime":1574159097995,"elapsedSeconds":0.0},"totalTime":{"startTime":1574159097995,"endTime":1574159097995,"elapsedSeconds":0.0}},"expected":"PASS","isolationResult":"ERROR","cleaners":[]}},{"time":{"startTime":1574159108851,"endTime":1574159108851,"elapsedSeconds":0.0},"index":26,"deps":["org.jboss.as.naming.NamingContextTestCase.testLookupEmptyName"],"cleanerData":{"dependentTest":"org.jboss.as.naming.WritableServiceBasedNamingStoreTestCase.testPermissions","time":{"addTime":{"startTime":1574159108856,"endTime":1574159108856,"elapsedSeconds":0.0},"totalTime":{"startTime":1574159108856,"endTime":1574159108856,"elapsedSeconds":0.0}},"expected":"PASS","isolationResult":"ERROR","cleaners":[]}},{"time":{"startTime":1574159119065,"endTime":1574159119066,"elapsedSeconds":9.999275207519531E-4},"index":27,"deps":["org.jboss.as.naming.InitialContextTestCase.testRegisterURLSchemeHandler"],"cleanerData":{"dependentTest":"org.jboss.as.naming.WritableServiceBasedNamingStoreTestCase.testPermissions","time":{"addTime":{"startTime":1574159119071,"endTime":1574159119071,"elapsedSeconds":0.0},"totalTime":{"startTime":1574159119071,"endTime":1574159119071,"elapsedSeconds":0.0}},"expected":"PASS","isolationResult":"ERROR","cleaners":[]}},{"time":{"startTime":1574159126756,"endTime":1574159126756,"elapsedSeconds":0.0},"index":28,"deps":["org.jboss.as.naming.ServiceBasedNamingStoreTestCase.testLookupBinding"],"cleanerData":{"dependentTest":"org.jboss.as.naming.WritableServiceBasedNamingStoreTestCase.testPermissions","time":{"addTime":{"startTime":1574159126761,"endTime":1574159126761,"elapsedSeconds":0.0},"totalTime":{"startTime":1574159126761,"endTime":1574159126761,"elapsedSeconds":0.0}},"expected":"PASS","isolationResult":"ERROR","cleaners":[]}},{"time":{"startTime":1574159150682,"endTime":1574159150682,"elapsedSeconds":0.0},"index":29,"deps":["org.jboss.as.naming.ServiceBasedNamingStoreTestCase.testListBindings"],"cleanerData":{"dependentTest":"org.jboss.as.naming.WritableServiceBasedNamingStoreTestCase.testPermissions","time":{"addTime":{"startTime":1574159150694,"endTime":1574159150694,"elapsedSeconds":0.0},"totalTime":{"startTime":1574159150694,"endTime":1574159150694,"elapsedSeconds":0.0}},"expected":"PASS","isolationResult":"ERROR","cleaners":[]}},{"time":{"startTime":1574159178143,"endTime":1574159178143,"elapsedSeconds":0.0},"index":30,"deps":["org.jboss.as.naming.ServiceBasedNamingStoreTestCase.testLookupBindingUsingNestedContext"],"cleanerData":{"dependentTest":"org.jboss.as.naming.WritableServiceBasedNamingStoreTestCase.testPermissions","time":{"addTime":{"startTime":1574159178151,"endTime":1574159178151,"elapsedSeconds":0.0},"totalTime":{"startTime":1574159178151,"endTime":1574159178151,"elapsedSeconds":0.0}},"expected":"PASS","isolationResult":"ERROR","cleaners":[]}},{"time":{"startTime":1574159190524,"endTime":1574159190524,"elapsedSeconds":0.0},"index":31,"deps":["org.jboss.as.naming.ServiceBasedNamingStoreTestCase.testStoredContext"],"cleanerData":{"dependentTest":"org.jboss.as.naming.WritableServiceBasedNamingStoreTestCase.testPermissions","time":{"addTime":{"startTime":1574159190532,"endTime":1574159190532,"elapsedSeconds":0.0},"totalTime":{"startTime":1574159190532,"endTime":1574159190532,"elapsedSeconds":0.0}},"expected":"PASS","isolationResult":"ERROR","cleaners":[]}},{"time":{"startTime":1574159227091,"endTime":1574159227091,"elapsedSeconds":0.0},"index":32,"deps":["org.jboss.as.naming.ObjectFactoryTestCase.testBindAndRetrieveObjectFactoryFromInitialContext"],"cleanerData":{"dependentTest":"org.jboss.as.naming.WritableServiceBasedNamingStoreTestCase.testPermissions","time":{"addTime":{"startTime":1574159227105,"endTime":1574159227105,"elapsedSeconds":0.0},"totalTime":{"startTime":1574159227105,"endTime":1574159227105,"elapsedSeconds":0.0}},"expected":"PASS","isolationResult":"ERROR","cleaners":[]}},{"time":{"startTime":1574159239168,"endTime":1574159239168,"elapsedSeconds":0.0},"index":33,"deps":["org.jboss.as.naming.ObjectFactoryTestCase.testBindAndRetrieveObjectFactoryFromNamingContext"],"cleanerData":{"dependentTest":"org.jboss.as.naming.WritableServiceBasedNamingStoreTestCase.testPermissions","time":{"addTime":{"startTime":1574159239176,"endTime":1574159239176,"elapsedSeconds":0.0},"totalTime":{"startTime":1574159239176,"endTime":1574159239176,"elapsedSeconds":0.0}},"expected":"PASS","isolationResult":"ERROR","cleaners":[]}},{"time":{"startTime":1574159282984,"endTime":1574159282984,"elapsedSeconds":0.0},"index":34,"deps":["org.jboss.as.naming.WritableServiceBasedNamingStoreTestCase.testBind"],"cleanerData":{"dependentTest":"org.jboss.as.naming.WritableServiceBasedNamingStoreTestCase.testPermissions","time":{"addTime":{"startTime":1574159282991,"endTime":1574159282991,"elapsedSeconds":0.0},"totalTime":{"startTime":1574159282991,"endTime":1574159282991,"elapsedSeconds":0.0}},"expected":"PASS","isolationResult":"ERROR","cleaners":[]}},{"time":{"startTime":1574159306036,"endTime":1574159306036,"elapsedSeconds":0.0},"index":35,"deps":["org.jboss.as.naming.WritableServiceBasedNamingStoreTestCase.testBindNested"],"cleanerData":{"dependentTest":"org.jboss.as.naming.WritableServiceBasedNamingStoreTestCase.testPermissions","time":{"addTime":{"startTime":1574159306040,"endTime":1574159306040,"elapsedSeconds":0.0},"totalTime":{"startTime":1574159306040,"endTime":1574159306040,"elapsedSeconds":0.0}},"expected":"PASS","isolationResult":"ERROR","cleaners":[]}},{"time":{"startTime":1574159339707,"endTime":1574159339708,"elapsedSeconds":9.999275207519531E-4},"index":36,"deps":["org.jboss.as.naming.WritableServiceBasedNamingStoreTestCase.testRebind"],"cleanerData":{"dependentTest":"org.jboss.as.naming.WritableServiceBasedNamingStoreTestCase.testPermissions","time":{"addTime":{"startTime":1574159339715,"endTime":1574159339715,"elapsedSeconds":0.0},"totalTime":{"startTime":1574159339715,"endTime":1574159339715,"elapsedSeconds":0.0}},"expected":"PASS","isolationResult":"ERROR","cleaners":[]}},{"time":{"startTime":1574159544449,"endTime":1574159544449,"elapsedSeconds":0.0},"index":37,"deps":["org.jboss.as.naming.subsystem.NamingSubsystemTestCase.testCompositeBindingOps"],"cleanerData":{"dependentTest":"org.jboss.as.naming.WritableServiceBasedNamingStoreTestCase.testPermissions","time":{"addTime":{"startTime":1574159544456,"endTime":1574159544456,"elapsedSeconds":0.0},"totalTime":{"startTime":1574159544456,"endTime":1574159544456,"elapsedSeconds":0.0}},"expected":"PASS","isolationResult":"ERROR","cleaners":[]}},{"time":{"startTime":1574159555860,"endTime":1574159555860,"elapsedSeconds":0.0},"index":38,"deps":["org.jboss.as.naming.subsystem.NamingSubsystemTestCase.testOnlyExternalContextAllowsCache"],"cleanerData":{"dependentTest":"org.jboss.as.naming.WritableServiceBasedNamingStoreTestCase.testPermissions","time":{"addTime":{"startTime":1574159555872,"endTime":1574159555872,"elapsedSeconds":0.0},"totalTime":{"startTime":1574159555872,"endTime":1574159555872,"elapsedSeconds":0.0}},"expected":"PASS","isolationResult":"ERROR","cleaners":[]}},{"time":{"startTime":1574159580919,"endTime":1574159580919,"elapsedSeconds":0.0},"index":39,"deps":["org.jboss.as.naming.subsystem.NamingSubsystemTestCase.testCompositeBindingUpdate"],"cleanerData":{"dependentTest":"org.jboss.as.naming.WritableServiceBasedNamingStoreTestCase.testPermissions","time":{"addTime":{"startTime":1574159580925,"endTime":1574159580925,"elapsedSeconds":0.0},"totalTime":{"startTime":1574159580925,"endTime":1574159580925,"elapsedSeconds":0.0}},"expected":"PASS","isolationResult":"ERROR","cleaners":[]}},{"time":{"startTime":1574159607470,"endTime":1574159607470,"elapsedSeconds":0.0},"index":40,"deps":["org.jboss.as.naming.subsystem.NamingSubsystemTestCase.testRejectionsEAP6"],"cleanerData":{"dependentTest":"org.jboss.as.naming.WritableServiceBasedNamingStoreTestCase.testPermissions","time":{"addTime":{"startTime":1574159607478,"endTime":1574159607478,"elapsedSeconds":0.0},"totalTime":{"startTime":1574159607478,"endTime":1574159607478,"elapsedSeconds":0.0}},"expected":"PASS","isolationResult":"ERROR","cleaners":[]}},{"time":{"startTime":1574159634100,"endTime":1574159634100,"elapsedSeconds":0.0},"index":41,"deps":["org.jboss.as.naming.subsystem.NamingSubsystemTestCase.testRejectionsEAP7"],"cleanerData":{"dependentTest":"org.jboss.as.naming.WritableServiceBasedNamingStoreTestCase.testPermissions","time":{"addTime":{"startTime":1574159634108,"endTime":1574159634108,"elapsedSeconds":0.0},"totalTime":{"startTime":1574159634108,"endTime":1574159634108,"elapsedSeconds":0.0}},"expected":"PASS","isolationResult":"ERROR","cleaners":[]}},{"time":{"startTime":1574159655319,"endTime":1574159655319,"elapsedSeconds":0.0},"index":42,"deps":["org.jboss.as.naming.subsystem.NamingSubsystemTestCase.testSubsystem"],"cleanerData":{"dependentTest":"org.jboss.as.naming.WritableServiceBasedNamingStoreTestCase.testPermissions","time":{"addTime":{"startTime":1574159655328,"endTime":1574159655328,"elapsedSeconds":0.0},"totalTime":{"startTime":1574159655329,"endTime":1574159655329,"elapsedSeconds":0.0}},"expected":"PASS","isolationResult":"ERROR","cleaners":[]}}],"hash":"f3a2570f88f4fa423e4f2bc2ac257a99","flakyClass":"OD"}