{"time":{"startTime":1574070663131,"endTime":1574077711979,"elapsedSeconds":7048.848000049591},"expectedRun":{"id":"1574070598740-1976d374-8dcd-45e4-997c-d54ccec3f9e3","testOrder":["org.apache.struts2.portlet.dispatcher.Jsr168DispatcherTest.testModeChangeUsingPortletWidgets","org.apache.struts2.portlet.dispatcher.Jsr168DispatcherTest.testProcessAction_ok","org.apache.struts2.portlet.dispatcher.Jsr168DispatcherTest.testRender_ok","org.apache.struts2.portlet.dispatcher.Jsr168DispatcherTest.testParseConfigWithBang","org.apache.struts2.portlet.dispatcher.Jsr286DispatcherTest.testRender_ok","org.apache.struts2.portlet.dispatcher.Jsr286DispatcherTest.testParseConfigWithBang","org.apache.struts2.portlet.dispatcher.Jsr286DispatcherTest.testProcessAction_ok","org.apache.struts2.portlet.dispatcher.Jsr286DispatcherTest.testModeChangeUsingPortletWidgets","org.apache.struts2.portlet.PortletApplicationMapTest.testRemove","org.apache.struts2.portlet.PortletApplicationMapTest.testGetFromInitParameters","org.apache.struts2.portlet.PortletApplicationMapTest.testEntrySet","org.apache.struts2.portlet.PortletApplicationMapTest.testPut","org.apache.struts2.portlet.PortletApplicationMapTest.testGetFromAttributes","org.apache.struts2.portlet.PortletApplicationMapTest.testClear","org.apache.struts2.portlet.util.PortletUrlHelperTest.testCreateRenderUrlWithNoModeOrState","org.apache.struts2.portlet.util.PortletUrlHelperTest.testCreateRenderUrlWithDifferentPortletMode","org.apache.struts2.portlet.util.PortletUrlHelperTest.testCreateActionUrl","org.apache.struts2.portlet.util.PortletUrlHelperTest.testCreateRenderUrlWithDifferentWindowState","org.apache.struts2.views.jsp.PortletUrlTagTest.testUrlWithQueryParams","org.apache.struts2.views.jsp.PortletUrlTagTest.testResourceUrlWithTwoNestedParam","org.apache.struts2.views.jsp.PortletUrlTagTest.testSetWindowState","org.apache.struts2.views.jsp.PortletUrlTagTest.testUrlWithNoActionOrMethod","org.apache.struts2.views.jsp.PortletUrlTagTest.testActionUrl","org.apache.struts2.views.jsp.PortletUrlTagTest.testResourceUrl","org.apache.struts2.views.jsp.PortletUrlTagTest.testResourceUrlWithNestedParam","org.apache.struts2.views.jsp.PortletUrlTagTest.testEnsureParamsAreStringArrays","org.apache.struts2.views.jsp.PortletUrlTagTest.testWhenPortletModeDiffersFromCurrentAndNoParametersAreSetRenderTheDefaults","org.apache.struts2.views.jsp.PortletUrlTagTest.testSetPortletMode","org.apache.struts2.views.jsp.PortletUrlTagTest.testUrlWithMethod","org.apache.struts2.components.PortletUrlRendererTest.testIsPortelModeChanged","org.apache.struts2.components.PortletUrlRendererTest.testRenderUrlWithNamespace","org.apache.struts2.portlet.context.PortletActionContextTest.testIsRender","org.apache.struts2.portlet.context.PortletActionContextTest.testIsEvent","org.apache.struts2.portlet.context.PortletActionContextTest.testGetActionRequestAndResponse","org.apache.struts2.portlet.context.PortletActionContextTest.testGetActionRequestAndResponseInRenderPhase","org.apache.struts2.portlet.context.PortletActionContextTest.testGetRenderRequestAndResponse","org.apache.struts2.portlet.context.PortletActionContextTest.testGetRenderRequestAndResponseInEventPhase","org.apache.struts2.portlet.context.PortletActionContextTest.testGetDefaultActionForMode","org.apache.struts2.portlet.context.PortletActionContextTest.testGetPortletConfig","org.apache.struts2.portlet.context.PortletActionContextTest.testGetNamespace","org.apache.struts2.portlet.context.PortletActionContextTest.testIsAction","org.apache.struts2.portlet.context.PortletActionContextTest.testGetPhase","org.apache.struts2.portlet.result.PortletResultTest.testDoExecute_event_locationHasQueryParams","org.apache.struts2.portlet.result.PortletResultTest.testDoExecute_render","org.apache.struts2.portlet.result.PortletResultTest.testDoExecute_event_locationIsJsp","org.apache.struts2.portlet.result.PortletResultTest.testDoExecute_event_locationIsAction","org.apache.struts2.portlet.result.PortletResultTest.testTitleAndContentType","org.apache.struts2.portlet.interceptor.PortletAwareInterceptorTest.testPortletRequestIsSet","org.apache.struts2.portlet.interceptor.PortletStateInterceptorTest.testDoNotRestoreValueStackInRenderPhaseWhenProperPrg","org.apache.struts2.portlet.interceptor.PortletStateInterceptorTest.testCopyValueStackFromEventToRenderPhase","org.apache.struts2.portlet.interceptor.PortletStateInterceptorTest.testRestoreValueStackInRenderPhaseWhenNotProperPrg","org.apache.struts2.portlet.PortletSessionMapTest.testEntrySet","org.apache.struts2.portlet.PortletSessionMapTest.testPut","org.apache.struts2.portlet.PortletSessionMapTest.testRemove","org.apache.struts2.portlet.PortletSessionMapTest.testClear","org.apache.struts2.portlet.PortletSessionMapTest.testGet","org.apache.struts2.portlet.PortletRequestMapTest.testEntrySet","org.apache.struts2.portlet.PortletRequestMapTest.testClear","org.apache.struts2.portlet.PortletRequestMapTest.testPut","org.apache.struts2.portlet.PortletRequestMapTest.testRemove","org.apache.struts2.portlet.PortletRequestMapTest.testGet"],"results":{"org.apache.struts2.portlet.context.PortletActionContextTest.testIsRender":{"name":"org.apache.struts2.portlet.context.PortletActionContextTest.testIsRender","result":"PASS","time":0.105141039,"stackTrace":[]},"org.apache.struts2.views.jsp.PortletUrlTagTest.testSetWindowState":{"name":"org.apache.struts2.views.jsp.PortletUrlTagTest.testSetWindowState","result":"PASS","time":0.662956774,"stackTrace":[]},"org.apache.struts2.portlet.PortletRequestMapTest.testClear":{"name":"org.apache.struts2.portlet.PortletRequestMapTest.testClear","result":"PASS","time":0.002612947,"stackTrace":[]},"org.apache.struts2.portlet.PortletApplicationMapTest.testClear":{"name":"org.apache.struts2.portlet.PortletApplicationMapTest.testClear","result":"PASS","time":0.004314121,"stackTrace":[]},"org.apache.struts2.portlet.context.PortletActionContextTest.testGetActionRequestAndResponseInRenderPhase":{"name":"org.apache.struts2.portlet.context.PortletActionContextTest.testGetActionRequestAndResponseInRenderPhase","result":"PASS","time":0.015015539,"stackTrace":[]},"org.apache.struts2.portlet.dispatcher.Jsr168DispatcherTest.testRender_ok":{"name":"org.apache.struts2.portlet.dispatcher.Jsr168DispatcherTest.testRender_ok","result":"ERROR","time":0.349533283,"stackTrace":[{"declaringClass":"org.jmock.core.AbstractDynamicMock","methodName":"mockInvocation","fileName":"AbstractDynamicMock.java","lineNumber":96},{"declaringClass":"org.jmock.cglib.CGLIBCoreMock","methodName":"intercept","fileName":"CGLIBCoreMock.java","lineNumber":79},{"declaringClass":"org.jmock.codegen.com.opensymphony.xwork2.ActionProxyFactory$$EnhancerByCGLIB$$4d50394b","methodName":"createActionProxy","fileName":"\u003cgenerated\u003e","lineNumber":-1},{"declaringClass":"org.apache.struts2.portlet.dispatcher.Jsr168Dispatcher","methodName":"serviceAction","fileName":"Jsr168Dispatcher.java","lineNumber":485},{"declaringClass":"org.apache.struts2.portlet.dispatcher.Jsr168Dispatcher","methodName":"render","fileName":"Jsr168Dispatcher.java","lineNumber":337},{"declaringClass":"org.apache.struts2.portlet.dispatcher.Jsr168DispatcherTest","methodName":"testRender_ok","fileName":"Jsr168DispatcherTest.java","lineNumber":154},{"declaringClass":"sun.reflect.NativeMethodAccessorImpl","methodName":"invoke0","fileName":"NativeMethodAccessorImpl.java","lineNumber":-2},{"declaringClass":"sun.reflect.NativeMethodAccessorImpl","methodName":"invoke","fileName":"NativeMethodAccessorImpl.java","lineNumber":62},{"declaringClass":"sun.reflect.DelegatingMethodAccessorImpl","methodName":"invoke","fileName":"DelegatingMethodAccessorImpl.java","lineNumber":43},{"declaringClass":"java.lang.reflect.Method","methodName":"invoke","fileName":"Method.java","lineNumber":498},{"declaringClass":"org.junit.runners.model.FrameworkMethod$1","methodName":"runReflectiveCall","fileName":"FrameworkMethod.java","lineNumber":50},{"declaringClass":"org.junit.internal.runners.model.ReflectiveCallable","methodName":"run","fileName":"ReflectiveCallable.java","lineNumber":12},{"declaringClass":"org.junit.runners.model.FrameworkMethod","methodName":"invokeExplosively","fileName":"FrameworkMethod.java","lineNumber":47},{"declaringClass":"org.junit.internal.runners.statements.InvokeMethod","methodName":"evaluate","fileName":"InvokeMethod.java","lineNumber":17},{"declaringClass":"org.junit.internal.runners.statements.RunBefores","methodName":"evaluate","fileName":"RunBefores.java","lineNumber":26},{"declaringClass":"org.junit.internal.runners.statements.RunAfters","methodName":"evaluate","fileName":"RunAfters.java","lineNumber":27},{"declaringClass":"com.reedoei.testrunner.execution.JUnitTestRunner","methodName":"runChild","fileName":"JUnitTestRunner.java","lineNumber":332},{"declaringClass":"com.reedoei.testrunner.execution.JUnitTestRunner","methodName":"run","fileName":"JUnitTestRunner.java","lineNumber":108},{"declaringClass":"org.junit.runner.JUnitCore","methodName":"run","fileName":"JUnitCore.java","lineNumber":137},{"declaringClass":"com.reedoei.testrunner.execution.JUnitTestExecutor","methodName":"execute","fileName":"JUnitTestExecutor.java","lineNumber":292},{"declaringClass":"com.reedoei.testrunner.execution.JUnitTestExecutor","methodName":"execute","fileName":"JUnitTestExecutor.java","lineNumber":328},{"declaringClass":"com.reedoei.testrunner.execution.JUnitTestExecutor","methodName":"executeWithJUnit4Runner","fileName":"JUnitTestExecutor.java","lineNumber":366},{"declaringClass":"com.reedoei.testrunner.execution.JUnitTestExecutor","methodName":"runOrder","fileName":"JUnitTestExecutor.java","lineNumber":47},{"declaringClass":"com.reedoei.testrunner.execution.Executor$","methodName":"$anonfun$run$1","fileName":"Executor.scala","lineNumber":30},{"declaringClass":"scala.runtime.java8.JFunction0$mcV$sp","methodName":"apply","fileName":"JFunction0$mcV$sp.java","lineNumber":12},{"declaringClass":"scala.util.Try$","methodName":"apply","fileName":"Try.scala","lineNumber":209},{"declaringClass":"com.reedoei.testrunner.execution.Executor$","methodName":"run","fileName":"Executor.scala","lineNumber":28},{"declaringClass":"com.reedoei.testrunner.execution.Executor$","methodName":"main","fileName":"Executor.scala","lineNumber":18},{"declaringClass":"com.reedoei.testrunner.execution.Executor","methodName":"main","fileName":"Executor.scala","lineNumber":-1}]},"org.apache.struts2.portlet.dispatcher.Jsr286DispatcherTest.testModeChangeUsingPortletWidgets":{"name":"org.apache.struts2.portlet.dispatcher.Jsr286DispatcherTest.testModeChangeUsingPortletWidgets","result":"PASS","time":0.021335713,"stackTrace":[]},"org.apache.struts2.portlet.PortletSessionMapTest.testClear":{"name":"org.apache.struts2.portlet.PortletSessionMapTest.testClear","result":"PASS","time":0.005687647,"stackTrace":[]},"org.apache.struts2.portlet.result.PortletResultTest.testDoExecute_render":{"name":"org.apache.struts2.portlet.result.PortletResultTest.testDoExecute_render","result":"PASS","time":0.099261106,"stackTrace":[]},"org.apache.struts2.portlet.context.PortletActionContextTest.testGetNamespace":{"name":"org.apache.struts2.portlet.context.PortletActionContextTest.testGetNamespace","result":"PASS","time":0.005171763,"stackTrace":[]},"org.apache.struts2.components.PortletUrlRendererTest.testIsPortelModeChanged":{"name":"org.apache.struts2.components.PortletUrlRendererTest.testIsPortelModeChanged","result":"PASS","time":2.937948336,"stackTrace":[]},"org.apache.struts2.views.jsp.PortletUrlTagTest.testUrlWithNoActionOrMethod":{"name":"org.apache.struts2.views.jsp.PortletUrlTagTest.testUrlWithNoActionOrMethod","result":"PASS","time":0.79391947,"stackTrace":[]},"org.apache.struts2.portlet.interceptor.PortletAwareInterceptorTest.testPortletRequestIsSet":{"name":"org.apache.struts2.portlet.interceptor.PortletAwareInterceptorTest.testPortletRequestIsSet","result":"PASS","time":0.081950002,"stackTrace":[]},"org.apache.struts2.portlet.PortletApplicationMapTest.testGetFromAttributes":{"name":"org.apache.struts2.portlet.PortletApplicationMapTest.testGetFromAttributes","result":"PASS","time":0.002972585,"stackTrace":[]},"org.apache.struts2.portlet.result.PortletResultTest.testTitleAndContentType":{"name":"org.apache.struts2.portlet.result.PortletResultTest.testTitleAndContentType","result":"PASS","time":0.006433255,"stackTrace":[]},"org.apache.struts2.portlet.util.PortletUrlHelperTest.testCreateRenderUrlWithNoModeOrState":{"name":"org.apache.struts2.portlet.util.PortletUrlHelperTest.testCreateRenderUrlWithNoModeOrState","result":"PASS","time":0.127799151,"stackTrace":[]},"org.apache.struts2.components.PortletUrlRendererTest.testRenderUrlWithNamespace":{"name":"org.apache.struts2.components.PortletUrlRendererTest.testRenderUrlWithNamespace","result":"PASS","time":1.722184288,"stackTrace":[]},"org.apache.struts2.portlet.result.PortletResultTest.testDoExecute_event_locationIsAction":{"name":"org.apache.struts2.portlet.result.PortletResultTest.testDoExecute_event_locationIsAction","result":"PASS","time":0.008077225,"stackTrace":[]},"org.apache.struts2.portlet.PortletApplicationMapTest.testEntrySet":{"name":"org.apache.struts2.portlet.PortletApplicationMapTest.testEntrySet","result":"PASS","time":0.028438304,"stackTrace":[]},"org.apache.struts2.views.jsp.PortletUrlTagTest.testResourceUrlWithNestedParam":{"name":"org.apache.struts2.views.jsp.PortletUrlTagTest.testResourceUrlWithNestedParam","result":"PASS","time":0.53263457,"stackTrace":[]},"org.apache.struts2.portlet.dispatcher.Jsr286DispatcherTest.testRender_ok":{"name":"org.apache.struts2.portlet.dispatcher.Jsr286DispatcherTest.testRender_ok","result":"ERROR","time":0.365974384,"stackTrace":[{"declaringClass":"org.jmock.core.AbstractDynamicMock","methodName":"mockInvocation","fileName":"AbstractDynamicMock.java","lineNumber":96},{"declaringClass":"org.jmock.cglib.CGLIBCoreMock","methodName":"intercept","fileName":"CGLIBCoreMock.java","lineNumber":79},{"declaringClass":"org.jmock.codegen.com.opensymphony.xwork2.ActionProxyFactory$$EnhancerByCGLIB$$4d50394b","methodName":"createActionProxy","fileName":"\u003cgenerated\u003e","lineNumber":-1},{"declaringClass":"org.apache.struts2.portlet.dispatcher.Jsr168Dispatcher","methodName":"serviceAction","fileName":"Jsr168Dispatcher.java","lineNumber":485},{"declaringClass":"org.apache.struts2.portlet.dispatcher.Jsr168Dispatcher","methodName":"render","fileName":"Jsr168Dispatcher.java","lineNumber":337},{"declaringClass":"org.apache.struts2.portlet.dispatcher.Jsr286DispatcherTest","methodName":"testRender_ok","fileName":"Jsr286DispatcherTest.java","lineNumber":88},{"declaringClass":"sun.reflect.NativeMethodAccessorImpl","methodName":"invoke0","fileName":"NativeMethodAccessorImpl.java","lineNumber":-2},{"declaringClass":"sun.reflect.NativeMethodAccessorImpl","methodName":"invoke","fileName":"NativeMethodAccessorImpl.java","lineNumber":62},{"declaringClass":"sun.reflect.DelegatingMethodAccessorImpl","methodName":"invoke","fileName":"DelegatingMethodAccessorImpl.java","lineNumber":43},{"declaringClass":"java.lang.reflect.Method","methodName":"invoke","fileName":"Method.java","lineNumber":498},{"declaringClass":"org.junit.runners.model.FrameworkMethod$1","methodName":"runReflectiveCall","fileName":"FrameworkMethod.java","lineNumber":50},{"declaringClass":"org.junit.internal.runners.model.ReflectiveCallable","methodName":"run","fileName":"ReflectiveCallable.java","lineNumber":12},{"declaringClass":"org.junit.runners.model.FrameworkMethod","methodName":"invokeExplosively","fileName":"FrameworkMethod.java","lineNumber":47},{"declaringClass":"org.junit.internal.runners.statements.InvokeMethod","methodName":"evaluate","fileName":"InvokeMethod.java","lineNumber":17},{"declaringClass":"org.junit.internal.runners.statements.RunBefores","methodName":"evaluate","fileName":"RunBefores.java","lineNumber":26},{"declaringClass":"org.junit.internal.runners.statements.RunAfters","methodName":"evaluate","fileName":"RunAfters.java","lineNumber":27},{"declaringClass":"com.reedoei.testrunner.execution.JUnitTestRunner","methodName":"runChild","fileName":"JUnitTestRunner.java","lineNumber":332},{"declaringClass":"com.reedoei.testrunner.execution.JUnitTestRunner","methodName":"run","fileName":"JUnitTestRunner.java","lineNumber":108},{"declaringClass":"org.junit.runner.JUnitCore","methodName":"run","fileName":"JUnitCore.java","lineNumber":137},{"declaringClass":"com.reedoei.testrunner.execution.JUnitTestExecutor","methodName":"execute","fileName":"JUnitTestExecutor.java","lineNumber":292},{"declaringClass":"com.reedoei.testrunner.execution.JUnitTestExecutor","methodName":"execute","fileName":"JUnitTestExecutor.java","lineNumber":328},{"declaringClass":"com.reedoei.testrunner.execution.JUnitTestExecutor","methodName":"executeWithJUnit4Runner","fileName":"JUnitTestExecutor.java","lineNumber":366},{"declaringClass":"com.reedoei.testrunner.execution.JUnitTestExecutor","methodName":"runOrder","fileName":"JUnitTestExecutor.java","lineNumber":47},{"declaringClass":"com.reedoei.testrunner.execution.Executor$","methodName":"$anonfun$run$1","fileName":"Executor.scala","lineNumber":30},{"declaringClass":"scala.runtime.java8.JFunction0$mcV$sp","methodName":"apply","fileName":"JFunction0$mcV$sp.java","lineNumber":12},{"declaringClass":"scala.util.Try$","methodName":"apply","fileName":"Try.scala","lineNumber":209},{"declaringClass":"com.reedoei.testrunner.execution.Executor$","methodName":"run","fileName":"Executor.scala","lineNumber":28},{"declaringClass":"com.reedoei.testrunner.execution.Executor$","methodName":"main","fileName":"Executor.scala","lineNumber":18},{"declaringClass":"com.reedoei.testrunner.execution.Executor","methodName":"main","fileName":"Executor.scala","lineNumber":-1}]},"org.apache.struts2.portlet.PortletSessionMapTest.testGet":{"name":"org.apache.struts2.portlet.PortletSessionMapTest.testGet","result":"PASS","time":0.001612888,"stackTrace":[]},"org.apache.struts2.views.jsp.PortletUrlTagTest.testResourceUrlWithTwoNestedParam":{"name":"org.apache.struts2.views.jsp.PortletUrlTagTest.testResourceUrlWithTwoNestedParam","result":"PASS","time":0.983561853,"stackTrace":[]},"org.apache.struts2.views.jsp.PortletUrlTagTest.testActionUrl":{"name":"org.apache.struts2.views.jsp.PortletUrlTagTest.testActionUrl","result":"PASS","time":1.065461565,"stackTrace":[]},"org.apache.struts2.portlet.context.PortletActionContextTest.testGetRenderRequestAndResponseInEventPhase":{"name":"org.apache.struts2.portlet.context.PortletActionContextTest.testGetRenderRequestAndResponseInEventPhase","result":"PASS","time":0.005571003,"stackTrace":[]},"org.apache.struts2.portlet.context.PortletActionContextTest.testGetRenderRequestAndResponse":{"name":"org.apache.struts2.portlet.context.PortletActionContextTest.testGetRenderRequestAndResponse","result":"PASS","time":0.005261725,"stackTrace":[]},"org.apache.struts2.views.jsp.PortletUrlTagTest.testUrlWithQueryParams":{"name":"org.apache.struts2.views.jsp.PortletUrlTagTest.testUrlWithQueryParams","result":"PASS","time":0.937742948,"stackTrace":[]},"org.apache.struts2.portlet.PortletRequestMapTest.testPut":{"name":"org.apache.struts2.portlet.PortletRequestMapTest.testPut","result":"PASS","time":0.0030608,"stackTrace":[]},"org.apache.struts2.portlet.context.PortletActionContextTest.testGetPortletConfig":{"name":"org.apache.struts2.portlet.context.PortletActionContextTest.testGetPortletConfig","result":"PASS","time":0.011389752,"stackTrace":[]},"org.apache.struts2.portlet.interceptor.PortletStateInterceptorTest.testRestoreValueStackInRenderPhaseWhenNotProperPrg":{"name":"org.apache.struts2.portlet.interceptor.PortletStateInterceptorTest.testRestoreValueStackInRenderPhaseWhenNotProperPrg","result":"PASS","time":1.188120944,"stackTrace":[]},"org.apache.struts2.views.jsp.PortletUrlTagTest.testEnsureParamsAreStringArrays":{"name":"org.apache.struts2.views.jsp.PortletUrlTagTest.testEnsureParamsAreStringArrays","result":"PASS","time":0.585574646,"stackTrace":[]},"org.apache.struts2.portlet.dispatcher.Jsr168DispatcherTest.testModeChangeUsingPortletWidgets":{"name":"org.apache.struts2.portlet.dispatcher.Jsr168DispatcherTest.testModeChangeUsingPortletWidgets","result":"PASS","time":10.149789994,"stackTrace":[]},"org.apache.struts2.portlet.PortletSessionMapTest.testEntrySet":{"name":"org.apache.struts2.portlet.PortletSessionMapTest.testEntrySet","result":"PASS","time":0.024150865,"stackTrace":[]},"org.apache.struts2.portlet.PortletRequestMapTest.testGet":{"name":"org.apache.struts2.portlet.PortletRequestMapTest.testGet","result":"PASS","time":0.002506641,"stackTrace":[]},"org.apache.struts2.portlet.dispatcher.Jsr286DispatcherTest.testParseConfigWithBang":{"name":"org.apache.struts2.portlet.dispatcher.Jsr286DispatcherTest.testParseConfigWithBang","result":"PASS","time":0.005252924,"stackTrace":[]},"org.apache.struts2.portlet.context.PortletActionContextTest.testIsEvent":{"name":"org.apache.struts2.portlet.context.PortletActionContextTest.testIsEvent","result":"PASS","time":0.004595741,"stackTrace":[]},"org.apache.struts2.portlet.context.PortletActionContextTest.testIsAction":{"name":"org.apache.struts2.portlet.context.PortletActionContextTest.testIsAction","result":"PASS","time":0.003559083,"stackTrace":[]},"org.apache.struts2.portlet.PortletApplicationMapTest.testRemove":{"name":"org.apache.struts2.portlet.PortletApplicationMapTest.testRemove","result":"PASS","time":0.038710656,"stackTrace":[]},"org.apache.struts2.portlet.interceptor.PortletStateInterceptorTest.testCopyValueStackFromEventToRenderPhase":{"name":"org.apache.struts2.portlet.interceptor.PortletStateInterceptorTest.testCopyValueStackFromEventToRenderPhase","result":"PASS","time":1.72422715,"stackTrace":[]},"org.apache.struts2.portlet.context.PortletActionContextTest.testGetActionRequestAndResponse":{"name":"org.apache.struts2.portlet.context.PortletActionContextTest.testGetActionRequestAndResponse","result":"PASS","time":0.0044601,"stackTrace":[]},"org.apache.struts2.portlet.context.PortletActionContextTest.testGetDefaultActionForMode":{"name":"org.apache.struts2.portlet.context.PortletActionContextTest.testGetDefaultActionForMode","result":"PASS","time":0.00724431,"stackTrace":[]},"org.apache.struts2.portlet.result.PortletResultTest.testDoExecute_event_locationHasQueryParams":{"name":"org.apache.struts2.portlet.result.PortletResultTest.testDoExecute_event_locationHasQueryParams","result":"PASS","time":0.021978786,"stackTrace":[]},"org.apache.struts2.portlet.PortletSessionMapTest.testRemove":{"name":"org.apache.struts2.portlet.PortletSessionMapTest.testRemove","result":"PASS","time":0.00194836,"stackTrace":[]},"org.apache.struts2.portlet.result.PortletResultTest.testDoExecute_event_locationIsJsp":{"name":"org.apache.struts2.portlet.result.PortletResultTest.testDoExecute_event_locationIsJsp","result":"PASS","time":0.032863481,"stackTrace":[]},"org.apache.struts2.views.jsp.PortletUrlTagTest.testWhenPortletModeDiffersFromCurrentAndNoParametersAreSetRenderTheDefaults":{"name":"org.apache.struts2.views.jsp.PortletUrlTagTest.testWhenPortletModeDiffersFromCurrentAndNoParametersAreSetRenderTheDefaults","result":"PASS","time":1.136282761,"stackTrace":[]},"org.apache.struts2.views.jsp.PortletUrlTagTest.testResourceUrl":{"name":"org.apache.struts2.views.jsp.PortletUrlTagTest.testResourceUrl","result":"PASS","time":0.724819844,"stackTrace":[]},"org.apache.struts2.portlet.PortletApplicationMapTest.testPut":{"name":"org.apache.struts2.portlet.PortletApplicationMapTest.testPut","result":"PASS","time":0.003986263,"stackTrace":[]},"org.apache.struts2.portlet.dispatcher.Jsr286DispatcherTest.testProcessAction_ok":{"name":"org.apache.struts2.portlet.dispatcher.Jsr286DispatcherTest.testProcessAction_ok","result":"ERROR","time":0.652950676,"stackTrace":[{"declaringClass":"org.jmock.core.AbstractDynamicMock","methodName":"mockInvocation","fileName":"AbstractDynamicMock.java","lineNumber":96},{"declaringClass":"org.jmock.cglib.CGLIBCoreMock","methodName":"intercept","fileName":"CGLIBCoreMock.java","lineNumber":79},{"declaringClass":"org.jmock.codegen.com.opensymphony.xwork2.ActionProxyFactory$$EnhancerByCGLIB$$4d50394b","methodName":"createActionProxy","fileName":"\u003cgenerated\u003e","lineNumber":-1},{"declaringClass":"org.apache.struts2.portlet.dispatcher.Jsr168Dispatcher","methodName":"serviceAction","fileName":"Jsr168Dispatcher.java","lineNumber":485},{"declaringClass":"org.apache.struts2.portlet.dispatcher.Jsr168Dispatcher","methodName":"processAction","fileName":"Jsr168Dispatcher.java","lineNumber":305},{"declaringClass":"org.apache.struts2.portlet.dispatcher.Jsr286DispatcherTest","methodName":"testProcessAction_ok","fileName":"Jsr286DispatcherTest.java","lineNumber":121},{"declaringClass":"sun.reflect.NativeMethodAccessorImpl","methodName":"invoke0","fileName":"NativeMethodAccessorImpl.java","lineNumber":-2},{"declaringClass":"sun.reflect.NativeMethodAccessorImpl","methodName":"invoke","fileName":"NativeMethodAccessorImpl.java","lineNumber":62},{"declaringClass":"sun.reflect.DelegatingMethodAccessorImpl","methodName":"invoke","fileName":"DelegatingMethodAccessorImpl.java","lineNumber":43},{"declaringClass":"java.lang.reflect.Method","methodName":"invoke","fileName":"Method.java","lineNumber":498},{"declaringClass":"org.junit.runners.model.FrameworkMethod$1","methodName":"runReflectiveCall","fileName":"FrameworkMethod.java","lineNumber":50},{"declaringClass":"org.junit.internal.runners.model.ReflectiveCallable","methodName":"run","fileName":"ReflectiveCallable.java","lineNumber":12},{"declaringClass":"org.junit.runners.model.FrameworkMethod","methodName":"invokeExplosively","fileName":"FrameworkMethod.java","lineNumber":47},{"declaringClass":"org.junit.internal.runners.statements.InvokeMethod","methodName":"evaluate","fileName":"InvokeMethod.java","lineNumber":17},{"declaringClass":"org.junit.internal.runners.statements.RunBefores","methodName":"evaluate","fileName":"RunBefores.java","lineNumber":26},{"declaringClass":"org.junit.internal.runners.statements.RunAfters","methodName":"evaluate","fileName":"RunAfters.java","lineNumber":27},{"declaringClass":"com.reedoei.testrunner.execution.JUnitTestRunner","methodName":"runChild","fileName":"JUnitTestRunner.java","lineNumber":332},{"declaringClass":"com.reedoei.testrunner.execution.JUnitTestRunner","methodName":"run","fileName":"JUnitTestRunner.java","lineNumber":108},{"declaringClass":"org.junit.runner.JUnitCore","methodName":"run","fileName":"JUnitCore.java","lineNumber":137},{"declaringClass":"com.reedoei.testrunner.execution.JUnitTestExecutor","methodName":"execute","fileName":"JUnitTestExecutor.java","lineNumber":292},{"declaringClass":"com.reedoei.testrunner.execution.JUnitTestExecutor","methodName":"execute","fileName":"JUnitTestExecutor.java","lineNumber":328},{"declaringClass":"com.reedoei.testrunner.execution.JUnitTestExecutor","methodName":"executeWithJUnit4Runner","fileName":"JUnitTestExecutor.java","lineNumber":366},{"declaringClass":"com.reedoei.testrunner.execution.JUnitTestExecutor","methodName":"runOrder","fileName":"JUnitTestExecutor.java","lineNumber":47},{"declaringClass":"com.reedoei.testrunner.execution.Executor$","methodName":"$anonfun$run$1","fileName":"Executor.scala","lineNumber":30},{"declaringClass":"scala.runtime.java8.JFunction0$mcV$sp","methodName":"apply","fileName":"JFunction0$mcV$sp.java","lineNumber":12},{"declaringClass":"scala.util.Try$","methodName":"apply","fileName":"Try.scala","lineNumber":209},{"declaringClass":"com.reedoei.testrunner.execution.Executor$","methodName":"run","fileName":"Executor.scala","lineNumber":28},{"declaringClass":"com.reedoei.testrunner.execution.Executor$","methodName":"main","fileName":"Executor.scala","lineNumber":18},{"declaringClass":"com.reedoei.testrunner.execution.Executor","methodName":"main","fileName":"Executor.scala","lineNumber":-1}]},"org.apache.struts2.portlet.interceptor.PortletStateInterceptorTest.testDoNotRestoreValueStackInRenderPhaseWhenProperPrg":{"name":"org.apache.struts2.portlet.interceptor.PortletStateInterceptorTest.testDoNotRestoreValueStackInRenderPhaseWhenProperPrg","result":"PASS","time":1.484102649,"stackTrace":[]},"org.apache.struts2.portlet.util.PortletUrlHelperTest.testCreateRenderUrlWithDifferentWindowState":{"name":"org.apache.struts2.portlet.util.PortletUrlHelperTest.testCreateRenderUrlWithDifferentWindowState","result":"PASS","time":0.004040533,"stackTrace":[]},"org.apache.struts2.portlet.dispatcher.Jsr168DispatcherTest.testProcessAction_ok":{"name":"org.apache.struts2.portlet.dispatcher.Jsr168DispatcherTest.testProcessAction_ok","result":"ERROR","time":1.540604739,"stackTrace":[{"declaringClass":"org.jmock.core.AbstractDynamicMock","methodName":"mockInvocation","fileName":"AbstractDynamicMock.java","lineNumber":96},{"declaringClass":"org.jmock.cglib.CGLIBCoreMock","methodName":"intercept","fileName":"CGLIBCoreMock.java","lineNumber":79},{"declaringClass":"org.jmock.codegen.com.opensymphony.xwork2.ActionProxyFactory$$EnhancerByCGLIB$$4d50394b","methodName":"createActionProxy","fileName":"\u003cgenerated\u003e","lineNumber":-1},{"declaringClass":"org.apache.struts2.portlet.dispatcher.Jsr168Dispatcher","methodName":"serviceAction","fileName":"Jsr168Dispatcher.java","lineNumber":485},{"declaringClass":"org.apache.struts2.portlet.dispatcher.Jsr168Dispatcher","methodName":"processAction","fileName":"Jsr168Dispatcher.java","lineNumber":305},{"declaringClass":"org.apache.struts2.portlet.dispatcher.Jsr168DispatcherTest","methodName":"testProcessAction_ok","fileName":"Jsr168DispatcherTest.java","lineNumber":183},{"declaringClass":"sun.reflect.NativeMethodAccessorImpl","methodName":"invoke0","fileName":"NativeMethodAccessorImpl.java","lineNumber":-2},{"declaringClass":"sun.reflect.NativeMethodAccessorImpl","methodName":"invoke","fileName":"NativeMethodAccessorImpl.java","lineNumber":62},{"declaringClass":"sun.reflect.DelegatingMethodAccessorImpl","methodName":"invoke","fileName":"DelegatingMethodAccessorImpl.java","lineNumber":43},{"declaringClass":"java.lang.reflect.Method","methodName":"invoke","fileName":"Method.java","lineNumber":498},{"declaringClass":"org.junit.runners.model.FrameworkMethod$1","methodName":"runReflectiveCall","fileName":"FrameworkMethod.java","lineNumber":50},{"declaringClass":"org.junit.internal.runners.model.ReflectiveCallable","methodName":"run","fileName":"ReflectiveCallable.java","lineNumber":12},{"declaringClass":"org.junit.runners.model.FrameworkMethod","methodName":"invokeExplosively","fileName":"FrameworkMethod.java","lineNumber":47},{"declaringClass":"org.junit.internal.runners.statements.InvokeMethod","methodName":"evaluate","fileName":"InvokeMethod.java","lineNumber":17},{"declaringClass":"org.junit.internal.runners.statements.RunBefores","methodName":"evaluate","fileName":"RunBefores.java","lineNumber":26},{"declaringClass":"org.junit.internal.runners.statements.RunAfters","methodName":"evaluate","fileName":"RunAfters.java","lineNumber":27},{"declaringClass":"com.reedoei.testrunner.execution.JUnitTestRunner","methodName":"runChild","fileName":"JUnitTestRunner.java","lineNumber":332},{"declaringClass":"com.reedoei.testrunner.execution.JUnitTestRunner","methodName":"run","fileName":"JUnitTestRunner.java","lineNumber":108},{"declaringClass":"org.junit.runner.JUnitCore","methodName":"run","fileName":"JUnitCore.java","lineNumber":137},{"declaringClass":"com.reedoei.testrunner.execution.JUnitTestExecutor","methodName":"execute","fileName":"JUnitTestExecutor.java","lineNumber":292},{"declaringClass":"com.reedoei.testrunner.execution.JUnitTestExecutor","methodName":"execute","fileName":"JUnitTestExecutor.java","lineNumber":328},{"declaringClass":"com.reedoei.testrunner.execution.JUnitTestExecutor","methodName":"executeWithJUnit4Runner","fileName":"JUnitTestExecutor.java","lineNumber":366},{"declaringClass":"com.reedoei.testrunner.execution.JUnitTestExecutor","methodName":"runOrder","fileName":"JUnitTestExecutor.java","lineNumber":47},{"declaringClass":"com.reedoei.testrunner.execution.Executor$","methodName":"$anonfun$run$1","fileName":"Executor.scala","lineNumber":30},{"declaringClass":"scala.runtime.java8.JFunction0$mcV$sp","methodName":"apply","fileName":"JFunction0$mcV$sp.java","lineNumber":12},{"declaringClass":"scala.util.Try$","methodName":"apply","fileName":"Try.scala","lineNumber":209},{"declaringClass":"com.reedoei.testrunner.execution.Executor$","methodName":"run","fileName":"Executor.scala","lineNumber":28},{"declaringClass":"com.reedoei.testrunner.execution.Executor$","methodName":"main","fileName":"Executor.scala","lineNumber":18},{"declaringClass":"com.reedoei.testrunner.execution.Executor","methodName":"main","fileName":"Executor.scala","lineNumber":-1}]},"org.apache.struts2.portlet.PortletApplicationMapTest.testGetFromInitParameters":{"name":"org.apache.struts2.portlet.PortletApplicationMapTest.testGetFromInitParameters","result":"PASS","time":0.004556068,"stackTrace":[]},"org.apache.struts2.portlet.dispatcher.Jsr168DispatcherTest.testParseConfigWithBang":{"name":"org.apache.struts2.portlet.dispatcher.Jsr168DispatcherTest.testParseConfigWithBang","result":"PASS","time":0.104287239,"stackTrace":[]},"org.apache.struts2.portlet.context.PortletActionContextTest.testGetPhase":{"name":"org.apache.struts2.portlet.context.PortletActionContextTest.testGetPhase","result":"PASS","time":0.004676134,"stackTrace":[]},"org.apache.struts2.portlet.util.PortletUrlHelperTest.testCreateRenderUrlWithDifferentPortletMode":{"name":"org.apache.struts2.portlet.util.PortletUrlHelperTest.testCreateRenderUrlWithDifferentPortletMode","result":"PASS","time":0.006872029,"stackTrace":[]},"org.apache.struts2.portlet.util.PortletUrlHelperTest.testCreateActionUrl":{"name":"org.apache.struts2.portlet.util.PortletUrlHelperTest.testCreateActionUrl","result":"PASS","time":0.002566918,"stackTrace":[]},"org.apache.struts2.views.jsp.PortletUrlTagTest.testSetPortletMode":{"name":"org.apache.struts2.views.jsp.PortletUrlTagTest.testSetPortletMode","result":"PASS","time":0.917187068,"stackTrace":[]},"org.apache.struts2.portlet.PortletSessionMapTest.testPut":{"name":"org.apache.struts2.portlet.PortletSessionMapTest.testPut","result":"PASS","time":0.002641444,"stackTrace":[]},"org.apache.struts2.portlet.PortletRequestMapTest.testRemove":{"name":"org.apache.struts2.portlet.PortletRequestMapTest.testRemove","result":"PASS","time":0.002564613,"stackTrace":[]},"org.apache.struts2.portlet.PortletRequestMapTest.testEntrySet":{"name":"org.apache.struts2.portlet.PortletRequestMapTest.testEntrySet","result":"PASS","time":0.008730358,"stackTrace":[]},"org.apache.struts2.views.jsp.PortletUrlTagTest.testUrlWithMethod":{"name":"org.apache.struts2.views.jsp.PortletUrlTagTest.testUrlWithMethod","result":"PASS","time":1.19963153,"stackTrace":[]}},"diffs":{}},"expected":"ERROR","dependentTest":"org.apache.struts2.portlet.dispatcher.Jsr286DispatcherTest.testRender_ok","polluters":[{"time":{"startTime":1574070681456,"endTime":1574070681456,"elapsedSeconds":0.0},"index":0,"deps":["org.apache.struts2.portlet.dispatcher.Jsr168DispatcherTest.testModeChangeUsingPortletWidgets"],"cleanerData":{"dependentTest":"org.apache.struts2.portlet.dispatcher.Jsr286DispatcherTest.testRender_ok","time":{"addTime":{"startTime":1574070681502,"endTime":1574070779460,"elapsedSeconds":97.95799994468689},"totalTime":{"startTime":1574070681502,"endTime":1574072207555,"elapsedSeconds":1526.0529999732971}},"expected":"ERROR","isolationResult":"PASS","cleaners":[{"dependentTest":"org.apache.struts2.portlet.dispatcher.Jsr286DispatcherTest.testRender_ok","originalSize":4,"cleanerTests":["org.apache.struts2.components.PortletUrlRendererTest.testRenderUrlWithNamespace"],"orderFound":0,"time":{"addTime":{"startTime":1574070681502,"endTime":1574070779460,"elapsedSeconds":97.95799994468689},"totalTime":{"startTime":1574070681502,"endTime":1574072207555,"elapsedSeconds":1526.0529999732971}}},{"dependentTest":"org.apache.struts2.portlet.dispatcher.Jsr286DispatcherTest.testRender_ok","originalSize":56,"cleanerTests":["org.apache.struts2.portlet.interceptor.PortletStateInterceptorTest.testCopyValueStackFromEventToRenderPhase"],"orderFound":1,"time":{"addTime":{"startTime":1574070681502,"endTime":1574070812844,"elapsedSeconds":131.3420000076294},"totalTime":{"startTime":1574070681502,"endTime":1574072467578,"elapsedSeconds":1786.0759999752045}}},{"dependentTest":"org.apache.struts2.portlet.dispatcher.Jsr286DispatcherTest.testRender_ok","originalSize":1,"cleanerTests":["org.apache.struts2.components.PortletUrlRendererTest.testIsPortelModeChanged"],"orderFound":3,"time":{"addTime":{"startTime":1574070681502,"endTime":1574070862052,"elapsedSeconds":180.54999995231628},"totalTime":{"startTime":1574070681502,"endTime":1574072531798,"elapsedSeconds":1850.2960000038147}}},{"dependentTest":"org.apache.struts2.portlet.dispatcher.Jsr286DispatcherTest.testRender_ok","originalSize":1,"cleanerTests":["org.apache.struts2.portlet.interceptor.PortletStateInterceptorTest.testRestoreValueStackInRenderPhaseWhenNotProperPrg"],"orderFound":5,"time":{"addTime":{"startTime":1574070681502,"endTime":1574071398615,"elapsedSeconds":717.1139996051788},"totalTime":{"startTime":1574070681502,"endTime":1574072600151,"elapsedSeconds":1918.648999929428}}},{"dependentTest":"org.apache.struts2.portlet.dispatcher.Jsr286DispatcherTest.testRender_ok","originalSize":1,"cleanerTests":["org.apache.struts2.portlet.interceptor.PortletStateInterceptorTest.testDoNotRestoreValueStackInRenderPhaseWhenProperPrg"],"orderFound":6,"time":{"addTime":{"startTime":1574070681502,"endTime":1574071414118,"elapsedSeconds":732.6169993877411},"totalTime":{"startTime":1574070681502,"endTime":1574072660103,"elapsedSeconds":1978.6009998321533}}},{"dependentTest":"org.apache.struts2.portlet.dispatcher.Jsr286DispatcherTest.testRender_ok","originalSize":1,"cleanerTests":["org.apache.struts2.views.jsp.PortletUrlTagTest.testSetWindowState"],"orderFound":7,"time":{"addTime":{"startTime":1574070681502,"endTime":1574071574419,"elapsedSeconds":892.9179997444153},"totalTime":{"startTime":1574070681502,"endTime":1574072715753,"elapsedSeconds":2034.2509999275208}}},{"dependentTest":"org.apache.struts2.portlet.dispatcher.Jsr286DispatcherTest.testRender_ok","originalSize":1,"cleanerTests":["org.apache.struts2.views.jsp.PortletUrlTagTest.testUrlWithMethod"],"orderFound":8,"time":{"addTime":{"startTime":1574070681502,"endTime":1574071610308,"elapsedSeconds":928.8069996833801},"totalTime":{"startTime":1574070681502,"endTime":1574072783335,"elapsedSeconds":2101.832999944687}}},{"dependentTest":"org.apache.struts2.portlet.dispatcher.Jsr286DispatcherTest.testRender_ok","originalSize":1,"cleanerTests":["org.apache.struts2.views.jsp.PortletUrlTagTest.testResourceUrlWithTwoNestedParam"],"orderFound":9,"time":{"addTime":{"startTime":1574070681502,"endTime":1574071623928,"elapsedSeconds":942.4269995689392},"totalTime":{"startTime":1574070681502,"endTime":1574072844261,"elapsedSeconds":2162.758999824524}}},{"dependentTest":"org.apache.struts2.portlet.dispatcher.Jsr286DispatcherTest.testRender_ok","originalSize":1,"cleanerTests":["org.apache.struts2.views.jsp.PortletUrlTagTest.testUrlWithNoActionOrMethod"],"orderFound":10,"time":{"addTime":{"startTime":1574070681502,"endTime":1574071640239,"elapsedSeconds":958.7379996776581},"totalTime":{"startTime":1574070681502,"endTime":1574072901486,"elapsedSeconds":2219.983999967575}}},{"dependentTest":"org.apache.struts2.portlet.dispatcher.Jsr286DispatcherTest.testRender_ok","originalSize":1,"cleanerTests":["org.apache.struts2.views.jsp.PortletUrlTagTest.testWhenPortletModeDiffersFromCurrentAndNoParametersAreSetRenderTheDefaults"],"orderFound":11,"time":{"addTime":{"startTime":1574070681502,"endTime":1574071674403,"elapsedSeconds":992.9019994735718},"totalTime":{"startTime":1574070681502,"endTime":1574072970850,"elapsedSeconds":2289.3479998111725}}},{"dependentTest":"org.apache.struts2.portlet.dispatcher.Jsr286DispatcherTest.testRender_ok","originalSize":1,"cleanerTests":["org.apache.struts2.views.jsp.PortletUrlTagTest.testUrlWithQueryParams"],"orderFound":12,"time":{"addTime":{"startTime":1574070681502,"endTime":1574071690125,"elapsedSeconds":1008.6229999065399},"totalTime":{"startTime":1574070681502,"endTime":1574073035890,"elapsedSeconds":2354.388000011444}}},{"dependentTest":"org.apache.struts2.portlet.dispatcher.Jsr286DispatcherTest.testRender_ok","originalSize":1,"cleanerTests":["org.apache.struts2.views.jsp.PortletUrlTagTest.testResourceUrl"],"orderFound":13,"time":{"addTime":{"startTime":1574070681502,"endTime":1574071707278,"elapsedSeconds":1025.7759997844696},"totalTime":{"startTime":1574070681502,"endTime":1574073099859,"elapsedSeconds":2418.356999874115}}},{"dependentTest":"org.apache.struts2.portlet.dispatcher.Jsr286DispatcherTest.testRender_ok","originalSize":1,"cleanerTests":["org.apache.struts2.views.jsp.PortletUrlTagTest.testActionUrl"],"orderFound":14,"time":{"addTime":{"startTime":1574070681502,"endTime":1574071733524,"elapsedSeconds":1052.0229995250702},"totalTime":{"startTime":1574070681502,"endTime":1574073165860,"elapsedSeconds":2484.3579998016357}}},{"dependentTest":"org.apache.struts2.portlet.dispatcher.Jsr286DispatcherTest.testRender_ok","originalSize":1,"cleanerTests":["org.apache.struts2.views.jsp.PortletUrlTagTest.testEnsureParamsAreStringArrays"],"orderFound":15,"time":{"addTime":{"startTime":1574070681502,"endTime":1574071754537,"elapsedSeconds":1073.034999847412},"totalTime":{"startTime":1574070681502,"endTime":1574073226351,"elapsedSeconds":2544.848999977112}}},{"dependentTest":"org.apache.struts2.portlet.dispatcher.Jsr286DispatcherTest.testRender_ok","originalSize":1,"cleanerTests":["org.apache.struts2.views.jsp.PortletUrlTagTest.testSetPortletMode"],"orderFound":16,"time":{"addTime":{"startTime":1574070681502,"endTime":1574071784930,"elapsedSeconds":1103.4279999732971},"totalTime":{"startTime":1574070681502,"endTime":1574073297235,"elapsedSeconds":2615.7329998016357}}},{"dependentTest":"org.apache.struts2.portlet.dispatcher.Jsr286DispatcherTest.testRender_ok","originalSize":1,"cleanerTests":["org.apache.struts2.views.jsp.PortletUrlTagTest.testResourceUrlWithNestedParam"],"orderFound":17,"time":{"addTime":{"startTime":1574070681502,"endTime":1574071802206,"elapsedSeconds":1120.7040002346039},"totalTime":{"startTime":1574070681502,"endTime":1574073363780,"elapsedSeconds":2682.2779998779297}}}]}},{"time":{"startTime":1574073491252,"endTime":1574073491252,"elapsedSeconds":0.0},"index":1,"deps":["org.apache.struts2.portlet.dispatcher.Jsr286DispatcherTest.testModeChangeUsingPortletWidgets"],"cleanerData":{"dependentTest":"org.apache.struts2.portlet.dispatcher.Jsr286DispatcherTest.testRender_ok","time":{"addTime":{"startTime":1574073491261,"endTime":1574073595713,"elapsedSeconds":104.4520001411438},"totalTime":{"startTime":1574073491261,"endTime":1574075246856,"elapsedSeconds":1755.5950000286102}},"expected":"ERROR","isolationResult":"PASS","cleaners":[{"dependentTest":"org.apache.struts2.portlet.dispatcher.Jsr286DispatcherTest.testRender_ok","originalSize":47,"cleanerTests":["org.apache.struts2.portlet.interceptor.PortletStateInterceptorTest.testCopyValueStackFromEventToRenderPhase"],"orderFound":0,"time":{"addTime":{"startTime":1574073491261,"endTime":1574073595713,"elapsedSeconds":104.4520001411438},"totalTime":{"startTime":1574073491261,"endTime":1574075246856,"elapsedSeconds":1755.5950000286102}}},{"dependentTest":"org.apache.struts2.portlet.dispatcher.Jsr286DispatcherTest.testRender_ok","originalSize":61,"cleanerTests":["org.apache.struts2.components.PortletUrlRendererTest.testRenderUrlWithNamespace"],"orderFound":2,"time":{"addTime":{"startTime":1574073491261,"endTime":1574073672220,"elapsedSeconds":180.9590003490448},"totalTime":{"startTime":1574073491261,"endTime":1574075668910,"elapsedSeconds":2177.6490001678467}}},{"dependentTest":"org.apache.struts2.portlet.dispatcher.Jsr286DispatcherTest.testRender_ok","originalSize":1,"cleanerTests":["org.apache.struts2.components.PortletUrlRendererTest.testIsPortelModeChanged"],"orderFound":4,"time":{"addTime":{"startTime":1574073491261,"endTime":1574073724704,"elapsedSeconds":233.4430000782013},"totalTime":{"startTime":1574073491261,"endTime":1574075736328,"elapsedSeconds":2245.0670001506805}}},{"dependentTest":"org.apache.struts2.portlet.dispatcher.Jsr286DispatcherTest.testRender_ok","originalSize":1,"cleanerTests":["org.apache.struts2.portlet.interceptor.PortletStateInterceptorTest.testRestoreValueStackInRenderPhaseWhenNotProperPrg"],"orderFound":6,"time":{"addTime":{"startTime":1574073491261,"endTime":1574074291478,"elapsedSeconds":800.2170004844666},"totalTime":{"startTime":1574073491261,"endTime":1574075798224,"elapsedSeconds":2306.963000059128}}},{"dependentTest":"org.apache.struts2.portlet.dispatcher.Jsr286DispatcherTest.testRender_ok","originalSize":1,"cleanerTests":["org.apache.struts2.portlet.interceptor.PortletStateInterceptorTest.testDoNotRestoreValueStackInRenderPhaseWhenProperPrg"],"orderFound":7,"time":{"addTime":{"startTime":1574073491261,"endTime":1574074316519,"elapsedSeconds":825.2580003738403},"totalTime":{"startTime":1574073491261,"endTime":1574075864388,"elapsedSeconds":2373.12700009346}}},{"dependentTest":"org.apache.struts2.portlet.dispatcher.Jsr286DispatcherTest.testRender_ok","originalSize":1,"cleanerTests":["org.apache.struts2.views.jsp.PortletUrlTagTest.testSetWindowState"],"orderFound":8,"time":{"addTime":{"startTime":1574073491261,"endTime":1574074454658,"elapsedSeconds":963.3970005512238},"totalTime":{"startTime":1574073491261,"endTime":1574075925150,"elapsedSeconds":2433.8890001773834}}},{"dependentTest":"org.apache.struts2.portlet.dispatcher.Jsr286DispatcherTest.testRender_ok","originalSize":1,"cleanerTests":["org.apache.struts2.views.jsp.PortletUrlTagTest.testUrlWithMethod"],"orderFound":9,"time":{"addTime":{"startTime":1574073491261,"endTime":1574074488169,"elapsedSeconds":996.9080007076263},"totalTime":{"startTime":1574073491261,"endTime":1574075993750,"elapsedSeconds":2502.489000082016}}},{"dependentTest":"org.apache.struts2.portlet.dispatcher.Jsr286DispatcherTest.testRender_ok","originalSize":1,"cleanerTests":["org.apache.struts2.views.jsp.PortletUrlTagTest.testResourceUrlWithTwoNestedParam"],"orderFound":10,"time":{"addTime":{"startTime":1574073491261,"endTime":1574074500525,"elapsedSeconds":1009.2640006542206},"totalTime":{"startTime":1574073491261,"endTime":1574076051196,"elapsedSeconds":2559.935000181198}}},{"dependentTest":"org.apache.struts2.portlet.dispatcher.Jsr286DispatcherTest.testRender_ok","originalSize":1,"cleanerTests":["org.apache.struts2.views.jsp.PortletUrlTagTest.testUrlWithNoActionOrMethod"],"orderFound":11,"time":{"addTime":{"startTime":1574073491261,"endTime":1574074528780,"elapsedSeconds":1037.5190002918243},"totalTime":{"startTime":1574073491261,"endTime":1574076117962,"elapsedSeconds":2626.7009999752045}}},{"dependentTest":"org.apache.struts2.portlet.dispatcher.Jsr286DispatcherTest.testRender_ok","originalSize":1,"cleanerTests":["org.apache.struts2.views.jsp.PortletUrlTagTest.testWhenPortletModeDiffersFromCurrentAndNoParametersAreSetRenderTheDefaults"],"orderFound":12,"time":{"addTime":{"startTime":1574073491261,"endTime":1574074550538,"elapsedSeconds":1059.277000427246},"totalTime":{"startTime":1574073491261,"endTime":1574076183200,"elapsedSeconds":2691.9390001296997}}},{"dependentTest":"org.apache.struts2.portlet.dispatcher.Jsr286DispatcherTest.testRender_ok","originalSize":1,"cleanerTests":["org.apache.struts2.views.jsp.PortletUrlTagTest.testUrlWithQueryParams"],"orderFound":13,"time":{"addTime":{"startTime":1574073491261,"endTime":1574074564720,"elapsedSeconds":1073.4590003490448},"totalTime":{"startTime":1574073491261,"endTime":1574076243338,"elapsedSeconds":2752.077000141144}}},{"dependentTest":"org.apache.struts2.portlet.dispatcher.Jsr286DispatcherTest.testRender_ok","originalSize":1,"cleanerTests":["org.apache.struts2.views.jsp.PortletUrlTagTest.testResourceUrl"],"orderFound":14,"time":{"addTime":{"startTime":1574073491261,"endTime":1574074588747,"elapsedSeconds":1097.4860002994537},"totalTime":{"startTime":1574073491261,"endTime":1574076305352,"elapsedSeconds":2814.0910000801086}}},{"dependentTest":"org.apache.struts2.portlet.dispatcher.Jsr286DispatcherTest.testRender_ok","originalSize":1,"cleanerTests":["org.apache.struts2.views.jsp.PortletUrlTagTest.testActionUrl"],"orderFound":15,"time":{"addTime":{"startTime":1574073491261,"endTime":1574074608243,"elapsedSeconds":1116.9820003509521},"totalTime":{"startTime":1574073491261,"endTime":1574076364477,"elapsedSeconds":2873.2160000801086}}},{"dependentTest":"org.apache.struts2.portlet.dispatcher.Jsr286DispatcherTest.testRender_ok","originalSize":1,"cleanerTests":["org.apache.struts2.views.jsp.PortletUrlTagTest.testEnsureParamsAreStringArrays"],"orderFound":16,"time":{"addTime":{"startTime":1574073491261,"endTime":1574074638662,"elapsedSeconds":1147.4010004997253},"totalTime":{"startTime":1574073491261,"endTime":1574076427500,"elapsedSeconds":2936.239000082016}}},{"dependentTest":"org.apache.struts2.portlet.dispatcher.Jsr286DispatcherTest.testRender_ok","originalSize":1,"cleanerTests":["org.apache.struts2.views.jsp.PortletUrlTagTest.testSetPortletMode"],"orderFound":17,"time":{"addTime":{"startTime":1574073491261,"endTime":1574074654931,"elapsedSeconds":1163.6700003147125},"totalTime":{"startTime":1574073491261,"endTime":1574076485332,"elapsedSeconds":2994.071000099182}}},{"dependentTest":"org.apache.struts2.portlet.dispatcher.Jsr286DispatcherTest.testRender_ok","originalSize":1,"cleanerTests":["org.apache.struts2.views.jsp.PortletUrlTagTest.testResourceUrlWithNestedParam"],"orderFound":18,"time":{"addTime":{"startTime":1574073491261,"endTime":1574074679712,"elapsedSeconds":1188.451000213623},"totalTime":{"startTime":1574073491261,"endTime":1574076544781,"elapsedSeconds":3053.5199999809265}}}]}}],"hash":"cbf8228549b8c5e533bc508bd4cf4ad2","flakyClass":"OD"}