{"id":"1573211918533-451307e5-4c31-4fc6-850e-8187441e1c92","testOrder":["org.apache.dubbo.common.serialize.fst.FstObjectOutputTest.testWriteNullBytes","org.apache.dubbo.common.serialize.fst.FstObjectOutputTest.testWriteBytes","org.apache.dubbo.common.serialize.fst.FstObjectOutputTest.testWriteFloat","org.apache.dubbo.common.serialize.fst.FstObjectOutputTest.testWriteShort","org.apache.dubbo.common.serialize.fst.FstObjectOutputTest.testWriteInt","org.apache.dubbo.common.serialize.fst.FstObjectOutputTest.testWriteUTF","org.apache.dubbo.common.serialize.fst.FstObjectOutputTest.testWriteNullBytesWithSubLength","org.apache.dubbo.common.serialize.fst.FstObjectOutputTest.testWriteBool","org.apache.dubbo.common.serialize.fst.FstObjectOutputTest.testWriteByte","org.apache.dubbo.common.serialize.fst.FstObjectOutputTest.testWriteEnum","org.apache.dubbo.common.serialize.fst.FstObjectOutputTest.testWriteLong","org.apache.dubbo.common.serialize.fst.FstObjectOutputTest.testWriteBytesWithSubLength","org.apache.dubbo.common.serialize.fst.FstObjectOutputTest.testWriteDouble","org.apache.dubbo.common.serialize.fst.FstObjectOutputTest.testWriteObject","org.apache.dubbo.common.serialize.fst.FstObjectInputTest.testEmptyByteArrayForEmptyInput"],"results":{"org.apache.dubbo.common.serialize.fst.FstObjectOutputTest.testWriteByte":{"name":"org.apache.dubbo.common.serialize.fst.FstObjectOutputTest.testWriteByte","result":"PASS","time":0.00181111,"stackTrace":[]},"org.apache.dubbo.common.serialize.fst.FstObjectOutputTest.testWriteUTF":{"name":"org.apache.dubbo.common.serialize.fst.FstObjectOutputTest.testWriteUTF","result":"PASS","time":0.001604715,"stackTrace":[]},"org.apache.dubbo.common.serialize.fst.FstObjectOutputTest.testWriteDouble":{"name":"org.apache.dubbo.common.serialize.fst.FstObjectOutputTest.testWriteDouble","result":"PASS","time":0.002512995,"stackTrace":[]},"org.apache.dubbo.common.serialize.fst.FstObjectOutputTest.testWriteEnum":{"name":"org.apache.dubbo.common.serialize.fst.FstObjectOutputTest.testWriteEnum","result":"PASS","time":0.015172399,"stackTrace":[]},"org.apache.dubbo.common.serialize.fst.FstObjectOutputTest.testWriteNullBytes":{"name":"org.apache.dubbo.common.serialize.fst.FstObjectOutputTest.testWriteNullBytes","result":"PASS","time":0.766665879,"stackTrace":[]},"org.apache.dubbo.common.serialize.fst.FstObjectOutputTest.testWriteInt":{"name":"org.apache.dubbo.common.serialize.fst.FstObjectOutputTest.testWriteInt","result":"PASS","time":0.003562712,"stackTrace":[]},"org.apache.dubbo.common.serialize.fst.FstObjectOutputTest.testWriteLong":{"name":"org.apache.dubbo.common.serialize.fst.FstObjectOutputTest.testWriteLong","result":"PASS","time":0.002000394,"stackTrace":[]},"org.apache.dubbo.common.serialize.fst.FstObjectOutputTest.testWriteShort":{"name":"org.apache.dubbo.common.serialize.fst.FstObjectOutputTest.testWriteShort","result":"PASS","time":0.001959464,"stackTrace":[]},"org.apache.dubbo.common.serialize.fst.FstObjectOutputTest.testWriteNullBytesWithSubLength":{"name":"org.apache.dubbo.common.serialize.fst.FstObjectOutputTest.testWriteNullBytesWithSubLength","result":"PASS","time":0.001218187,"stackTrace":[]},"org.apache.dubbo.common.serialize.fst.FstObjectInputTest.testEmptyByteArrayForEmptyInput":{"name":"org.apache.dubbo.common.serialize.fst.FstObjectInputTest.testEmptyByteArrayForEmptyInput","result":"PASS","time":0.003514309,"stackTrace":[]},"org.apache.dubbo.common.serialize.fst.FstObjectOutputTest.testWriteFloat":{"name":"org.apache.dubbo.common.serialize.fst.FstObjectOutputTest.testWriteFloat","result":"PASS","time":0.001738819,"stackTrace":[]},"org.apache.dubbo.common.serialize.fst.FstObjectOutputTest.testWriteBytes":{"name":"org.apache.dubbo.common.serialize.fst.FstObjectOutputTest.testWriteBytes","result":"PASS","time":0.014961045,"stackTrace":[]},"org.apache.dubbo.common.serialize.fst.FstObjectOutputTest.testWriteObject":{"name":"org.apache.dubbo.common.serialize.fst.FstObjectOutputTest.testWriteObject","result":"PASS","time":0.02516892,"stackTrace":[]},"org.apache.dubbo.common.serialize.fst.FstObjectOutputTest.testWriteBytesWithSubLength":{"name":"org.apache.dubbo.common.serialize.fst.FstObjectOutputTest.testWriteBytesWithSubLength","result":"PASS","time":0.001537593,"stackTrace":[]},"org.apache.dubbo.common.serialize.fst.FstObjectOutputTest.testWriteBool":{"name":"org.apache.dubbo.common.serialize.fst.FstObjectOutputTest.testWriteBool","result":"PASS","time":0.001232296,"stackTrace":[]}},"diffs":{}}