{"id":"1573085424912-1814162e-0ef7-43bc-a240-6f882509e05a","testOrder":["com.alibaba.json.bvt.issue_1600.Issue1612.test","com.alibaba.json.bvt.support.spring.mock.testcase.FastJsonpHttpMessageConverter4Case2Test.test5_2","com.alibaba.json.bvt.support.spring.mock.testcase.FastJsonpHttpMessageConverter4Case2Test.test1_2","com.alibaba.json.bvt.support.spring.mock.testcase.FastJsonpHttpMessageConverter4Case2Test.test3","com.alibaba.json.bvt.support.spring.mock.testcase.FastJsonpHttpMessageConverter4Case2Test.test2","com.alibaba.json.bvt.support.spring.mock.testcase.FastJsonpHttpMessageConverter4Case2Test.test1","com.alibaba.json.bvt.support.spring.mock.testcase.FastJsonpHttpMessageConverter4Case2Test.test5","com.alibaba.json.bvt.support.spring.mock.testcase.FastJsonpHttpMessageConverter4Case2Test.test4_2","com.alibaba.json.bvt.support.spring.mock.testcase.FastJsonpHttpMessageConverter4Case2Test.test4","com.alibaba.json.bvt.support.spring.mock.testcase.FastJsonpHttpMessageConverter4Case2Test.test2_2","com.alibaba.json.bvt.support.spring.mock.testcase.FastJsonpHttpMessageConverter4Case2Test.isInjectComponent","com.alibaba.json.bvt.support.spring.mock.testcase.FastJsonpHttpMessageConverter4Case2Test.test3_2","com.alibaba.json.bvt.issue_1700.Issue1701.testBean","com.alibaba.json.bvt.support.spring.mock.testcase.FastJsonJsonViewTest.test2","com.alibaba.json.bvt.support.spring.mock.testcase.FastJsonJsonViewTest.test1","com.alibaba.fastjson.serializer.TestParse.testParse","com.alibaba.json.bvt.support.spring.mock.testcase.FastJsonpHttpMessageConverter4Case3Test.isInjectComponent","com.alibaba.json.bvt.support.spring.mock.testcase.FastJsonpHttpMessageConverter4Case3Test.test5","com.alibaba.json.bvt.support.spring.mock.testcase.FastJsonpHttpMessageConverter4Case3Test.test1","com.alibaba.json.bvt.support.spring.mock.testcase.FastJsonpHttpMessageConverter4Case3Test.test3","com.alibaba.json.bvt.support.spring.mock.testcase.FastJsonpHttpMessageConverter4Case3Test.test1_2","com.alibaba.json.bvt.support.spring.mock.testcase.FastJsonpHttpMessageConverter4Case3Test.test3_2","com.alibaba.json.bvt.support.spring.mock.testcase.FastJsonpHttpMessageConverter4Case3Test.test2_2","com.alibaba.json.bvt.support.spring.mock.testcase.FastJsonpHttpMessageConverter4Case3Test.test4","com.alibaba.json.bvt.support.spring.mock.testcase.FastJsonpHttpMessageConverter4Case3Test.test5_2","com.alibaba.json.bvt.support.spring.mock.testcase.FastJsonpHttpMessageConverter4Case3Test.checkDefaultJSONPQueryParamNames","com.alibaba.json.bvt.support.spring.mock.testcase.FastJsonpHttpMessageConverter4Case3Test.test2","com.alibaba.json.bvt.support.spring.mock.testcase.FastJsonpHttpMessageConverter4Case3Test.test4_2","com.alibaba.fastjson.deserializer.IgnoreTypeDeserializer.parseWithExistType","com.alibaba.fastjson.deserializer.IgnoreTypeDeserializer.parseObjectWithNotExistTypeThrowException","com.alibaba.fastjson.deserializer.IgnoreTypeDeserializer.parseObjectWithNotExistType","com.alibaba.fastjson.deserializer.IgnoreTypeDeserializer.parseWithNotExistType"],"results":{"com.alibaba.json.bvt.support.spring.mock.testcase.FastJsonpHttpMessageConverter4Case3Test.isInjectComponent":{"name":"com.alibaba.json.bvt.support.spring.mock.testcase.FastJsonpHttpMessageConverter4Case3Test.isInjectComponent","result":"PASS","time":0.046500484,"stackTrace":[]},"com.alibaba.json.bvt.support.spring.mock.testcase.FastJsonpHttpMessageConverter4Case3Test.checkDefaultJSONPQueryParamNames":{"name":"com.alibaba.json.bvt.support.spring.mock.testcase.FastJsonpHttpMessageConverter4Case3Test.checkDefaultJSONPQueryParamNames","result":"PASS","time":0.025637622,"stackTrace":[]},"com.alibaba.json.bvt.support.spring.mock.testcase.FastJsonpHttpMessageConverter4Case2Test.test5_2":{"name":"com.alibaba.json.bvt.support.spring.mock.testcase.FastJsonpHttpMessageConverter4Case2Test.test5_2","result":"PASS","time":1.352404216,"stackTrace":[]},"com.alibaba.json.bvt.support.spring.mock.testcase.FastJsonpHttpMessageConverter4Case3Test.test4_2":{"name":"com.alibaba.json.bvt.support.spring.mock.testcase.FastJsonpHttpMessageConverter4Case3Test.test4_2","result":"PASS","time":0.022564108,"stackTrace":[]},"com.alibaba.json.bvt.support.spring.mock.testcase.FastJsonpHttpMessageConverter4Case3Test.test5_2":{"name":"com.alibaba.json.bvt.support.spring.mock.testcase.FastJsonpHttpMessageConverter4Case3Test.test5_2","result":"PASS","time":0.027041113,"stackTrace":[]},"com.alibaba.json.bvt.support.spring.mock.testcase.FastJsonpHttpMessageConverter4Case3Test.test1":{"name":"com.alibaba.json.bvt.support.spring.mock.testcase.FastJsonpHttpMessageConverter4Case3Test.test1","result":"PASS","time":0.03510954,"stackTrace":[]},"com.alibaba.json.bvt.support.spring.mock.testcase.FastJsonpHttpMessageConverter4Case3Test.test2":{"name":"com.alibaba.json.bvt.support.spring.mock.testcase.FastJsonpHttpMessageConverter4Case3Test.test2","result":"PASS","time":0.027102647,"stackTrace":[]},"com.alibaba.json.bvt.support.spring.mock.testcase.FastJsonpHttpMessageConverter4Case3Test.test5":{"name":"com.alibaba.json.bvt.support.spring.mock.testcase.FastJsonpHttpMessageConverter4Case3Test.test5","result":"PASS","time":0.035945879,"stackTrace":[]},"com.alibaba.json.bvt.support.spring.mock.testcase.FastJsonpHttpMessageConverter4Case3Test.test3":{"name":"com.alibaba.json.bvt.support.spring.mock.testcase.FastJsonpHttpMessageConverter4Case3Test.test3","result":"PASS","time":0.026866706,"stackTrace":[]},"com.alibaba.json.bvt.support.spring.mock.testcase.FastJsonpHttpMessageConverter4Case3Test.test4":{"name":"com.alibaba.json.bvt.support.spring.mock.testcase.FastJsonpHttpMessageConverter4Case3Test.test4","result":"PASS","time":0.045143792,"stackTrace":[]},"com.alibaba.json.bvt.support.spring.mock.testcase.FastJsonpHttpMessageConverter4Case2Test.isInjectComponent":{"name":"com.alibaba.json.bvt.support.spring.mock.testcase.FastJsonpHttpMessageConverter4Case2Test.isInjectComponent","result":"PASS","time":0.02356235,"stackTrace":[]},"com.alibaba.json.bvt.issue_1700.Issue1701.testBean":{"name":"com.alibaba.json.bvt.issue_1700.Issue1701.testBean","result":"PASS","time":0.203777668,"stackTrace":[]},"com.alibaba.fastjson.serializer.TestParse.testParse":{"name":"com.alibaba.fastjson.serializer.TestParse.testParse","result":"ERROR","time":0.09400033,"stackTrace":[{"declaringClass":"com.alibaba.fastjson.parser.ParserConfig","methodName":"checkAutoType","fileName":"ParserConfig.java","lineNumber":1331},{"declaringClass":"com.alibaba.fastjson.parser.DefaultJSONParser","methodName":"parseObject","fileName":"DefaultJSONParser.java","lineNumber":333},{"declaringClass":"com.alibaba.fastjson.parser.DefaultJSONParser","methodName":"parse","fileName":"DefaultJSONParser.java","lineNumber":1400},{"declaringClass":"com.alibaba.fastjson.parser.DefaultJSONParser","methodName":"parse","fileName":"DefaultJSONParser.java","lineNumber":1366},{"declaringClass":"com.alibaba.fastjson.JSON","methodName":"parse","fileName":"JSON.java","lineNumber":170},{"declaringClass":"com.alibaba.fastjson.JSON","methodName":"parse","fileName":"JSON.java","lineNumber":180},{"declaringClass":"com.alibaba.fastjson.JSON","methodName":"parse","fileName":"JSON.java","lineNumber":149},{"declaringClass":"com.alibaba.fastjson.serializer.TestParse","methodName":"testParse","fileName":"TestParse.java","lineNumber":32},{"declaringClass":"sun.reflect.NativeMethodAccessorImpl","methodName":"invoke0","fileName":"NativeMethodAccessorImpl.java","lineNumber":-2},{"declaringClass":"sun.reflect.NativeMethodAccessorImpl","methodName":"invoke","fileName":"NativeMethodAccessorImpl.java","lineNumber":62},{"declaringClass":"sun.reflect.DelegatingMethodAccessorImpl","methodName":"invoke","fileName":"DelegatingMethodAccessorImpl.java","lineNumber":43},{"declaringClass":"java.lang.reflect.Method","methodName":"invoke","fileName":"Method.java","lineNumber":498},{"declaringClass":"org.junit.runners.model.FrameworkMethod$1","methodName":"runReflectiveCall","fileName":"FrameworkMethod.java","lineNumber":50},{"declaringClass":"org.junit.internal.runners.model.ReflectiveCallable","methodName":"run","fileName":"ReflectiveCallable.java","lineNumber":12},{"declaringClass":"org.junit.runners.model.FrameworkMethod","methodName":"invokeExplosively","fileName":"FrameworkMethod.java","lineNumber":47},{"declaringClass":"org.junit.internal.runners.statements.InvokeMethod","methodName":"evaluate","fileName":"InvokeMethod.java","lineNumber":17},{"declaringClass":"org.junit.internal.runners.statements.RunBefores","methodName":"evaluate","fileName":"RunBefores.java","lineNumber":26},{"declaringClass":"com.reedoei.testrunner.execution.JUnitTestRunner","methodName":"runChild","fileName":"JUnitTestRunner.java","lineNumber":332},{"declaringClass":"com.reedoei.testrunner.execution.JUnitTestRunner","methodName":"run","fileName":"JUnitTestRunner.java","lineNumber":108},{"declaringClass":"org.junit.runner.JUnitCore","methodName":"run","fileName":"JUnitCore.java","lineNumber":137},{"declaringClass":"com.reedoei.testrunner.execution.JUnitTestExecutor","methodName":"execute","fileName":"JUnitTestExecutor.java","lineNumber":292},{"declaringClass":"com.reedoei.testrunner.execution.JUnitTestExecutor","methodName":"execute","fileName":"JUnitTestExecutor.java","lineNumber":328},{"declaringClass":"com.reedoei.testrunner.execution.JUnitTestExecutor","methodName":"executeWithJUnit4Runner","fileName":"JUnitTestExecutor.java","lineNumber":366},{"declaringClass":"com.reedoei.testrunner.execution.JUnitTestExecutor","methodName":"runOrder","fileName":"JUnitTestExecutor.java","lineNumber":47},{"declaringClass":"com.reedoei.testrunner.execution.Executor$","methodName":"$anonfun$run$1","fileName":"Executor.scala","lineNumber":30},{"declaringClass":"scala.runtime.java8.JFunction0$mcV$sp","methodName":"apply","fileName":"JFunction0$mcV$sp.java","lineNumber":12},{"declaringClass":"scala.util.Try$","methodName":"apply","fileName":"Try.scala","lineNumber":209},{"declaringClass":"com.reedoei.testrunner.execution.Executor$","methodName":"run","fileName":"Executor.scala","lineNumber":28},{"declaringClass":"com.reedoei.testrunner.execution.Executor$","methodName":"main","fileName":"Executor.scala","lineNumber":18},{"declaringClass":"com.reedoei.testrunner.execution.Executor","methodName":"main","fileName":"Executor.scala","lineNumber":-1}]},"com.alibaba.fastjson.deserializer.IgnoreTypeDeserializer.parseWithExistType":{"name":"com.alibaba.fastjson.deserializer.IgnoreTypeDeserializer.parseWithExistType","result":"ERROR","time":0.010181277,"stackTrace":[{"declaringClass":"com.alibaba.fastjson.parser.ParserConfig","methodName":"checkAutoType","fileName":"ParserConfig.java","lineNumber":1331},{"declaringClass":"com.alibaba.fastjson.parser.DefaultJSONParser","methodName":"parseObject","fileName":"DefaultJSONParser.java","lineNumber":333},{"declaringClass":"com.alibaba.fastjson.parser.DefaultJSONParser","methodName":"parse","fileName":"DefaultJSONParser.java","lineNumber":1400},{"declaringClass":"com.alibaba.fastjson.parser.DefaultJSONParser","methodName":"parse","fileName":"DefaultJSONParser.java","lineNumber":1366},{"declaringClass":"com.alibaba.fastjson.JSON","methodName":"parse","fileName":"JSON.java","lineNumber":170},{"declaringClass":"com.alibaba.fastjson.JSON","methodName":"parse","fileName":"JSON.java","lineNumber":180},{"declaringClass":"com.alibaba.fastjson.JSON","methodName":"parse","fileName":"JSON.java","lineNumber":149},{"declaringClass":"com.alibaba.fastjson.deserializer.IgnoreTypeDeserializer","methodName":"parseWithExistType","fileName":"IgnoreTypeDeserializer.java","lineNumber":41},{"declaringClass":"sun.reflect.NativeMethodAccessorImpl","methodName":"invoke0","fileName":"NativeMethodAccessorImpl.java","lineNumber":-2},{"declaringClass":"sun.reflect.NativeMethodAccessorImpl","methodName":"invoke","fileName":"NativeMethodAccessorImpl.java","lineNumber":62},{"declaringClass":"sun.reflect.DelegatingMethodAccessorImpl","methodName":"invoke","fileName":"DelegatingMethodAccessorImpl.java","lineNumber":43},{"declaringClass":"java.lang.reflect.Method","methodName":"invoke","fileName":"Method.java","lineNumber":498},{"declaringClass":"org.junit.runners.model.FrameworkMethod$1","methodName":"runReflectiveCall","fileName":"FrameworkMethod.java","lineNumber":50},{"declaringClass":"org.junit.internal.runners.model.ReflectiveCallable","methodName":"run","fileName":"ReflectiveCallable.java","lineNumber":12},{"declaringClass":"org.junit.runners.model.FrameworkMethod","methodName":"invokeExplosively","fileName":"FrameworkMethod.java","lineNumber":47},{"declaringClass":"org.junit.internal.runners.statements.InvokeMethod","methodName":"evaluate","fileName":"InvokeMethod.java","lineNumber":17},{"declaringClass":"com.reedoei.testrunner.execution.JUnitTestRunner","methodName":"runChild","fileName":"JUnitTestRunner.java","lineNumber":332},{"declaringClass":"com.reedoei.testrunner.execution.JUnitTestRunner","methodName":"run","fileName":"JUnitTestRunner.java","lineNumber":108},{"declaringClass":"org.junit.runner.JUnitCore","methodName":"run","fileName":"JUnitCore.java","lineNumber":137},{"declaringClass":"com.reedoei.testrunner.execution.JUnitTestExecutor","methodName":"execute","fileName":"JUnitTestExecutor.java","lineNumber":292},{"declaringClass":"com.reedoei.testrunner.execution.JUnitTestExecutor","methodName":"execute","fileName":"JUnitTestExecutor.java","lineNumber":328},{"declaringClass":"com.reedoei.testrunner.execution.JUnitTestExecutor","methodName":"executeWithJUnit4Runner","fileName":"JUnitTestExecutor.java","lineNumber":366},{"declaringClass":"com.reedoei.testrunner.execution.JUnitTestExecutor","methodName":"runOrder","fileName":"JUnitTestExecutor.java","lineNumber":47},{"declaringClass":"com.reedoei.testrunner.execution.Executor$","methodName":"$anonfun$run$1","fileName":"Executor.scala","lineNumber":30},{"declaringClass":"scala.runtime.java8.JFunction0$mcV$sp","methodName":"apply","fileName":"JFunction0$mcV$sp.java","lineNumber":12},{"declaringClass":"scala.util.Try$","methodName":"apply","fileName":"Try.scala","lineNumber":209},{"declaringClass":"com.reedoei.testrunner.execution.Executor$","methodName":"run","fileName":"Executor.scala","lineNumber":28},{"declaringClass":"com.reedoei.testrunner.execution.Executor$","methodName":"main","fileName":"Executor.scala","lineNumber":18},{"declaringClass":"com.reedoei.testrunner.execution.Executor","methodName":"main","fileName":"Executor.scala","lineNumber":-1}]},"com.alibaba.json.bvt.support.spring.mock.testcase.FastJsonJsonViewTest.test1":{"name":"com.alibaba.json.bvt.support.spring.mock.testcase.FastJsonJsonViewTest.test1","result":"PASS","time":0.107052427,"stackTrace":[]},"com.alibaba.fastjson.deserializer.IgnoreTypeDeserializer.parseObjectWithNotExistType":{"name":"com.alibaba.fastjson.deserializer.IgnoreTypeDeserializer.parseObjectWithNotExistType","result":"PASS","time":0.002778135,"stackTrace":[]},"com.alibaba.fastjson.deserializer.IgnoreTypeDeserializer.parseObjectWithNotExistTypeThrowException":{"name":"com.alibaba.fastjson.deserializer.IgnoreTypeDeserializer.parseObjectWithNotExistTypeThrowException","result":"PASS","time":0.023661951,"stackTrace":[]},"com.alibaba.json.bvt.support.spring.mock.testcase.FastJsonJsonViewTest.test2":{"name":"com.alibaba.json.bvt.support.spring.mock.testcase.FastJsonJsonViewTest.test2","result":"PASS","time":0.609653132,"stackTrace":[]},"com.alibaba.json.bvt.support.spring.mock.testcase.FastJsonpHttpMessageConverter4Case3Test.test1_2":{"name":"com.alibaba.json.bvt.support.spring.mock.testcase.FastJsonpHttpMessageConverter4Case3Test.test1_2","result":"PASS","time":0.027258404,"stackTrace":[]},"com.alibaba.json.bvt.support.spring.mock.testcase.FastJsonpHttpMessageConverter4Case3Test.test2_2":{"name":"com.alibaba.json.bvt.support.spring.mock.testcase.FastJsonpHttpMessageConverter4Case3Test.test2_2","result":"PASS","time":0.033036504,"stackTrace":[]},"com.alibaba.fastjson.deserializer.IgnoreTypeDeserializer.parseWithNotExistType":{"name":"com.alibaba.fastjson.deserializer.IgnoreTypeDeserializer.parseWithNotExistType","result":"ERROR","time":0.006952495,"stackTrace":[{"declaringClass":"com.alibaba.fastjson.parser.ParserConfig","methodName":"checkAutoType","fileName":"ParserConfig.java","lineNumber":1331},{"declaringClass":"com.alibaba.fastjson.parser.DefaultJSONParser","methodName":"parseObject","fileName":"DefaultJSONParser.java","lineNumber":333},{"declaringClass":"com.alibaba.fastjson.parser.DefaultJSONParser","methodName":"parse","fileName":"DefaultJSONParser.java","lineNumber":1400},{"declaringClass":"com.alibaba.fastjson.parser.DefaultJSONParser","methodName":"parse","fileName":"DefaultJSONParser.java","lineNumber":1366},{"declaringClass":"com.alibaba.fastjson.JSON","methodName":"parse","fileName":"JSON.java","lineNumber":170},{"declaringClass":"com.alibaba.fastjson.JSON","methodName":"parse","fileName":"JSON.java","lineNumber":180},{"declaringClass":"com.alibaba.fastjson.JSON","methodName":"parse","fileName":"JSON.java","lineNumber":149},{"declaringClass":"com.alibaba.fastjson.deserializer.IgnoreTypeDeserializer","methodName":"parseWithNotExistType","fileName":"IgnoreTypeDeserializer.java","lineNumber":32},{"declaringClass":"sun.reflect.NativeMethodAccessorImpl","methodName":"invoke0","fileName":"NativeMethodAccessorImpl.java","lineNumber":-2},{"declaringClass":"sun.reflect.NativeMethodAccessorImpl","methodName":"invoke","fileName":"NativeMethodAccessorImpl.java","lineNumber":62},{"declaringClass":"sun.reflect.DelegatingMethodAccessorImpl","methodName":"invoke","fileName":"DelegatingMethodAccessorImpl.java","lineNumber":43},{"declaringClass":"java.lang.reflect.Method","methodName":"invoke","fileName":"Method.java","lineNumber":498},{"declaringClass":"org.junit.runners.model.FrameworkMethod$1","methodName":"runReflectiveCall","fileName":"FrameworkMethod.java","lineNumber":50},{"declaringClass":"org.junit.internal.runners.model.ReflectiveCallable","methodName":"run","fileName":"ReflectiveCallable.java","lineNumber":12},{"declaringClass":"org.junit.runners.model.FrameworkMethod","methodName":"invokeExplosively","fileName":"FrameworkMethod.java","lineNumber":47},{"declaringClass":"org.junit.internal.runners.statements.InvokeMethod","methodName":"evaluate","fileName":"InvokeMethod.java","lineNumber":17},{"declaringClass":"com.reedoei.testrunner.execution.JUnitTestRunner","methodName":"runChild","fileName":"JUnitTestRunner.java","lineNumber":332},{"declaringClass":"com.reedoei.testrunner.execution.JUnitTestRunner","methodName":"run","fileName":"JUnitTestRunner.java","lineNumber":108},{"declaringClass":"org.junit.runner.JUnitCore","methodName":"run","fileName":"JUnitCore.java","lineNumber":137},{"declaringClass":"com.reedoei.testrunner.execution.JUnitTestExecutor","methodName":"execute","fileName":"JUnitTestExecutor.java","lineNumber":292},{"declaringClass":"com.reedoei.testrunner.execution.JUnitTestExecutor","methodName":"execute","fileName":"JUnitTestExecutor.java","lineNumber":328},{"declaringClass":"com.reedoei.testrunner.execution.JUnitTestExecutor","methodName":"executeWithJUnit4Runner","fileName":"JUnitTestExecutor.java","lineNumber":366},{"declaringClass":"com.reedoei.testrunner.execution.JUnitTestExecutor","methodName":"runOrder","fileName":"JUnitTestExecutor.java","lineNumber":47},{"declaringClass":"com.reedoei.testrunner.execution.Executor$","methodName":"$anonfun$run$1","fileName":"Executor.scala","lineNumber":30},{"declaringClass":"scala.runtime.java8.JFunction0$mcV$sp","methodName":"apply","fileName":"JFunction0$mcV$sp.java","lineNumber":12},{"declaringClass":"scala.util.Try$","methodName":"apply","fileName":"Try.scala","lineNumber":209},{"declaringClass":"com.reedoei.testrunner.execution.Executor$","methodName":"run","fileName":"Executor.scala","lineNumber":28},{"declaringClass":"com.reedoei.testrunner.execution.Executor$","methodName":"main","fileName":"Executor.scala","lineNumber":18},{"declaringClass":"com.reedoei.testrunner.execution.Executor","methodName":"main","fileName":"Executor.scala","lineNumber":-1}]},"com.alibaba.json.bvt.support.spring.mock.testcase.FastJsonpHttpMessageConverter4Case3Test.test3_2":{"name":"com.alibaba.json.bvt.support.spring.mock.testcase.FastJsonpHttpMessageConverter4Case3Test.test3_2","result":"PASS","time":0.026782542,"stackTrace":[]},"com.alibaba.json.bvt.support.spring.mock.testcase.FastJsonpHttpMessageConverter4Case2Test.test5":{"name":"com.alibaba.json.bvt.support.spring.mock.testcase.FastJsonpHttpMessageConverter4Case2Test.test5","result":"PASS","time":0.034026854,"stackTrace":[]},"com.alibaba.json.bvt.support.spring.mock.testcase.FastJsonpHttpMessageConverter4Case2Test.test2_2":{"name":"com.alibaba.json.bvt.support.spring.mock.testcase.FastJsonpHttpMessageConverter4Case2Test.test2_2","result":"PASS","time":0.035734105,"stackTrace":[]},"com.alibaba.json.bvt.support.spring.mock.testcase.FastJsonpHttpMessageConverter4Case2Test.test1_2":{"name":"com.alibaba.json.bvt.support.spring.mock.testcase.FastJsonpHttpMessageConverter4Case2Test.test1_2","result":"PASS","time":0.526909643,"stackTrace":[]},"com.alibaba.json.bvt.support.spring.mock.testcase.FastJsonpHttpMessageConverter4Case2Test.test4":{"name":"com.alibaba.json.bvt.support.spring.mock.testcase.FastJsonpHttpMessageConverter4Case2Test.test4","result":"PASS","time":0.034388728,"stackTrace":[]},"com.alibaba.json.bvt.support.spring.mock.testcase.FastJsonpHttpMessageConverter4Case2Test.test4_2":{"name":"com.alibaba.json.bvt.support.spring.mock.testcase.FastJsonpHttpMessageConverter4Case2Test.test4_2","result":"PASS","time":0.086090801,"stackTrace":[]},"com.alibaba.json.bvt.issue_1600.Issue1612.test":{"name":"com.alibaba.json.bvt.issue_1600.Issue1612.test","result":"PASS","time":0.749696036,"stackTrace":[]},"com.alibaba.json.bvt.support.spring.mock.testcase.FastJsonpHttpMessageConverter4Case2Test.test3_2":{"name":"com.alibaba.json.bvt.support.spring.mock.testcase.FastJsonpHttpMessageConverter4Case2Test.test3_2","result":"PASS","time":0.039479192,"stackTrace":[]},"com.alibaba.json.bvt.support.spring.mock.testcase.FastJsonpHttpMessageConverter4Case2Test.test1":{"name":"com.alibaba.json.bvt.support.spring.mock.testcase.FastJsonpHttpMessageConverter4Case2Test.test1","result":"PASS","time":0.03530986,"stackTrace":[]},"com.alibaba.json.bvt.support.spring.mock.testcase.FastJsonpHttpMessageConverter4Case2Test.test3":{"name":"com.alibaba.json.bvt.support.spring.mock.testcase.FastJsonpHttpMessageConverter4Case2Test.test3","result":"PASS","time":0.273061299,"stackTrace":[]},"com.alibaba.json.bvt.support.spring.mock.testcase.FastJsonpHttpMessageConverter4Case2Test.test2":{"name":"com.alibaba.json.bvt.support.spring.mock.testcase.FastJsonpHttpMessageConverter4Case2Test.test2","result":"PASS","time":0.087714377,"stackTrace":[]}},"diffs":{}}