{"testRunIds":["1573211249677-b64f9465-f333-447b-8f89-af52306ca0e9"],"unfilteredTests":{"dts":[{"name":"org.apache.dubbo.common.serialize.fst.FstObjectInputTest.testEmptyByteArrayForEmptyInput","intended":{"order":["org.apache.dubbo.common.serialize.fst.FstObjectOutputTest.testWriteNullBytes","org.apache.dubbo.common.serialize.fst.FstObjectOutputTest.testWriteBytes","org.apache.dubbo.common.serialize.fst.FstObjectOutputTest.testWriteFloat","org.apache.dubbo.common.serialize.fst.FstObjectOutputTest.testWriteShort","org.apache.dubbo.common.serialize.fst.FstObjectOutputTest.testWriteInt","org.apache.dubbo.common.serialize.fst.FstObjectOutputTest.testWriteUTF","org.apache.dubbo.common.serialize.fst.FstObjectOutputTest.testWriteNullBytesWithSubLength","org.apache.dubbo.common.serialize.fst.FstObjectOutputTest.testWriteBool","org.apache.dubbo.common.serialize.fst.FstObjectOutputTest.testWriteByte","org.apache.dubbo.common.serialize.fst.FstObjectOutputTest.testWriteEnum","org.apache.dubbo.common.serialize.fst.FstObjectOutputTest.testWriteLong","org.apache.dubbo.common.serialize.fst.FstObjectOutputTest.testWriteBytesWithSubLength","org.apache.dubbo.common.serialize.fst.FstObjectOutputTest.testWriteDouble","org.apache.dubbo.common.serialize.fst.FstObjectOutputTest.testWriteObject"],"result":"PASS","testRunId":"1573211072593-efd8b293-5ad0-4d73-bcf8-a86d1d87437c"},"revealed":{"order":["org.apache.dubbo.common.serialize.fst.FstFactoryTest.testDefaultFactory","org.apache.dubbo.common.serialize.fst.FstSerializationTest.testContentTypeId","org.apache.dubbo.common.serialize.fst.FstSerializationTest.testSerialize","org.apache.dubbo.common.serialize.fst.FstSerializationTest.testContentType","org.apache.dubbo.common.serialize.fst.FstSerializationTest.testDeserialize","org.apache.dubbo.common.serialize.fst.FstObjectInputTest.testWrongClassInput"],"result":"ERROR","testRunId":"1573211249677-b64f9465-f333-447b-8f89-af52306ca0e9"}}]},"filteredTests":{"dts":[]},"roundTime":19.406609364}