{"id":"1573211939937-bdeef896-4131-41b6-adeb-127ab9398f48","testOrder":["org.apache.dubbo.common.serialize.fst.FstObjectOutputTest.testWriteNullBytes","org.apache.dubbo.common.serialize.fst.FstObjectOutputTest.testWriteBytes","org.apache.dubbo.common.serialize.fst.FstObjectOutputTest.testWriteFloat","org.apache.dubbo.common.serialize.fst.FstObjectOutputTest.testWriteShort","org.apache.dubbo.common.serialize.fst.FstObjectOutputTest.testWriteInt","org.apache.dubbo.common.serialize.fst.FstObjectOutputTest.testWriteUTF","org.apache.dubbo.common.serialize.fst.FstObjectOutputTest.testWriteNullBytesWithSubLength","org.apache.dubbo.common.serialize.fst.FstObjectOutputTest.testWriteBool","org.apache.dubbo.common.serialize.fst.FstObjectOutputTest.testWriteByte","org.apache.dubbo.common.serialize.fst.FstObjectOutputTest.testWriteEnum","org.apache.dubbo.common.serialize.fst.FstObjectOutputTest.testWriteLong","org.apache.dubbo.common.serialize.fst.FstObjectOutputTest.testWriteBytesWithSubLength","org.apache.dubbo.common.serialize.fst.FstObjectOutputTest.testWriteDouble","org.apache.dubbo.common.serialize.fst.FstObjectOutputTest.testWriteObject","org.apache.dubbo.common.serialize.fst.FstObjectInputTest.testEmptyByteArrayForEmptyInput"],"results":{"org.apache.dubbo.common.serialize.fst.FstObjectOutputTest.testWriteByte":{"name":"org.apache.dubbo.common.serialize.fst.FstObjectOutputTest.testWriteByte","result":"PASS","time":5.88803E-4,"stackTrace":[]},"org.apache.dubbo.common.serialize.fst.FstObjectOutputTest.testWriteUTF":{"name":"org.apache.dubbo.common.serialize.fst.FstObjectOutputTest.testWriteUTF","result":"PASS","time":0.001903168,"stackTrace":[]},"org.apache.dubbo.common.serialize.fst.FstObjectOutputTest.testWriteDouble":{"name":"org.apache.dubbo.common.serialize.fst.FstObjectOutputTest.testWriteDouble","result":"PASS","time":0.001242493,"stackTrace":[]},"org.apache.dubbo.common.serialize.fst.FstObjectOutputTest.testWriteEnum":{"name":"org.apache.dubbo.common.serialize.fst.FstObjectOutputTest.testWriteEnum","result":"PASS","time":0.009243648,"stackTrace":[]},"org.apache.dubbo.common.serialize.fst.FstObjectOutputTest.testWriteNullBytes":{"name":"org.apache.dubbo.common.serialize.fst.FstObjectOutputTest.testWriteNullBytes","result":"PASS","time":0.437182957,"stackTrace":[]},"org.apache.dubbo.common.serialize.fst.FstObjectOutputTest.testWriteInt":{"name":"org.apache.dubbo.common.serialize.fst.FstObjectOutputTest.testWriteInt","result":"PASS","time":0.001232086,"stackTrace":[]},"org.apache.dubbo.common.serialize.fst.FstObjectOutputTest.testWriteLong":{"name":"org.apache.dubbo.common.serialize.fst.FstObjectOutputTest.testWriteLong","result":"PASS","time":9.14217E-4,"stackTrace":[]},"org.apache.dubbo.common.serialize.fst.FstObjectOutputTest.testWriteShort":{"name":"org.apache.dubbo.common.serialize.fst.FstObjectOutputTest.testWriteShort","result":"PASS","time":0.002204833,"stackTrace":[]},"org.apache.dubbo.common.serialize.fst.FstObjectOutputTest.testWriteNullBytesWithSubLength":{"name":"org.apache.dubbo.common.serialize.fst.FstObjectOutputTest.testWriteNullBytesWithSubLength","result":"PASS","time":0.001090298,"stackTrace":[]},"org.apache.dubbo.common.serialize.fst.FstObjectInputTest.testEmptyByteArrayForEmptyInput":{"name":"org.apache.dubbo.common.serialize.fst.FstObjectInputTest.testEmptyByteArrayForEmptyInput","result":"PASS","time":0.001128085,"stackTrace":[]},"org.apache.dubbo.common.serialize.fst.FstObjectOutputTest.testWriteFloat":{"name":"org.apache.dubbo.common.serialize.fst.FstObjectOutputTest.testWriteFloat","result":"PASS","time":0.001105664,"stackTrace":[]},"org.apache.dubbo.common.serialize.fst.FstObjectOutputTest.testWriteBytes":{"name":"org.apache.dubbo.common.serialize.fst.FstObjectOutputTest.testWriteBytes","result":"PASS","time":0.005575748,"stackTrace":[]},"org.apache.dubbo.common.serialize.fst.FstObjectOutputTest.testWriteObject":{"name":"org.apache.dubbo.common.serialize.fst.FstObjectOutputTest.testWriteObject","result":"PASS","time":0.013596391,"stackTrace":[]},"org.apache.dubbo.common.serialize.fst.FstObjectOutputTest.testWriteBytesWithSubLength":{"name":"org.apache.dubbo.common.serialize.fst.FstObjectOutputTest.testWriteBytesWithSubLength","result":"PASS","time":9.94679E-4,"stackTrace":[]},"org.apache.dubbo.common.serialize.fst.FstObjectOutputTest.testWriteBool":{"name":"org.apache.dubbo.common.serialize.fst.FstObjectOutputTest.testWriteBool","result":"PASS","time":8.82715E-4,"stackTrace":[]}},"diffs":{}}