{"id":"1573160191859-197bc7dc-973d-44c4-8f01-fbe179131752","testOrder":["com.alibaba.json.bvt.support.jaxrs.mock.testcase.FastJsonProviderTest.test0","com.alibaba.json.bvt.support.jaxrs.mock.testcase.FastJsonProviderTest.test2","com.alibaba.json.bvt.support.jaxrs.mock.testcase.FastJsonProviderTest.test1","com.alibaba.json.bvt.support.spring.mock.testcase.FastJsonViewTest.test4","com.alibaba.json.bvt.support.spring.mock.testcase.FastJsonViewTest.test1","com.alibaba.json.bvt.support.spring.mock.testcase.FastJsonViewTest.isInjectComponent","com.alibaba.json.bvt.support.spring.mock.testcase.FastJsonViewTest.test5","com.alibaba.json.bvt.support.spring.mock.testcase.FastJsonViewTest.test3","com.alibaba.json.bvt.support.spring.mock.testcase.FastJsonViewTest.test2","com.alibaba.json.bvt.support.spring.mock.testcase.FastJsonViewTest.test6","com.alibaba.fastjson.JSONPathTest.isDigitFirst2","com.alibaba.fastjson.JSONPathTest.isEOF1","com.alibaba.fastjson.JSONPathTest.eq2","com.alibaba.fastjson.JSONPathTest.isDigitFirst1","com.alibaba.fastjson.JSONPathTest.isDigitFirst3","com.alibaba.fastjson.JSONPathTest.eq1","com.alibaba.fastjson.JSONPathTest.isEOF2","com.alibaba.fastjson.support.jaxrs.TestIssue885.testWriteTo","com.alibaba.fastjson.support.jaxrs.TestIssue885.testReadFrom","com.alibaba.fastjson.support.jaxrs.TestIssue885.testWriteToWithPretty","com.alibaba.json.bvt.support.spring.mock.testcase.FastJsonHttpMessageConverterTest.test2","com.alibaba.json.bvt.support.spring.mock.testcase.FastJsonHttpMessageConverterTest.test6","com.alibaba.json.bvt.support.spring.mock.testcase.FastJsonHttpMessageConverterTest.test1","com.alibaba.json.bvt.support.spring.mock.testcase.FastJsonHttpMessageConverterTest.test5","com.alibaba.json.bvt.support.spring.mock.testcase.FastJsonHttpMessageConverterTest.test3","com.alibaba.json.bvt.support.spring.mock.testcase.FastJsonHttpMessageConverterTest.test4","com.alibaba.fastjson.deserializer.IgnoreTypeDeserializer.parseObjectWithNotExistType","com.alibaba.fastjson.deserializer.IgnoreTypeDeserializer.parseWithNotExistType","com.alibaba.fastjson.deserializer.IgnoreTypeDeserializer.parseObjectWithExistType","com.alibaba.fastjson.deserializer.IgnoreTypeDeserializer.parseObjectWithNotExistTypeThrowException","com.alibaba.fastjson.deserializer.IgnoreTypeDeserializer.parseWithExistType","com.alibaba.fastjson.deserializer.TestISO8601Date.testBug376","com.alibaba.fastjson.deserializer.TestISO8601Date.testBug1884","com.alibaba.fastjson.serializer.TestParse.testParse"],"results":{"com.alibaba.fastjson.support.jaxrs.TestIssue885.testWriteToWithPretty":{"name":"com.alibaba.fastjson.support.jaxrs.TestIssue885.testWriteToWithPretty","result":"PASS","time":4.059769038,"stackTrace":[]},"com.alibaba.json.bvt.support.spring.mock.testcase.FastJsonViewTest.isInjectComponent":{"name":"com.alibaba.json.bvt.support.spring.mock.testcase.FastJsonViewTest.isInjectComponent","result":"PASS","time":0.013079406,"stackTrace":[]},"com.alibaba.json.bvt.support.jaxrs.mock.testcase.FastJsonProviderTest.test1":{"name":"com.alibaba.json.bvt.support.jaxrs.mock.testcase.FastJsonProviderTest.test1","result":"PASS","time":0.105298302,"stackTrace":[]},"com.alibaba.json.bvt.support.jaxrs.mock.testcase.FastJsonProviderTest.test2":{"name":"com.alibaba.json.bvt.support.jaxrs.mock.testcase.FastJsonProviderTest.test2","result":"PASS","time":0.285151246,"stackTrace":[]},"com.alibaba.json.bvt.support.spring.mock.testcase.FastJsonHttpMessageConverterTest.test6":{"name":"com.alibaba.json.bvt.support.spring.mock.testcase.FastJsonHttpMessageConverterTest.test6","result":"PASS","time":0.11274384,"stackTrace":[]},"com.alibaba.fastjson.deserializer.IgnoreTypeDeserializer.parseObjectWithExistType":{"name":"com.alibaba.fastjson.deserializer.IgnoreTypeDeserializer.parseObjectWithExistType","result":"PASS","time":0.001811043,"stackTrace":[]},"com.alibaba.json.bvt.support.spring.mock.testcase.FastJsonHttpMessageConverterTest.test4":{"name":"com.alibaba.json.bvt.support.spring.mock.testcase.FastJsonHttpMessageConverterTest.test4","result":"PASS","time":0.085569883,"stackTrace":[]},"com.alibaba.json.bvt.support.spring.mock.testcase.FastJsonHttpMessageConverterTest.test5":{"name":"com.alibaba.json.bvt.support.spring.mock.testcase.FastJsonHttpMessageConverterTest.test5","result":"PASS","time":0.138565296,"stackTrace":[]},"com.alibaba.fastjson.support.jaxrs.TestIssue885.testWriteTo":{"name":"com.alibaba.fastjson.support.jaxrs.TestIssue885.testWriteTo","result":"PASS","time":9.750337375,"stackTrace":[]},"com.alibaba.fastjson.JSONPathTest.eq1":{"name":"com.alibaba.fastjson.JSONPathTest.eq1","result":"PASS","time":0.001100357,"stackTrace":[]},"com.alibaba.fastjson.JSONPathTest.eq2":{"name":"com.alibaba.fastjson.JSONPathTest.eq2","result":"PASS","time":0.016953638,"stackTrace":[]},"com.alibaba.fastjson.deserializer.TestISO8601Date.testBug376":{"name":"com.alibaba.fastjson.deserializer.TestISO8601Date.testBug376","result":"PASS","time":0.00468291,"stackTrace":[]},"com.alibaba.fastjson.serializer.TestParse.testParse":{"name":"com.alibaba.fastjson.serializer.TestParse.testParse","result":"ERROR","time":0.053903764,"stackTrace":[{"declaringClass":"com.alibaba.fastjson.parser.ParserConfig","methodName":"checkAutoType","fileName":"ParserConfig.java","lineNumber":1331},{"declaringClass":"com.alibaba.fastjson.parser.DefaultJSONParser","methodName":"parseObject","fileName":"DefaultJSONParser.java","lineNumber":333},{"declaringClass":"com.alibaba.fastjson.parser.DefaultJSONParser","methodName":"parse","fileName":"DefaultJSONParser.java","lineNumber":1400},{"declaringClass":"com.alibaba.fastjson.parser.DefaultJSONParser","methodName":"parse","fileName":"DefaultJSONParser.java","lineNumber":1366},{"declaringClass":"com.alibaba.fastjson.JSON","methodName":"parse","fileName":"JSON.java","lineNumber":170},{"declaringClass":"com.alibaba.fastjson.JSON","methodName":"parse","fileName":"JSON.java","lineNumber":180},{"declaringClass":"com.alibaba.fastjson.JSON","methodName":"parse","fileName":"JSON.java","lineNumber":149},{"declaringClass":"com.alibaba.fastjson.serializer.TestParse","methodName":"testParse","fileName":"TestParse.java","lineNumber":32},{"declaringClass":"sun.reflect.NativeMethodAccessorImpl","methodName":"invoke0","fileName":"NativeMethodAccessorImpl.java","lineNumber":-2},{"declaringClass":"sun.reflect.NativeMethodAccessorImpl","methodName":"invoke","fileName":"NativeMethodAccessorImpl.java","lineNumber":62},{"declaringClass":"sun.reflect.DelegatingMethodAccessorImpl","methodName":"invoke","fileName":"DelegatingMethodAccessorImpl.java","lineNumber":43},{"declaringClass":"java.lang.reflect.Method","methodName":"invoke","fileName":"Method.java","lineNumber":498},{"declaringClass":"org.junit.runners.model.FrameworkMethod$1","methodName":"runReflectiveCall","fileName":"FrameworkMethod.java","lineNumber":50},{"declaringClass":"org.junit.internal.runners.model.ReflectiveCallable","methodName":"run","fileName":"ReflectiveCallable.java","lineNumber":12},{"declaringClass":"org.junit.runners.model.FrameworkMethod","methodName":"invokeExplosively","fileName":"FrameworkMethod.java","lineNumber":47},{"declaringClass":"org.junit.internal.runners.statements.InvokeMethod","methodName":"evaluate","fileName":"InvokeMethod.java","lineNumber":17},{"declaringClass":"org.junit.internal.runners.statements.RunBefores","methodName":"evaluate","fileName":"RunBefores.java","lineNumber":26},{"declaringClass":"com.reedoei.testrunner.execution.JUnitTestRunner","methodName":"runChild","fileName":"JUnitTestRunner.java","lineNumber":332},{"declaringClass":"com.reedoei.testrunner.execution.JUnitTestRunner","methodName":"run","fileName":"JUnitTestRunner.java","lineNumber":108},{"declaringClass":"org.junit.runner.JUnitCore","methodName":"run","fileName":"JUnitCore.java","lineNumber":137},{"declaringClass":"com.reedoei.testrunner.execution.JUnitTestExecutor","methodName":"execute","fileName":"JUnitTestExecutor.java","lineNumber":292},{"declaringClass":"com.reedoei.testrunner.execution.JUnitTestExecutor","methodName":"execute","fileName":"JUnitTestExecutor.java","lineNumber":328},{"declaringClass":"com.reedoei.testrunner.execution.JUnitTestExecutor","methodName":"executeWithJUnit4Runner","fileName":"JUnitTestExecutor.java","lineNumber":366},{"declaringClass":"com.reedoei.testrunner.execution.JUnitTestExecutor","methodName":"runOrder","fileName":"JUnitTestExecutor.java","lineNumber":47},{"declaringClass":"com.reedoei.testrunner.execution.Executor$","methodName":"$anonfun$run$1","fileName":"Executor.scala","lineNumber":30},{"declaringClass":"scala.runtime.java8.JFunction0$mcV$sp","methodName":"apply","fileName":"JFunction0$mcV$sp.java","lineNumber":12},{"declaringClass":"scala.util.Try$","methodName":"apply","fileName":"Try.scala","lineNumber":209},{"declaringClass":"com.reedoei.testrunner.execution.Executor$","methodName":"run","fileName":"Executor.scala","lineNumber":28},{"declaringClass":"com.reedoei.testrunner.execution.Executor$","methodName":"main","fileName":"Executor.scala","lineNumber":18},{"declaringClass":"com.reedoei.testrunner.execution.Executor","methodName":"main","fileName":"Executor.scala","lineNumber":-1}]},"com.alibaba.fastjson.deserializer.IgnoreTypeDeserializer.parseWithExistType":{"name":"com.alibaba.fastjson.deserializer.IgnoreTypeDeserializer.parseWithExistType","result":"PASS","time":0.006331212,"stackTrace":[]},"com.alibaba.fastjson.deserializer.IgnoreTypeDeserializer.parseObjectWithNotExistType":{"name":"com.alibaba.fastjson.deserializer.IgnoreTypeDeserializer.parseObjectWithNotExistType","result":"PASS","time":0.018429838,"stackTrace":[]},"com.alibaba.fastjson.deserializer.TestISO8601Date.testBug1884":{"name":"com.alibaba.fastjson.deserializer.TestISO8601Date.testBug1884","result":"PASS","time":0.189881956,"stackTrace":[]},"com.alibaba.fastjson.deserializer.IgnoreTypeDeserializer.parseObjectWithNotExistTypeThrowException":{"name":"com.alibaba.fastjson.deserializer.IgnoreTypeDeserializer.parseObjectWithNotExistTypeThrowException","result":"PASS","time":0.010395215,"stackTrace":[]},"com.alibaba.fastjson.JSONPathTest.isEOF2":{"name":"com.alibaba.fastjson.JSONPathTest.isEOF2","result":"PASS","time":0.012716276,"stackTrace":[]},"com.alibaba.fastjson.JSONPathTest.isEOF1":{"name":"com.alibaba.fastjson.JSONPathTest.isEOF1","result":"PASS","time":0.427763015,"stackTrace":[]},"com.alibaba.json.bvt.support.spring.mock.testcase.FastJsonHttpMessageConverterTest.test2":{"name":"com.alibaba.json.bvt.support.spring.mock.testcase.FastJsonHttpMessageConverterTest.test2","result":"PASS","time":0.320765982,"stackTrace":[]},"com.alibaba.json.bvt.support.spring.mock.testcase.FastJsonHttpMessageConverterTest.test3":{"name":"com.alibaba.json.bvt.support.spring.mock.testcase.FastJsonHttpMessageConverterTest.test3","result":"PASS","time":0.050144919,"stackTrace":[]},"com.alibaba.fastjson.deserializer.IgnoreTypeDeserializer.parseWithNotExistType":{"name":"com.alibaba.fastjson.deserializer.IgnoreTypeDeserializer.parseWithNotExistType","result":"ERROR","time":0.025338538,"stackTrace":[{"declaringClass":"com.alibaba.fastjson.parser.ParserConfig","methodName":"checkAutoType","fileName":"ParserConfig.java","lineNumber":1331},{"declaringClass":"com.alibaba.fastjson.parser.DefaultJSONParser","methodName":"parseObject","fileName":"DefaultJSONParser.java","lineNumber":333},{"declaringClass":"com.alibaba.fastjson.parser.DefaultJSONParser","methodName":"parse","fileName":"DefaultJSONParser.java","lineNumber":1400},{"declaringClass":"com.alibaba.fastjson.parser.DefaultJSONParser","methodName":"parse","fileName":"DefaultJSONParser.java","lineNumber":1366},{"declaringClass":"com.alibaba.fastjson.JSON","methodName":"parse","fileName":"JSON.java","lineNumber":170},{"declaringClass":"com.alibaba.fastjson.JSON","methodName":"parse","fileName":"JSON.java","lineNumber":180},{"declaringClass":"com.alibaba.fastjson.JSON","methodName":"parse","fileName":"JSON.java","lineNumber":149},{"declaringClass":"com.alibaba.fastjson.deserializer.IgnoreTypeDeserializer","methodName":"parseWithNotExistType","fileName":"IgnoreTypeDeserializer.java","lineNumber":32},{"declaringClass":"sun.reflect.NativeMethodAccessorImpl","methodName":"invoke0","fileName":"NativeMethodAccessorImpl.java","lineNumber":-2},{"declaringClass":"sun.reflect.NativeMethodAccessorImpl","methodName":"invoke","fileName":"NativeMethodAccessorImpl.java","lineNumber":62},{"declaringClass":"sun.reflect.DelegatingMethodAccessorImpl","methodName":"invoke","fileName":"DelegatingMethodAccessorImpl.java","lineNumber":43},{"declaringClass":"java.lang.reflect.Method","methodName":"invoke","fileName":"Method.java","lineNumber":498},{"declaringClass":"org.junit.runners.model.FrameworkMethod$1","methodName":"runReflectiveCall","fileName":"FrameworkMethod.java","lineNumber":50},{"declaringClass":"org.junit.internal.runners.model.ReflectiveCallable","methodName":"run","fileName":"ReflectiveCallable.java","lineNumber":12},{"declaringClass":"org.junit.runners.model.FrameworkMethod","methodName":"invokeExplosively","fileName":"FrameworkMethod.java","lineNumber":47},{"declaringClass":"org.junit.internal.runners.statements.InvokeMethod","methodName":"evaluate","fileName":"InvokeMethod.java","lineNumber":17},{"declaringClass":"com.reedoei.testrunner.execution.JUnitTestRunner","methodName":"runChild","fileName":"JUnitTestRunner.java","lineNumber":332},{"declaringClass":"com.reedoei.testrunner.execution.JUnitTestRunner","methodName":"run","fileName":"JUnitTestRunner.java","lineNumber":108},{"declaringClass":"org.junit.runner.JUnitCore","methodName":"run","fileName":"JUnitCore.java","lineNumber":137},{"declaringClass":"com.reedoei.testrunner.execution.JUnitTestExecutor","methodName":"execute","fileName":"JUnitTestExecutor.java","lineNumber":292},{"declaringClass":"com.reedoei.testrunner.execution.JUnitTestExecutor","methodName":"execute","fileName":"JUnitTestExecutor.java","lineNumber":328},{"declaringClass":"com.reedoei.testrunner.execution.JUnitTestExecutor","methodName":"executeWithJUnit4Runner","fileName":"JUnitTestExecutor.java","lineNumber":366},{"declaringClass":"com.reedoei.testrunner.execution.JUnitTestExecutor","methodName":"runOrder","fileName":"JUnitTestExecutor.java","lineNumber":47},{"declaringClass":"com.reedoei.testrunner.execution.Executor$","methodName":"$anonfun$run$1","fileName":"Executor.scala","lineNumber":30},{"declaringClass":"scala.runtime.java8.JFunction0$mcV$sp","methodName":"apply","fileName":"JFunction0$mcV$sp.java","lineNumber":12},{"declaringClass":"scala.util.Try$","methodName":"apply","fileName":"Try.scala","lineNumber":209},{"declaringClass":"com.reedoei.testrunner.execution.Executor$","methodName":"run","fileName":"Executor.scala","lineNumber":28},{"declaringClass":"com.reedoei.testrunner.execution.Executor$","methodName":"main","fileName":"Executor.scala","lineNumber":18},{"declaringClass":"com.reedoei.testrunner.execution.Executor","methodName":"main","fileName":"Executor.scala","lineNumber":-1}]},"com.alibaba.json.bvt.support.spring.mock.testcase.FastJsonHttpMessageConverterTest.test1":{"name":"com.alibaba.json.bvt.support.spring.mock.testcase.FastJsonHttpMessageConverterTest.test1","result":"PASS","time":0.041297776,"stackTrace":[]},"com.alibaba.json.bvt.support.spring.mock.testcase.FastJsonViewTest.test4":{"name":"com.alibaba.json.bvt.support.spring.mock.testcase.FastJsonViewTest.test4","result":"PASS","time":1.775775703,"stackTrace":[]},"com.alibaba.json.bvt.support.spring.mock.testcase.FastJsonViewTest.test5":{"name":"com.alibaba.json.bvt.support.spring.mock.testcase.FastJsonViewTest.test5","result":"PASS","time":0.029234422,"stackTrace":[]},"com.alibaba.json.bvt.support.jaxrs.mock.testcase.FastJsonProviderTest.test0":{"name":"com.alibaba.json.bvt.support.jaxrs.mock.testcase.FastJsonProviderTest.test0","result":"PASS","time":2.005354841,"stackTrace":[]},"com.alibaba.json.bvt.support.spring.mock.testcase.FastJsonViewTest.test6":{"name":"com.alibaba.json.bvt.support.spring.mock.testcase.FastJsonViewTest.test6","result":"PASS","time":0.034683197,"stackTrace":[]},"com.alibaba.fastjson.JSONPathTest.isDigitFirst2":{"name":"com.alibaba.fastjson.JSONPathTest.isDigitFirst2","result":"PASS","time":0.071319714,"stackTrace":[]},"com.alibaba.fastjson.JSONPathTest.isDigitFirst1":{"name":"com.alibaba.fastjson.JSONPathTest.isDigitFirst1","result":"PASS","time":0.001872578,"stackTrace":[]},"com.alibaba.json.bvt.support.spring.mock.testcase.FastJsonViewTest.test1":{"name":"com.alibaba.json.bvt.support.spring.mock.testcase.FastJsonViewTest.test1","result":"PASS","time":0.036007691,"stackTrace":[]},"com.alibaba.fastjson.support.jaxrs.TestIssue885.testReadFrom":{"name":"com.alibaba.fastjson.support.jaxrs.TestIssue885.testReadFrom","result":"PASS","time":4.055799678,"stackTrace":[]},"com.alibaba.json.bvt.support.spring.mock.testcase.FastJsonViewTest.test2":{"name":"com.alibaba.json.bvt.support.spring.mock.testcase.FastJsonViewTest.test2","result":"PASS","time":0.033876612,"stackTrace":[]},"com.alibaba.json.bvt.support.spring.mock.testcase.FastJsonViewTest.test3":{"name":"com.alibaba.json.bvt.support.spring.mock.testcase.FastJsonViewTest.test3","result":"PASS","time":0.034228638,"stackTrace":[]},"com.alibaba.fastjson.JSONPathTest.isDigitFirst3":{"name":"com.alibaba.fastjson.JSONPathTest.isDigitFirst3","result":"PASS","time":0.001197024,"stackTrace":[]}},"diffs":{}}