{"id":"1573211975073-be5e0dc7-a47d-4f2b-8df1-25787eb04518","testOrder":["org.apache.dubbo.common.serialize.fst.FstObjectOutputTest.testWriteNullBytes","org.apache.dubbo.common.serialize.fst.FstObjectOutputTest.testWriteBytes","org.apache.dubbo.common.serialize.fst.FstObjectOutputTest.testWriteFloat","org.apache.dubbo.common.serialize.fst.FstObjectOutputTest.testWriteShort","org.apache.dubbo.common.serialize.fst.FstObjectOutputTest.testWriteInt","org.apache.dubbo.common.serialize.fst.FstObjectOutputTest.testWriteUTF","org.apache.dubbo.common.serialize.fst.FstObjectOutputTest.testWriteNullBytesWithSubLength","org.apache.dubbo.common.serialize.fst.FstObjectOutputTest.testWriteBool","org.apache.dubbo.common.serialize.fst.FstObjectOutputTest.testWriteByte","org.apache.dubbo.common.serialize.fst.FstObjectOutputTest.testWriteEnum","org.apache.dubbo.common.serialize.fst.FstObjectOutputTest.testWriteLong","org.apache.dubbo.common.serialize.fst.FstObjectOutputTest.testWriteBytesWithSubLength","org.apache.dubbo.common.serialize.fst.FstObjectOutputTest.testWriteDouble","org.apache.dubbo.common.serialize.fst.FstObjectOutputTest.testWriteObject","org.apache.dubbo.common.serialize.fst.FstObjectInputTest.testEmptyByteArrayForEmptyInput"],"results":{"org.apache.dubbo.common.serialize.fst.FstObjectOutputTest.testWriteByte":{"name":"org.apache.dubbo.common.serialize.fst.FstObjectOutputTest.testWriteByte","result":"PASS","time":0.003664827,"stackTrace":[]},"org.apache.dubbo.common.serialize.fst.FstObjectOutputTest.testWriteDouble":{"name":"org.apache.dubbo.common.serialize.fst.FstObjectOutputTest.testWriteDouble","result":"PASS","time":0.005238531,"stackTrace":[]},"org.apache.dubbo.common.serialize.fst.FstObjectOutputTest.testWriteUTF":{"name":"org.apache.dubbo.common.serialize.fst.FstObjectOutputTest.testWriteUTF","result":"PASS","time":0.005609553,"stackTrace":[]},"org.apache.dubbo.common.serialize.fst.FstObjectOutputTest.testWriteEnum":{"name":"org.apache.dubbo.common.serialize.fst.FstObjectOutputTest.testWriteEnum","result":"PASS","time":0.027374312,"stackTrace":[]},"org.apache.dubbo.common.serialize.fst.FstObjectOutputTest.testWriteNullBytes":{"name":"org.apache.dubbo.common.serialize.fst.FstObjectOutputTest.testWriteNullBytes","result":"PASS","time":0.776062986,"stackTrace":[]},"org.apache.dubbo.common.serialize.fst.FstObjectOutputTest.testWriteInt":{"name":"org.apache.dubbo.common.serialize.fst.FstObjectOutputTest.testWriteInt","result":"PASS","time":0.003425115,"stackTrace":[]},"org.apache.dubbo.common.serialize.fst.FstObjectOutputTest.testWriteLong":{"name":"org.apache.dubbo.common.serialize.fst.FstObjectOutputTest.testWriteLong","result":"PASS","time":0.003927798,"stackTrace":[]},"org.apache.dubbo.common.serialize.fst.FstObjectOutputTest.testWriteShort":{"name":"org.apache.dubbo.common.serialize.fst.FstObjectOutputTest.testWriteShort","result":"PASS","time":0.003518429,"stackTrace":[]},"org.apache.dubbo.common.serialize.fst.FstObjectOutputTest.testWriteNullBytesWithSubLength":{"name":"org.apache.dubbo.common.serialize.fst.FstObjectOutputTest.testWriteNullBytesWithSubLength","result":"PASS","time":0.003001359,"stackTrace":[]},"org.apache.dubbo.common.serialize.fst.FstObjectInputTest.testEmptyByteArrayForEmptyInput":{"name":"org.apache.dubbo.common.serialize.fst.FstObjectInputTest.testEmptyByteArrayForEmptyInput","result":"PASS","time":0.005214085,"stackTrace":[]},"org.apache.dubbo.common.serialize.fst.FstObjectOutputTest.testWriteBytes":{"name":"org.apache.dubbo.common.serialize.fst.FstObjectOutputTest.testWriteBytes","result":"PASS","time":0.025722659,"stackTrace":[]},"org.apache.dubbo.common.serialize.fst.FstObjectOutputTest.testWriteFloat":{"name":"org.apache.dubbo.common.serialize.fst.FstObjectOutputTest.testWriteFloat","result":"PASS","time":0.004920452,"stackTrace":[]},"org.apache.dubbo.common.serialize.fst.FstObjectOutputTest.testWriteBytesWithSubLength":{"name":"org.apache.dubbo.common.serialize.fst.FstObjectOutputTest.testWriteBytesWithSubLength","result":"PASS","time":0.002825486,"stackTrace":[]},"org.apache.dubbo.common.serialize.fst.FstObjectOutputTest.testWriteObject":{"name":"org.apache.dubbo.common.serialize.fst.FstObjectOutputTest.testWriteObject","result":"PASS","time":0.039095333,"stackTrace":[]},"org.apache.dubbo.common.serialize.fst.FstObjectOutputTest.testWriteBool":{"name":"org.apache.dubbo.common.serialize.fst.FstObjectOutputTest.testWriteBool","result":"PASS","time":0.004390878,"stackTrace":[]}},"diffs":{}}