abel533/MyBatis-Spring-Boot,e099ad1ca82b287652da033d58ac52c1bb3c2cd3,595,82
Activiti/Activiti,b11f757a48600e53aaf3fcb7a3ba1ece6c463cb4,146148,53992
addthis/stream-lib,6e0edb5f6ab37e3f4b5f9fa7344d56d7d0f16931,8641,3560
alibaba/arthas,5a775f99325b9e4daa3bfed4a91f2af3f7bb1442,19422,772
alibaba/fastjson,57d0434ab01c55e719bb52f3ec96bf12cad0e46c,158504,62502
alibaba/jstorm,5d6cde22dbca7df3d6e6830bf94f98a6639ab559,208398,7399
alibaba/otter,dce24714ee61246b60574c81ec7dd8d27e56c52d,61800,7470
alibaba/Sentinel,9e268680860567adb397484dff576737da837ee1,21974,3208
alipay/sofa-boot,ce6e59861043506a40c3699a7209248761ec4b7c,9919,2322
alipay/sofa-jarslink,1b63e23c90e29a045ce7355a1e296073615231f9,1194,196
Alluxio/alluxio,1de584b5df9de04f907616fb9f382c1109a80586,328256,56557
Angel-ML/angel,529fbcb4bf3e4ed06fd1b82861e1bbb8edb659b5,138970,10387
apache/ambari,d4b97b0831fc59cd95cada70277628520a904d4d,415726,178771
apache/ant,2a359a6d3d13c572b4bac8e8c2fc21ad5001e32c,140369,30355
apache/ant-ivy,b3f7c8596957c87934f7d90e5e5cb94877df7d1a,76466,23997
apache/camel,a3346e1ddc891486d1a2bb27f5873edf9f0525dc,1198174,531483
apache/cassandra,a9138c5e9cfabd4059848c7e611520ca2239edd2,382036,135703
apache/commons-exec,2da60ab3eefaaa2f8a434ded1eebe1ce17efd34a,3541,1754
apache/derby,56e7418b9921c5439457462d1c19a531f002e48d,692860,255043
apache/flink,3ef68bc5442f0476e91a062506e50cfb8225cb6b,679676,262270
apache/hadoop,281c192e7f917545151117fc7e067dc480b93499,1651704,690576
apache/hbase,801fc05e9c082ab12c7c1207087d3667ab162d1a,690245,268155
apache/hive,f0434c5b5c591c7c1af0840c4dd3b08e53614869,1319021,233012
apache/httpcore,7834aa5236f7fed2bf164b0a314fd93c909a50de,68958,26434
apache/ignite,ba861837ff6cde13066d904742edb52bd9d641f0,982684,418184
apache/incubator-dubbo,737f7a7ea67832d7f17517326fb2491d0a086dd7,102436,32834
apache/jackrabbit-oak,11985b3fbbd4f7f39dfaf368b01b5e0c67a32f0d,470390,214114
apache/karaf,98dc648031c79b002e5eae05e61ea7cbfd0a029e,117706,19338
apache/lucene-solr,14e6eb2c2488a5983c4449da32757d1f3bf17ce0,1154150,488565
apache/nutch,61d7e8ce440aa544ce23e98a6fc6f811c482c5a0,58087,9830
apache/oozie,4145a9dc8a838dc02449693e06b3d49475fc12d0,190347,90275
apache/pig,2326aaca44ffd2b817f090bbcf0b80d3f3b796c7,269539,103436
apache/pulsar,96c10dc5d2d55bb9132f25b465e9062855e42285,214731,77519
apache/qpid,e9cc3624697419186f39e5fab29f474f27a1d5a6,14012,2146
apache/struts,13d9053050c9e4fb2ef049db6a37d3f6eebf48fa,157955,45927
apache/wicket,b21ec2d4b57a1533b92b6c433a728682c90bc9de,212548,62825
AsyncHttpClient/async-http-client,365c1e6a582499f8aaec30d56a398e694033e999,30871,13199
Atmosphere/atmosphere,9ac1f9f373ed2c59e179f1623e316599814a4eff,35688,7937
b3log/solo,e4989177279d3d7d3f6c67ca07088cc9c5289084,19809,3567
b3log/symphony,085dfa8d98d7ccbfde7d3ae6ae40bda5b91de3f0,31733,270
bauerca/drag-sort-listview,c3cfccee21676149dfdf8e803c0ec2eaebc6b841,3668,117
bonnyfone/vectalign,3393c5ee3440a48d5e7cec04bb6e2f0da532ba51,2626,210
brianfrankcooper/YCSB,d1a8a6949c0ab7940bce279b7119fd17bc06ffbc,22732,4689
brianway/java-learning,3fea6298d1e28ab0289284e00cbff021c160f225,11051,176
Bukkit/Bukkit,f210234e59275330f83b994e199c76f6abd41ee7,32560,3586
bytedeco/javacpp,cc6bbc801aa1de1b3010a92e0b9a38de13fd9834,18731,1904
bytedeco/javacv,0eb0f51b49641bd3c29d6c2bdaa0788b13d17396,21524,999
cglib/cglib,400d16c3de3e21f2675ca07fa5b6ce25bbb4d459,15069,4034
changmingxie/tcc-transaction,a997a140d3ca0afac47a617be5a3995acbfc2436,6763,222
chanjarster/weixin-java-tools,2a0b1c30c0f60c2de466cb8933c945bc0d391edf,14333,3164
checkstyle/checkstyle,f3ab43503a0fe1d1463d6702513669304a8499ba,199817,52074
chewiebug/GCViewer,c75a91b8a7d2fa6c97083ebb8f505539e45e40f3,20801,6171
chrisbanes/Android-PullToRefresh,3bd8ef6869c3297bfe874d2f15c2ee53c3456e99,3583,0
clojure/clojure,db94999b543effe0be04ca4ed53d8e699674cfff,40946,12
code4craft/webmagic,be892b80bf6682cd063d30ac25a79be0c079a901,12810,3020
confluentinc/ksql,2fbde46b28c18765db6adc777c478fadddc1190e,69194,28450
CrawlScript/WebCollector,016b61a1f6e52cf2ffb048a2abcc01d767beb0ab,5004,185
crossoverJie/JCSprout,f499afc004ab1ca66bd22285cf4878f0e8c003cb,2705,581
crossoverJie/SSM,774728b849c0242ef9a08651b2d8d677036012c9,9880,399
ctripcorp/apollo,0d32276855a0121324e6ab6219311ddcf6b0526a,42688,16004
databricks/learning-spark,6b34161e2c1351500784a0d500c664c90846cacf,2111,0
doanduyhai/achilles,e3099bdce342910951c4862c78751fd81ed4552e,48116,17827
dropwizard/dropwizard,07dfaed697427e208d65049f80a5d1949833b7cd,51716,27790
dropwizard/metrics,9680fc801a6302a46cce0d299a960c2796ee21cd,19098,9364
dyc87112/SpringBoot-Learning,33dc0e35632f446a62e8df1a3c65ba1205f7276d,3381,1058
eclipse-vertx/vert.x,aaf9383a3cd3e3f7ca935f6a96969332f3939518,106384,52188
elastic/elasticsearch,4dacfa95d2a2e88cec7e9d9d80af5a39542397a8,1183641,440601
elasticjob/elastic-job-lite,b022898ef1b8c984e17efb2a422ee45f6b13e46e,16224,7947
FasterXML/jackson-databind,3b5f1e5d375c76957324a80cdc53bdaa6acb96b4,114059,52857
ffay/lanproxy,945d2f821cfdb048f21a9fac4ba16f7f4baa2d23,2640,17
flyway/flyway,a9c37c25aaa0358c9a4d5168e4a42aa6630a75a7,17650,0
fyhertz/libstreaming,e71b49c22fc19f41b60b8fef6a3e140a26b9aa82,6008,0
google/auto,1339e4038c23b8d667316ac4f179a8dac35685e4,24474,14283
google/binnavi,921d91ed3c6dbc02e356d8f8b71cb52f150d3a92,308883,91358
google/closure-compiler,01197b23b19e65bae32494d6635d9d5ab148874c,370078,208308
google/error-prone,20bf092117ec70e14dfdd125d49f36c5a3f5bc0c,142163,61601
google/google-java-format,4fa9d4967170109b1f8b238c12bb42ee9d26ba88,14744,5424
google/gson,9d44cbc19a73b45971c4ecb33c8d34d673afa210,25208,14821
google/guava,8dbe749b9e78a0caa4da949048c82dc50eb8da8d,382850,202930
google/guice,ba4314795d7a6fa0c8206fc8b73ea3170df33637,65101,38179
google/jimfs,ced6093fe69a31e37ba8bbf63858b50c7164f4a4,17366,9484
Graylog2/graylog2-server,7ccc1f4ea504742766b7bb01fb07e548d63c67dd,148286,39462
guoguibing/librec,38c3d3325a9dc5e3e71a3c0d60e4db9d4ea8c814,31771,4423
hazelcast/hazelcast,788b9e237ceac8ccc1369fbe7bb8ca590c6917ba,768368,440681
hector-client/hector,a302e68ca8d91b45d332e8c9afd7d98030b54de1,31365,9088
hibernate/hibernate-orm,6f5b1e554386662e02d4ef3b91c23863258ff481,705286,277243
iluwatar/java-design-patterns,7a7e891384740f8bab597b2b6eed4632528956d9,28257,10450
immutables/immutables,e1481c2c993aca0f0b00b309236157cd7bd61854,40936,6497
JakeWharton/ActionBarSherlock,2c71339e756bcc0b1424c4525680549ba3a2dc97,25335,20
JakeWharton/DiskLruCache,3e016356cfc7e5f9644a7a732fe0223e9742e024,1740,960
JakeWharton/NineOldAndroids,d582f0ec8e79013e9fa96c07986160b52e662e63,6436,0
JakeWharton/RxRelay,82db28c4126f4cec6d762804c38adb1b95475b3c,2318,1210
JakeWharton/ViewPagerIndicator,8cd549f23f3d20ff920e19a2345c54983f65e26b,3072,89
jenkinsci/jenkins,008c4350849bd323f0b4adde03dbe7b5b58ed1e8,153288,49692
jfeinstein10/SlidingMenu,4254feca3ece9397cd501921ee733f19ea0fdad8,3212,0
jfree/jfreechart,520a4be69ba932061ab9b89f328842caf152e1d9,133847,39847
jhalterman/failsafe,e3c37eb0482f6bff5eaaf223d7347be475ddf402,5579,2820
jhy/jsoup,220b77140bce70dcf9c767f8f04758b09097db14,19926,7474
jknack/handlebars.java,3b702a4a8ffeb07e52867fdf1ab69c9c414ae973,21508,8461
JoanZapata/android-pdfview,8f239bb91ab56ff3066739dc44bccf8b1753b0ba,2939,0
JodaOrg/joda-time,d1ea2a53929d7d56d4f4560852e5586517a0dd47,86167,55151
joel-costigliola/assertj-core,978d942c51d616cbd47472c7970cab8d07664eac,150291,115456
johncarl81/parceler,f7312d61041ff6dca9f7a7db28eddcaa55d69994,9789,3128
jOOQ/jOOQ,a6b438ac34726834af06767046967c74dd36e1a8,171644,553
junit-team/junit4,78029cd90a5a7be76fc54aa725be94f87f35927e,30775,19950
jwtk/jjwt,57ff5139f5149b4ad443356570f97a68f01dbfd9,5271,0
kbastani/spring-cloud-microservice-example,5e8dfa121c0613ebe6e18aa7e26ca1fd0421de21,1100,14
kevin-wayne/algs4,880a5567464fa9312592d2ea815ea9146692d28f,21377,20
kevinsawicki/http-request,2d62a3e9da726942a93cf16b6e91c0187e6c0136,4112,2721
knightliao/disconf,2ac5c8275ad8cdc101522ad01a8ba87e53b73b68,17052,920
knowm/XChange,ae0e96efdb3384742674bde1faf8dc977b4db3d7,196632,20106
lets-blade/blade,88e6e5f75ed162d660237d4d4cec09d464347b48,16233,3423
liaohuqiu/android-Ultra-Pull-To-Refresh,46fdc861243a3d90dca1f5d31f3c82559ee9e4fa,5219,0
libgdx/libgdx,8c705fcb39ec55dc14b0308379344a2181dd6adc,275811,26658
lihengming/spring-boot-api-project-seed,0980dd90d0fc4205fcdadc939d47aa46bfa93fcd,564,12
linkedin/pinot,b184998736d6cd2ce26f198560f09be614749b6b,252222,62985
looly/hutool,91565d052d2771dd26547e79c619ee8c31497e8f,62901,7879
ltsopensource/light-task-scheduler,64d3aa000ff5022be5e94f511b58f405e5f4c8eb,48577,1442
luontola/retrolambda,1f26f13c98cd57ecc56a5f8afa4c56e7b98bfa18,4887,2053
medcl/elasticsearch-analysis-ik,83fa2ff8b234984bca63397148feffa0bedd439c,2067,0
mpusher/mpush,f8d5c97f30b2bde12f1b60d11709ae1b75587a2e,16861,1051
mrniko/netty-socketio,55e7802dfb24a91bd6785f3e600c0290fce5e4f8,6008,396
mybatis/mybatis-3,67a1c4ea5726c605d297398a8ab9a42ab7d4ebf1,55245,22354
mybatis/spring-boot-starter,8f7336ff9e5ebd9aa73bc741d6b8380b406139c5,1644,944
MyCATApache/Mycat-Server,d3012dc13062a8c69cc3737747fba09911926c39,97702,8511
NanoHttpd/nanohttpd,fd80618e93d17f8f05e11006eaa048a22213714d,7534,3641
naver/pinpoint,2a37d1a7355ce7be5b17921dae5329be913d3d62,268392,52832
Netflix/curator,7fa8c085f45977be1db980731f4faf580925db08,1196,924
netty/netty,59973e93dd7da715eee709788573e3515cc50238,257035,84974
nhaarman/ListViewAnimations,23617960178fb5af3099c07996569cc305a40945,6086,1262
ninjaframework/ninja,c43fe99e97a64e63b7c860e572bb172f24ff56c1,34105,15137
NLPchina/elasticsearch-sql,5d370f15606da940473166c625b85ead391fc8b2,17879,4600
nutzam/nutz,e809240f00132c8797525b2f82b0cd9e69627b2c,92708,17165
oldmanpushcart/greys-anatomy,e80c55264520c4d2139e8ae6fc2866b447b6d077,9700,49
OpenFeign/feign,02d97371fe3a84bfd3222e18b94d791c5841170e,16393,7981
openhab/openhab1-addons,1b743a6de56adab2805eaee80a21740708f21fbd,370597,14726
openzipkin/zipkin,b3f8ad033e5240571333156cd4842e6633955081,33888,11121
oracle/opengrok,fd2e8feba888a0b3c6938be7544aca3502695940,68447,21653
orbit/orbit,c4904af2f3745fea93871493edd7e09348e77768,22439,6532
orientechnologies/orientdb,9d5950a6a0ae0018af44d707ab1b96927c1d23fe,483710,142585
oryxproject/oryx,72ae4bb3cc49d92b77e76d8a30fca8b6549b8865,20161,5743
pardom-zz/ActiveAndroid,08c6335cd7324c6e72da536b0c6fffa5a798f6a2,3436,884
pedrovgs/Algorithms,9ae21a5c070c9a97e05ef56b2d1f6d764b609f9e,6549,3671
prontera/spring-cloud-rest-tcc,ce2d76857834fc9fc624cbf4caf363110e5eb022,5795,289
Prototik/HoloEverywhere,b870abb5ab009a5a6dbab3fb855ec2854e35e125,53959,0
qos-ch/logback,4dd08e68321548cd85251ec389f5a832505e1268,57666,21062
quartz-scheduler/quartz,9f9e400733f51f7cb658e3319fc2c140ab8af938,46234,9472
querydsl/querydsl,2bf234caf78549813a1e0f44d9c30ecc5ef734e3,109804,37317
raphw/byte-buddy,951fec087052825f3f509640bf93e320b874e46c,147965,83232
rest-assured/rest-assured,bbb40a08d4b659a841a61c28619cf6063c536cc5,36369,21827
roboguice/roboguice,d96250c41149e13a159d26a532365c3f7034c07e,61221,31991
ronmamo/reflections,94f9d5a3de9b1e268280fe974a60147f575929d7,4328,1188
scribejava/scribejava,0df58e1ad282c1d54c048f75cea23013e87f9d6e,12155,1506
skavanagh/KeyBox,7dc05ad6ecb73b42e61a59c406b1d320182c99a5,6209,0
sohutv/cachecloud,12123e718dd18373d08cecaca961648927deefbd,58657,9631
spotify/helios,aebf68dcbdf9d3850478e8bddd2c478fa5fa282a,46491,18460
spring-cloud/spring-cloud-netflix,ace1ef7ebec4f005335415b9548246690bda17bb,34695,18054
spring-projects/spring-boot,f99df9858811729b82cf95783a65ec7954a961f2,262749,135007
spring-projects/spring-data-examples,c44d0fc911790bea174457326618731ef5d11e4c,81265,5476
spring-projects/spring-mvc-showcase,b9e18ad9e508409324b8afa9d359cfe05cd8442e,2268,944
spring-projects/spring-petclinic,60105d5d9a8b64d29927b98cd06d6d811fd4bb52,1418,672
square/dagger,572cdd2fe97fc3c148fb3d8e1b2ce7beb4dcbcde,8893,4494
square/javapoet,dfb5bc6c4e0c33f0d40d02c9702089da8a848d2f,8685,5325
square/keywhiz,bdaa147a069e09c6dab988fc7fbcad8d7151c621,19411,8142
square/moshi,2cb81857acea79724122bad621c5e43d5c2a3282,14245,8189
square/okhttp,de4acc58bbe8d20853502b67c5d1dc8ea26c0fef,59886,33788
square/otto,2a67589abd91879cf23a8c96542b59349485ec3d,1736,945
square/retrofit,ae28c3d5f6fe54f6ca409cdf82106efb47609f8f,20341,11869
stephanenicolas/robospice,8bffde88b3534a961a13cab72a8f07a755f0a0fe,15411,4277
thinkaurelius/titan,ee226e52415b8bf43b700afac75fa5b9767993a5,74510,18932
togglz/togglz,01f4e65d3dadae19932c22d3436677bc90a32539,19263,7472
TooTallNate/Java-WebSocket,fa3909c391195178ccf5a92d4ac342a30ae247c8,11620,5945
Trinea/android-common,43ebcee553a970922afd0d822959f99dba84b8f4,6614,0
twitter/distributedlog,8e619cd735093e45eef741e5be3c36dbc0598eba,64288,21278
undertow-io/undertow,9f140e3c9f7c89b2afb884e35114733576457127,137336,29316
weibocom/motan,092aabca33108cbe6970776dd506b44681ae8e32,35712,6169
wildfly/wildfly,b19048b72669fc0e96665b1b125dc1fda21f5993,516133,149129
wro4j/wro4j,185ab607f1d649ca38b4a772831ee754cd4649fb,40285,20098
wumpz/jhotdraw,ce37253635cf47c00ea9d2f68d523e3e87a23dbd,144744,197
xetorthio/jedis,d1fb17ce3021f8bac135aef3fd306d62c877c13c,28850,9176
yasserg/crawler4j,7f21f9134057b90672cc2c3bd9101b374dce2a97,5038,184
zhangkaitao/es,0c6b3cbb8ef26f29b32d164efb0d9d97dd7e497f,25195,995
zxing/zxing,a010db7fe20287a4b79382688001be7d3bc2fc27,43625,8045
1and1/cosmo,61d14f4912655ee8946e962aa7707e83eee1f936,50476,10358
1and1/foss-parent,a1e52c306437d6b951dd8be518b8decdcf8a78db,72,30
3breadt/dd-plist,982fec5236b39132179898e156feaeea91d196d4,5611,1403
410919244/wmeimob,067e236df78629846f414013d3bb0a2ac1d1b3de,4851,63
52North/arctic-sea,04188719c63112fc1ad8a0eeade925a04e8e420f,112548,12611
52North/wpsclient4arcgis,d8242dfa0c6a70a58b3a0f4839301b065c43ee1f,2375,34
7le/springcloud-analysis,23a00a212a97e7a0d4286c27a74c0b1968cd284e,1793,87
abashev/vfs-s3,2a75dd50460dd35917c1eadd0932660a427417b3,28362,8060
addthis/hydra,b89f01adc0ca81b9ea5056a64bf7649827a464ef,91921,15134
admiralsmaster/taxapi,91fbcfbb8abfad7e32cc090c23c080f5d7d25bb5,72,43
admiralsmaster/taxcalculator,7137164ba1beb8aec7524988c42d5db89e3f6c94,1134,658
Adobe-Consulting-Services/acs-aem-samples,bc97d68c819c4cb12557ea671bcb4923fcaecba9,3313,
Adobe-Marketing-Cloud/aem-guides-wknd,5215d7f95c5599b6f353bb1a228911a03c610d25,665,425
adobe/S3Mock,c56af00865f2973169c728982c0b5e28b41f9022,5091,893
adridadou/eth-propeller-core,9e3d3f408c7ac941e15d2e3d1889b59444f80e4e,4691,194
aeshell/aesh,8e96010e76e5eb91428b7de0763a362e26210640,20931,7757
alchemystar/Freedom,b2e106de97233aaddb5f4ec57bb00d32f9948588,11904,775
Alfresco/alfresco-anaxes-chartmap,822983cb249e33c5cae47db089c5d22969c2f172,2148,237
Alfresco/alfresco-core,bef6661ddfa49f2689841682a761374541625395,16206,3017
Alfresco/alfresco-data-model,41bfbde13d3da8735fea6b883618f857efc01425,96796,4737
alibaba/cli,8f44b03f78c4f7981af50c43e09f3a940436f48d,5111,2214
alibabacloud-howto/image-search-workshop,93e8aa1683a39939eacedf1081a5dc9c4147525a,1946,495
alibaba/easyexcel,3ac54c3f14f9a5a8e6fa0ec7cfbe6725f831f8d0,4457,248
alibaba/jvm-sandbox,24259b0f9632f3772b75574248aec276c755417a,12146,866
aliceinnets/java-jyplot,f166d52f0c50e39ee89cbec855432890c4947133,4168,177
alida-hub/alida,044436b8d0d8bde849085860ae0db70b749600a2,29579,842
alien4cloud/alien4cloud,eb57d0feca6c37e0a4aafc3feef494e43e02ecda,88309,10961
alimate/errors-spring-boot-starter,d2047fa8c9aadcad80be11272d494c7d754717a0,2569,823
alipay/sofa-ark,e603e544d6243361b76edb4bed4de922356f8fb3,12145,2535
alturkovic/distributed-lock,9f8117bf69219ffc6e9e66bd3acaffaa732237af,1891,734
AmadeusITGroup/sonar-stash,a6d0fa9d09f72e693f392e2007eb3eecffea3831,6785,2878
americanexpress/nodes,589c6971ffba5d9bb509303202841f3b5e36f812,2529,1305
amihaiemil/eo-jsonp-impl,75b0c5f420ed9bead697dda7a3908df3fe1b82e1,1437,578
Angular2Guy/Angular2AndJavaEE,3d4a5190c7d247fc8bae86405698f8285598211a,1650,113
anhcraft/SpaciousLib,b9f62f00ae14e999b0f404525782c39d9ff2b53e,19819,488
anshooarora/extentreports-java,af5af7fbe1f605beaf42fbe21b26c50d11488244,7117,3214
aodn/geoserver-build,01033a1a33c30d2c6f005069834118957cadd5c6,2846,534
apache/commons-compress,6e47be35fca595d8637441a578e29045b329c611,44437,18006
apache/commons-pool,7162939e8549d88e1930dfbd4f9dd8662b8ac4d0,14212,8031
apache/fluo,45e4fb27e40e3e8b1b0dca31322d55edc710dce1,28104,4244
apache/helix,e8125e8b97febbbf2e80000d870656d0b05e3814,115166,48599
apache/incubator-taverna-language,43b4518c9c4e270cda0e15fef6c1755e38e08e8d,35845,12538
apache/jackrabbit-filevault,01737d7a91e06a58895aa365a15a0047dc7f6b49,52780,9156
apache/jackrabbit-filevault-package-maven-plugin,2d4a4490ebd0ffad3800789e839a5b322b9bab71,3370,244
apache/maven-doxia,ac4ce15d932eb91e4083a03c4888a09838200036,43383,10775
apache/nifi-registry,f1e5aef7bef7d4f5ec89b2347e6a6c7e78aa589c,36405,5081
apache/olingo-odata4,df332b3384ef2d51daf395eb541d77af9dd8b9f1,180343,54363
apache/qpid-jms,0633a2330de5dab97758e6fd82fc4cd3855dd287,102855,63033
apache/tez,282bb0a3fddf20260d71b0a6cd798fa5479e7038,187493,75535
apache/uima-as,b0c1587d4cfb2e4f04526a951bbe19facc4176d4,45806,3925
apache/uima-ducc,d3d25d283239011e48bfe1306f33c27bad9a75ec,127422,6640
apache/uima-ruta,9b3d62d88bacd2f2a139433ebc06f2a9c2ccd1ef,96286,12913
apache/webservices-neethi,86100ac539446506ad0895fccd6436f509546ca7,2835,494
apache/wss4j,5f8fce9bcffc63f2b390a04308c14d541f735485,110703,53207
apereo/java-cas-client,574b74fa64e4c95bda00ff41d06d358684a0b2e6,10409,2862
Apereo-Learning-Analytics-Initiative/OpenLRW,e1002e3273294a65d1354f61d854e3d6a343fd73,9133,2740
apssouza22/java-microservice,ba8304c3ba36f0c7308c140df035aa78ae1bc806,3147,220
arcuri82/testing_security_development_enterprise_systems,9ae9f0141a95364f8b10484f6d245c5c300938fa,18884,6356
armenak/DataDefender,82df812a091477f1be439b73d4bb4befedff64e6,4623,969
arrahtech/osdq-core,7a808d3fea317c580c632a28cca0714358bee3c3,26812,1748
asdf2014/yuzhouwan,f0471e382bae618ff1c468dee7a31f11cb876a27,21400,4833
ashwanthkumar/gocd-build-github-pull-requests,51a7b65e4746f0ae3f962065abe54656e3867bbc,1954,722
as-ideas/ideas-dash,38bc7ea14f6e5e6843d86b16364a73c77abd659e,6302,1464
asterisk-java/asterisk-java,ae28391dc9695fee1adac148ca875dc5346dfe1e,56373,5399
Asymmetrik/nifi-nar-bundles,63c92a40b6c5d50aba0a20c48a6f8e5ea2a7677a,11679,2768
AtlasOfLivingAustralia/ala-name-matching,1d64cd1edf0e5a5417bfa962bd2962c2472e53ec,16499,5556
aurbroszniowski/Rainfall,c761747bac222e5fbfa4e30328739b69b17ef7cc,102,102
aurbroszniowski/Rainfall-core,e73b7a69c804ae49c7353d0a28e5c2125d819b0d,12570,818
AuroraLove/CouchDB,afef59045b8c5cfef275752b18e11060e2dd873e,205,12
authorjapps/zerocode,fd0d07215fb5d2040359d8b322c12418453899a6,8855,3863
authorjapps/zerocode-hello-world,0a5fc592a9d2d79253a8264f4ef6f81a8b5774ae,552,309
aventrix/jnanoid,ad74ceb6f7626de0e56907d29a897c9909b2a37a,182,138
awhitford/lombok.maven,e2a5d00aaafb4643b6b1548c154812dc00c4bbae,382,69
awslabs/swage,9146093e8609e2db606c8e790719d84e4079da49,4484,1738
axbaretto/drill,296ccf0d7e254fdb5f4826ea24ebb230c16f3e6c,467836,120915
axbaretto/flink,0af56924ae484cae4202f8a2ec33e0c5839fa9c5,855208,320349
axeon/uw-task,ff3670279f4eb36212fc26a2e5d2e8c7a11acd35,3762,42
badvision/jace,553d439ff8e1ae814b210e7e67aa207012432fa8,101462,137
Baeldung/reddit-app,c7af951a38b26d0ca85f33798972a61917c700cd,7173,1281
Baeldung/spring-security-oauth,aeb494131258cb2e2fb638be3f40f35c45a838df,2238,559
BaicProject/Baic-Chain-Light-Wallet-Java,96e12ba0987e82e7d883b5cf6ade8fbbae06d02d,2307,12
baidu/uid-generator,2fcbc13d2016fcfb7648a18296951f6942215255,1027,148
baishui2004/common_gui_tools,c7c09cd73c50ebbfbd0ca809ec9a3b042da25bc5,5703,187
balamaci/rxjava-walkthrough,9b20f60849b02702ad5a9652473e3c533eebbb28,1233,127
banshee/AndroidProguardScala,854e5f89e546c4e211ad02676ad601d1e00c0789,535,
bcsoft/bc-framework,3a8b69a29ad41d768c4c6b5767a8eff23e2972e9,62275,8609
BCSquad/pmph,c5af4a110a66234b9aaaa068838426e558046ab5,90740,6935
Bedework/bw-caldav,fc8ac9b9c4d2302d8112be819b6c9ef93746a069,14993,
bells/elasticsearch-analysis-dynamic-synonym,dbe8ebeb6b92d9b403acb76020ea7d64b39abcc8,838,
benas/unix-stream,40befef5607ca8884a236e275f55fffb4096894a,2145,1178
bespoken/bst4j,d1b101823a855eec84bbe83c257278e16c67de51,1878,693
biezhi/excel-plus,c065d137f718a7d6f5f0533734639cfca098e438,2036,179
bitbar/opencv-library,d2e25b6508d38f5918bc716038b3dc46bcb1ca26,1004,136
bitrich-info/xchange-stream,b1de781ea873fbfe22e22911ff47df17fe2bab35,8767,896
BlackmodeN/iCloudDisk,95c1beaec28ef3343be5991c68acfd43e29dc86b,1009,12
Blazemeter/jmeter-bzm-plugins,71f299e29647af54b45d908167ba619dea5740c5,14083,4351
bloomreach-forge/camel-events-support,1b132f5faea7b22935bc906d2407d52cf2b183b1,1339,247
blynkkk/blynk-server,a4f8e93826946ad4c19a68c05051ec10501e156b,54061,22306
bootique/bootique-cayenne,fb09780fbc032e376df925be01ffa795c04c03b1,4669,1256
bootique/bootique-di,a38ff94565ca6cc9ebb45a5cb85803ed690c0897,8292,1275
bootique/bootique-jdbc,f0e79cc98713bd18f10754d9b9756b8d5b16b903,5413,678
bootique/bootique-jersey,047402012a3aa5026c5f1b859b99bc393de789b0,1085,
bootique/bootique-jetty,e9707c5f432a78fd2a825e4658f252943fc30a5f,5164,458
bootique/bootique-job,6f3522e7117b7519965294a1d30cb0c84ea129df,4581,394
bootique/bootique-jooq,75c96791ec04fe173a49eaa7c164ead2b1126beb,491,197
bootique/bootique-metrics,a032320439e6124d1b6999843180f0d766d9fffc,2752,652
bootique/bootique-mvc,8128e6d14ccacbf677379a24d6e30e11873c0019,815,135
bootique/bootique-tapestry,562dc634a11b583fdcb6c7c0034f5e2231f36bb3,866,53
bootique/bootique-undertow,9604d42780e34eeee6fa192192e9193bd6ec03d3,358,13
bouncestorage/chaos-http-proxy,49ac6a08dabbb4a682aa6d03a392ac86a7a95204,837,314
braintree/braintree_java,89f32f68627edff896950800a20352cd4282fd7e,37522,3795
BriData/DBus,ead8723b4fe41a9cf622d9877cb211e6397ee0aa,68582,295
brightzheng100/springboot-jersey-swagger,c3290d8d0496b3545237b9393c184a37d4f23dbf,485,43
brix-cms/brix-cms,f07a3e5cbf0aa409043f57fd91dba473a6561ceb,28260,664
bsc-wdc/compss,08094e37c8022c6aa3fb0817f465367762a9a0f7,86076,12146
bsorrentino/maven-confluence-plugin,f8c11b1320399a4297f75aed36d4f1a3acccb896,10314,1427
bThink-BGU/BPjs,275ef8df08b36be08827011f1c41aaace6f2d8c2,7910,3215
bujiio/buji-pac4j,9daafe2934fed8a74913dbd4222bde0fbc2c8423,633,88
bullet-db/bullet-bql,484e1196338ec8957f1db5374224737fe56fc83c,10364,4048
bulong0721/rhea,0c5c23c10513ab9caa6e8b199488af12b2a4fc3c,2259,
cache2k/cache2k,3e7acac1dca93313962f101c7c0a9703cd9df46c,41744,20985
camel-tooling/camel-idea-plugin,9e70b831761c820dc9aa503d64d7d3e25a5b3365,9661,3877
cBioPortal/session-service,6ab7d4ccc8685ad403fc143e63a202239f3a43f7,703,288
cescoffier/vertx-completable-future,011d3cd963b9a810c2e8e616da27bbfd8a3c717e,2098,1685
cgenin/monitor,7321d979d9786baf58f38be5fe9de4daee9c273a,8047,2199
chaokunyang/jkes,1bc3bd0cbb49f5bf0485c1ca55fcf19e9aa7f059,6453,441
ChargeTimeEU/Java-OCA-OCPP,0f3e7600ccb07bdab4163cbfc8a5f175b05a32ef,18419,6912
charithe/kafka-junit,77c1c35081c5f98c84ed2dd3adeeeb1eb0bd994c,1065,440
ChestShop-authors/ChestShop-3,6fe6f8053845c9f9c8161fcccc1903f9750c59f8,9217,117
choerodon/api-gateway,7c77b062dd7ab1fda33cd58fa6f67a78e3315ae8,444,
choerodon/gitlab-service,460079bae67b8b4d7d0340b4dd9e6be582100baf,3906,
choerodon/oauth-server,6f720e962cff2f03f994a3f654a363fc2e29812c,3449,
choerodon/wiki-service,18720df8a00126adaa6a46720e014319c4e65955,5337,
ciandt-dev/tech-gallery,08d3c10e4ce685c238fe8e3c732cca5c48020a0d,8830,359
cisco-system-traffic-generator/trex-stateless-gui,7372566b1032bf7d043b1d8da3644432c0aee667,26762,1408
cjbi/wetech-admin,a0a32cd12fc6a174313d5eaf2ebb679d897aadfa,3537,15
claremontqualitymanagement/TestAutomationFramework,84f1e860ae48d0019dfea60793aa566cda6f2887,34757,11071
clarin-eric/VLO,fbc9a2c410eb091637c1ea1843c7b24020350dcb,23975,5810
clearlydecoded/rest-messenger-demo,abc64051529067ef1124739232ce33ebd5d0cad0,603,81
clearlydecoded/rest-messenger,ff502916efa2babdf25e3d4c6668477c285c10db,2199,392
cloudfoundry/java-buildpack-auto-reconfiguration,ea168af9b236587d605f8eeb5afa87ac129037aa,775,332
codahale/usl4j,37f31a9a062159487ed58cefbddd2d2118f1a31a,485,215
CODAIT/stocator,d64230c7a01cffe03b427287bc8d5a20d30e1d25,9766,2542
code4everything/efo,6b51b80b9173ab8c0869d19259280e01bb573389,4355,271
CodeClubBrasil/ccbr-gerador-certificados,43464a46a91d5e189af78e0b3030d6f3d33cb9a6,1027,303
codelibs/ranklib,9f09a6a1b1a7cce2fdc7f1a1d7c01bae2beb8cbb,8359,289
codelibs/spnego,4585066e349e0df2188dd3e5b296b3292cda78de,2309,
codice/countrycode,6d1708d48c7736d1ba5a1f9b9763a5cb3f43dfcb,1302,65
codingchili/excelastic,6bb7884b1e70f9e588d75bdaf132a84f6e896a7a,1489,261
collectionspace/application,42d9759518984491849ccba08226eec2fff72e76,33558,5109
Comcast/cmb,d93e9e24f98563ac843cd841e4b863ee1bc92ba4,34459,9697
comtel2000/fritz-home-skill,3768b45ae50167555f0571ddd886e717dd29fb6b,1889,109
comtel2000/fx-experience,6a1e2d10fc332c215954f5d0056a1de5011744cf,3279,68
confluentinc/kafka-connect-storage-cloud,a0b1ae8d37c9a56abd4898e016898e95f1c0c434,5253,2856
confluentinc/rest-utils,c0651d9f1782e5b025a1bcba2647cab95a4320de,3865,2000
consulo/consulo-csharp,686352faf529cdc3c5cd58dad73a5b27847d449d,87165,707
contentful/contentful.java,de938fd4c6987511b1edf6c076507a7ce972d063,6370,2602
conversant/disruptor,34b13668bb0b830da8f7fdbf242486b7ed6bbca9,5778,3712
core-lib/jestful,76294f06599f7c59b826277257367fb5c518bb86,28455,825
couchbase/java-dcp-client,bae2eb2d44efe10996e3314b977edcb8f244979a,8823,774
Crab2died/jdepth,f109d37c4cff9989b47871ca4195fcb5f1ab7e37,5813,665
creactiviti/piper,82bbb16b88a55fb37a9200e5fe46f54b2f872fff,7439,1207
criccomini/ezdb,2adaccee179614f01e1c7e5af82a4f731e4e72cc,14465,9219
crosg/Albianj2,889933b7778eb73a8fec982a5c7dd517e58addb2,26998,55
CROSSINGTUD/WPDS,ddf33a3be64fd5d9add5c40bf13ad9872b9449e0,22956,7815
c-ruttkies/MetFragRelaunched,08fbdc1c718ce08d7522b168d28b74ab539e14e5,51973,730
ctco/cukes,b483e1a8f261b80a66291a42fc455256b0b5059c,8785,1154
cucumber/cucumber-expressions-java,addba0625f71c2d5e8222e3ab07349405d873330,2972,1704
Cyberveinofficial/CyberVeinDAG,001e2e1581ece4039d772e053303a914ba8f034a,8923,
dadoonet/fscrawler,95c6e1dd66d2fac93bf26ad12d47e007dc370872,11705,4008
daggerok/streaming-file-server,26540df004c85dd1ed66ea5d5f3f1b8059be7807,1191,106
danielflower/maven-gitlog-plugin,433e3437da640bdba8f50b35d435b86054dbe48b,1763,392
dataArtisans/flink-training-exercises,4314ec0b5864639b081e34ebac732871eba33699,5672,732
DataDog/jenkins-datadog-plugin,a3a59353bc26da656b59ad2320c24e5cdd6344d8,1261,89
datadotworld/dw-jdbc,77ba6c314765d28289959a27844c697649f4fa89,11430,3760
DataSketches/sketches-pig,3306aec5d9857e63ba86e065a660ad125fe8dcd5,12107,6916
DataVault/datavault,4205af60c33ca3bc0452543bd769503b0c406d55,15665,1419
davidB/scala-maven-plugin,db2ff7a6e9f446e71e6f66aac5db69fe9dc9b8d1,3471,334
davidmoten/rxjava2-extras,d0315b6ecb0d24437ec0d440b6d768e89247d56c,12791,5324
dbmdz/iiif-apis,6ca07fedf578873572673fce1418db91e30ca645,6788,2190
DDTH/ddth-commons,ab499d21b11a36ae439a2719353fc271ba1b4f1d,10298,4286
deegree/deegree3,40ae9f8a3929848eb8d94bc8228423f5015e4e2d,268425,31830
Dempsy/dempsy,ee35732a72dd0d65666029ed42101272d7bcc6b7,14207,5555
DennisRippinger/fakegen,6279d1a611fff0900109010bc0da713775c286b8,2551,1205
dexuefu/cachecloud,a7d61e9a1f97c2c16c241c01fb20f7f0e72b95c9,58697,9625
dgc-rhul/frontier,c0ccb4e87a178a152238fdcd87fd86e99c83d883,47538,13000
dice-group/AGDISTIS,6fe5d0eb06697c12a9681aa1e0133f85ba5c533a,3637,455
dieselpoint/norm,005f1b7056d8a3001a75e952b10f8d74dcabd824,1423,174
digipost/signature-api-specification,928f74feb74dec3c24f68d6e2d41bd4d415a4e63,331,127
digitalfondue/lavagna,90aced1f05be08ca17dfb3bedbfd07537ba0bbaa,24181,8438
digital-preservation/droid,de3ada58cb2814eb4c086daf9f5dba6127cc406d,43508,10878
disney/groovity,4505190cd3a7c0ccb6c70774d149f4175e23c826,30794,3234
dma-ais/AisLib,d87c57a844fb204d2ddf56bfd522fc34e67c7c90,36310,6755
dm-drogeriemarkt/retrylib-spring-boot-starter,9a7e23308dfd299b5a151d1e9a08ca02625619f4,861,453
DMinerJackie/rome,27810b867bcfc4d34292b94a81271c2fe92236d3,1197,245
dnsjava/dnsjava,d97b6a0685d59143372bb392ab591dd8dd840b61,24727,8403
docbleach/DocBleach,f5ba88460b93cd08cbfdacae0775ca07f564ad31,2797,510
docker-java/docker-java,eecc9045e1576a014180d747649d24e56f804a2b,36583,3935
dogethereum/dogethereum-agents,6fea28144503803bb134a7a4c902de10eeca9b3b,7993,80
DongCarzy/springboot-mybatis,3c898edfe9f5ce76ff8a0a5431f2a817aeb79a5d,1354,488
dongyuanlongwang/coder,4f42c522cb773ef6a083a0948765a8690bb99dde,8820,3340
DozerMapper/dozer,49ed24e2f1d3a8eb4ddead01c869c843c457e74f,37769,17157
droidefense/engine,20b7d05a8575b39ea14e3e76d599b284efc9e6b3,110302,2924
Drombler/drombler-fx,c729bf5e513696e24f2a3b6c5be64354e11fbcf1,3720,432
drsoares/kafka-mirror-api,0edd71e3908f094e9da5494445c9aad09cb7005b,423,170
dschanoeh/Kayak,6685a64ccd3b18d74cdda9a201b6b8258b380859,13818,662
dsukhoroslov/bagri,18f4fdd26e65a1a97a1474014182bfe0140745cd,95352,18875
duydo/elasticsearch-analysis-vietnamese,04a53849786e3b6c22da0feab54e1dd2b9ebac6e,338,134
EalenXie/shiro-jwt-applet,7d01e15618fd6a09dbcafdef10f82a2b435a8c8e,615,13
Easy-doc/Easy-doc-core,e0c383591827fef66cd6f12347481bd3cb6ba7f1,1228,49
easymock/easymock,46e44f968d042e31d3ffb97a3e78a32f9433429f,14581,9210
eclipse/eclipse-collections-kata,d88dde5f3d66d1d6542d8e3a00996b9dd124d149,1390,931
eclipse/eclipse.jdt.core,9456faecd913b568ad32f986cea7c72512abc05c,1490745,918889
eclipse/eclipse.jdt.ui,5e7287021c227949085f73ee80b4cc00d090cc37,694755,201366
eclipse/eclipse.platform.swt,f7809ccff79013c51ee4f31d080cdbc47f29fdd1,375636,36145
eclipse-ee4j/jaf,4bb76a8c3d349c506d5fbc80ab515c7ad958bf23,3610,219
eclipse-ee4j/javamail,a16edc5d6e65a102ff169caef1d7b21a3b416591,70056,21523
eclipse-ee4j/jaxb-api,1e4719ddbed10037ac00b1aca9ba86d7805efb05,4582,361
eclipse-ee4j/yasson,f2e2736341883dc7a23b3825eb1a8c5811c5504e,16860,5116
eclipse/egit-github,bd7d72206b1e62f73420b0f809a7a4116a9bcc9b,24918,7959
ehcache/sizeof,481bf8f991caa62771d4e04c864cdcc775cf41e0,2969,925
Ekryd/reflection-utils,274cb8f98a79dae90d7cc2811649396741ccf000,870,457
Ekryd/sortpom,27056420803ed04001e4149b04a719fbac774c5d,5196,3093
elennick/retry4j,4765c37c9c2964c257dea2a6b55a5a0c9e68e84a,2437,1506
EliMirren/VX-API-Gateway,987146b67deb4a09f0286fab8a011165ca2f41a1,9309,38
emanuelbrito23/Trampo,935bfba1f719f47e442af8955338b212530545f8,3537,1063
Endtostart/fastrpc,af515018b5fe0d54520e6cf1d89aa935bcb3078b,1514,
ESGF/esg-search,fe6d5afb8e010337957d744296d377c6a045a3b0,6978,
espertechinc/esper,590fa9c9eb854f1420b9d337b802aca19f963cc0,491731,30656
eviltester/libraryexamples,fb9a14c67783e3a789d00c793c7ac57b747e2c29,251,177
eviltester/startUsingSeleniumWebDriver,9c70d84af2208e9cda5e67d9372a9ec79d41a5e8,46,46
EwingTsai/spring-boot-faster,9fc276262967f886b796603ab0bd1396e348c95a,6881,142
exoplatform/wiki,3b95bc583b84f51f76382429d62408aad1f66802,37209,4932
Exrick/xpay,9ad5ff0c7de60762dcd8e4e57a1d0b9e26678c82,932,
fabric8io/shootout-docker-maven,c22bed6bdee0c9c55db53acf1b443834d88fe7c9,122,
FAForever/gw-backend,ec0b47931b3ca7dad1805e3458494c9f9346b151,7377,2210
faljse/SDNotify,5d7ee33feda6741541bd0972777b79fbe943d055,194,17
FasterXML/jackson-dataformats-text,50cb09fcc3585512de891506dff25822b95a4130,18202,7062
FasterXML/jackson-datatype-joda,d32ee84bd815e67f73116a7835b467fcd69b9445,3594,1641
FasterXML/woodstox,399294e01531a890d7758b6cf731da09b7e421f5,59374,23495
faucet-pipeline/faucet-pipeline-spring-boot-starter,caab2eac6cb39702b93d52e396182e1f87f15986,588,243
FaustXVI/junit5-docker,b6bc5314246d87c844fcad127a769756edf0f66d,2028,731
fengjiachun/Jupiter,89ac1277e5711537c39c5598e937c04a823c2739,29636,1147
FenixEdu/bennu,7c46ee8a18189bdd4267fded64c2c82d17ec91e4,19970,3154
FenixEdu/fenixedu-cms,2031a9a01f6a0a7fdcacb5620c482b464b75ecb5,13360,3013
fergarrui/ethereum-graph-debugger,dd04d413b69f45843286836326fb816a6c637648,1396,
feroult/yawp,b3bcf9c958d51b3b3f8fdd0ccc26923d5a531da1,22382,5631
fhoeben/hsac-fitnesse-fixtures,a64c18d9c4bac8271275c7b089d40be20f0604b5,18877,7076
fiji/AnalyzeSkeleton,a6af375075161f44a58d80bebc916a2791dd1e06,3781,853
fiji/Simple_Neurite_Tracer,9431a9e2240ab2e3dc17102e9b797e1ed0849b68,15657,336
fishercoder1534/RandomJava,db5743caadd6401f08e6e6995a0eef8a4e46fbb1,3579,390
FIXTradingCommunity/fix-orchestra,5bdf3cd5e7e329a758b5ef1d19a064a9f034abeb,7987,1428
flame-stream/FlameStream,562c2e01556b7c68cf2677052b53d1c789ad3c9c,10107,1275
flaxsearch/luwak,c27ec08c803db6ca6be1b6e8017f45667e603161,7959,3350
FlexTradeUKLtd/jfixture,8733db70343bc253b9b8626aa94ed538ccb21a82,10271,5219
fluent/fluent-logger-java,da14ec349bf0904da9865940b57b87563616ee04,1638,899
fly-studio/mysql-es,a44c46afff7bec077db3b439657b412469d27161,4398,
folio-org/raml-module-builder,a414d7a735a3a3aac72c390ce7f238093ef08826,19088,3196
fordfrog/ruian2pgsql,dfde9234892a44f088dcf42803909cbb03d20b3f,8859,166
foss-for-synopsys-dwc-arc-processors/arc_gnu_eclipse,3ccbab91e3204b8c7da566d359745c365ca620e5,7631,
freedomotic/freedomotic,74e8b7efb0e19d6a96be2583aaada5860d1ca681,56561,3503
FroMage/redpipe,0aff891d6befdf0dcc2bdbfda22262cdf82ac66f,7779,1983
gbif/ipt,d4fcb2e6671a678637757365820ad6df98e8799e,32459,8387
gbif/pipelines,d44e53764140eea6ef512701862e376b2e4089a7,15902,3993
genny-project/rulesservice,9ce5ca71f7d34db6e8b783ed59f104b84a2266ae,346,57
GeoDienstenCentrum/closure-compiler-maven-plugin,91c8b791f2c27fd074346ef3d8a1b0b0d3352910,756,74
geosolutions-it/imageio-ext,0bde23d8dbd50f516dbadfbc9bb59ab69ee9ce3c,54922,8683
gephi/viz-engine,2261ca328663ca45f5057daf792fda090b812fee,6822,46
GideonLeGrange/mikrotik-java,7e9c0000a582b7bea042965bd91a6ae7c79a44a0,1488,
gildasmorvan/similar2logo,b1ca895d8ca9f03532ad2a67311f42d063cb2119,18467,591
giltene/jHiccup,aa184562f7604e8f47248de661e522ef89e6a9f0,733,27
GluuFederation/SCIM-Client,1aae68e690a989607688f625842284b7df0ab0de,2854,2274
gmemcc/dubbo_exporter,5ced72397044a9be25ddb1b2fe0db01242aa7db3,221,
googleapis/google-auth-library-java,8225b92f88cc33edddcd0d4643ca1d9096cb1855,8220,4557
GoogleCloudPlatform/DataflowTemplates,2296750e6f379f6fd97806d3e195967dfaf0767d,15078,4581
goxr3plus/JavaFX-Web-Browser,28ff3327c9d22d18062dd2d3db1df4f3aa18b574,1170,
goxr3plus/XR3Player,d535e7fb13afd9fc957b69988150094fdcbe8b7c,28941,274
graphaware/neo4j-expire,b9e99d0526df3d32236bec38118d1988ac087c43,1309,675
graphaware/neo4j-nlp,2623fce698ae85352915ca8ff606962431ed56d8,15034,3612
graphaware/neo4j-to-elasticsearch,f99b38c7a838f9456d13aaefa5c69d123804fbe2,5241,2227
graphaware/neo4j-uuid,3caa08ab6ed9d5b4114af6f41a786e61128a7396,3695,2972
graphhopper/graphhopper-navigation,1137305ed606ff93e6b41b26c03751460e9b4664,701,245
graphhopper/map-matching,59e7be37ee424210db312afef4070b06fa263ce1,2440,740
GreenButtonAlliance/OpenESPI-ThirdParty-java,3e54a46325098b824cd222883750e4c7a1790949,3225,1079
GreenDelta/olca-modules,f06ec802e8f443b215af71945fe96f5a40d45a1f,90365,13079
gxchain/gxclient-java,e9d8044d578c69f03d60a854a7210750dbde6435,413,91
HabitatMap/AirCastingAndroidClient,620f50430c2c6b10fa8e8ace0bd5da2dc9a669b5,24968,3025
handosme/mybatis-generator-plus,412f5bda7a833996a9d87057057fa8457ade26ff,27028,66
haoxiaoyong1014/springboot-examples,305677e2d3a88963c9e9fd3e4962b54fccfb308c,2273,386
HashSplit4J/hashsplit-lib,7f062b869105288b977b38e9d79b884e5acb76e9,4058,266
haslam22/gomoku,7b2968873be0e355fbc417f02bad1c3a654dcafd,2514,108
hazelcast/hazelcast-aws,985aedede173c274ebaeb8dec15f037c32590a2d,2045,870
hazelcast/hazelcast-azure,ebcf8f2c8e741c1f95400aa2617b5eb6e306bb89,678,427
hazelcast/spring-data-hazelcast,818d7c019cfe09a4647e51466cf6477c56dbad53,3414,532
hcapitaine/french-phonetic-analyser,74b15a92d6d2d57247627a47a675f198153f4aac,2855,1955
HdrHistogram/HdrHistogram,1b51671cf06062671af931f98a8af2a53d335a70,9906,3612
heervisscher/htl-examples,48be8e1a34518e43a46d65302b0c4819d8f8d931,1225,
hengyunabc/xdiamond,7dd40a50752faea8aedb25977153eb3d229d5308,11974,137
heroku/heroku-maven-plugin,96499d30040ebcbdd47ebdb942d91a81e0116132,2093,191
highsource/maven-jaxb2-plugin,47280ddafbdb804cf28811cfe2f55a7e9c0c0f1b,5289,374
hjsjy/SSMEmployeeAndDepartMent,41d4987349975a898f8a329afd9d55fd2d85af29,1131,120
holunda-io/camunda-bpm-cloud,e8eefe8e0aca31815a3c7828a418b7917967b7f7,1381,114
HotelsDotCom/pitchfork,f56d0a9082253cc88223ff436ce2e26791e6f328,1050,535
HPI-Information-Systems/Metanome,15b785424f206745e8c6190adfb4bf62cd58a8d8,27900,10516
hsiafan/apk-parser,679e5b18ca5652728cb45da04a4416bcddca7c72,7264,82
hsiafan/requests,6290dfa648fd97b6ea3b78ced6b03f68dc3d26b0,3919,493
HubSpot/dropwizard-guicier,3703043ecda3e798ad32287bcd37af288ba71863,1001,357
HubSpot/Rosetta,16d4b61efd6aebaf50053659a86d291aeaf05635,3085,1480
hugegraph/hugegraph-tools,ab108ab8be976e5a130b26539d63c20e77295cec,1997,
hupper0/javaInterview,a000839264fa75197144093da2dcf39a7ca19ce9,4451,1348
hyperledger/quilt,d83cdcbb62d03ea72d0beaaf6c1c86debf28afb3,7838,4217
hyperledger/sawtooth-sdk-java,1d73bbcc082e4b39343ac26d200105a2b98ee0ae,1468,56
hzwy23/batch-scheduler,f64f558f3d9604c68cf0e72c95acb9330e96ed61,13368,
ibm-messaging/kafka-connect-mq-sink,2a52c8281240488b75f0884972795c5399d8afd9,756,19
ibm-messaging/kafka-connect-mq-source,a1ee0ee5a52b42306edf62220507914259dbee25,754,19
IBM/og,b9d79162822706ee2eb06f880a85d62cd0650c25,19672,5590
ICT-BDA/EasyML,093477e0f854cbb7a8ed08ba75795adfc621c01b,26114,
idsc-frazzoli/amodeus,68684fb39f1ad6b3017852fb07aa77f84e3afc00,26079,3111
IHTSDO/SNOMED-in-5-minutes,a7dfd24f71fcdf8d2076a7830387d1af21ec9f0b,4836,1231
imglib/imglib2,687b572274d669911094293275da1cee36521563,49518,10969
inaos/jam,dc4d503d48e1a3b8d1bae75780a99b546f681a06,2267,157
influxdata/influxdb-java,f71d80e9381a67eea8c462f73bc465c5e6bc7054,10339,5142
infoshareacademy/jjdz5-cm3,1defc2e4c436690b1a91c06776ef6a9d265c0af3,3583,108
InMobi/grill,94109a09b36badfd77abaece288e644ad9a24486,102298,38289
intelie/disq,a95e23354233ad305a463c59ec0d27070952537a,3068,1453
intuit/benten,41f7faef86f0fa679bd16415fb85c2d3d40e44e2,7501,927
intuit/fuzzy-matcher,8778fb5fe8f4c7fa1d98485460ae0c7be1818ded,1920,904
iotaledger/iota-java,924a0671f21d766da0f82b9df670307b27391a55,5115,856
IrvinX/user-center,266e75456497d8a693a31c3b789614574a4e8fdd,11590,22
isliqian/weixin-test,d98a7a1328d5bce7aa4ab83de30ea1d56321069f,617,23
itext/i7j-pdfhtml,6db44a9f570b6ebbb08c16c478281204a171846a,28385,16865
itext/itextpdf,378112af1b3de7c80810b7a5ab9090a84fdb809d,150641,20015
itfsw/mybatis-generator-plugin,88c4b6c2b43e31e864958ee30cad8c0e1b1c09f5,9882,3748
itsmeccr/nube-vertx-engine,242506132f0ff973ac8622b18dfca581127324f8,6351,
ItzSomebody/Radon,37baffbee1568b183a372369bd22cbc3f31177bc,9047,
IxorTalk/ixortalk-authserver,8cd45eb54c85b6e95b91b7e295e8d9b35d53cb17,6058,1709
JackyFuu/SSM-Maven-Heima,0e35a8f76b1d3da522a80e39257e736d0b871925,1480,
jahlborn/jackcess,dad3be567a30fa6b0f9ad03a5c3a66180b820311,40599,10017
javacreed/java-fork-join-example,d7851a066ceb22b63be8032f16eaaa716adc52e7,291,
javadelight/delight-nashorn-sandbox,da35edc0a75424bad8cbf60959fae253202154c4,2488,1459
javaee/grizzly,c704aa684f47abd38a7a8ac9f044e65e928270ef,141669,41469
javaee/jsonp,37876d2011f8559dd6af4a7b4294a52f15cb6d29,10490,4210
javagl/JglTF,b4eb7aa7df464b6144ae082af0ccd729637c0134,29706,337
javolution/javolution,ed97f1d983e3a75efc0ce78811e45cf91c8a3af0,26304,5018
jaycekon/SpringBoot,5cd3d11ad405591ba28d7d5570141b5c8194643b,1154,167
jbellis/jamm,b397a48705ff579028df258e08e28b9c97d8472b,1698,921
jbossas/jboss-threads,fa2feac6dbaf328cf2d4aab22a5950cd19465efc,3199,313
jboss-modules/jboss-modules,2bc041ef5d37ac7d19052073c0a8bcb332e3473b,22905,4726
jboss-openshift/openshift-ping,f562861e1fef47f63a71bed8331807f7b3809011,2926,474
jbox2d/jbox2d,5eaaee8e196aa89843cead3a6b821fda189bbe8f,40479,5670
jcustenborder/kafka-connect-twitter,7611364eb6c2d6234bc8a212396d04cfc9e18b8b,1260,442
jdemetra/jdemetra-app,e163acc65acb41326b749011908a6cc5badcb20a,79427,624
jenkinsci/azure-vm-agents-plugin,ba9ce5a5853ea1c7ece131cd3d8bfce5d2e720ce,9531,448
jenkinsci/bitbucket-build-status-notifier-plugin,df373d0ae3ac32a5337c1c002505dee0c85ff5b0,815,
jenkinsci/chucknorris-plugin,37887a8b78e86afb1248c4f40db6c7d2dd1af6f6,598,285
jenkinsci/cucumber-reports-plugin,d9f6edf62ae504f56b72caa2cc4e067dd264742b,720,
jenkinsci/docker-plugin,4d4a9579b55adf6e158534370806f406f031818d,9905,2182
jenkinsci/email-ext-plugin,ac54d2684668d12eae40189a55a30e677a813b03,11239,4598
jenkinsci/fortify-on-demand-uploader-plugin,22d23e58abfb731f13c6359eb1cb8efc41450ff6,1502,
jenkinsci/jacoco-plugin,58336ca340ec4b72667ffbd2284296ec2bb2f280,6091,2154
jenkinsci/jira-plugin,ec1d16a6dced09e8d8341033552df77838fea1a6,10028,3397
jenkinsci/kubernetes-pipeline-plugin,bb6d52b4af06c6915ab8b41f12ea686ee77b48ad,4691,301
jenkinsci/maven-plugin,f06a8bdaa46cbb469156fd239412f41c9bf89da2,14351,4520
jenkinsci/parasoft-findings-plugin,19b219287a2379a5167f14b2270008f3c251c630,3650,687
jenkinsci/performance-plugin,5bcf4ea2d1cd8b84e4e3faca76515602fba68543,11872,4922
jenkinsci/pipeline-utility-steps-plugin,f823b66b5227803ae00beb5001c2fedf2f532205,12934,1842
jenkinsci/protecode-sc-plugin,adcc48547dabf0b5d783d0c9990f86b6fd58b49d,2187,
jenkinsci/workflow-basic-steps-plugin,5ecfba65432273de7561b3a7c365ab908140c3ab,4024,1883
jenkinsci/workflow-cps-global-lib-plugin,bef072a605d267562d94edf209bbc99e8960b457,3349,1818
jenkinsci/workflow-cps-plugin,99e53df804f049521219cb48045ddd861c1682de,14568,6334
jetty-project/jetty-alpn,bb23c157828b339e8d9b520d4f1d02e0e0a649c1,3502,647
jetty-project/jetty-reactive-httpclient,5067a37f629b225cbcfeb457ef45deee4b3a5cd5,1743,694
jfaster/mango,4f078846f1daa2cb92424edcde5964267e390e8f,33071,10749
jflex-de/jflex,91383c9dfe85e82e6585b776e05c7ee675aab690,432949,2055
jhipster/jhipster-online,9a0968c39305feb281cc49536482b577b9ac9b9b,13041,4725
jhipster/jhipster-registry,00db36611da5fc7aaf9d5372aa90f2465d80c0c4,3545,965
jhipster/jhipster-sample-app,976b194b17eba1c82295f14d1c4dd6aa1607843c,7271,3488
jhipster/jhipster-sample-app-react,55450a1713c3bfbecfc7e313bff3532b9d81d434,7667,3580
jiangxincode/ApkToolBoxGUI,7be62e0e5a48b7e395e86dd8231254a2db5d8adf,4332,137
jidesoft/jide-oss,2411e020e1cbacbef09dc24f12f023cd39abf2d0,90897,602
jitsi/jitsi-meet-torture,b726f7e454d8983d1b54b0e9815337cfd0acee1a,10392,5745
jlolling/talendcomp_tFileExcel,ba3347c415825f3e404eceba6fa6579ab1567ff5,8289,1669
jmeter-maven-plugin/jmeter-maven-plugin,77ca84b394ab3c53d7b61721990da94a8b9e61d2,3190,1414
jmock-developers/jmock-library,ddce923d3b1ca59ab9d94687116ad0862b39290b,10891,6382
jnr/jnr-posix,3f871699e9d1b3f34d0c9b3c7c3fe02799a60216,11295,1923
joel-costigliola/assertj-swing,e5136da7553f27be13e5df4732944d21342776aa,77420,47779
joshjdevl/libsodium-jni,ba69908830055763409cf8fc7d40998a203a42cb,3091,1192
joshlong/bootiful-reactive-microservices,1c93f0a44f8648571ae1b111d3ff13d39b8eac0b,820,72
jpmml/jpmml-model,8e4af8f02a61eb36ac35012ba6166993df24e495,8803,2121
jsr107/RI,119358ebe91e69dc5d8cf040696bdf0f098d6e56,4956,
j-tim/spring-kafka-micrometer,f88a5dc49d14dba71902916be24bf9eec42bfcbe,309,28
julietkilo/CANBabel,392959d72f7baaa72a417f97b9c130e92201c240,2833,165
jutzig/github-release-plugin,8f03ab5495e86c531aeb0c5589798a250664465e,276,60
jzyong/mmo-server,4811729cb464b64a26dbbf777c69276c7ac711eb,1073,329
kagkarlsson/db-scheduler,4a8a28e60640dcd03e8d3bf212f483d35b0b6310,3850,1417
kaiwaehner/kafka-streams-machine-learning-examples,2df6f7d284d8a66b2e59fdd9ee517fe9ae806369,99553,620
keeps/roda,d30ee3bc0776d444c081d411f21945164a947f7e,110057,5907
keets2012/Lottor,d68b88c9dfc6808ec4b4ff67377c1242dc44bffa,8047,53
KengoTODA/what-is-maven,90103aaff7e43f9a4d88d03329d40916a6d93a64,123,80
kenly333/service-hive,34c5819f0bce8dfbb8441854151ee7fca115eff3,1330,524
kennyk65/Microservices-With-Spring-Student-Files,519012d55a8a6bd3bccb038f548f1853e9d38f20,1823,536
Kibo/AstroWebService,b0789315b5bc7148b67a0f2faaf7c7dd1cbe7ab2,932,318
kiegroup/droolsjbpm-tools,88477dba6296858882b59227573468c505f41788,66896,3546
kiegroup/optaplanner-wb,b6990da6d67bfe6cbed5187c7ff62e750d27d7db,14989,5126
kilim/kilim,d70791d8d1cf9abc1388f2a44ca8e50ce72939e4,18601,1833
kittylyst/optimizing-java,7792a7417290793bf8b0777d97ce498267071364,1296,77
kloiasoft/eventapis,4f11c014242926985c1626ac706910d84da976da,6925,393
kloudtek/anypoint-tools,aff9e4127a74f9eeed56fc7f38e5e9e00d3ae18a,6912,255
kobeyk/Spring-Boot-Neo4j-Movies,5373e84c69d0cd98a16e45de6cfb62372f93fbdf,1201,120
kodapan/osm-common,c33d63b9a225bf389530987c2c7e2635474f138f,8903,800
kongzhidea/netty4-rpc,60a15b97f9cc03cc533234693424ebf452c1c529,2048,199
KonkerLabs/konker-platform,cb99542554b87d7f44a9d2866eb6e85488a9e008,56489,25253
koraktor/mavanagaiata,f8be4cd5c1e578ea46892f0df7d0d81a7ea6ec0b,4045,2427
KostyaSha/yet-another-docker-plugin,d07aa968b6067748277b0f3aa9a1803cb5528048,9157,1623
Kowalski-IO/jqb2jooq,3ebcadac5660400ed73fde63164d04c9a4e3b27b,373,127
kpavlov/jreactive-8583,dcb50021e633c1a2f94c9999f524cefff0092f6e,1827,418
KscSDK/ksc-sdk-java,6f503ea46f297d2242f2f0140ef4d1196b2dc0fd,98690,11996
kse-music/meta-boot,5dc8f7900aeacd8f29161a8bd96ba3e604a6bc67,429,76
ktuukkan/marine-api,af0003847db9ba822f67d4f1dceb8de3fe63250a,15872,7274
kuleuven/jenkins-mattermost-plugin,c01ab6c367fe551830b2d3bf4c124bdc2ff326e0,1692,323
Lambda-3/DiscourseSimplification,9bb21ab74c503de30a0a0648cbd332e325b70c39,5099,82
Lambda-3/Graphene,b1de3f6319e80e1b98966a3d7f46cca853a91f44,2297,243
latexdraw/latexdraw,10dadcfe65bbfd27995cb4b97d64fa58b28b2885,66483,30235
lc-study/study-sharding,87c9bd1a5e32d27c74e27980afb4905f51f64ebd,555,59
lcw2004/one,7b9b249ab1c09f39be885f95a27a756288be4548,22609,329
learnk8s/spring-boot-k8s-hpa,512fdd0a67453129224299802d8225f7c0e995fb,256,53
Leibnizhu/spring-boot-starter-netty,64e76890654e411d2fc390439c1b306e137938e7,3081,194
leonchen83/redis-replicator,1105f58380bef0b7bfd164dfdbf8f3a631b55199,17775,4197
lexml/lexml-xml-schemas,10ed7327410b9ac619dad298cdba2fd71716b341,447,158
librato/metrics-librato,10713643cf7d80e0f9741a7e1e81d1f6d68dc3f6,1579,612
lionsoul2014/jcseg,a685765a16d758e6851cadec46900d251a1d3bcb,14306,755
lior-k/fast-elasticsearch-vector-scoring,af7b8326034e1ae2f5f90e5b7b6fd7c0e34ca80f,451,131
lipiji/JRNN,1f4d3bc49d2cef9e757e7af52bf3c49f21a9ad04,745,
liqihua/liqihua-basic,ce441677bccaddd641beb66cac9ecab936df495c,564,45
liuht777/Taroco,ea567eff075abeda94b16ac919dd93f005fc7e20,7349,57
liushaopengBoss/Bibased,532f6bd34b075fea754a89250b50ecea0dc4618f,11635,333
liuyatao/spring-security-oauth-sample,193ee382a9a55036cad420f533e7b881bbd1eb1e,129,12
lkyaist16/api-gateway,c0f7a46538ccbfde674f3021ad339fd9ed18d284,1112,63
logobs/tedam-manager,bfd4b510218654864a2470f2ab5ba7a14f41d7f7,1865,472
logzio/sawmill,e493c2e279b8820c0fdc2c79ab760d6759eb5a4a,10518,4595
LookBackInTheRain/oauth-boot,2b60b9a93057ea68981f081244035e669dcef4ab,1977,28
lordofthejars/nosql-unit,0c6bab54889bc1eca16b24507951df0c69650d9c,28117,1427
Lottoritter/lottoritter-platform,9bf406fa5fa776cbbdf0f58f7b00fa106c19571d,15299,1702
ltrr-arizona-edu/tellervo,0f4b2bcce2a16370f82a2eb667e1d9e29d25e255,172681,1669
luisgoncalves/xades4j,bbc9f158d82aa4caf397cec075048d94fe3ec4b9,20924,2575
lujiang-wed/wed-job,83d74a2c5e17ef8c00470b326856de80afd188e5,5317,28
lukaszlenart/launch4j-maven-plugin,4698f6af27b4e698f46df7a4a6a8f092e3f1110b,765,
m1dnight/torrent-parser,17506c92e667b93d0591d5b3358c08b682ab0efe,889,74
macarthur-lab/matchbox,1599dfe4db515f28c9874c799ec7a8e2a0488ca3,3626,809
magnusmickelsson/pokeraidbot,fb9ceec2643d82a7818372cf5a69cd7a6b95ea95,11953,1595
magro/memcached-session-manager,114635d6446da5333e2cf2bbba62c411d5233948,18300,7777
manorrock/jakartaee-examples,162cd5a23f1035de8612108d4cf4b9ae0874b442,6721,2689
mapr-demos/finserv-application-blueprint,b19eae36c711974b9ccc2acfc0a83a91cc95bca8,831,59
marcosbarbero/spring-cloud-zuul-ratelimit,ae9603f45af05c4a0f940d81b313f273f62f3464,4023,2440
marcosemiao/log4jdbc,51f1e7961e21e9feeea35f8f12c7b3ce03c90bd6,11064,2201
marcust/jzenith,4fc0a3eca25b95608db567c156b555df801febcf,6877,2533
martinjunker/myspring-data-foundationdb,fe5344b18252e531d5f36bc222c4cd8eb8d2e7f3,1009,99
martinpaljak/GlobalPlatformPro,f38abc7f0a5ce6bec3a49e3f09cac117f97c7b5d,4766,124
mbechler/marshalsec,6e5f2a7974a62fcd0e5bbbf8df64774a50db2eb8,3157,137
MedKhem/grobid-dictionaries,681d08914c3f15a293094f1b038ea65f5886a6b3,7733,585
MEIZUPUSH/JavaSdk,f99c82140ae7ff86e127619bb76d4fde89525a76,3373,346
melt-umn/copper,162bb5ef5ee1eed9d6ce7db712a4e88ed4fb51b1,57635,231
membrane/service-proxy,ac4a1e9c44b6e8ba598400d8fa80b4a1768c9dcd,57333,10593
Merck/Halyard,0ab64407b2f60569e1d283b8bed10619e31dbcef,11427,3982
metreeca/link,b3947096f3f5460532b8d0dfa2c46c7a50aeb518,16406,5636
MezereonXP/springboot-mybatis,3687edab3f7fe789e8f83012f987e230aa091dc1,22141,544
michael-simons/biking2,babf52d8f8101d018e357bdd47e5ccb9d8af14d5,7402,3505
michael-simons/wro4j-spring-boot-starter,d06ffd2cb7d1c7a4c47e1b2505f075d59b80d28d,930,440
Microsoft/Git-Credential-Manager-for-Mac-and-Linux,f332b8068cbbc0ef8e5d6956db44394f9e48be84,4991,975
Microsoft/java-debug,15d3464e2b8e8274e48aadbac436ca6f4a3325f0,9993,1035
Microsoft/spring-data-gremlin,9fa0ac516148c2f30733ea36eb5e3f903d5fc7ef,7638,1303
milaboratory/milib,d6221957b45a6c57d74744177feef5b68c86829a,32213,9545
MisterChangRay/common-mvc,5b18f7837da1fa91a615cc227e2b7f608044586f,8432,35
MitchTalmadge/ASCII-Data,797d4e576eebda1b6e48b57218c213faf5b9f279,599,219
mjeanroy/junit-servers,68fd4537a00af415ef15b29d3407fdfce9e63a54,14749,8127
mklemm/jaxb2-rich-contract-plugin,40207d4637900a704982f5d96f5891c795a4fbbd,5850,162
mkl-public/testarea-itext7,38b2bc54a07ed229471267fee23a3af8d8219046,6534,199
MobiVM/robovm,52c5d6bb029d54db126193a083aaa6fef9b9e8bb,1059500,243896
monitorjbl/json-view,27367e7da07f8a726b82cbbdac38dd61fd7393bf,3965,2269
MonkeyJJC/JsonFilter,28f3ac34cd0aadb833c8bb4eb0139ede431a10b4,375,12
moshowgame/SpringBootCodeGenerator,09836c1da524530dc008925268bc13d1efe65ea8,960,
mozilla-iot/webthing-java,3cce9068c58f7f12e136a9ccb15909f4941d4683,2020,7
mpc-bioinformatics/pia,878f40382e2f24fab1a375ccaa0cf6504ee337d5,34382,2780
msemys/esjc,1e7f7af6e078d972ba307aca142c51b250a0f36f,19063,1487
MusicXi/demo-quartz,3de91be5d90eaf6c6c886837d56cad51fa16dfae,1029,94
my2iu/Jinq,c5d1cbf8fb84c772473a40ec2dad05fc1f01db32,24346,4883
mybatis/migrations,492e6ed43c5ca65622dffac2f5f515618b4e9c9f,4430,1316
myjoje/springboot,cc23be40e1f62bb08cabc9468d2390ab47d04445,298,119
namics/java-random,1045641f1f8d38afa102d4f107e5a4b5c7f42dca,2780,716
NationalSecurityAgency/emissary,842b51594c8c07526c690ad587e40a88d24af01a,52894,17500
NationalSecurityAgency/timely,3a8cbd3378cffdc96aad1c52e9b0b2e1481ca45f,23712,5422
ndxt/centit-integration-platform,2a7afb83027e482f6a04f4060e2ed4ff04792154,3490,134
Netcentric/accesscontroltool,a8ae0c4dd68ed2d3e060f4368f1c7145d7b053d6,10875,2342
NetsOSS/headless-burp,4ae33dfcc5ecf00832ad4c1d0bb4305d1199d3a2,1196,133
NFGameTeam/NFrame-java,47e08f07fdcdb3377ca74f3e0bf9728cae93b0c1,18274,31
nguyenq/tess4j,52cbd8e8c366f25ea0f8703c4294b996a1f538ce,4936,1597
nidi3/graphviz-java,9f431d769549defd15b34cdca879ada117356be9,6247,2025
nielsutrecht/spring-async,7aeb2522fb826217bf7270439a0a70bd8922e148,397,171
nimble-platform/business-process-service,85fa36899057e4d76396a6619226af90d669ad2b,14034,2765
nimble-platform/identity-service,0714b36cebe70d455d1bf3632fd3feafacb980a9,4150,353
nla/outbackcdx,f660d5464be0690e35ce8c8de02dafbc85d558fe,4551,736
nlpie/biomedicus,30accf27a3364fe2c05d4047e5e715670400a5ed,20332,3171
Nnnnnnnnnical/OSExp1,30953d99290001d4e51ff6db938581bcf6a21212,429,12
nolanlab/CODEX,357f04bfc52ec481a2905bcaae011eb8474025bf,12198,291
nRo/DataFrame,39182944e4666e896de4e5dc713de70b94c945c3,11903,2706
nss-lab/DELTA,a18975cbcae97ec57ba891bda61308deb53ce99b,230029,53871
ntmcminn/alfresco-pdf-toolkit,10a7e58625d6e944ad9cff4df0aa3b2f8c2bbe43,2516,29
nullterminated/trylambda,288e791f1f7cd751f983e2a7943865c73b5b4d7f,570,332
Nurtak/ObjectGraphVisualization,4c96efd0847cee2827a5445ae31bab9594978e6a,9993,742
nuxeo/nuxeo-connect,24a4d01e0792aaa1ec2c601273fff3df2827c8e1,10738,2285
nymvno/LeisurePlanner,35555457ac973126dbbbb614f9675f14c2fd4595,1209,12
nyvi/cloud-root,517a3c405d62c618dc78df73419c678c68869a43,2544,72
odrotbohm/sos,d4ed68a143b637c7e2d523edad1b105bf6c2d996,2385,221
oicr-gsi/niassa,7b5043ed431fe9074622eb7f65959d4e18ee716d,68849,8975
okou19900722/vertx-scheduler,69797b21b57538ede3ee47b53e14e45d04eebd51,575,148
ONSdigital/rm-action-service,13448c08fc679df54ad6e8e66490eff17620b1dd,9160,4071
opcoach/genModelAddon,e65c3142366c250f4bd5c780f2746a1c59281c90,5830,1050
OpenAdv/gae,a1876a45f15dc219a5a1df9bdc81b96ee2faf7c6,3137,234
openaire/iis,15c67e39ae10c02fb3547c2734185b68de9a7329,39405,19679
opencog/relex,e8e3ef40b8bafb8dbadd477a477c5f4801c45371,10754,2105
OpenConext/OpenConext-pdp,20e594c0bceaa41040ba5807a05cc3162d5e1e11,6643,2260
opencypher/openCypher,64ec11f72be9e49b07ca21930a93b53f35ad57e8,18671,2394
OpenEnade/API,4e2d3f107f419e6293ddee7b377a5d666f9bf5c5,3289,1298
OpenHFT/Chronicle-Engine,24761220caf2220229735881d14fe403e478005b,30566,10540
OpenHFT/Chronicle-Network,139ceae0cdec27529d2eed462fc6774536d2f773,9032,1737
OpenHFT/Chronicle-Threads,794658c04ccc8fd4a3714078f647d1e00b091cfe,2025,187
OpenHFT/Chronicle-Wire,bd93763240adec7cd867b8932c144f6be3f67f6f,35312,12958
OpenHFT/Java-Lang,afea226a56f266e8e25e9d8396d82a158c571374,25725,6820
OpenHFT/Java-Thread-Affinity,5b3a614a608fd8b5021bce294d8883557edf5af0,3804,987
OpenLiberty/sample-mpconf,82e8f43e82f416bb2c9e074898427e22dfe1de62,3844,483
opennetworkinglab/onos-yang-tools,748253404bb6f718676f81495a8870fa25f47d6e,77238,30279
OpenPojo/openpojo,9badbcc4593e797accfed5e51bec9f2b843f0f67,23001,10982
openshift/jenkins-client-plugin,6f937daa4baca8c89da89409c8154b5181501a42,1862,
openshift/openshift-restclient-java,fee040f2872a406504a058fe67ab13ad4e061314,20078,6879
opentelecoms-org/jsmpp,acc15e73e7431deabc803731971b15323315baaf,19292,2049
opentracing-contrib/java-spring-cloud,c30a105945edcb045d28d47f435a978805bd08ff,3992,2377
OpenWiseSolutions/openhub-framework,45130a2eac324bb72372205805233615a2cbb5d6,27206,9043
openwms/org.openwms,99c3e30263246bc4843de98ef3dd96120580ea37,1332,88
ops4j/org.ops4j.pax.web,68275fcdd872f4dc82c7c49e23f3eed1d74d6cef,51667,15679
oracle/oci-compute-jenkins-plugin,ecc9e7792c2fe93a492d452f4c30e20e3d1f95ec,3825,1307
oracle/oci-java-sdk,2e9982f268420efd4010d8dc8370e9d9ade67ec2,224371,3668
ottogroup/flink-spector,dbf9503ea4c7423c4b0d929005482c17b9a2f4f8,3059,725
outbrain/Aletheia,024a4b7ea4c186329bbe1e20bb31048d95add836,6958,1104
overture-stack/SONG,725bef3e6adef7fe414178a25d8f2a04a1c1f521,18001,7907
OysterQAQ/Pixiv-Illustration-Collection,3c69ebd3c938a3840d8e7e8b431bb8e939b9e7fe,2091,
ozimov/spring-boot-email-tools,8353834e97cf9c7b5bf34a52eb3f3787d1b6df4f,9439,6142
PaaS-TA/OPENPAAS-IEDA-WEB-v3.0,3cfb506a628f10a95dcb20ccd3f2a83d33178d22,61994,23555
pablobastidasv/kc_security,f0265373d771afbf318123f982c792ee816f640b,423,60
parasol-aser/JMCR,909822c3960dce06d15a997f344edc7564df9b9b,19579,711
paritytrading/philadelphia,116d3046256cb3a9aa023c1b5faef487095b01a3,26045,1054
patrickfav/bcrypt,9e6389c9c5f95c93102966e228d5d2639b839aed,2829,1328
patrickfav/hkdf,31ea254739fac88ba97a9b1c3b9454131b74f6bb,623,417
patrickvankann/rxmqtt,d05e5a96886e4a9bd3b6cc586d5aba2f9cb4ff9b,2484,1330
patrovite/Course_Generator,dfe9e0fdc85a601a0bc47b2f004922a94de98336,26260,67
PennState/jms-tools,08cefba3fb62adaa281e9709f311f719dbe3325a,1411,366
PeteGoo/tcSlackBuildNotifier,2840c61f7e3bfe136049343ea5426df491bea6b3,8235,1574
petitparser/java-petitparser,d91907bb4b0aaa5b0af6792c0d673cda0e19f17a,7615,3890
phaneesh/revolver,881c4a0c46a2eaf965766265f1062849066f2d6e,5387,1279
phax/as2-lib,a5b4ba5d5b110e649770609e803338763bec8c39,13904,1387
phax/as2-peppol-client,2ee63b68324db47728c318f2cf9315c48faac0a2,1543,740
phax/as2-server,f3ab9a0afd16b3bf0f966e37c96042f3d9ea8410,2787,201
pholser/junit-quickcheck,9361b6dae25b193782604d071754eb7fc566390a,25231,16893
phon-ca/phon,cb91809c1e03378fbf081f73ee14a9ff0e73f85b,116406,2441
piccolo2d/piccolo2d.java,052d9ea65d354d0f9f0ee4cd85f039d96ad2d2ac,27637,6413
pig4cloud/pig,c5ab2cc933d66836f4279d0f4c4225e831a0dd76,5966,32
pikselpalette/sequoia-java-client-sdk,751dfe0e15f0c89bf7a7375f683a2ffa7b99785b,11198,4335
pingao777/markdown-preview-sync,c2df1100114df46ed4fc66a38c73eb28cbde318d,877,134
pippo-java/pippo,ae898b6c478af7365b04c2f5bf9331abf496b166,19836,3488
platonai/pulsar,edb40e467ade4c67dee63cb90cd04b254a1420bb,192489,12470
playframework/netty-reactive-streams,8c5dc2890b7db2c86f6540f36b4699a27b781c69,3270,1110
plutext/docx4j-ImportXHTML,08376f899c824936487bd596afb81bf8658ca30a,5543,1485
pmd/pmd-eclipse-plugin,866d78c1ddf8d2245a0d08858eb816bf92318d7e,33417,1495
postgis/postgis-java,aa72f13c465b7744559c1c51d1c5b126eb616d72,4890,1465
powertac/powertac-server,8fab40395f7a3e2d42e65fa354cbf46be2eab6cd,58803,16699
ppiastucki/recast4j,01d478e190b731d2fe861e3b969b4c8dd04f0ede,19506,3680
ppp-kohe/autogui,11c130dfb7eb4bdbcd384e3d311d1caa57394ce4,41732,5925
Pratilipi/pratilipi,37f41f6226b48013327265c3f978ae740fd0c71b,32802,38
preesm/dftools,5517b83054545f2142ad0f6dee77cffae8e5e951,12293,587
PreferredAI/venom,93fbdd18e23a801a0b984142fc33a04b38e6b2d4,3599,1110
projectriff/java-function-invoker,4ec52ea43a2f9fb14f562567457211c40e6009ad,1339,736
protocol7/netty-quic,76f449e479eb54d3b22bd8d4655e3dbd357cfe08,8301,2651
psi-probe/psi-probe,2c066aaf47d935202738d024d7838ab3b4b8851f,21926,3210
PyvesB/AdvancedAchievements,0c195ca4e5cbdb8053a40fffbe74c22cd2dc2511,10240,1106
qaprosoft/carina-demo,cda80bae284b24e4e2c3c712b383d8fae24b79fe,644,351
qccr-twl2123/spring-cloud-test,eef4a6996c8701ec80a7e08fa11f51a1b17179c6,5304,155
qq53182347/liugh-parent,9d753c7b5b95fc4b985b6a8d71ed5a4d9ba3f1e6,7455,
quTurabqu/BaramaHackathonBackend,8093ed728544dcfdbe9adb33837cb8f3ad955020,1272,12
qwazer/scheme2ddl,cc33d5c1f5d9bdd974b47aa39a0276f21d646daa,2088,261
qwazr/search,a8869fc01a922f077e6beaa2db02db806c2ba368,29868,7105
radkovo/jStyleParser,aad17ffa01fcd31d1b5e4f4aec0f8b447d710d55,22422,4391
rainmanwy/robotframework-SikuliLibrary,da6eaf1b19c0c08c3be11e56c2827928060c033a,1093,
rakam-io/rakam,656c168d78aeb3058388df22ee88f21e391eadfd,43528,4146
ralscha/constgen,5004e02deeb0f248b429bcdde430d589c08b3f3f,467,21
ralscha/extdirectspring,4b018497c4e7503033f91d0491b4e74bf8291d2c,23599,12920
ralscha/sse-eventbus,b2352d9067bb9150c50e493f47a73e2238cb08a9,1449,845
rarexixi/code-generator,6ad0f660dbf8e4d278bb93e38bafc0f09249b873,7751,12
RaspberryWallet/AuthorizationServer,23959ae9544b97bbf7ff697b504917e650b50938,461,30
rawls238/Scientist4J,7416f85f04de6e3d9611eefd48a3296aae920ab6,586,247
raydac/java-binary-block-parser,6a05908ca7027140197040d544724b434c6f1cdc,28106,15774
rayokota/stream-processing-kickstarter,313810f3e26bc5f6aa787e1b7371e78f527f4426,830,191
reconquest/atlassian-external-hooks,f2a1bbcf10fb77e069dd33e3bdfbf7f466a47c14,821,
redhat-developer/che-starter,a7b6d80c9d6e55c8ac5374e808c29d98ea69305c,3819,957
Redislabs-Solution-Architects/rediscogs,030f9f0d9d99c5db0a1a4770ff654a07df27db08,1018,36
reficio/p2-maven-plugin,89a7a02f687ce99054f28237bd2709771eddc7e5,2354,153
reportportal/agent-java-junit,2ad6a54c7c8c53aa053e673118e22b18317b772e,531,79
repseqio/repseqio,bf6cd3bc93bb1c3a6d9796587d93c60a8de9dbe6,10062,1576
rewe-digital/integration-patterns,59fa8b4cb63ef2397eeabbe3b50e4d7f13bcc803,1895,310
rewerma/jdbc-agent,771f37ea41f58e85b7fe3ac5d4f25c3e7f441148,15877,262
richie0x1/regionSpider,d98b05e255b9d5598f38c30de0a0013d329e7ca2,535,
righettod/injection-cheat-sheets,28998cbab70dd9a4f83947bbf8a730b5ee2cfe0e,270,196
RIPE-NCC/whois,79e90f41d7eeee42f2c3ad299bfccc4e8005ce8c,121398,66283
rjenks/Con-Badges,b63f2a0587251063721357fec609d0fd431aaed5,2274,
robinst/autolink-java,9b01c2620d450cd51942f4d092e4e7153980c6d8,1298,601
robo-code/robocode,5b2bf6db1a42f38c948532dde505bcb872625828,52699,3744
Romeh/spring-boot-sample-app,1e4555e234677274d4d4662ea9fd02bd193eb89e,507,
rongcloud/server-sdk-java,48989249ee4c58af28b8f623d309b075fac4a528,6558,3
rrd4j/rrd4j,e42d2eb43fef5e387f65ad50ab0e51c766233db9,20594,3658
RTBHOUSE/avro-fastserde,df30431030617ece60c3800985ccfe39935179f0,4994,2126
RUB-NDS/ModifiableVariable,242572f396dad14c9ee42f8240c86ca2fcd046c5,5245,1792
RuedigerMoeller/fast-serialization,59f8f800b79479d0b9c80901cf55903d9b027f26,26602,4042
runelite/launcher,f744736c7def0bc538cd1108c6ebb2f232270e94,686,
saaavsaaa/warn-report,46251ee96c1289f3d8b06d1a0627e0def0f9c6ce,12580,4276
saalfeldlab/paintera,e3793a02f68fdc182cb6cf1a424ff1af28ce01b2,43690,1272
SafeChargeInternational/safecharge-java,00942fd6c63cef3f5604c91babbb27ad16916560,10606,1630
saintdan/spring-microservices-boilerplate,9d708ccda70e9b4a7eeddcf278280eb93cf65c23,4666,103
salesforce-marketingcloud/FuelSDK-Java,e76eaa68f82e2e522c2473a3daa79e5320383c1f,11397,4756
sandflow/regxmllib,8a3aea994bafa49730019acdecd1dfb759ae0030,8186,641
saturnism/istio-by-example-java,8c4aa59fd89987669366bbe863c74e6eeb7afe6b,462,60
Sayi/swagger-diff,bda37e66d49318397eb4288db82b7d2c2c7683ec,1504,198
sbtqa/page-factory,07952576cb41f7e2fceebc492b098560f034e4ab,3269,
scijava/native-lib-loader,c0491313114acf52cbe7139802db036d4f1ab2ae,640,65
scijava/parsington,6b689fb2f840ba3c582ed37ba342c53ab319b531,3592,1724
scubajorgen/TomTomWatch,75f697326c3c24f2a0ce5c41b2d7af7aeaa6d720,36394,800
seagull1985/LuckyFrameWeb,a951b1de4a2ea1b620572da227722ceb836e4bd7,20638,3225
sebthom/oval,298d2f465440687ad9220c8b34837c24d02fb5c3,18099,6508
seeleteam/seele-sdk-java,8bfa1f8439ec75355977c12fdbf11cc2ef8be8e1,1111,236
sencha/gxt-demo-explorer,36ffd7a4ac543ecb9b648a51babef59b4f7a0560,30323,786
sharding-sphere/sharding-sphere-integrated-test,771bd314f0dac3cdcce5c6522d3b42950b898fab,3413,2366
shiyujun/drools,3f56c5cf8830340545bc8160ab3b589d7756db26,260,148
shred/acme4j,d9e52fe59a4e331bf0e00b9f2af5b63db12a24f0,9841,5083
signalapp/Signal-Server,a3545ce551b92743458dc651e4e390d20dc550e7,18606,3020
SiLeBAT/BfROpenLab,54d5742b6b15305ded409199c985e368030210bd,122434,2337
simbest/simbest-cores,3eea9c741f15685a44ca51fc83c3efe6f37126d3,34187,2053
SimonChuZZ/platform-dataaccessframework,1f8e2694504c08fd0334ef74a68722e7765a8e7f,2293,
SimPLU3D/simplu3D-rules,edacc680980a67ac0f3b788fd87e3c4366c29397,8169,782
singgel/Java-algorithms,42bb2d18f99a1a84ec4f83de6b198344973b3e67,3076,773
siteadmin/reference-ccda-validator,afeabdb3117ea768445cc301f48acf5f198a1a53,2340,668
siyka-au/omron-fins,a0ba80af10b7561a1ba041a772958e26821160de,1467,47
SK-EID/smart-id-java-client,f42ff1a77970c109fb867c78e448f226558b5526,4482,2440
smartloli/kafka-eagle,d2c87e5b611b65c288e2e8e231b2adb26f3186f6,10177,757
smoketurner/dropwizard-consul,77d6bace4fd78d44d278609ea06783516d3e7386,1598,398
smoketurner/notification,c1fc9db70566b0a4a1c50c69fe9b0fbcc569386e,6516,2904
snowxwolf/boot,0c1b2d502ff11cab0d692651150c681992c0f2fb,622,12
SoftInstigate/restheart,1fb687dee5c604dfe75ef387be485fd98da32917,27661,1789
SoftSmithy/softsmithy-lib,090cf6a78d20559155a1b54e182db915c8d613c3,20233,1913
SoftwareKing/halo,ebcd9a0184a231e1aa112f5eeed2b9b748c35108,,
SonarQubeCommunity/sonar-l10n-zh,95c67bc0d4a89b0c74587d297a23fee36e660f71,192,9
SonarSource/sonar-scanner-cli,0f6b7875a0996393a0fca62c309ca4cc937c7c4c,1935,1215
sonatype-nexus-community/nexus-repository-composer,4a88c7e151678345a1c1868f209f5dd9f13661c4,3351,1847
sonyxperiadev/gerrit-events,44650d55844136293bd051be3469cba854a8c548,7689,2496
Sparksoniq/sparksoniq,f7ccfe88dffa2f37e458d2df39f1bfee7c65e2f7,18386,381
spinn3r/noxy,d53a49421f385c70b5abe7e8cda84ff3a7b59c71,4080,1286
spotbugs/sonar-findbugs,5bbcccbf984a170dcf425c9c872eecd111e5b2f6,4772,1094
spotify/dbeam,70837e8f610c16c012be424341857236d4242785,1461,
spotify/ffwd,979eed0e00e09909a47b64fe6fdc16ed0798b0fd,41895,929
spotify/folsom,ef5d345a5b63be80199b874b4f6921f325d25987,9076,3550
spotify/futures-extra,1d41a60acf92a0c30d8858a301fe9987b9858017,2100,1263
spring-cloud/spring-cloud-aws,64ec6d15c67e98c3372ab88c9e5b31d5a89a68f8,20999,12836
spring-cloud/spring-cloud-deployer,80ee572b20cb5693cfefbb347a96a0acb91b299f,3167,1445
spring-cloud/spring-cloud-deployer-local,5ae91937bf01f44e8d8bbc15793a6dc98fae820b,2027,830
spring-cloud/spring-cloud-deployer-yarn,3176f2ffc87b84689a9f78b984ad7f8db576dd6a,3245,565
spring-cloud/spring-cloud-stream-binder-kafka,43c8f02bff53c079572981104db9398c4b6b822b,10803,5722
spring-cloud-stream-app-starters/aggregator,0e7df5f85c9cf47ee436cded31186eff2b58ff28,481,196
spring-cloud-stream-app-starters/hdfs,b63d06ff464063ab0896e4a5b367df77b72bcd33,9269,412
spring-petclinic/spring-petclinic-microservices,54de1aea77540215c5aebf59c7419a3510f25879,1113,260
spring-projects/eclipse-integration-commons,55020e0c3c93b4069f605417696e579373eb5253,36635,2656
spring-projects/spring-amqp-samples,5defed77d90e2e777422fcef2cb72b1a73ab09a3,1481,55
spring-projects/spring-data-envers,5637994be37747e82b2d6d5b34555e2bee791fe6,638,251
spring-projects/spring-guice,05fe354cfcf0fc8ed172923db44ef2451d8a163e,2915,1643
spring-projects/spring-retry,c5a28f4fa468c2d6c573a6bbaeddd9417c9d8be3,8804,4945
spring-projects/spring-session-data-mongodb,9596ad76d54d8e6f5c4767b0c283972c9f4ba98f,2131,1256
spring-projects/spring-shell,5ec589909ed320f999ade109dcc97087e072893b,5796,1049
spring-projects/spring-ws,e8d89c9eb0929dda304174729c9c69fb29f448eb,48979,19252
spring-tips/bootiful-gcp,5e8cddd2dcc611420ee0205e0295dd3e41bbe5d4,179,12
sql-boot/sql-boot,4dec5754ac979b7bd4414b5549c4e1357a109656,4423,1030
square/osstrich,71b46ca41fd919bbe99b53974715de23cfd270f9,424,11
STAMP-project/AssertFixer,67111596f6f4e44404f21439ae3f22d522e98266,1957,741
STAMP-project/botsing,be6c318241cd3ea58096377ed0e002273e829cca,4508,1827
STAMP-project/pitest-descartes,73353fe696ed09a4cf5cb4bc7c296e9c20d71af4,3138,1141
Steveice10/MCProtocolLib,b4f5315b4737f308d3fb9c95c51079787522e5f5,14794,385
steveohara/j2mod,3ff920acfa88e05fad691d691a7770bd2c3d7d55,13375,4487
stevespringett/Alpine,182451ccd61fd0b68e41ccff19e11c68c4b8f9bd,6770,26
subchen/jetbrick-template-2x,dbd84d44652915daa54e5125b45eefdcc4fc341d,9777,1719
SudaVideo/MyVideoApi,99b77f600b9862dfae7165ff72f36e5b9ea90971,1478,12
SumoLogic/sumo-log4j-appender,7023b6b979114c18b14f4d42774e1dddd914d679,440,132
SumoLogic/sumologic-jenkins-plugin,8a9a5011ad6e6e7fd9d3256f4874a2c8189375a1,894,99
SUSE/salt-netapi-client,a034ed5914d7c5a3b215131807daa7bf03fd09cf,8983,3256
Swagger2Markup/swagger2markup-maven-plugin,7355d5931fefe86dd352026774e0f88dd75f8899,287,166
symphonyoss/app-auth-example,64cb8b3e5e0301e7a6254ed5a7581168012dcd88,2711,1433
symphonyoss/JCurl,ee0395c92c4b44139302feefc041591fc3794b58,1315,
Talend/components,313ac7b9fa93cf354f42615394cfe11e902ed6e7,195634,88844
Talend/tmdm-common,736018418f2bbad022fea8845001d76e53188356,9082,
talsma-ict/umldoclet,d6bb6ac108b33a2631fd7786caa45a9a1a329d59,5416,1995
TAMULib/IRIIIFService,8a2e055b9b405b34e13bb44255a01f7bda86e982,3776,1468
tango-controls/atk,5823876ccc57b26e82a36a15932b3a2abe1d7811,119542,26
TanLiangZhong/appletplatform,a38dab10b525ca2d82b9f54e2fc78ae71cba0594,82079,
tbsalling/aismessages,7b0c4c708b6bb9a6da3d5737bcad1857ade8a931,6139,1021
tcurdt/jdeb,b899a7b1b3391356aafc491ab601f258961f67f0,5275,1424
TechnionYP5779/team4,1b5bcce1e3a8072082c2ddc4db214319a89462ba,11732,4573
telosys-tools-bricks/telosys-cli,793ba540d504dad253b0dd8dc02f8b246a777ef0,4401,34
telosys-tools-bricks/telosys-tools-api,013736e41a67bdbcb0782aa744bcde9506b625c8,3279,1345
Teradata/jaqy,40fc6737c792c65acd4f118444591ac76feaa095,26847,2248
tesla/m2eclipse-tycho,22db07983aa7a92482174c90144eef25e83943d0,1561,388
Thare-Lam/fast-elasticsearch-query-builder,29714a6ff445395e6f7b8e74d93255bc5e25dcaf,835,29
TheCookieLab/poloniex-api-java,4a2f92eceb1f825642c708786465f438dc381561,2180,261
TheHortonMachine/hortonmachine,a8423badefe8dfee1df021eef1ea9ed39e8e0bd8,174393,11798
thjomnx/java-systemd,5a1db9ea2f814d85acf890aa01c9d0cbef9ce65f,8899,2823
thm-projects/arsnova-backend,a9bc07d5f30ef89cd5d72a0c449fd35b39e24a41,19622,1434
thomasmueller/minperf,c184312249bcf101db6fa25f17c3d77c7bbb7e42,12728,4029
threerings/clyde,9a875ab69ee073de60bbded26b657ab0c2d27065,118962,418
TianShengBingFeiNiuRen/block-chain-data,91ce2dee0dae8c3f2c1829cb4b5789e78e3cc202,589,87
TianShengBingFeiNiuRen/SpringBoot_ApachePulsar,86324d55935ceddfb540e689967467f4d38d0db5,131,12
TianShengBingFeiNiuRen/SpringBoot_JestClient,5fd43ccc866d97cd071da1f1787388872fa920cc,291,12
tideworks/parquet2csv,a915c200ed2972d96d87cb977f56fb7b98e9c3d1,672,
tigerphz/tgcloud-master,45dccb64491cc15ce88b53eb1882789c969584ad,8803,35
TimmyOVO/UltraCore,b6cd6e2927f71d0864712bf2d9f564c86cbb4716,2483,
timve/continuous-performance-demo,68ab8bd077772b053928706f6684e8fd258ce30f,187,25
tmurakam/spring-session-ext-mongo,c628753b0fc5bef6a9e9596a525422971227e098,446,146
tokings/bigdata-gateway,1f338205bd1cc1606d04b0043722911bf2a09990,9522,583
tomitribe/crest,c8d37d15e937c235df3dfaa33fbac15ee5a367a7,9312,4744
TongxiJi/shadowsocks-java,38e8f61d85cfde88597ee16e222a4281c80572a8,2610,
tools4j/unix4j,367da7d262e682a08577cdf19ebbbdd8a46870fe,17180,6401
torczuk/springsamples,4f31959e0ac930cbd488f09937f54dbee24ac8df,1780,669
Transkribus/TranskribusSwtGui,bdfd7d26d050beec3609e745a505c53d60813d69,84974,2040
tranxactive/J2PAY,1539d50ad6095a7098e4591333f2ccdabc462e93,3996,
TrimbleSolutionsCorporation/TeamcityTriggerHook,1d361413a3d00e4518dcd26837f1c62f5f7f1ef1,1871,161
trol73/mucommander,b2848e4d51580af7023e46e1c3563db1d4d30aac,109858,5890
tsugicontrib/tsugi-java,9ceef77bb3760751c6c537701a0fa4eddda4ca87,2251,317
tsugicontrib/tsugi-java-servlet,fd230e46fa43657d2f7d164e11f1c30c514c8c46,168,
Twasi/twasi-core,cb026ebab02b34aed9c71027700ec3b801d3ef90,4136,250
twilio/twilio-java,7d9c17687b05498282b529609732d2fad5515401,175878,38676
tzaeschke/ode4j,45eeb37ee0aed9cf6721fa794339c42c4e281a08,88131,5935
UKGovLD/registry-core,b4e0afa7be8e7293c4bcf00ed04fd3232a142644,14415,3032
undergrowthlinear/2016MyBookSummary,c9d35676f9971dde0d4c3d6f7022ba5dcbdf8cb9,8412,2759
unitsofmeasurement/indriya,b1e0d48b053b3ac80818a42875762e1172ff0144,16829,7030
unitsofmeasurement/unit-api,f3f0dc4596871b7e97951934c1e0b3b172661660,3714,1746
usnistgov/nist-mud,08441fa7f99479abbdfe347b640e84f01581a6c2,7412,74
uwolfer/gerrit-rest-java-client,23e4a9c099641e8226655667c929e0cd274d247e,12471,3720
uwol/proleap-vb6-parser,eea20ae204abccb61cf23c2a088deb2aaedf1aa4,14951,3873
vaadin/charts,b84bf6ac77dca270c5a205f18f00dd5425b8fd2c,47756,5522
vaadin/flow-demo,fc60126e86331c57c7611e2985efa920e16115f1,6386,130
vaadin/vaadin-charts-flow,1c7907e435546456c8385149cb3700c62ee1f928,24202,110
vaadin/vaadin-crud-flow,f0d13cc9379f047581ebd7d9927687420edc84c1,2122,166
vatbub/zorkClone,b0e347caada7eab6a9b9945baf52c4de7e3f36a2,3183,9
vbauer/caesar,bc5f07c0d3fd5e40167ab72b36206b218555f734,1464,757
vbauer/herald,2aae2a0d91ac771bab68d4e125108c1ce6e60ddf,1266,395
vbauer/houdini,52ff62bf58f1f10ef39fde0fd9754c305e6ebbb1,881,343
vbauer/jackdaw,2154a9d21a972356f24e3ad443169e48de01413c,2771,
Vertispan/j2cl-junit-example,ad010e6b73c214189b19f6744ea169de52619d66,49,36
vert-x3/vertx-cassandra-client,99e8d9b071b8d48dc912f1ca64172768d51cef7a,1320,432
vert-x3/vertx-codetrans,1763536a97806240150521fe77401c879ad38474,11355,2471
vert-x3/vertx-hazelcast,c053e68db3e950bfffb524b29fe26bd9baa9098b,2336,1007
vert-x3/vertx-ignite,881bdf778d3aeac0eb448d2ecf03e788763fc75d,994,92
vert-x3/vertx-jdbc-client,4f6dd856db6cf8abe69b12ab16fd81a2c29dca43,4140,2092
vert-x3/vertx-lang-groovy,2652d0c8ba309b3578b13deb76415b6a3873acb5,7856,1492
vert-x3/vertx-maven-starter,d27dcc2d8869e40140e9ba8990d10e27ae3a76ca,43,33
vert-x3/vertx-mqtt,c8213e0f41150a1a02f4ad1185762494b52c6350,5135,2218
vert-x3/vertx-rabbitmq-client,7305bcd5173cd32a0d2b382a69bdb7027851bd10,2600,914
vert-x3/vertx-reactive-streams,9721521b99a647b62fffec098ac88d645c5ba998,1064,651
vert-x3/vertx-service-proxy,9d2a5641085a81d17adb67663fa4eefed760fef8,9511,5149
vert-x3/vertx-sockjs-service-proxy,3e2996c139ee72312febbd8cc4b36c8d43f82a3a,1869,1179
vert-x3/vertx-stack,883a00f69116019cf28cee6acb7ed923e96bb161,2393,914
vietj/advanced-vertx-guide,60757da304ee32680f3da3aa2d9fa70faed8da05,1230,
viritin/viritin,09476fdd872dfbabb8fdfbc1e749a5cfba0024d0,19485,1779
vishal3152/HyperledgerFabric-Java-Client,13460043970f3a7da32ffce2060c27df8c6875f6,395,
vladimir-bukhtoyarov/bucket4j,1a2164e4b4f3111f3aea52747d028a7e184f4081,4634,888
vmware/admiral,e4b02936cc7d4ff2714e7231db0c4373ba5d48a2,191769,61289
vmware/connectors-workspace-one,72dad58c1a65b7e13e8dc8bb55fb58aebadffdf8,12302,4179
vsch/Javafx-WebView-Debugger,07c2a3af46fe4beb0a358a244ee1bfe394288269,1814,
VsSekorin/cactoos-math,11712603411e0c032d037c5dfe225f543483bf4d,2151,765
vt-middleware/passay,0552757cc12b1173867937f12b6955cb7e803f30,8770,4435
Waikato/meka,7a47d4eb33d485074a32dbf63ca264e825e5e6d1,41538,2918
Wang-Jun-Chao/spring-all,b9970e7bd9b33916dfeef9adc11a7b265612bce6,8389,1258
watchdog-framework/watchdog-framework,b9da08fda834223440889e9924079d753a1b0b84,2681,104
wcm-io-devops/conga,2d35a1cf5bac58dc125356fa7287b5f6eb95780f,11683,3904
wcm-io/wcm-io-testing,5376002964252530faadfbb8481727f2954bb2cc,7616,2916
webrtc/KITE,7163b468e8d9eefcf13e064515ee8160250259fc,12276,5192
wgolab/WatCA,e93fa60782637feba24a3c641813a04b2b9721ea,2343,152
whiskeysierra/archer,3b82053edf21d257e60f1e4e15da11f756646e2e,1513,470
whiskeysierra/switchboard,9bc478253ecd629adecdb2be7fa170767ab4ae4d,1931,293
whiteclarkegroup/liquibase-linter,5f995d151b9357e9c7d01ae8653f1a6736121b54,4092,2376
whvcse/EasyWeb,f75f77009148d2dbbde176337e025907080e8c0f,2459,12
wihoho/FaceRecognition,df9471c04d6ee1aa990fb97dd7352be8ab59e6d4,2889,267
Wikidata/Wikidata-Toolkit,20de6f7f12319f54eb962ff6e8357b3f5695d54d,31245,11089
wikimedia/search-extra,0710643a5ac06dd7fc4d2c60e874d6d1254bb362,9025,3847
wikimedia/search-highlighter,8ba6fef7f835a309a1290db55230b2a2b0eaa59a,9830,4639
wildfly-security/jboss-negotiation,cd8e5ff5136f1d1afdb7b19cdc41208afc6ba0b6,5687,292
wildfly/wildfly-maven-plugin,0dda0062d660813c469040f60999aac76660e1f4,7283,2271
wildfly/wildfly-nosql,f3629c2092e1ac984ebbf87d9cf0975eaf18570f,6783,1355
windup/windup,3f3900febca694b5f3f5f32a8af50c55bb7a2bb1,91673,27272
windup/windup-web,3bfffc86ac6a0cec91d4688fe3daafb2195349ef,17925,2448
wmixvideo/nfe,4f1f0876f92d3b43085741f804033ac47a12fd65,127097,41120
WojciechZankowski/iextrading4j,fdab65d41ebdd94db6526a716af728d87bb323d1,24137,12084
work-dharmendra/almond-automation,9b5878fe42b0c2dca7dae1be575375d0f8a1b5ff,7756,2179
wso2/andes,89f7fc117c61eaef2289191e07fec69add3ffd58,223544,52452
wso2/carbon-apimgt,a82213e40e7e6aa529341fdd1d1c3de776949e64,102417,26459
wso2/carbon-business-messaging,012d0e1b2474cfcf0756a0e6bbac3082bc0c49df,10827,
wso2/wso2-axis2-transports,67bb0eba92b18911c94e468e4ca0d358e32e74b4,25883,3263
wultra/powerauth-push-server,a82ca629f39e5a4a9735bec4d0348ce9361099d3,4936,278
wuyouzhuguli/FEBS-Security,041bf5a48c59659245b7fbc627cdd5962ff0fa33,8932,57
wuyouzhuguli/FEBS-Shiro,66d984f2bedc0c3ea5ee7d307c359eabafdec845,7545,57
xcesco/kripton,b3e8dad7ecd154685962381a2a1e51436a929a2b,309789,14537
xcl3721/http-kafka-gateway,7aacfbf10b4325e65da81af5f9d9ffa3e2d8404f,634,12
xenv/S-mall-ssm,a2c684e434b5eb37d08eb25d5e7081b4bdeda1b9,8390,23
xiaolyuh/layering-cache,4370303d5a42042bd315cf819a01dfcfecb7e027,4894,1120
xiaoyangW/springcloud-learn-example,5b192c9e07a796bd8dfc4924b7579483ed892dbf,661,103
xinxi1990/iOSMonkey,b92486fee0257b677e59ff7c8a1deca427568e76,1678,64
xushaomin/apple-file,2c7f876dff5a4df2c9f2ca9defe91da4f70f8c4b,5228,66
xushaomin/apple-rop,b4e6bbae1d28ef92b0ad5ea658a6dc03dab69a57,6559,534
xuxueli/xxl-code-generator,3bbfd3f0a2a36946c373a74f3c26da1a8f1dbb62,425,23
xuxueli/xxl-sso,b3ea7342ebd59286bc6eb0f508d42a6adff642aa,1977,116
yahoo/elide,bb0169c5573f2ff8a0a8be568979b787cdd91b49,32911,9392
yahoo/hive-funnel-udf,42a0c9d37ae0c21bcd3477e1cb3b74419f5505c3,1093,568
yamcs/yamcs,e1f14dc0fa7f1b03eccd86fcdd3e36c80925b89f,282880,13669
yandex-qatools/htmlelements,69fb585cf8174bece13e7849a428f8266346d114,4445,1409
yangxuan-321/netty-im-chat,a6c8f206bea953e6d24f0515538e2ef1cbe3ebad,1893,102
yariyakup/UyghurKoznek,400053f6ac2b4983a890dbce90e143a7b6ea6de2,1551,211
YellowWinterSun/blockMavenDemo,c79d38e742c4124a59cd417f084432be9211f415,1021,224
yenkeia/meeting-film,1fd502944667d92845832f5b2f39285e1bb53ea7,17124,289
yonyou-iuap/iuap-pap-baseservice,d0db17af352684adcfeee6ead42a5d73c9470ba4,9907,149
youzan/nsqJavaSDK,d9ff57cf8bce6f7f943ccc06b6ffcd11b7226c5e,16928,4335
YupaiTS/docs-manage,fba7043df6cec0750b0f777e6e99b352a78960d9,2226,126
zainabed/zainabed-spring-security-jwt,f28349a61a02e9a5aae7862edfec3066d089227c,1059,358
zalando/faux-pas,961a8b49f3c36bf2ce94027017e764b40aaa85f4,1156,776
zalando/jackson-datatype-money,a71790d131ccf4e805eacec21bf7efeacce6e1bb,1063,561
zalando/problem,f9f7452692e0ce37cf94a7c76d379f927cfbae7e,1718,738
zalando/riptide,8277e11fc069d8e24df0d233ef2577cc75659b75,12673,7147
zandero/rest.vertx,6d33c7b86c87261f5523e638d27f47071ce3fb49,9927,5033
zavtech/morpheus-core,09895c1a16293b69bbc79cd952fcec3d5d89e372,47864,13735
zensezz/hadoop,99ba99701de877b43e7d30b4b71d4aa8d31191c1,800,
zenuo/gogo,f1b43c11019baa84ddf0b1325f9b063b48fbc06d,980,91
zgm1547497656/ZGMCoffers,777a5257fee8ef7b5c4c42d8fd6c69c123e0d5ee,2792,619
zhangyd-c/springboot-learning,eefbcd907c4411a8bb6aadd9916f41945be0edc7,3106,623
zhubenle/zk-admin,7015721671f8f65dc1f005d19d3b12210d178bc0,1664,48
Zhuinden/spring-spark-example,ca7cd566d951bf2bf0eed42e51cbc2eeef130348,167,12
ZionLin2016/EasyUI-System,1473f00a0a1a166ae0c3d7913a81a89939bed936,3427,
Zlika/reproducible-build-maven-plugin,3fa16c371a4faa6ef4d5312695d60a0830ef4f75,1424,189
zopfds/designPattern,11335cf7a4bcbc29b866b8c2ccc408c7af9de832,6415,2399
zulip/zulip-jenkins-plugin,cc22071d43bb741c367eb15d342aac1cc7a98c9d,1008,549
