{"id":"1573133901222-4849dfe6-4775-4543-bb64-1c14151928cf","testOrder":["com.alibaba.fastjson.deserializer.IgnoreTypeDeserializer.parseWithNotExistType"],"results":{"com.alibaba.fastjson.deserializer.IgnoreTypeDeserializer.parseWithNotExistType":{"name":"com.alibaba.fastjson.deserializer.IgnoreTypeDeserializer.parseWithNotExistType","result":"ERROR","time":0.60852813,"stackTrace":[{"declaringClass":"com.alibaba.fastjson.parser.ParserConfig","methodName":"checkAutoType","fileName":"ParserConfig.java","lineNumber":1331},{"declaringClass":"com.alibaba.fastjson.parser.DefaultJSONParser","methodName":"parseObject","fileName":"DefaultJSONParser.java","lineNumber":333},{"declaringClass":"com.alibaba.fastjson.parser.DefaultJSONParser","methodName":"parse","fileName":"DefaultJSONParser.java","lineNumber":1400},{"declaringClass":"com.alibaba.fastjson.parser.DefaultJSONParser","methodName":"parse","fileName":"DefaultJSONParser.java","lineNumber":1366},{"declaringClass":"com.alibaba.fastjson.JSON","methodName":"parse","fileName":"JSON.java","lineNumber":170},{"declaringClass":"com.alibaba.fastjson.JSON","methodName":"parse","fileName":"JSON.java","lineNumber":180},{"declaringClass":"com.alibaba.fastjson.JSON","methodName":"parse","fileName":"JSON.java","lineNumber":149},{"declaringClass":"com.alibaba.fastjson.deserializer.IgnoreTypeDeserializer","methodName":"parseWithNotExistType","fileName":"IgnoreTypeDeserializer.java","lineNumber":32},{"declaringClass":"sun.reflect.NativeMethodAccessorImpl","methodName":"invoke0","fileName":"NativeMethodAccessorImpl.java","lineNumber":-2},{"declaringClass":"sun.reflect.NativeMethodAccessorImpl","methodName":"invoke","fileName":"NativeMethodAccessorImpl.java","lineNumber":62},{"declaringClass":"sun.reflect.DelegatingMethodAccessorImpl","methodName":"invoke","fileName":"DelegatingMethodAccessorImpl.java","lineNumber":43},{"declaringClass":"java.lang.reflect.Method","methodName":"invoke","fileName":"Method.java","lineNumber":498},{"declaringClass":"org.junit.runners.model.FrameworkMethod$1","methodName":"runReflectiveCall","fileName":"FrameworkMethod.java","lineNumber":50},{"declaringClass":"org.junit.internal.runners.model.ReflectiveCallable","methodName":"run","fileName":"ReflectiveCallable.java","lineNumber":12},{"declaringClass":"org.junit.runners.model.FrameworkMethod","methodName":"invokeExplosively","fileName":"FrameworkMethod.java","lineNumber":47},{"declaringClass":"org.junit.internal.runners.statements.InvokeMethod","methodName":"evaluate","fileName":"InvokeMethod.java","lineNumber":17},{"declaringClass":"com.reedoei.testrunner.execution.JUnitTestRunner","methodName":"runChild","fileName":"JUnitTestRunner.java","lineNumber":332},{"declaringClass":"com.reedoei.testrunner.execution.JUnitTestRunner","methodName":"run","fileName":"JUnitTestRunner.java","lineNumber":108},{"declaringClass":"org.junit.runner.JUnitCore","methodName":"run","fileName":"JUnitCore.java","lineNumber":137},{"declaringClass":"com.reedoei.testrunner.execution.JUnitTestExecutor","methodName":"execute","fileName":"JUnitTestExecutor.java","lineNumber":292},{"declaringClass":"com.reedoei.testrunner.execution.JUnitTestExecutor","methodName":"execute","fileName":"JUnitTestExecutor.java","lineNumber":328},{"declaringClass":"com.reedoei.testrunner.execution.JUnitTestExecutor","methodName":"executeWithJUnit4Runner","fileName":"JUnitTestExecutor.java","lineNumber":366},{"declaringClass":"com.reedoei.testrunner.execution.JUnitTestExecutor","methodName":"runOrder","fileName":"JUnitTestExecutor.java","lineNumber":47},{"declaringClass":"com.reedoei.testrunner.execution.Executor$","methodName":"$anonfun$run$1","fileName":"Executor.scala","lineNumber":30},{"declaringClass":"scala.runtime.java8.JFunction0$mcV$sp","methodName":"apply","fileName":"JFunction0$mcV$sp.java","lineNumber":12},{"declaringClass":"scala.util.Try$","methodName":"apply","fileName":"Try.scala","lineNumber":209},{"declaringClass":"com.reedoei.testrunner.execution.Executor$","methodName":"run","fileName":"Executor.scala","lineNumber":28},{"declaringClass":"com.reedoei.testrunner.execution.Executor$","methodName":"main","fileName":"Executor.scala","lineNumber":18},{"declaringClass":"com.reedoei.testrunner.execution.Executor","methodName":"main","fileName":"Executor.scala","lineNumber":-1}]}},"diffs":{}}