{"id":"1573171013141-54fa1747-c06d-4263-bc2d-5c9099f8dcae","testOrder":["com.alibaba.fastjson.support.jaxrs.TestIssue885.testReadFrom","com.alibaba.fastjson.support.jaxrs.TestIssue885.testWriteToWithPretty","com.alibaba.fastjson.support.jaxrs.TestIssue885.testWriteTo","com.alibaba.json.bvt.issue_1400.Issue1405.test7","com.alibaba.json.bvt.Bug89.testBug89","com.alibaba.json.bvt.issue_1600.Issue1612.test","com.alibaba.json.bvt.support.spring.mock.testcase.FastJsonHttpMessageConverterJSONPCaseTest.test3_Jsonp_ContentLength","com.alibaba.json.bvt.support.spring.mock.testcase.FastJsonHttpMessageConverterJSONPCaseTest.test7","com.alibaba.json.bvt.support.spring.mock.testcase.FastJsonHttpMessageConverterJSONPCaseTest.test3_2","com.alibaba.json.bvt.support.spring.mock.testcase.FastJsonHttpMessageConverterJSONPCaseTest.test9","com.alibaba.json.bvt.support.spring.mock.testcase.FastJsonHttpMessageConverterJSONPCaseTest.test2","com.alibaba.json.bvt.support.spring.mock.testcase.FastJsonHttpMessageConverterJSONPCaseTest.test1_2","com.alibaba.json.bvt.support.spring.mock.testcase.FastJsonHttpMessageConverterJSONPCaseTest.test4_2","com.alibaba.json.bvt.support.spring.mock.testcase.FastJsonHttpMessageConverterJSONPCaseTest.test4","com.alibaba.json.bvt.support.spring.mock.testcase.FastJsonHttpMessageConverterJSONPCaseTest.test5_2","com.alibaba.json.bvt.support.spring.mock.testcase.FastJsonHttpMessageConverterJSONPCaseTest.isInjectComponent","com.alibaba.json.bvt.support.spring.mock.testcase.FastJsonHttpMessageConverterJSONPCaseTest.test3","com.alibaba.json.bvt.support.spring.mock.testcase.FastJsonHttpMessageConverterJSONPCaseTest.test8","com.alibaba.json.bvt.support.spring.mock.testcase.FastJsonHttpMessageConverterJSONPCaseTest.test1","com.alibaba.json.bvt.support.spring.mock.testcase.FastJsonHttpMessageConverterJSONPCaseTest.test5","com.alibaba.json.bvt.support.spring.mock.testcase.FastJsonHttpMessageConverterJSONPCaseTest.test2_2","com.alibaba.fastjson.deserializer.issues569.TestIssues569.testFixBug569","com.alibaba.fastjson.deserializer.issues569.TestIssues569.testBug569","com.alibaba.fastjson.serializer.TestParse.testParse","com.alibaba.fastjson.deserializer.IgnoreTypeDeserializer.parseObjectWithNotExistTypeThrowException","com.alibaba.fastjson.deserializer.IgnoreTypeDeserializer.parseObjectWithExistType","com.alibaba.fastjson.deserializer.IgnoreTypeDeserializer.parseWithNotExistType"],"results":{"com.alibaba.fastjson.support.jaxrs.TestIssue885.testWriteToWithPretty":{"name":"com.alibaba.fastjson.support.jaxrs.TestIssue885.testWriteToWithPretty","result":"PASS","time":4.697286646,"stackTrace":[]},"com.alibaba.fastjson.deserializer.IgnoreTypeDeserializer.parseObjectWithExistType":{"name":"com.alibaba.fastjson.deserializer.IgnoreTypeDeserializer.parseObjectWithExistType","result":"PASS","time":0.003274604,"stackTrace":[]},"com.alibaba.fastjson.deserializer.issues569.TestIssues569.testBug569":{"name":"com.alibaba.fastjson.deserializer.issues569.TestIssues569.testBug569","result":"PASS","time":0.021734767,"stackTrace":[]},"com.alibaba.json.bvt.issue_1400.Issue1405.test7":{"name":"com.alibaba.json.bvt.issue_1400.Issue1405.test7","result":"PASS","time":1.974440353,"stackTrace":[]},"com.alibaba.json.bvt.support.spring.mock.testcase.FastJsonHttpMessageConverterJSONPCaseTest.test7":{"name":"com.alibaba.json.bvt.support.spring.mock.testcase.FastJsonHttpMessageConverterJSONPCaseTest.test7","result":"PASS","time":0.063741438,"stackTrace":[]},"com.alibaba.fastjson.support.jaxrs.TestIssue885.testWriteTo":{"name":"com.alibaba.fastjson.support.jaxrs.TestIssue885.testWriteTo","result":"PASS","time":3.910445636,"stackTrace":[]},"com.alibaba.json.bvt.support.spring.mock.testcase.FastJsonHttpMessageConverterJSONPCaseTest.test4":{"name":"com.alibaba.json.bvt.support.spring.mock.testcase.FastJsonHttpMessageConverterJSONPCaseTest.test4","result":"PASS","time":0.042047113,"stackTrace":[]},"com.alibaba.json.bvt.support.spring.mock.testcase.FastJsonHttpMessageConverterJSONPCaseTest.test5":{"name":"com.alibaba.json.bvt.support.spring.mock.testcase.FastJsonHttpMessageConverterJSONPCaseTest.test5","result":"PASS","time":0.037749471,"stackTrace":[]},"com.alibaba.json.bvt.support.spring.mock.testcase.FastJsonHttpMessageConverterJSONPCaseTest.test2":{"name":"com.alibaba.json.bvt.support.spring.mock.testcase.FastJsonHttpMessageConverterJSONPCaseTest.test2","result":"PASS","time":0.045545434,"stackTrace":[]},"com.alibaba.json.bvt.support.spring.mock.testcase.FastJsonHttpMessageConverterJSONPCaseTest.test3":{"name":"com.alibaba.json.bvt.support.spring.mock.testcase.FastJsonHttpMessageConverterJSONPCaseTest.test3","result":"PASS","time":0.028499169,"stackTrace":[]},"com.alibaba.json.bvt.support.spring.mock.testcase.FastJsonHttpMessageConverterJSONPCaseTest.test5_2":{"name":"com.alibaba.json.bvt.support.spring.mock.testcase.FastJsonHttpMessageConverterJSONPCaseTest.test5_2","result":"PASS","time":0.204689699,"stackTrace":[]},"com.alibaba.json.bvt.support.spring.mock.testcase.FastJsonHttpMessageConverterJSONPCaseTest.test1":{"name":"com.alibaba.json.bvt.support.spring.mock.testcase.FastJsonHttpMessageConverterJSONPCaseTest.test1","result":"PASS","time":0.035402217,"stackTrace":[]},"com.alibaba.json.bvt.support.spring.mock.testcase.FastJsonHttpMessageConverterJSONPCaseTest.test3_2":{"name":"com.alibaba.json.bvt.support.spring.mock.testcase.FastJsonHttpMessageConverterJSONPCaseTest.test3_2","result":"PASS","time":0.036930872,"stackTrace":[]},"com.alibaba.json.bvt.Bug89.testBug89":{"name":"com.alibaba.json.bvt.Bug89.testBug89","result":"PASS","time":0.022393696,"stackTrace":[]},"com.alibaba.json.bvt.support.spring.mock.testcase.FastJsonHttpMessageConverterJSONPCaseTest.test4_2":{"name":"com.alibaba.json.bvt.support.spring.mock.testcase.FastJsonHttpMessageConverterJSONPCaseTest.test4_2","result":"PASS","time":0.049483507,"stackTrace":[]},"com.alibaba.json.bvt.support.spring.mock.testcase.FastJsonHttpMessageConverterJSONPCaseTest.test1_2":{"name":"com.alibaba.json.bvt.support.spring.mock.testcase.FastJsonHttpMessageConverterJSONPCaseTest.test1_2","result":"PASS","time":0.046935445,"stackTrace":[]},"com.alibaba.json.bvt.support.spring.mock.testcase.FastJsonHttpMessageConverterJSONPCaseTest.test2_2":{"name":"com.alibaba.json.bvt.support.spring.mock.testcase.FastJsonHttpMessageConverterJSONPCaseTest.test2_2","result":"PASS","time":0.041618676,"stackTrace":[]},"com.alibaba.json.bvt.support.spring.mock.testcase.FastJsonHttpMessageConverterJSONPCaseTest.test8":{"name":"com.alibaba.json.bvt.support.spring.mock.testcase.FastJsonHttpMessageConverterJSONPCaseTest.test8","result":"PASS","time":0.030742632,"stackTrace":[]},"com.alibaba.json.bvt.support.spring.mock.testcase.FastJsonHttpMessageConverterJSONPCaseTest.test9":{"name":"com.alibaba.json.bvt.support.spring.mock.testcase.FastJsonHttpMessageConverterJSONPCaseTest.test9","result":"PASS","time":0.035856916,"stackTrace":[]},"com.alibaba.json.bvt.support.spring.mock.testcase.FastJsonHttpMessageConverterJSONPCaseTest.test3_Jsonp_ContentLength":{"name":"com.alibaba.json.bvt.support.spring.mock.testcase.FastJsonHttpMessageConverterJSONPCaseTest.test3_Jsonp_ContentLength","result":"PASS","time":0.71324244,"stackTrace":[]},"com.alibaba.fastjson.serializer.TestParse.testParse":{"name":"com.alibaba.fastjson.serializer.TestParse.testParse","result":"ERROR","time":0.075494891,"stackTrace":[{"declaringClass":"com.alibaba.fastjson.parser.ParserConfig","methodName":"checkAutoType","fileName":"ParserConfig.java","lineNumber":1331},{"declaringClass":"com.alibaba.fastjson.parser.DefaultJSONParser","methodName":"parseObject","fileName":"DefaultJSONParser.java","lineNumber":333},{"declaringClass":"com.alibaba.fastjson.parser.DefaultJSONParser","methodName":"parse","fileName":"DefaultJSONParser.java","lineNumber":1400},{"declaringClass":"com.alibaba.fastjson.parser.DefaultJSONParser","methodName":"parse","fileName":"DefaultJSONParser.java","lineNumber":1366},{"declaringClass":"com.alibaba.fastjson.JSON","methodName":"parse","fileName":"JSON.java","lineNumber":170},{"declaringClass":"com.alibaba.fastjson.JSON","methodName":"parse","fileName":"JSON.java","lineNumber":180},{"declaringClass":"com.alibaba.fastjson.JSON","methodName":"parse","fileName":"JSON.java","lineNumber":149},{"declaringClass":"com.alibaba.fastjson.serializer.TestParse","methodName":"testParse","fileName":"TestParse.java","lineNumber":32},{"declaringClass":"sun.reflect.NativeMethodAccessorImpl","methodName":"invoke0","fileName":"NativeMethodAccessorImpl.java","lineNumber":-2},{"declaringClass":"sun.reflect.NativeMethodAccessorImpl","methodName":"invoke","fileName":"NativeMethodAccessorImpl.java","lineNumber":62},{"declaringClass":"sun.reflect.DelegatingMethodAccessorImpl","methodName":"invoke","fileName":"DelegatingMethodAccessorImpl.java","lineNumber":43},{"declaringClass":"java.lang.reflect.Method","methodName":"invoke","fileName":"Method.java","lineNumber":498},{"declaringClass":"org.junit.runners.model.FrameworkMethod$1","methodName":"runReflectiveCall","fileName":"FrameworkMethod.java","lineNumber":50},{"declaringClass":"org.junit.internal.runners.model.ReflectiveCallable","methodName":"run","fileName":"ReflectiveCallable.java","lineNumber":12},{"declaringClass":"org.junit.runners.model.FrameworkMethod","methodName":"invokeExplosively","fileName":"FrameworkMethod.java","lineNumber":47},{"declaringClass":"org.junit.internal.runners.statements.InvokeMethod","methodName":"evaluate","fileName":"InvokeMethod.java","lineNumber":17},{"declaringClass":"org.junit.internal.runners.statements.RunBefores","methodName":"evaluate","fileName":"RunBefores.java","lineNumber":26},{"declaringClass":"com.reedoei.testrunner.execution.JUnitTestRunner","methodName":"runChild","fileName":"JUnitTestRunner.java","lineNumber":332},{"declaringClass":"com.reedoei.testrunner.execution.JUnitTestRunner","methodName":"run","fileName":"JUnitTestRunner.java","lineNumber":108},{"declaringClass":"org.junit.runner.JUnitCore","methodName":"run","fileName":"JUnitCore.java","lineNumber":137},{"declaringClass":"com.reedoei.testrunner.execution.JUnitTestExecutor","methodName":"execute","fileName":"JUnitTestExecutor.java","lineNumber":292},{"declaringClass":"com.reedoei.testrunner.execution.JUnitTestExecutor","methodName":"execute","fileName":"JUnitTestExecutor.java","lineNumber":328},{"declaringClass":"com.reedoei.testrunner.execution.JUnitTestExecutor","methodName":"executeWithJUnit4Runner","fileName":"JUnitTestExecutor.java","lineNumber":366},{"declaringClass":"com.reedoei.testrunner.execution.JUnitTestExecutor","methodName":"runOrder","fileName":"JUnitTestExecutor.java","lineNumber":47},{"declaringClass":"com.reedoei.testrunner.execution.Executor$","methodName":"$anonfun$run$1","fileName":"Executor.scala","lineNumber":30},{"declaringClass":"scala.runtime.java8.JFunction0$mcV$sp","methodName":"apply","fileName":"JFunction0$mcV$sp.java","lineNumber":12},{"declaringClass":"scala.util.Try$","methodName":"apply","fileName":"Try.scala","lineNumber":209},{"declaringClass":"com.reedoei.testrunner.execution.Executor$","methodName":"run","fileName":"Executor.scala","lineNumber":28},{"declaringClass":"com.reedoei.testrunner.execution.Executor$","methodName":"main","fileName":"Executor.scala","lineNumber":18},{"declaringClass":"com.reedoei.testrunner.execution.Executor","methodName":"main","fileName":"Executor.scala","lineNumber":-1}]},"com.alibaba.fastjson.deserializer.IgnoreTypeDeserializer.parseObjectWithNotExistTypeThrowException":{"name":"com.alibaba.fastjson.deserializer.IgnoreTypeDeserializer.parseObjectWithNotExistTypeThrowException","result":"PASS","time":0.041199459,"stackTrace":[]},"com.alibaba.json.bvt.support.spring.mock.testcase.FastJsonHttpMessageConverterJSONPCaseTest.isInjectComponent":{"name":"com.alibaba.json.bvt.support.spring.mock.testcase.FastJsonHttpMessageConverterJSONPCaseTest.isInjectComponent","result":"PASS","time":0.024446059,"stackTrace":[]},"com.alibaba.fastjson.deserializer.IgnoreTypeDeserializer.parseWithNotExistType":{"name":"com.alibaba.fastjson.deserializer.IgnoreTypeDeserializer.parseWithNotExistType","result":"ERROR","time":0.017960203,"stackTrace":[{"declaringClass":"com.alibaba.fastjson.parser.ParserConfig","methodName":"checkAutoType","fileName":"ParserConfig.java","lineNumber":1331},{"declaringClass":"com.alibaba.fastjson.parser.DefaultJSONParser","methodName":"parseObject","fileName":"DefaultJSONParser.java","lineNumber":333},{"declaringClass":"com.alibaba.fastjson.parser.DefaultJSONParser","methodName":"parse","fileName":"DefaultJSONParser.java","lineNumber":1400},{"declaringClass":"com.alibaba.fastjson.parser.DefaultJSONParser","methodName":"parse","fileName":"DefaultJSONParser.java","lineNumber":1366},{"declaringClass":"com.alibaba.fastjson.JSON","methodName":"parse","fileName":"JSON.java","lineNumber":170},{"declaringClass":"com.alibaba.fastjson.JSON","methodName":"parse","fileName":"JSON.java","lineNumber":180},{"declaringClass":"com.alibaba.fastjson.JSON","methodName":"parse","fileName":"JSON.java","lineNumber":149},{"declaringClass":"com.alibaba.fastjson.deserializer.IgnoreTypeDeserializer","methodName":"parseWithNotExistType","fileName":"IgnoreTypeDeserializer.java","lineNumber":32},{"declaringClass":"sun.reflect.NativeMethodAccessorImpl","methodName":"invoke0","fileName":"NativeMethodAccessorImpl.java","lineNumber":-2},{"declaringClass":"sun.reflect.NativeMethodAccessorImpl","methodName":"invoke","fileName":"NativeMethodAccessorImpl.java","lineNumber":62},{"declaringClass":"sun.reflect.DelegatingMethodAccessorImpl","methodName":"invoke","fileName":"DelegatingMethodAccessorImpl.java","lineNumber":43},{"declaringClass":"java.lang.reflect.Method","methodName":"invoke","fileName":"Method.java","lineNumber":498},{"declaringClass":"org.junit.runners.model.FrameworkMethod$1","methodName":"runReflectiveCall","fileName":"FrameworkMethod.java","lineNumber":50},{"declaringClass":"org.junit.internal.runners.model.ReflectiveCallable","methodName":"run","fileName":"ReflectiveCallable.java","lineNumber":12},{"declaringClass":"org.junit.runners.model.FrameworkMethod","methodName":"invokeExplosively","fileName":"FrameworkMethod.java","lineNumber":47},{"declaringClass":"org.junit.internal.runners.statements.InvokeMethod","methodName":"evaluate","fileName":"InvokeMethod.java","lineNumber":17},{"declaringClass":"com.reedoei.testrunner.execution.JUnitTestRunner","methodName":"runChild","fileName":"JUnitTestRunner.java","lineNumber":332},{"declaringClass":"com.reedoei.testrunner.execution.JUnitTestRunner","methodName":"run","fileName":"JUnitTestRunner.java","lineNumber":108},{"declaringClass":"org.junit.runner.JUnitCore","methodName":"run","fileName":"JUnitCore.java","lineNumber":137},{"declaringClass":"com.reedoei.testrunner.execution.JUnitTestExecutor","methodName":"execute","fileName":"JUnitTestExecutor.java","lineNumber":292},{"declaringClass":"com.reedoei.testrunner.execution.JUnitTestExecutor","methodName":"execute","fileName":"JUnitTestExecutor.java","lineNumber":328},{"declaringClass":"com.reedoei.testrunner.execution.JUnitTestExecutor","methodName":"executeWithJUnit4Runner","fileName":"JUnitTestExecutor.java","lineNumber":366},{"declaringClass":"com.reedoei.testrunner.execution.JUnitTestExecutor","methodName":"runOrder","fileName":"JUnitTestExecutor.java","lineNumber":47},{"declaringClass":"com.reedoei.testrunner.execution.Executor$","methodName":"$anonfun$run$1","fileName":"Executor.scala","lineNumber":30},{"declaringClass":"scala.runtime.java8.JFunction0$mcV$sp","methodName":"apply","fileName":"JFunction0$mcV$sp.java","lineNumber":12},{"declaringClass":"scala.util.Try$","methodName":"apply","fileName":"Try.scala","lineNumber":209},{"declaringClass":"com.reedoei.testrunner.execution.Executor$","methodName":"run","fileName":"Executor.scala","lineNumber":28},{"declaringClass":"com.reedoei.testrunner.execution.Executor$","methodName":"main","fileName":"Executor.scala","lineNumber":18},{"declaringClass":"com.reedoei.testrunner.execution.Executor","methodName":"main","fileName":"Executor.scala","lineNumber":-1}]},"com.alibaba.json.bvt.issue_1600.Issue1612.test":{"name":"com.alibaba.json.bvt.issue_1600.Issue1612.test","result":"PASS","time":0.054040767,"stackTrace":[]},"com.alibaba.fastjson.support.jaxrs.TestIssue885.testReadFrom":{"name":"com.alibaba.fastjson.support.jaxrs.TestIssue885.testReadFrom","result":"PASS","time":14.973364267,"stackTrace":[]},"com.alibaba.fastjson.deserializer.issues569.TestIssues569.testFixBug569":{"name":"com.alibaba.fastjson.deserializer.issues569.TestIssues569.testFixBug569","result":"PASS","time":1.072056064,"stackTrace":[]}},"diffs":{}}