{"id":"1573138063078-e8b829a9-5d18-4600-b9c4-ef105ee09127","testOrder":["com.alibaba.json.bvt.support.spring.mock.testcase.FastJsonpHttpMessageConverter4Case1Test.test2_2","com.alibaba.json.bvt.support.spring.mock.testcase.FastJsonpHttpMessageConverter4Case1Test.test5","com.alibaba.json.bvt.support.spring.mock.testcase.FastJsonpHttpMessageConverter4Case1Test.test1_2","com.alibaba.json.bvt.support.spring.mock.testcase.FastJsonpHttpMessageConverter4Case1Test.test1","com.alibaba.json.bvt.support.spring.mock.testcase.FastJsonpHttpMessageConverter4Case1Test.test3_2","com.alibaba.json.bvt.support.spring.mock.testcase.FastJsonpHttpMessageConverter4Case1Test.test4_2","com.alibaba.json.bvt.support.spring.mock.testcase.FastJsonpHttpMessageConverter4Case1Test.test2","com.alibaba.json.bvt.support.spring.mock.testcase.FastJsonpHttpMessageConverter4Case1Test.test5_2","com.alibaba.json.bvt.support.spring.mock.testcase.FastJsonpHttpMessageConverter4Case1Test.isInjectComponent","com.alibaba.json.bvt.support.spring.mock.testcase.FastJsonpHttpMessageConverter4Case1Test.test3","com.alibaba.json.bvt.support.spring.mock.testcase.FastJsonpHttpMessageConverter4Case1Test.test4","com.alibaba.fastjson.deserializer.issue1463.TestIssue1463.testIssue1463","com.alibaba.json.bvtVO.ArgCheckTest.testJSON","com.alibaba.json.bvt.issue_1300.Issue1392.test","com.alibaba.json.bvt.Bug89.testBug89","com.alibaba.json.bvt.support.jaxrs.mock.testcase.FastJsonProviderTest.test1","com.alibaba.json.bvt.support.jaxrs.mock.testcase.FastJsonProviderTest.test0","com.alibaba.json.bvt.support.jaxrs.mock.testcase.FastJsonProviderTest.test2","com.alibaba.json.bvt.issue_1300.Issue1367_jaxrs.testParameterizedTypeBean","com.alibaba.json.bvt.issue_1300.Issue1367_jaxrs.testTypeVariableBean","com.alibaba.json.bvt.issue_1700.Issue1701.testBean","com.alibaba.json.bvt.support.spring.mock.testcase.FastJsonHttpMessageConverterCase2Test.isInjectComponent","com.alibaba.json.bvt.support.spring.mock.testcase.FastJsonHttpMessageConverterCase2Test.test8","com.alibaba.json.bvt.support.spring.mock.testcase.FastJsonHttpMessageConverterCase2Test.test8_2","com.alibaba.json.bvt.support.spring.GenericFastJsonRedisSerializerTest.test_6","com.alibaba.json.bvt.support.spring.GenericFastJsonRedisSerializerTest.test_5","com.alibaba.json.bvt.support.spring.GenericFastJsonRedisSerializerTest.test_2","com.alibaba.json.bvt.support.spring.GenericFastJsonRedisSerializerTest.test_4","com.alibaba.json.bvt.support.spring.GenericFastJsonRedisSerializerTest.test_3","com.alibaba.json.bvt.support.spring.GenericFastJsonRedisSerializerTest.test_1","com.derbysoft.spitfire.fastjson.TestFastJson.testSerializePerformance","com.alibaba.json.bvt.support.spring.mock.testcase.FastJsonJsonViewTest.test1","com.alibaba.json.bvt.support.spring.mock.testcase.FastJsonJsonViewTest.test2","com.alibaba.fastjson.serializer.TestParse.testParse","com.alibaba.json.bvt.support.spring.FastJsonJsonViewTest.test_jsonp","com.alibaba.json.bvt.support.spring.FastJsonJsonViewTest.test_jsonp_invalidParam","com.alibaba.fastjson.deserializer.IgnoreTypeDeserializer.parseWithNotExistType"],"results":{"com.derbysoft.spitfire.fastjson.TestFastJson.testSerializePerformance":{"name":"com.derbysoft.spitfire.fastjson.TestFastJson.testSerializePerformance","result":"PASS","time":563.948299877,"stackTrace":[]},"com.alibaba.json.bvtVO.ArgCheckTest.testJSON":{"name":"com.alibaba.json.bvtVO.ArgCheckTest.testJSON","result":"PASS","time":0.024257387,"stackTrace":[]},"com.alibaba.fastjson.deserializer.issue1463.TestIssue1463.testIssue1463":{"name":"com.alibaba.fastjson.deserializer.issue1463.TestIssue1463.testIssue1463","result":"PASS","time":0.089042141,"stackTrace":[]},"com.alibaba.json.bvt.support.jaxrs.mock.testcase.FastJsonProviderTest.test1":{"name":"com.alibaba.json.bvt.support.jaxrs.mock.testcase.FastJsonProviderTest.test1","result":"PASS","time":0.760693773,"stackTrace":[]},"com.alibaba.json.bvt.support.jaxrs.mock.testcase.FastJsonProviderTest.test2":{"name":"com.alibaba.json.bvt.support.jaxrs.mock.testcase.FastJsonProviderTest.test2","result":"PASS","time":0.092640131,"stackTrace":[]},"com.alibaba.json.bvt.support.spring.mock.testcase.FastJsonHttpMessageConverterCase2Test.test8_2":{"name":"com.alibaba.json.bvt.support.spring.mock.testcase.FastJsonHttpMessageConverterCase2Test.test8_2","result":"PASS","time":0.177719825,"stackTrace":[]},"com.alibaba.json.bvt.support.spring.FastJsonJsonViewTest.test_jsonp_invalidParam":{"name":"com.alibaba.json.bvt.support.spring.FastJsonJsonViewTest.test_jsonp_invalidParam","result":"PASS","time":0.021421777,"stackTrace":[]},"com.alibaba.json.bvt.issue_1300.Issue1392.test":{"name":"com.alibaba.json.bvt.issue_1300.Issue1392.test","result":"PASS","time":8.547107478,"stackTrace":[]},"com.alibaba.json.bvt.support.spring.mock.testcase.FastJsonHttpMessageConverterCase2Test.isInjectComponent":{"name":"com.alibaba.json.bvt.support.spring.mock.testcase.FastJsonHttpMessageConverterCase2Test.isInjectComponent","result":"PASS","time":0.044897227,"stackTrace":[]},"com.alibaba.json.bvt.support.spring.mock.testcase.FastJsonHttpMessageConverterCase2Test.test8":{"name":"com.alibaba.json.bvt.support.spring.mock.testcase.FastJsonHttpMessageConverterCase2Test.test8","result":"PASS","time":0.067479073,"stackTrace":[]},"com.alibaba.json.bvt.Bug89.testBug89":{"name":"com.alibaba.json.bvt.Bug89.testBug89","result":"PASS","time":0.00589579,"stackTrace":[]},"com.alibaba.json.bvt.support.spring.mock.testcase.FastJsonpHttpMessageConverter4Case1Test.test2":{"name":"com.alibaba.json.bvt.support.spring.mock.testcase.FastJsonpHttpMessageConverter4Case1Test.test2","result":"PASS","time":0.067630639,"stackTrace":[]},"com.alibaba.json.bvt.support.spring.FastJsonJsonViewTest.test_jsonp":{"name":"com.alibaba.json.bvt.support.spring.FastJsonJsonViewTest.test_jsonp","result":"PASS","time":0.027979223,"stackTrace":[]},"com.alibaba.json.bvt.support.spring.mock.testcase.FastJsonpHttpMessageConverter4Case1Test.test1":{"name":"com.alibaba.json.bvt.support.spring.mock.testcase.FastJsonpHttpMessageConverter4Case1Test.test1","result":"PASS","time":0.051002697,"stackTrace":[]},"com.alibaba.json.bvt.support.spring.mock.testcase.FastJsonpHttpMessageConverter4Case1Test.test4":{"name":"com.alibaba.json.bvt.support.spring.mock.testcase.FastJsonpHttpMessageConverter4Case1Test.test4","result":"PASS","time":0.056569371,"stackTrace":[]},"com.alibaba.json.bvt.support.spring.mock.testcase.FastJsonpHttpMessageConverter4Case1Test.test3":{"name":"com.alibaba.json.bvt.support.spring.mock.testcase.FastJsonpHttpMessageConverter4Case1Test.test3","result":"PASS","time":0.036312566,"stackTrace":[]},"com.alibaba.json.bvt.support.spring.mock.testcase.FastJsonpHttpMessageConverter4Case1Test.test5":{"name":"com.alibaba.json.bvt.support.spring.mock.testcase.FastJsonpHttpMessageConverter4Case1Test.test5","result":"PASS","time":0.170846537,"stackTrace":[]},"com.alibaba.json.bvt.issue_1700.Issue1701.testBean":{"name":"com.alibaba.json.bvt.issue_1700.Issue1701.testBean","result":"PASS","time":0.14261902,"stackTrace":[]},"com.alibaba.json.bvt.support.spring.mock.testcase.FastJsonpHttpMessageConverter4Case1Test.isInjectComponent":{"name":"com.alibaba.json.bvt.support.spring.mock.testcase.FastJsonpHttpMessageConverter4Case1Test.isInjectComponent","result":"PASS","time":0.03000664,"stackTrace":[]},"com.alibaba.fastjson.serializer.TestParse.testParse":{"name":"com.alibaba.fastjson.serializer.TestParse.testParse","result":"ERROR","time":0.084074638,"stackTrace":[{"declaringClass":"com.alibaba.fastjson.parser.ParserConfig","methodName":"checkAutoType","fileName":"ParserConfig.java","lineNumber":1331},{"declaringClass":"com.alibaba.fastjson.parser.DefaultJSONParser","methodName":"parseObject","fileName":"DefaultJSONParser.java","lineNumber":333},{"declaringClass":"com.alibaba.fastjson.parser.DefaultJSONParser","methodName":"parse","fileName":"DefaultJSONParser.java","lineNumber":1400},{"declaringClass":"com.alibaba.fastjson.parser.DefaultJSONParser","methodName":"parse","fileName":"DefaultJSONParser.java","lineNumber":1366},{"declaringClass":"com.alibaba.fastjson.JSON","methodName":"parse","fileName":"JSON.java","lineNumber":170},{"declaringClass":"com.alibaba.fastjson.JSON","methodName":"parse","fileName":"JSON.java","lineNumber":180},{"declaringClass":"com.alibaba.fastjson.JSON","methodName":"parse","fileName":"JSON.java","lineNumber":149},{"declaringClass":"com.alibaba.fastjson.serializer.TestParse","methodName":"testParse","fileName":"TestParse.java","lineNumber":32},{"declaringClass":"sun.reflect.NativeMethodAccessorImpl","methodName":"invoke0","fileName":"NativeMethodAccessorImpl.java","lineNumber":-2},{"declaringClass":"sun.reflect.NativeMethodAccessorImpl","methodName":"invoke","fileName":"NativeMethodAccessorImpl.java","lineNumber":62},{"declaringClass":"sun.reflect.DelegatingMethodAccessorImpl","methodName":"invoke","fileName":"DelegatingMethodAccessorImpl.java","lineNumber":43},{"declaringClass":"java.lang.reflect.Method","methodName":"invoke","fileName":"Method.java","lineNumber":498},{"declaringClass":"org.junit.runners.model.FrameworkMethod$1","methodName":"runReflectiveCall","fileName":"FrameworkMethod.java","lineNumber":50},{"declaringClass":"org.junit.internal.runners.model.ReflectiveCallable","methodName":"run","fileName":"ReflectiveCallable.java","lineNumber":12},{"declaringClass":"org.junit.runners.model.FrameworkMethod","methodName":"invokeExplosively","fileName":"FrameworkMethod.java","lineNumber":47},{"declaringClass":"org.junit.internal.runners.statements.InvokeMethod","methodName":"evaluate","fileName":"InvokeMethod.java","lineNumber":17},{"declaringClass":"org.junit.internal.runners.statements.RunBefores","methodName":"evaluate","fileName":"RunBefores.java","lineNumber":26},{"declaringClass":"com.reedoei.testrunner.execution.JUnitTestRunner","methodName":"runChild","fileName":"JUnitTestRunner.java","lineNumber":332},{"declaringClass":"com.reedoei.testrunner.execution.JUnitTestRunner","methodName":"run","fileName":"JUnitTestRunner.java","lineNumber":108},{"declaringClass":"org.junit.runner.JUnitCore","methodName":"run","fileName":"JUnitCore.java","lineNumber":137},{"declaringClass":"com.reedoei.testrunner.execution.JUnitTestExecutor","methodName":"execute","fileName":"JUnitTestExecutor.java","lineNumber":292},{"declaringClass":"com.reedoei.testrunner.execution.JUnitTestExecutor","methodName":"execute","fileName":"JUnitTestExecutor.java","lineNumber":328},{"declaringClass":"com.reedoei.testrunner.execution.JUnitTestExecutor","methodName":"executeWithJUnit4Runner","fileName":"JUnitTestExecutor.java","lineNumber":366},{"declaringClass":"com.reedoei.testrunner.execution.JUnitTestExecutor","methodName":"runOrder","fileName":"JUnitTestExecutor.java","lineNumber":47},{"declaringClass":"com.reedoei.testrunner.execution.Executor$","methodName":"$anonfun$run$1","fileName":"Executor.scala","lineNumber":30},{"declaringClass":"scala.runtime.java8.JFunction0$mcV$sp","methodName":"apply","fileName":"JFunction0$mcV$sp.java","lineNumber":12},{"declaringClass":"scala.util.Try$","methodName":"apply","fileName":"Try.scala","lineNumber":209},{"declaringClass":"com.reedoei.testrunner.execution.Executor$","methodName":"run","fileName":"Executor.scala","lineNumber":28},{"declaringClass":"com.reedoei.testrunner.execution.Executor$","methodName":"main","fileName":"Executor.scala","lineNumber":18},{"declaringClass":"com.reedoei.testrunner.execution.Executor","methodName":"main","fileName":"Executor.scala","lineNumber":-1}]},"com.alibaba.json.bvt.support.spring.mock.testcase.FastJsonJsonViewTest.test1":{"name":"com.alibaba.json.bvt.support.spring.mock.testcase.FastJsonJsonViewTest.test1","result":"PASS","time":1.145598467,"stackTrace":[]},"com.alibaba.json.bvt.support.spring.GenericFastJsonRedisSerializerTest.test_3":{"name":"com.alibaba.json.bvt.support.spring.GenericFastJsonRedisSerializerTest.test_3","result":"PASS","time":0.003486445,"stackTrace":[]},"com.alibaba.json.bvt.support.spring.GenericFastJsonRedisSerializerTest.test_2":{"name":"com.alibaba.json.bvt.support.spring.GenericFastJsonRedisSerializerTest.test_2","result":"PASS","time":0.068371638,"stackTrace":[]},"com.alibaba.json.bvt.support.spring.GenericFastJsonRedisSerializerTest.test_1":{"name":"com.alibaba.json.bvt.support.spring.GenericFastJsonRedisSerializerTest.test_1","result":"PASS","time":0.038679656,"stackTrace":[]},"com.alibaba.json.bvt.support.spring.mock.testcase.FastJsonJsonViewTest.test2":{"name":"com.alibaba.json.bvt.support.spring.mock.testcase.FastJsonJsonViewTest.test2","result":"PASS","time":0.206696237,"stackTrace":[]},"com.alibaba.json.bvt.support.spring.GenericFastJsonRedisSerializerTest.test_6":{"name":"com.alibaba.json.bvt.support.spring.GenericFastJsonRedisSerializerTest.test_6","result":"PASS","time":0.196564618,"stackTrace":[]},"com.alibaba.json.bvt.support.spring.GenericFastJsonRedisSerializerTest.test_5":{"name":"com.alibaba.json.bvt.support.spring.GenericFastJsonRedisSerializerTest.test_5","result":"PASS","time":0.037242569,"stackTrace":[]},"com.alibaba.json.bvt.issue_1300.Issue1367_jaxrs.testTypeVariableBean":{"name":"com.alibaba.json.bvt.issue_1300.Issue1367_jaxrs.testTypeVariableBean","result":"PASS","time":3.695915448,"stackTrace":[]},"com.alibaba.json.bvt.issue_1300.Issue1367_jaxrs.testParameterizedTypeBean":{"name":"com.alibaba.json.bvt.issue_1300.Issue1367_jaxrs.testParameterizedTypeBean","result":"PASS","time":3.890689419,"stackTrace":[]},"com.alibaba.json.bvt.support.spring.GenericFastJsonRedisSerializerTest.test_4":{"name":"com.alibaba.json.bvt.support.spring.GenericFastJsonRedisSerializerTest.test_4","result":"PASS","time":0.014175293,"stackTrace":[]},"com.alibaba.fastjson.deserializer.IgnoreTypeDeserializer.parseWithNotExistType":{"name":"com.alibaba.fastjson.deserializer.IgnoreTypeDeserializer.parseWithNotExistType","result":"ERROR","time":0.020384002,"stackTrace":[{"declaringClass":"com.alibaba.fastjson.parser.ParserConfig","methodName":"checkAutoType","fileName":"ParserConfig.java","lineNumber":1331},{"declaringClass":"com.alibaba.fastjson.parser.DefaultJSONParser","methodName":"parseObject","fileName":"DefaultJSONParser.java","lineNumber":333},{"declaringClass":"com.alibaba.fastjson.parser.DefaultJSONParser","methodName":"parse","fileName":"DefaultJSONParser.java","lineNumber":1400},{"declaringClass":"com.alibaba.fastjson.parser.DefaultJSONParser","methodName":"parse","fileName":"DefaultJSONParser.java","lineNumber":1366},{"declaringClass":"com.alibaba.fastjson.JSON","methodName":"parse","fileName":"JSON.java","lineNumber":170},{"declaringClass":"com.alibaba.fastjson.JSON","methodName":"parse","fileName":"JSON.java","lineNumber":180},{"declaringClass":"com.alibaba.fastjson.JSON","methodName":"parse","fileName":"JSON.java","lineNumber":149},{"declaringClass":"com.alibaba.fastjson.deserializer.IgnoreTypeDeserializer","methodName":"parseWithNotExistType","fileName":"IgnoreTypeDeserializer.java","lineNumber":32},{"declaringClass":"sun.reflect.NativeMethodAccessorImpl","methodName":"invoke0","fileName":"NativeMethodAccessorImpl.java","lineNumber":-2},{"declaringClass":"sun.reflect.NativeMethodAccessorImpl","methodName":"invoke","fileName":"NativeMethodAccessorImpl.java","lineNumber":62},{"declaringClass":"sun.reflect.DelegatingMethodAccessorImpl","methodName":"invoke","fileName":"DelegatingMethodAccessorImpl.java","lineNumber":43},{"declaringClass":"java.lang.reflect.Method","methodName":"invoke","fileName":"Method.java","lineNumber":498},{"declaringClass":"org.junit.runners.model.FrameworkMethod$1","methodName":"runReflectiveCall","fileName":"FrameworkMethod.java","lineNumber":50},{"declaringClass":"org.junit.internal.runners.model.ReflectiveCallable","methodName":"run","fileName":"ReflectiveCallable.java","lineNumber":12},{"declaringClass":"org.junit.runners.model.FrameworkMethod","methodName":"invokeExplosively","fileName":"FrameworkMethod.java","lineNumber":47},{"declaringClass":"org.junit.internal.runners.statements.InvokeMethod","methodName":"evaluate","fileName":"InvokeMethod.java","lineNumber":17},{"declaringClass":"com.reedoei.testrunner.execution.JUnitTestRunner","methodName":"runChild","fileName":"JUnitTestRunner.java","lineNumber":332},{"declaringClass":"com.reedoei.testrunner.execution.JUnitTestRunner","methodName":"run","fileName":"JUnitTestRunner.java","lineNumber":108},{"declaringClass":"org.junit.runner.JUnitCore","methodName":"run","fileName":"JUnitCore.java","lineNumber":137},{"declaringClass":"com.reedoei.testrunner.execution.JUnitTestExecutor","methodName":"execute","fileName":"JUnitTestExecutor.java","lineNumber":292},{"declaringClass":"com.reedoei.testrunner.execution.JUnitTestExecutor","methodName":"execute","fileName":"JUnitTestExecutor.java","lineNumber":328},{"declaringClass":"com.reedoei.testrunner.execution.JUnitTestExecutor","methodName":"executeWithJUnit4Runner","fileName":"JUnitTestExecutor.java","lineNumber":366},{"declaringClass":"com.reedoei.testrunner.execution.JUnitTestExecutor","methodName":"runOrder","fileName":"JUnitTestExecutor.java","lineNumber":47},{"declaringClass":"com.reedoei.testrunner.execution.Executor$","methodName":"$anonfun$run$1","fileName":"Executor.scala","lineNumber":30},{"declaringClass":"scala.runtime.java8.JFunction0$mcV$sp","methodName":"apply","fileName":"JFunction0$mcV$sp.java","lineNumber":12},{"declaringClass":"scala.util.Try$","methodName":"apply","fileName":"Try.scala","lineNumber":209},{"declaringClass":"com.reedoei.testrunner.execution.Executor$","methodName":"run","fileName":"Executor.scala","lineNumber":28},{"declaringClass":"com.reedoei.testrunner.execution.Executor$","methodName":"main","fileName":"Executor.scala","lineNumber":18},{"declaringClass":"com.reedoei.testrunner.execution.Executor","methodName":"main","fileName":"Executor.scala","lineNumber":-1}]},"com.alibaba.json.bvt.support.jaxrs.mock.testcase.FastJsonProviderTest.test0":{"name":"com.alibaba.json.bvt.support.jaxrs.mock.testcase.FastJsonProviderTest.test0","result":"PASS","time":0.116179638,"stackTrace":[]},"com.alibaba.json.bvt.support.spring.mock.testcase.FastJsonpHttpMessageConverter4Case1Test.test1_2":{"name":"com.alibaba.json.bvt.support.spring.mock.testcase.FastJsonpHttpMessageConverter4Case1Test.test1_2","result":"PASS","time":0.160472835,"stackTrace":[]},"com.alibaba.json.bvt.support.spring.mock.testcase.FastJsonpHttpMessageConverter4Case1Test.test4_2":{"name":"com.alibaba.json.bvt.support.spring.mock.testcase.FastJsonpHttpMessageConverter4Case1Test.test4_2","result":"PASS","time":0.099668408,"stackTrace":[]},"com.alibaba.json.bvt.support.spring.mock.testcase.FastJsonpHttpMessageConverter4Case1Test.test5_2":{"name":"com.alibaba.json.bvt.support.spring.mock.testcase.FastJsonpHttpMessageConverter4Case1Test.test5_2","result":"PASS","time":0.072088017,"stackTrace":[]},"com.alibaba.json.bvt.support.spring.mock.testcase.FastJsonpHttpMessageConverter4Case1Test.test2_2":{"name":"com.alibaba.json.bvt.support.spring.mock.testcase.FastJsonpHttpMessageConverter4Case1Test.test2_2","result":"PASS","time":1.659031421,"stackTrace":[]},"com.alibaba.json.bvt.support.spring.mock.testcase.FastJsonpHttpMessageConverter4Case1Test.test3_2":{"name":"com.alibaba.json.bvt.support.spring.mock.testcase.FastJsonpHttpMessageConverter4Case1Test.test3_2","result":"PASS","time":1.444695546,"stackTrace":[]}},"diffs":{}}