{"testRunIds":["1570171005833-b00e88b9-c1a4-46c5-82b6-8d41c0a92c99"],"unfilteredTests":{"dts":[{"name":"io.undertow.websockets.jsr.test.extension.JsrWebsocketExtensionTestCase.testLongTextMessage","intended":{"order":["io.undertow.websockets.jsr.test.dynamicupgrade.DynamicEndpointTest.testDynamicAnnotatedEndpoint","io.undertow.websockets.jsr.test.dynamicupgrade.DynamicEndpointTest.testDynamicProgramaticEndpoint","io.undertow.websockets.jsr.test.stress.WebsocketStressTestCase.webSocketStringStressTestCase","io.undertow.websockets.jsr.test.stress.WebsocketStressTestCase.websocketFragmentationStressTestCase","io.undertow.websockets.jsr.test.BinaryEndpointTest.testBytesOnMessage","io.undertow.websockets.jsr.test.reconnect.ClientEndpointReconnectTestCase.testAnnotatedClientEndpoint","io.undertow.websockets.jsr.test.JsrWebSocketServer07Test.testBinaryWithByteBufferAsync","io.undertow.websockets.jsr.test.JsrWebSocketServer07Test.testTextUsingWriter","io.undertow.websockets.jsr.test.JsrWebSocketServer07Test.testBinaryWithByteBuffer","io.undertow.websockets.jsr.test.JsrWebSocketServer07Test.testCloseFrameWithoutReasonBody","io.undertow.websockets.jsr.test.JsrWebSocketServer07Test.testText","io.undertow.websockets.jsr.test.JsrWebSocketServer07Test.testBinaryWithByteArray","io.undertow.websockets.jsr.test.JsrWebSocketServer07Test.testBinaryWithByteBufferByCompletion","io.undertow.websockets.jsr.test.JsrWebSocketServer07Test.testTextAsync","io.undertow.websockets.jsr.test.JsrWebSocketServer07Test.testBinaryWithByteBufferByFuture","io.undertow.websockets.jsr.test.JsrWebSocketServer07Test.testBinaryWithByteArrayUsingStream","io.undertow.websockets.jsr.test.JsrWebSocketServer07Test.testPingPong","io.undertow.websockets.jsr.test.JsrWebSocketServer07Test.testTextByCompletion","io.undertow.websockets.jsr.test.JsrWebSocketServer07Test.testErrorHandling","io.undertow.websockets.jsr.test.JsrWebSocketServer07Test.testCloseFrame","io.undertow.websockets.jsr.test.JsrWebSocketServer07Test.testTextByFuture","io.undertow.websockets.jsr.test.annotated.AnnotatedEndpointTest.testRedirectHandling","io.undertow.websockets.jsr.test.annotated.AnnotatedEndpointTest.testGenericMessageHandling","io.undertow.websockets.jsr.test.annotated.AnnotatedEndpointTest.testImplicitIntegerConversion","io.undertow.websockets.jsr.test.annotated.AnnotatedEndpointTest.testRequestUri","io.undertow.websockets.jsr.test.annotated.AnnotatedEndpointTest.testCloseReason","io.undertow.websockets.jsr.test.annotated.AnnotatedEndpointTest.testClientSideIdleTimeout","io.undertow.websockets.jsr.test.annotated.AnnotatedEndpointTest.testIdleTimeout","io.undertow.websockets.jsr.test.annotated.AnnotatedEndpointTest.testThreadSafeSend","io.undertow.websockets.jsr.test.annotated.AnnotatedEndpointTest.testTimeoutCloseReason","io.undertow.websockets.jsr.test.annotated.AnnotatedEndpointTest.testErrorHandling","io.undertow.websockets.jsr.test.annotated.AnnotatedEndpointTest.testAnnotatedClientEndpointWithConfigurator","io.undertow.websockets.jsr.test.annotated.AnnotatedEndpointTest.testWebSocketInRootContext","io.undertow.websockets.jsr.test.annotated.AnnotatedEndpointTest.testAnnotatedClientEndpoint","io.undertow.websockets.jsr.test.annotated.AnnotatedEndpointTest.testStringOnMessage","io.undertow.websockets.jsr.test.annotated.AnnotatedEndpointTest.testEncodingAndDecodingText","io.undertow.websockets.jsr.test.annotated.AnnotatedEndpointTest.testEncodingAndDecodingBinary","io.undertow.websockets.jsr.test.annotated.AnnotatedEndpointTest.testEncodingWithGenericSuperclass","io.undertow.websockets.jsr.test.JsrWebSocketServer08Test.testBinaryWithByteBufferAsync","io.undertow.websockets.jsr.test.JsrWebSocketServer08Test.testTextUsingWriter","io.undertow.websockets.jsr.test.JsrWebSocketServer08Test.testBinaryWithByteBuffer","io.undertow.websockets.jsr.test.JsrWebSocketServer08Test.testCloseFrameWithoutReasonBody","io.undertow.websockets.jsr.test.JsrWebSocketServer08Test.testText","io.undertow.websockets.jsr.test.JsrWebSocketServer08Test.testBinaryWithByteArray","io.undertow.websockets.jsr.test.JsrWebSocketServer08Test.testBinaryWithByteBufferByCompletion","io.undertow.websockets.jsr.test.JsrWebSocketServer08Test.testTextAsync","io.undertow.websockets.jsr.test.JsrWebSocketServer08Test.testBinaryWithByteBufferByFuture","io.undertow.websockets.jsr.test.JsrWebSocketServer08Test.testBinaryWithByteArrayUsingStream","io.undertow.websockets.jsr.test.JsrWebSocketServer08Test.testPingPong","io.undertow.websockets.jsr.test.JsrWebSocketServer08Test.testTextByCompletion","io.undertow.websockets.jsr.test.JsrWebSocketServer08Test.testErrorHandling","io.undertow.websockets.jsr.test.JsrWebSocketServer08Test.testCloseFrame","io.undertow.websockets.jsr.test.JsrWebSocketServer08Test.testTextByFuture","io.undertow.websockets.jsr.test.security.WebsocketBasicAuthTestCase.testWrappedRequest","io.undertow.websockets.jsr.test.security.WebsocketBasicAuthTestCase.testAuthenticatedWebsocket","io.undertow.websockets.jsr.test.ClassUtilsTest.testExtractHandlerType","io.undertow.websockets.jsr.test.ClassUtilsTest.testExtractEncoderType","io.undertow.websockets.jsr.test.TestMessagesReceivedInOrder.testMessagesReceivedInOrder","io.undertow.websockets.jsr.test.JsrWebSocketServer13Test.testBinaryWithByteBufferAsync","io.undertow.websockets.jsr.test.JsrWebSocketServer13Test.testTextUsingWriter","io.undertow.websockets.jsr.test.JsrWebSocketServer13Test.testBinaryWithByteBuffer","io.undertow.websockets.jsr.test.JsrWebSocketServer13Test.testCloseFrameWithoutReasonBody","io.undertow.websockets.jsr.test.JsrWebSocketServer13Test.testText","io.undertow.websockets.jsr.test.JsrWebSocketServer13Test.testBinaryWithByteArray","io.undertow.websockets.jsr.test.JsrWebSocketServer13Test.testBinaryWithByteBufferByCompletion","io.undertow.websockets.jsr.test.JsrWebSocketServer13Test.testTextAsync","io.undertow.websockets.jsr.test.JsrWebSocketServer13Test.testBinaryWithByteBufferByFuture","io.undertow.websockets.jsr.test.JsrWebSocketServer13Test.testBinaryWithByteArrayUsingStream","io.undertow.websockets.jsr.test.JsrWebSocketServer13Test.testPingPong","io.undertow.websockets.jsr.test.JsrWebSocketServer13Test.testTextByCompletion","io.undertow.websockets.jsr.test.JsrWebSocketServer13Test.testErrorHandling","io.undertow.websockets.jsr.test.JsrWebSocketServer13Test.testCloseFrame","io.undertow.websockets.jsr.test.JsrWebSocketServer13Test.testTextByFuture","io.undertow.websockets.jsr.test.extension.JsrWebsocketExtensionTestCase.testExtensionsHeaders"],"result":"PASS","testRunId":"1570169183815-41e1ed03-b9a1-4016-8107-c287b482b6e7"},"revealed":{"order":["io.undertow.websockets.jsr.test.ClassUtilsTest.testExtractHandlerType","io.undertow.websockets.jsr.test.ClassUtilsTest.testExtractEncoderType","io.undertow.websockets.jsr.test.annotated.AnnotatedEndpointTest.testTimeoutCloseReason","io.undertow.websockets.jsr.test.annotated.AnnotatedEndpointTest.testStringOnMessage","io.undertow.websockets.jsr.test.annotated.AnnotatedEndpointTest.testThreadSafeSend","io.undertow.websockets.jsr.test.annotated.AnnotatedEndpointTest.testEncodingAndDecodingBinary","io.undertow.websockets.jsr.test.annotated.AnnotatedEndpointTest.testAnnotatedClientEndpointWithConfigurator","io.undertow.websockets.jsr.test.annotated.AnnotatedEndpointTest.testImplicitIntegerConversion","io.undertow.websockets.jsr.test.annotated.AnnotatedEndpointTest.testGenericMessageHandling","io.undertow.websockets.jsr.test.annotated.AnnotatedEndpointTest.testEncodingWithGenericSuperclass","io.undertow.websockets.jsr.test.annotated.AnnotatedEndpointTest.testWebSocketInRootContext","io.undertow.websockets.jsr.test.annotated.AnnotatedEndpointTest.testClientSideIdleTimeout","io.undertow.websockets.jsr.test.annotated.AnnotatedEndpointTest.testRedirectHandling","io.undertow.websockets.jsr.test.annotated.AnnotatedEndpointTest.testAnnotatedClientEndpoint","io.undertow.websockets.jsr.test.annotated.AnnotatedEndpointTest.testCloseReason","io.undertow.websockets.jsr.test.annotated.AnnotatedEndpointTest.testRequestUri","io.undertow.websockets.jsr.test.annotated.AnnotatedEndpointTest.testIdleTimeout","io.undertow.websockets.jsr.test.annotated.AnnotatedEndpointTest.testErrorHandling","io.undertow.websockets.jsr.test.annotated.AnnotatedEndpointTest.testEncodingAndDecodingText","io.undertow.websockets.jsr.test.reconnect.ClientEndpointReconnectTestCase.testAnnotatedClientEndpoint","io.undertow.websockets.jsr.test.JsrWebSocketServer07Test.testTextAsync","io.undertow.websockets.jsr.test.JsrWebSocketServer07Test.testBinaryWithByteBufferByCompletion","io.undertow.websockets.jsr.test.JsrWebSocketServer07Test.testBinaryWithByteArray","io.undertow.websockets.jsr.test.JsrWebSocketServer07Test.testText","io.undertow.websockets.jsr.test.JsrWebSocketServer07Test.testTextByCompletion","io.undertow.websockets.jsr.test.JsrWebSocketServer07Test.testBinaryWithByteArrayUsingStream","io.undertow.websockets.jsr.test.JsrWebSocketServer07Test.testCloseFrameWithoutReasonBody","io.undertow.websockets.jsr.test.JsrWebSocketServer07Test.testTextUsingWriter","io.undertow.websockets.jsr.test.JsrWebSocketServer07Test.testBinaryWithByteBufferAsync","io.undertow.websockets.jsr.test.JsrWebSocketServer07Test.testBinaryWithByteBufferByFuture","io.undertow.websockets.jsr.test.JsrWebSocketServer07Test.testBinaryWithByteBuffer","io.undertow.websockets.jsr.test.JsrWebSocketServer07Test.testPingPong","io.undertow.websockets.jsr.test.JsrWebSocketServer07Test.testErrorHandling","io.undertow.websockets.jsr.test.JsrWebSocketServer07Test.testTextByFuture","io.undertow.websockets.jsr.test.JsrWebSocketServer07Test.testCloseFrame","io.undertow.websockets.jsr.test.JsrWebSocketServer08Test.testCloseFrame","io.undertow.websockets.jsr.test.JsrWebSocketServer08Test.testTextByCompletion","io.undertow.websockets.jsr.test.JsrWebSocketServer08Test.testBinaryWithByteBufferAsync","io.undertow.websockets.jsr.test.JsrWebSocketServer08Test.testBinaryWithByteArray","io.undertow.websockets.jsr.test.JsrWebSocketServer08Test.testTextByFuture","io.undertow.websockets.jsr.test.JsrWebSocketServer08Test.testBinaryWithByteBufferByCompletion","io.undertow.websockets.jsr.test.JsrWebSocketServer08Test.testBinaryWithByteArrayUsingStream","io.undertow.websockets.jsr.test.JsrWebSocketServer08Test.testCloseFrameWithoutReasonBody","io.undertow.websockets.jsr.test.JsrWebSocketServer08Test.testTextUsingWriter","io.undertow.websockets.jsr.test.JsrWebSocketServer08Test.testText","io.undertow.websockets.jsr.test.JsrWebSocketServer08Test.testBinaryWithByteBufferByFuture","io.undertow.websockets.jsr.test.JsrWebSocketServer08Test.testTextAsync","io.undertow.websockets.jsr.test.JsrWebSocketServer08Test.testBinaryWithByteBuffer","io.undertow.websockets.jsr.test.JsrWebSocketServer08Test.testPingPong","io.undertow.websockets.jsr.test.JsrWebSocketServer08Test.testErrorHandling","io.undertow.websockets.jsr.test.extension.JsrWebsocketExtensionTestCase.testExtensionsHeaders"],"result":"ERROR","testRunId":"1570171005833-b00e88b9-c1a4-46c5-82b6-8d41c0a92c99"}},{"name":"io.undertow.websockets.jsr.test.JsrWebSocketServer08Test.testErrorHandling","intended":{"order":["io.undertow.websockets.jsr.test.dynamicupgrade.DynamicEndpointTest.testDynamicAnnotatedEndpoint","io.undertow.websockets.jsr.test.dynamicupgrade.DynamicEndpointTest.testDynamicProgramaticEndpoint","io.undertow.websockets.jsr.test.stress.WebsocketStressTestCase.webSocketStringStressTestCase","io.undertow.websockets.jsr.test.stress.WebsocketStressTestCase.websocketFragmentationStressTestCase","io.undertow.websockets.jsr.test.BinaryEndpointTest.testBytesOnMessage","io.undertow.websockets.jsr.test.reconnect.ClientEndpointReconnectTestCase.testAnnotatedClientEndpoint","io.undertow.websockets.jsr.test.JsrWebSocketServer07Test.testBinaryWithByteBufferAsync","io.undertow.websockets.jsr.test.JsrWebSocketServer07Test.testTextUsingWriter","io.undertow.websockets.jsr.test.JsrWebSocketServer07Test.testBinaryWithByteBuffer","io.undertow.websockets.jsr.test.JsrWebSocketServer07Test.testCloseFrameWithoutReasonBody","io.undertow.websockets.jsr.test.JsrWebSocketServer07Test.testText","io.undertow.websockets.jsr.test.JsrWebSocketServer07Test.testBinaryWithByteArray","io.undertow.websockets.jsr.test.JsrWebSocketServer07Test.testBinaryWithByteBufferByCompletion","io.undertow.websockets.jsr.test.JsrWebSocketServer07Test.testTextAsync","io.undertow.websockets.jsr.test.JsrWebSocketServer07Test.testBinaryWithByteBufferByFuture","io.undertow.websockets.jsr.test.JsrWebSocketServer07Test.testBinaryWithByteArrayUsingStream","io.undertow.websockets.jsr.test.JsrWebSocketServer07Test.testPingPong","io.undertow.websockets.jsr.test.JsrWebSocketServer07Test.testTextByCompletion","io.undertow.websockets.jsr.test.JsrWebSocketServer07Test.testErrorHandling","io.undertow.websockets.jsr.test.JsrWebSocketServer07Test.testCloseFrame","io.undertow.websockets.jsr.test.JsrWebSocketServer07Test.testTextByFuture","io.undertow.websockets.jsr.test.annotated.AnnotatedEndpointTest.testRedirectHandling","io.undertow.websockets.jsr.test.annotated.AnnotatedEndpointTest.testGenericMessageHandling","io.undertow.websockets.jsr.test.annotated.AnnotatedEndpointTest.testImplicitIntegerConversion","io.undertow.websockets.jsr.test.annotated.AnnotatedEndpointTest.testRequestUri","io.undertow.websockets.jsr.test.annotated.AnnotatedEndpointTest.testCloseReason","io.undertow.websockets.jsr.test.annotated.AnnotatedEndpointTest.testClientSideIdleTimeout","io.undertow.websockets.jsr.test.annotated.AnnotatedEndpointTest.testIdleTimeout","io.undertow.websockets.jsr.test.annotated.AnnotatedEndpointTest.testThreadSafeSend","io.undertow.websockets.jsr.test.annotated.AnnotatedEndpointTest.testTimeoutCloseReason","io.undertow.websockets.jsr.test.annotated.AnnotatedEndpointTest.testErrorHandling","io.undertow.websockets.jsr.test.annotated.AnnotatedEndpointTest.testAnnotatedClientEndpointWithConfigurator","io.undertow.websockets.jsr.test.annotated.AnnotatedEndpointTest.testWebSocketInRootContext","io.undertow.websockets.jsr.test.annotated.AnnotatedEndpointTest.testAnnotatedClientEndpoint","io.undertow.websockets.jsr.test.annotated.AnnotatedEndpointTest.testStringOnMessage","io.undertow.websockets.jsr.test.annotated.AnnotatedEndpointTest.testEncodingAndDecodingText","io.undertow.websockets.jsr.test.annotated.AnnotatedEndpointTest.testEncodingAndDecodingBinary","io.undertow.websockets.jsr.test.annotated.AnnotatedEndpointTest.testEncodingWithGenericSuperclass","io.undertow.websockets.jsr.test.JsrWebSocketServer08Test.testBinaryWithByteBufferAsync","io.undertow.websockets.jsr.test.JsrWebSocketServer08Test.testTextUsingWriter","io.undertow.websockets.jsr.test.JsrWebSocketServer08Test.testBinaryWithByteBuffer","io.undertow.websockets.jsr.test.JsrWebSocketServer08Test.testCloseFrameWithoutReasonBody","io.undertow.websockets.jsr.test.JsrWebSocketServer08Test.testText","io.undertow.websockets.jsr.test.JsrWebSocketServer08Test.testBinaryWithByteArray","io.undertow.websockets.jsr.test.JsrWebSocketServer08Test.testBinaryWithByteBufferByCompletion","io.undertow.websockets.jsr.test.JsrWebSocketServer08Test.testTextAsync","io.undertow.websockets.jsr.test.JsrWebSocketServer08Test.testBinaryWithByteBufferByFuture","io.undertow.websockets.jsr.test.JsrWebSocketServer08Test.testBinaryWithByteArrayUsingStream","io.undertow.websockets.jsr.test.JsrWebSocketServer08Test.testPingPong","io.undertow.websockets.jsr.test.JsrWebSocketServer08Test.testTextByCompletion"],"result":"PASS","testRunId":"1570169183815-41e1ed03-b9a1-4016-8107-c287b482b6e7"},"revealed":{"order":["io.undertow.websockets.jsr.test.ClassUtilsTest.testExtractHandlerType","io.undertow.websockets.jsr.test.ClassUtilsTest.testExtractEncoderType","io.undertow.websockets.jsr.test.annotated.AnnotatedEndpointTest.testTimeoutCloseReason","io.undertow.websockets.jsr.test.annotated.AnnotatedEndpointTest.testStringOnMessage","io.undertow.websockets.jsr.test.annotated.AnnotatedEndpointTest.testThreadSafeSend","io.undertow.websockets.jsr.test.annotated.AnnotatedEndpointTest.testEncodingAndDecodingBinary","io.undertow.websockets.jsr.test.annotated.AnnotatedEndpointTest.testAnnotatedClientEndpointWithConfigurator","io.undertow.websockets.jsr.test.annotated.AnnotatedEndpointTest.testImplicitIntegerConversion","io.undertow.websockets.jsr.test.annotated.AnnotatedEndpointTest.testGenericMessageHandling","io.undertow.websockets.jsr.test.annotated.AnnotatedEndpointTest.testEncodingWithGenericSuperclass","io.undertow.websockets.jsr.test.annotated.AnnotatedEndpointTest.testWebSocketInRootContext","io.undertow.websockets.jsr.test.annotated.AnnotatedEndpointTest.testClientSideIdleTimeout","io.undertow.websockets.jsr.test.annotated.AnnotatedEndpointTest.testRedirectHandling","io.undertow.websockets.jsr.test.annotated.AnnotatedEndpointTest.testAnnotatedClientEndpoint","io.undertow.websockets.jsr.test.annotated.AnnotatedEndpointTest.testCloseReason","io.undertow.websockets.jsr.test.annotated.AnnotatedEndpointTest.testRequestUri","io.undertow.websockets.jsr.test.annotated.AnnotatedEndpointTest.testIdleTimeout","io.undertow.websockets.jsr.test.annotated.AnnotatedEndpointTest.testErrorHandling","io.undertow.websockets.jsr.test.annotated.AnnotatedEndpointTest.testEncodingAndDecodingText","io.undertow.websockets.jsr.test.reconnect.ClientEndpointReconnectTestCase.testAnnotatedClientEndpoint","io.undertow.websockets.jsr.test.JsrWebSocketServer07Test.testTextAsync","io.undertow.websockets.jsr.test.JsrWebSocketServer07Test.testBinaryWithByteBufferByCompletion","io.undertow.websockets.jsr.test.JsrWebSocketServer07Test.testBinaryWithByteArray","io.undertow.websockets.jsr.test.JsrWebSocketServer07Test.testText","io.undertow.websockets.jsr.test.JsrWebSocketServer07Test.testTextByCompletion","io.undertow.websockets.jsr.test.JsrWebSocketServer07Test.testBinaryWithByteArrayUsingStream","io.undertow.websockets.jsr.test.JsrWebSocketServer07Test.testCloseFrameWithoutReasonBody","io.undertow.websockets.jsr.test.JsrWebSocketServer07Test.testTextUsingWriter","io.undertow.websockets.jsr.test.JsrWebSocketServer07Test.testBinaryWithByteBufferAsync","io.undertow.websockets.jsr.test.JsrWebSocketServer07Test.testBinaryWithByteBufferByFuture","io.undertow.websockets.jsr.test.JsrWebSocketServer07Test.testBinaryWithByteBuffer","io.undertow.websockets.jsr.test.JsrWebSocketServer07Test.testPingPong","io.undertow.websockets.jsr.test.JsrWebSocketServer07Test.testErrorHandling","io.undertow.websockets.jsr.test.JsrWebSocketServer07Test.testTextByFuture","io.undertow.websockets.jsr.test.JsrWebSocketServer07Test.testCloseFrame","io.undertow.websockets.jsr.test.JsrWebSocketServer08Test.testCloseFrame","io.undertow.websockets.jsr.test.JsrWebSocketServer08Test.testTextByCompletion","io.undertow.websockets.jsr.test.JsrWebSocketServer08Test.testBinaryWithByteBufferAsync","io.undertow.websockets.jsr.test.JsrWebSocketServer08Test.testBinaryWithByteArray","io.undertow.websockets.jsr.test.JsrWebSocketServer08Test.testTextByFuture","io.undertow.websockets.jsr.test.JsrWebSocketServer08Test.testBinaryWithByteBufferByCompletion","io.undertow.websockets.jsr.test.JsrWebSocketServer08Test.testBinaryWithByteArrayUsingStream","io.undertow.websockets.jsr.test.JsrWebSocketServer08Test.testCloseFrameWithoutReasonBody","io.undertow.websockets.jsr.test.JsrWebSocketServer08Test.testTextUsingWriter","io.undertow.websockets.jsr.test.JsrWebSocketServer08Test.testText","io.undertow.websockets.jsr.test.JsrWebSocketServer08Test.testBinaryWithByteBufferByFuture","io.undertow.websockets.jsr.test.JsrWebSocketServer08Test.testTextAsync","io.undertow.websockets.jsr.test.JsrWebSocketServer08Test.testBinaryWithByteBuffer","io.undertow.websockets.jsr.test.JsrWebSocketServer08Test.testPingPong"],"result":"FAILURE","testRunId":"1570171005833-b00e88b9-c1a4-46c5-82b6-8d41c0a92c99"}},{"name":"io.undertow.websockets.jsr.test.JsrWebSocketServer13Test.testErrorHandling","intended":{"order":["io.undertow.websockets.jsr.test.dynamicupgrade.DynamicEndpointTest.testDynamicAnnotatedEndpoint","io.undertow.websockets.jsr.test.dynamicupgrade.DynamicEndpointTest.testDynamicProgramaticEndpoint","io.undertow.websockets.jsr.test.stress.WebsocketStressTestCase.webSocketStringStressTestCase","io.undertow.websockets.jsr.test.stress.WebsocketStressTestCase.websocketFragmentationStressTestCase","io.undertow.websockets.jsr.test.BinaryEndpointTest.testBytesOnMessage","io.undertow.websockets.jsr.test.reconnect.ClientEndpointReconnectTestCase.testAnnotatedClientEndpoint","io.undertow.websockets.jsr.test.JsrWebSocketServer07Test.testBinaryWithByteBufferAsync","io.undertow.websockets.jsr.test.JsrWebSocketServer07Test.testTextUsingWriter","io.undertow.websockets.jsr.test.JsrWebSocketServer07Test.testBinaryWithByteBuffer","io.undertow.websockets.jsr.test.JsrWebSocketServer07Test.testCloseFrameWithoutReasonBody","io.undertow.websockets.jsr.test.JsrWebSocketServer07Test.testText","io.undertow.websockets.jsr.test.JsrWebSocketServer07Test.testBinaryWithByteArray","io.undertow.websockets.jsr.test.JsrWebSocketServer07Test.testBinaryWithByteBufferByCompletion","io.undertow.websockets.jsr.test.JsrWebSocketServer07Test.testTextAsync","io.undertow.websockets.jsr.test.JsrWebSocketServer07Test.testBinaryWithByteBufferByFuture","io.undertow.websockets.jsr.test.JsrWebSocketServer07Test.testBinaryWithByteArrayUsingStream","io.undertow.websockets.jsr.test.JsrWebSocketServer07Test.testPingPong","io.undertow.websockets.jsr.test.JsrWebSocketServer07Test.testTextByCompletion","io.undertow.websockets.jsr.test.JsrWebSocketServer07Test.testErrorHandling","io.undertow.websockets.jsr.test.JsrWebSocketServer07Test.testCloseFrame","io.undertow.websockets.jsr.test.JsrWebSocketServer07Test.testTextByFuture","io.undertow.websockets.jsr.test.annotated.AnnotatedEndpointTest.testRedirectHandling","io.undertow.websockets.jsr.test.annotated.AnnotatedEndpointTest.testGenericMessageHandling","io.undertow.websockets.jsr.test.annotated.AnnotatedEndpointTest.testImplicitIntegerConversion","io.undertow.websockets.jsr.test.annotated.AnnotatedEndpointTest.testRequestUri","io.undertow.websockets.jsr.test.annotated.AnnotatedEndpointTest.testCloseReason","io.undertow.websockets.jsr.test.annotated.AnnotatedEndpointTest.testClientSideIdleTimeout","io.undertow.websockets.jsr.test.annotated.AnnotatedEndpointTest.testIdleTimeout","io.undertow.websockets.jsr.test.annotated.AnnotatedEndpointTest.testThreadSafeSend","io.undertow.websockets.jsr.test.annotated.AnnotatedEndpointTest.testTimeoutCloseReason","io.undertow.websockets.jsr.test.annotated.AnnotatedEndpointTest.testErrorHandling","io.undertow.websockets.jsr.test.annotated.AnnotatedEndpointTest.testAnnotatedClientEndpointWithConfigurator","io.undertow.websockets.jsr.test.annotated.AnnotatedEndpointTest.testWebSocketInRootContext","io.undertow.websockets.jsr.test.annotated.AnnotatedEndpointTest.testAnnotatedClientEndpoint","io.undertow.websockets.jsr.test.annotated.AnnotatedEndpointTest.testStringOnMessage","io.undertow.websockets.jsr.test.annotated.AnnotatedEndpointTest.testEncodingAndDecodingText","io.undertow.websockets.jsr.test.annotated.AnnotatedEndpointTest.testEncodingAndDecodingBinary","io.undertow.websockets.jsr.test.annotated.AnnotatedEndpointTest.testEncodingWithGenericSuperclass","io.undertow.websockets.jsr.test.JsrWebSocketServer08Test.testBinaryWithByteBufferAsync","io.undertow.websockets.jsr.test.JsrWebSocketServer08Test.testTextUsingWriter","io.undertow.websockets.jsr.test.JsrWebSocketServer08Test.testBinaryWithByteBuffer","io.undertow.websockets.jsr.test.JsrWebSocketServer08Test.testCloseFrameWithoutReasonBody","io.undertow.websockets.jsr.test.JsrWebSocketServer08Test.testText","io.undertow.websockets.jsr.test.JsrWebSocketServer08Test.testBinaryWithByteArray","io.undertow.websockets.jsr.test.JsrWebSocketServer08Test.testBinaryWithByteBufferByCompletion","io.undertow.websockets.jsr.test.JsrWebSocketServer08Test.testTextAsync","io.undertow.websockets.jsr.test.JsrWebSocketServer08Test.testBinaryWithByteBufferByFuture","io.undertow.websockets.jsr.test.JsrWebSocketServer08Test.testBinaryWithByteArrayUsingStream","io.undertow.websockets.jsr.test.JsrWebSocketServer08Test.testPingPong","io.undertow.websockets.jsr.test.JsrWebSocketServer08Test.testTextByCompletion","io.undertow.websockets.jsr.test.JsrWebSocketServer08Test.testErrorHandling","io.undertow.websockets.jsr.test.JsrWebSocketServer08Test.testCloseFrame","io.undertow.websockets.jsr.test.JsrWebSocketServer08Test.testTextByFuture","io.undertow.websockets.jsr.test.security.WebsocketBasicAuthTestCase.testWrappedRequest","io.undertow.websockets.jsr.test.security.WebsocketBasicAuthTestCase.testAuthenticatedWebsocket","io.undertow.websockets.jsr.test.ClassUtilsTest.testExtractHandlerType","io.undertow.websockets.jsr.test.ClassUtilsTest.testExtractEncoderType","io.undertow.websockets.jsr.test.TestMessagesReceivedInOrder.testMessagesReceivedInOrder","io.undertow.websockets.jsr.test.JsrWebSocketServer13Test.testBinaryWithByteBufferAsync","io.undertow.websockets.jsr.test.JsrWebSocketServer13Test.testTextUsingWriter","io.undertow.websockets.jsr.test.JsrWebSocketServer13Test.testBinaryWithByteBuffer","io.undertow.websockets.jsr.test.JsrWebSocketServer13Test.testCloseFrameWithoutReasonBody","io.undertow.websockets.jsr.test.JsrWebSocketServer13Test.testText","io.undertow.websockets.jsr.test.JsrWebSocketServer13Test.testBinaryWithByteArray","io.undertow.websockets.jsr.test.JsrWebSocketServer13Test.testBinaryWithByteBufferByCompletion","io.undertow.websockets.jsr.test.JsrWebSocketServer13Test.testTextAsync","io.undertow.websockets.jsr.test.JsrWebSocketServer13Test.testBinaryWithByteBufferByFuture","io.undertow.websockets.jsr.test.JsrWebSocketServer13Test.testBinaryWithByteArrayUsingStream","io.undertow.websockets.jsr.test.JsrWebSocketServer13Test.testPingPong","io.undertow.websockets.jsr.test.JsrWebSocketServer13Test.testTextByCompletion"],"result":"PASS","testRunId":"1570169183815-41e1ed03-b9a1-4016-8107-c287b482b6e7"},"revealed":{"order":["io.undertow.websockets.jsr.test.ClassUtilsTest.testExtractHandlerType","io.undertow.websockets.jsr.test.ClassUtilsTest.testExtractEncoderType","io.undertow.websockets.jsr.test.annotated.AnnotatedEndpointTest.testTimeoutCloseReason","io.undertow.websockets.jsr.test.annotated.AnnotatedEndpointTest.testStringOnMessage","io.undertow.websockets.jsr.test.annotated.AnnotatedEndpointTest.testThreadSafeSend","io.undertow.websockets.jsr.test.annotated.AnnotatedEndpointTest.testEncodingAndDecodingBinary","io.undertow.websockets.jsr.test.annotated.AnnotatedEndpointTest.testAnnotatedClientEndpointWithConfigurator","io.undertow.websockets.jsr.test.annotated.AnnotatedEndpointTest.testImplicitIntegerConversion","io.undertow.websockets.jsr.test.annotated.AnnotatedEndpointTest.testGenericMessageHandling","io.undertow.websockets.jsr.test.annotated.AnnotatedEndpointTest.testEncodingWithGenericSuperclass","io.undertow.websockets.jsr.test.annotated.AnnotatedEndpointTest.testWebSocketInRootContext","io.undertow.websockets.jsr.test.annotated.AnnotatedEndpointTest.testClientSideIdleTimeout","io.undertow.websockets.jsr.test.annotated.AnnotatedEndpointTest.testRedirectHandling","io.undertow.websockets.jsr.test.annotated.AnnotatedEndpointTest.testAnnotatedClientEndpoint","io.undertow.websockets.jsr.test.annotated.AnnotatedEndpointTest.testCloseReason","io.undertow.websockets.jsr.test.annotated.AnnotatedEndpointTest.testRequestUri","io.undertow.websockets.jsr.test.annotated.AnnotatedEndpointTest.testIdleTimeout","io.undertow.websockets.jsr.test.annotated.AnnotatedEndpointTest.testErrorHandling","io.undertow.websockets.jsr.test.annotated.AnnotatedEndpointTest.testEncodingAndDecodingText","io.undertow.websockets.jsr.test.reconnect.ClientEndpointReconnectTestCase.testAnnotatedClientEndpoint","io.undertow.websockets.jsr.test.JsrWebSocketServer07Test.testTextAsync","io.undertow.websockets.jsr.test.JsrWebSocketServer07Test.testBinaryWithByteBufferByCompletion","io.undertow.websockets.jsr.test.JsrWebSocketServer07Test.testBinaryWithByteArray","io.undertow.websockets.jsr.test.JsrWebSocketServer07Test.testText","io.undertow.websockets.jsr.test.JsrWebSocketServer07Test.testTextByCompletion","io.undertow.websockets.jsr.test.JsrWebSocketServer07Test.testBinaryWithByteArrayUsingStream","io.undertow.websockets.jsr.test.JsrWebSocketServer07Test.testCloseFrameWithoutReasonBody","io.undertow.websockets.jsr.test.JsrWebSocketServer07Test.testTextUsingWriter","io.undertow.websockets.jsr.test.JsrWebSocketServer07Test.testBinaryWithByteBufferAsync","io.undertow.websockets.jsr.test.JsrWebSocketServer07Test.testBinaryWithByteBufferByFuture","io.undertow.websockets.jsr.test.JsrWebSocketServer07Test.testBinaryWithByteBuffer","io.undertow.websockets.jsr.test.JsrWebSocketServer07Test.testPingPong","io.undertow.websockets.jsr.test.JsrWebSocketServer07Test.testErrorHandling","io.undertow.websockets.jsr.test.JsrWebSocketServer07Test.testTextByFuture","io.undertow.websockets.jsr.test.JsrWebSocketServer07Test.testCloseFrame","io.undertow.websockets.jsr.test.JsrWebSocketServer08Test.testCloseFrame","io.undertow.websockets.jsr.test.JsrWebSocketServer08Test.testTextByCompletion","io.undertow.websockets.jsr.test.JsrWebSocketServer08Test.testBinaryWithByteBufferAsync","io.undertow.websockets.jsr.test.JsrWebSocketServer08Test.testBinaryWithByteArray","io.undertow.websockets.jsr.test.JsrWebSocketServer08Test.testTextByFuture","io.undertow.websockets.jsr.test.JsrWebSocketServer08Test.testBinaryWithByteBufferByCompletion","io.undertow.websockets.jsr.test.JsrWebSocketServer08Test.testBinaryWithByteArrayUsingStream","io.undertow.websockets.jsr.test.JsrWebSocketServer08Test.testCloseFrameWithoutReasonBody","io.undertow.websockets.jsr.test.JsrWebSocketServer08Test.testTextUsingWriter","io.undertow.websockets.jsr.test.JsrWebSocketServer08Test.testText","io.undertow.websockets.jsr.test.JsrWebSocketServer08Test.testBinaryWithByteBufferByFuture","io.undertow.websockets.jsr.test.JsrWebSocketServer08Test.testTextAsync","io.undertow.websockets.jsr.test.JsrWebSocketServer08Test.testBinaryWithByteBuffer","io.undertow.websockets.jsr.test.JsrWebSocketServer08Test.testPingPong","io.undertow.websockets.jsr.test.JsrWebSocketServer08Test.testErrorHandling","io.undertow.websockets.jsr.test.extension.JsrWebsocketExtensionTestCase.testExtensionsHeaders","io.undertow.websockets.jsr.test.extension.JsrWebsocketExtensionTestCase.testLongTextMessage","io.undertow.websockets.jsr.test.stress.WebsocketStressTestCase.webSocketStringStressTestCase","io.undertow.websockets.jsr.test.stress.WebsocketStressTestCase.websocketFragmentationStressTestCase","io.undertow.websockets.jsr.test.JsrWebSocketServer13Test.testBinaryWithByteBufferByCompletion","io.undertow.websockets.jsr.test.JsrWebSocketServer13Test.testBinaryWithByteArrayUsingStream","io.undertow.websockets.jsr.test.JsrWebSocketServer13Test.testBinaryWithByteArray","io.undertow.websockets.jsr.test.JsrWebSocketServer13Test.testPingPong","io.undertow.websockets.jsr.test.JsrWebSocketServer13Test.testBinaryWithByteBufferByFuture","io.undertow.websockets.jsr.test.JsrWebSocketServer13Test.testTextAsync"],"result":"FAILURE","testRunId":"1570171005833-b00e88b9-c1a4-46c5-82b6-8d41c0a92c99"}}]},"filteredTests":{"dts":[]},"roundTime":87.252203294}