{"testRunIds":["1570169209257-da015801-7bbc-4bfd-a3f1-7420aa8db6ff"],"unfilteredTests":{"dts":[{"name":"io.undertow.websockets.jsr.test.annotated.AnnotatedEndpointTest.testCloseReason","intended":{"order":["io.undertow.websockets.jsr.test.dynamicupgrade.DynamicEndpointTest.testDynamicAnnotatedEndpoint","io.undertow.websockets.jsr.test.dynamicupgrade.DynamicEndpointTest.testDynamicProgramaticEndpoint","io.undertow.websockets.jsr.test.stress.WebsocketStressTestCase.webSocketStringStressTestCase","io.undertow.websockets.jsr.test.stress.WebsocketStressTestCase.websocketFragmentationStressTestCase","io.undertow.websockets.jsr.test.BinaryEndpointTest.testBytesOnMessage","io.undertow.websockets.jsr.test.reconnect.ClientEndpointReconnectTestCase.testAnnotatedClientEndpoint","io.undertow.websockets.jsr.test.JsrWebSocketServer07Test.testBinaryWithByteBufferAsync","io.undertow.websockets.jsr.test.JsrWebSocketServer07Test.testTextUsingWriter","io.undertow.websockets.jsr.test.JsrWebSocketServer07Test.testBinaryWithByteBuffer","io.undertow.websockets.jsr.test.JsrWebSocketServer07Test.testCloseFrameWithoutReasonBody","io.undertow.websockets.jsr.test.JsrWebSocketServer07Test.testText","io.undertow.websockets.jsr.test.JsrWebSocketServer07Test.testBinaryWithByteArray","io.undertow.websockets.jsr.test.JsrWebSocketServer07Test.testBinaryWithByteBufferByCompletion","io.undertow.websockets.jsr.test.JsrWebSocketServer07Test.testTextAsync","io.undertow.websockets.jsr.test.JsrWebSocketServer07Test.testBinaryWithByteBufferByFuture","io.undertow.websockets.jsr.test.JsrWebSocketServer07Test.testBinaryWithByteArrayUsingStream","io.undertow.websockets.jsr.test.JsrWebSocketServer07Test.testPingPong","io.undertow.websockets.jsr.test.JsrWebSocketServer07Test.testTextByCompletion","io.undertow.websockets.jsr.test.JsrWebSocketServer07Test.testErrorHandling","io.undertow.websockets.jsr.test.JsrWebSocketServer07Test.testCloseFrame","io.undertow.websockets.jsr.test.JsrWebSocketServer07Test.testTextByFuture","io.undertow.websockets.jsr.test.annotated.AnnotatedEndpointTest.testRedirectHandling","io.undertow.websockets.jsr.test.annotated.AnnotatedEndpointTest.testGenericMessageHandling","io.undertow.websockets.jsr.test.annotated.AnnotatedEndpointTest.testImplicitIntegerConversion","io.undertow.websockets.jsr.test.annotated.AnnotatedEndpointTest.testRequestUri"],"result":"PASS","testRunId":"1570169183815-41e1ed03-b9a1-4016-8107-c287b482b6e7"},"revealed":{"order":["io.undertow.websockets.jsr.test.ProgramaticLazyEndpointTest.testStringOnMessage","io.undertow.websockets.jsr.test.reconnect.ClientEndpointReconnectTestCase.testAnnotatedClientEndpoint","io.undertow.websockets.jsr.test.JsrWebSocketServer13Test.testBinaryWithByteBufferByFuture","io.undertow.websockets.jsr.test.JsrWebSocketServer13Test.testErrorHandling","io.undertow.websockets.jsr.test.JsrWebSocketServer13Test.testBinaryWithByteBufferAsync","io.undertow.websockets.jsr.test.JsrWebSocketServer13Test.testTextByFuture","io.undertow.websockets.jsr.test.JsrWebSocketServer13Test.testPingPong","io.undertow.websockets.jsr.test.JsrWebSocketServer13Test.testBinaryWithByteBufferByCompletion","io.undertow.websockets.jsr.test.JsrWebSocketServer13Test.testCloseFrame","io.undertow.websockets.jsr.test.JsrWebSocketServer13Test.testTextAsync","io.undertow.websockets.jsr.test.JsrWebSocketServer13Test.testBinaryWithByteArray","io.undertow.websockets.jsr.test.JsrWebSocketServer13Test.testBinaryWithByteBuffer","io.undertow.websockets.jsr.test.JsrWebSocketServer13Test.testTextUsingWriter","io.undertow.websockets.jsr.test.JsrWebSocketServer13Test.testTextByCompletion","io.undertow.websockets.jsr.test.JsrWebSocketServer13Test.testBinaryWithByteArrayUsingStream","io.undertow.websockets.jsr.test.JsrWebSocketServer13Test.testText","io.undertow.websockets.jsr.test.JsrWebSocketServer13Test.testCloseFrameWithoutReasonBody","io.undertow.websockets.jsr.test.stress.WebsocketStressTestCase.webSocketStringStressTestCase","io.undertow.websockets.jsr.test.stress.WebsocketStressTestCase.websocketFragmentationStressTestCase","io.undertow.websockets.jsr.test.JsrWebSocketServer08Test.testTextByFuture","io.undertow.websockets.jsr.test.JsrWebSocketServer08Test.testPingPong","io.undertow.websockets.jsr.test.JsrWebSocketServer08Test.testTextByCompletion","io.undertow.websockets.jsr.test.JsrWebSocketServer08Test.testBinaryWithByteArray","io.undertow.websockets.jsr.test.JsrWebSocketServer08Test.testBinaryWithByteBufferByCompletion","io.undertow.websockets.jsr.test.JsrWebSocketServer08Test.testBinaryWithByteBuffer","io.undertow.websockets.jsr.test.JsrWebSocketServer08Test.testText","io.undertow.websockets.jsr.test.JsrWebSocketServer08Test.testBinaryWithByteBufferByFuture","io.undertow.websockets.jsr.test.JsrWebSocketServer08Test.testCloseFrame","io.undertow.websockets.jsr.test.JsrWebSocketServer08Test.testTextUsingWriter","io.undertow.websockets.jsr.test.JsrWebSocketServer08Test.testCloseFrameWithoutReasonBody","io.undertow.websockets.jsr.test.JsrWebSocketServer08Test.testErrorHandling","io.undertow.websockets.jsr.test.JsrWebSocketServer08Test.testTextAsync","io.undertow.websockets.jsr.test.JsrWebSocketServer08Test.testBinaryWithByteArrayUsingStream","io.undertow.websockets.jsr.test.JsrWebSocketServer08Test.testBinaryWithByteBufferAsync","io.undertow.websockets.jsr.test.security.WebsocketBasicAuthTestCase.testWrappedRequest","io.undertow.websockets.jsr.test.security.WebsocketBasicAuthTestCase.testAuthenticatedWebsocket","io.undertow.websockets.jsr.test.dynamicupgrade.DynamicEndpointTest.testDynamicAnnotatedEndpoint","io.undertow.websockets.jsr.test.dynamicupgrade.DynamicEndpointTest.testDynamicProgramaticEndpoint","io.undertow.websockets.jsr.test.TestMessagesReceivedInOrder.testMessagesReceivedInOrder","io.undertow.websockets.jsr.test.extension.JsrWebsocketExtensionTestCase.testExtensionsHeaders","io.undertow.websockets.jsr.test.extension.JsrWebsocketExtensionTestCase.testLongTextMessage","io.undertow.websockets.jsr.test.ClassUtilsTest.testExtractEncoderType","io.undertow.websockets.jsr.test.ClassUtilsTest.testExtractHandlerType","io.undertow.websockets.jsr.test.BinaryEndpointTest.testBytesOnMessage","io.undertow.websockets.jsr.test.JsrWebSocketServer07Test.testTextUsingWriter","io.undertow.websockets.jsr.test.JsrWebSocketServer07Test.testBinaryWithByteBufferByFuture","io.undertow.websockets.jsr.test.JsrWebSocketServer07Test.testTextAsync","io.undertow.websockets.jsr.test.JsrWebSocketServer07Test.testText","io.undertow.websockets.jsr.test.JsrWebSocketServer07Test.testBinaryWithByteBufferAsync","io.undertow.websockets.jsr.test.JsrWebSocketServer07Test.testBinaryWithByteArray","io.undertow.websockets.jsr.test.JsrWebSocketServer07Test.testTextByFuture","io.undertow.websockets.jsr.test.JsrWebSocketServer07Test.testBinaryWithByteBufferByCompletion","io.undertow.websockets.jsr.test.JsrWebSocketServer07Test.testTextByCompletion","io.undertow.websockets.jsr.test.JsrWebSocketServer07Test.testBinaryWithByteBuffer","io.undertow.websockets.jsr.test.JsrWebSocketServer07Test.testBinaryWithByteArrayUsingStream","io.undertow.websockets.jsr.test.JsrWebSocketServer07Test.testPingPong","io.undertow.websockets.jsr.test.JsrWebSocketServer07Test.testErrorHandling","io.undertow.websockets.jsr.test.JsrWebSocketServer07Test.testCloseFrame","io.undertow.websockets.jsr.test.JsrWebSocketServer07Test.testCloseFrameWithoutReasonBody","io.undertow.websockets.jsr.test.suspendresume.SuspendResumeTestCase.testRejectWhenSuspended","io.undertow.websockets.jsr.test.suspendresume.SuspendResumeTestCase.testConnectionWaitsForMessageEnd","io.undertow.websockets.jsr.test.suspendresume.SuspendResumeTestCase.testConnectionClosedOnPause","io.undertow.websockets.jsr.test.annotated.AnnotatedEndpointTest.testErrorHandling"],"result":"FAILURE","testRunId":"1570169209257-da015801-7bbc-4bfd-a3f1-7420aa8db6ff"}}]},"filteredTests":{"dts":[{"name":"io.undertow.websockets.jsr.test.annotated.AnnotatedEndpointTest.testCloseReason","intended":{"order":["io.undertow.websockets.jsr.test.dynamicupgrade.DynamicEndpointTest.testDynamicAnnotatedEndpoint","io.undertow.websockets.jsr.test.dynamicupgrade.DynamicEndpointTest.testDynamicProgramaticEndpoint","io.undertow.websockets.jsr.test.stress.WebsocketStressTestCase.webSocketStringStressTestCase","io.undertow.websockets.jsr.test.stress.WebsocketStressTestCase.websocketFragmentationStressTestCase","io.undertow.websockets.jsr.test.BinaryEndpointTest.testBytesOnMessage","io.undertow.websockets.jsr.test.reconnect.ClientEndpointReconnectTestCase.testAnnotatedClientEndpoint","io.undertow.websockets.jsr.test.JsrWebSocketServer07Test.testBinaryWithByteBufferAsync","io.undertow.websockets.jsr.test.JsrWebSocketServer07Test.testTextUsingWriter","io.undertow.websockets.jsr.test.JsrWebSocketServer07Test.testBinaryWithByteBuffer","io.undertow.websockets.jsr.test.JsrWebSocketServer07Test.testCloseFrameWithoutReasonBody","io.undertow.websockets.jsr.test.JsrWebSocketServer07Test.testText","io.undertow.websockets.jsr.test.JsrWebSocketServer07Test.testBinaryWithByteArray","io.undertow.websockets.jsr.test.JsrWebSocketServer07Test.testBinaryWithByteBufferByCompletion","io.undertow.websockets.jsr.test.JsrWebSocketServer07Test.testTextAsync","io.undertow.websockets.jsr.test.JsrWebSocketServer07Test.testBinaryWithByteBufferByFuture","io.undertow.websockets.jsr.test.JsrWebSocketServer07Test.testBinaryWithByteArrayUsingStream","io.undertow.websockets.jsr.test.JsrWebSocketServer07Test.testPingPong","io.undertow.websockets.jsr.test.JsrWebSocketServer07Test.testTextByCompletion","io.undertow.websockets.jsr.test.JsrWebSocketServer07Test.testErrorHandling","io.undertow.websockets.jsr.test.JsrWebSocketServer07Test.testCloseFrame","io.undertow.websockets.jsr.test.JsrWebSocketServer07Test.testTextByFuture","io.undertow.websockets.jsr.test.annotated.AnnotatedEndpointTest.testRedirectHandling","io.undertow.websockets.jsr.test.annotated.AnnotatedEndpointTest.testGenericMessageHandling","io.undertow.websockets.jsr.test.annotated.AnnotatedEndpointTest.testImplicitIntegerConversion","io.undertow.websockets.jsr.test.annotated.AnnotatedEndpointTest.testRequestUri"],"result":"PASS","testRunId":"1570169183815-41e1ed03-b9a1-4016-8107-c287b482b6e7"},"revealed":{"order":["io.undertow.websockets.jsr.test.ProgramaticLazyEndpointTest.testStringOnMessage","io.undertow.websockets.jsr.test.reconnect.ClientEndpointReconnectTestCase.testAnnotatedClientEndpoint","io.undertow.websockets.jsr.test.JsrWebSocketServer13Test.testBinaryWithByteBufferByFuture","io.undertow.websockets.jsr.test.JsrWebSocketServer13Test.testErrorHandling","io.undertow.websockets.jsr.test.JsrWebSocketServer13Test.testBinaryWithByteBufferAsync","io.undertow.websockets.jsr.test.JsrWebSocketServer13Test.testTextByFuture","io.undertow.websockets.jsr.test.JsrWebSocketServer13Test.testPingPong","io.undertow.websockets.jsr.test.JsrWebSocketServer13Test.testBinaryWithByteBufferByCompletion","io.undertow.websockets.jsr.test.JsrWebSocketServer13Test.testCloseFrame","io.undertow.websockets.jsr.test.JsrWebSocketServer13Test.testTextAsync","io.undertow.websockets.jsr.test.JsrWebSocketServer13Test.testBinaryWithByteArray","io.undertow.websockets.jsr.test.JsrWebSocketServer13Test.testBinaryWithByteBuffer","io.undertow.websockets.jsr.test.JsrWebSocketServer13Test.testTextUsingWriter","io.undertow.websockets.jsr.test.JsrWebSocketServer13Test.testTextByCompletion","io.undertow.websockets.jsr.test.JsrWebSocketServer13Test.testBinaryWithByteArrayUsingStream","io.undertow.websockets.jsr.test.JsrWebSocketServer13Test.testText","io.undertow.websockets.jsr.test.JsrWebSocketServer13Test.testCloseFrameWithoutReasonBody","io.undertow.websockets.jsr.test.stress.WebsocketStressTestCase.webSocketStringStressTestCase","io.undertow.websockets.jsr.test.stress.WebsocketStressTestCase.websocketFragmentationStressTestCase","io.undertow.websockets.jsr.test.JsrWebSocketServer08Test.testTextByFuture","io.undertow.websockets.jsr.test.JsrWebSocketServer08Test.testPingPong","io.undertow.websockets.jsr.test.JsrWebSocketServer08Test.testTextByCompletion","io.undertow.websockets.jsr.test.JsrWebSocketServer08Test.testBinaryWithByteArray","io.undertow.websockets.jsr.test.JsrWebSocketServer08Test.testBinaryWithByteBufferByCompletion","io.undertow.websockets.jsr.test.JsrWebSocketServer08Test.testBinaryWithByteBuffer","io.undertow.websockets.jsr.test.JsrWebSocketServer08Test.testText","io.undertow.websockets.jsr.test.JsrWebSocketServer08Test.testBinaryWithByteBufferByFuture","io.undertow.websockets.jsr.test.JsrWebSocketServer08Test.testCloseFrame","io.undertow.websockets.jsr.test.JsrWebSocketServer08Test.testTextUsingWriter","io.undertow.websockets.jsr.test.JsrWebSocketServer08Test.testCloseFrameWithoutReasonBody","io.undertow.websockets.jsr.test.JsrWebSocketServer08Test.testErrorHandling","io.undertow.websockets.jsr.test.JsrWebSocketServer08Test.testTextAsync","io.undertow.websockets.jsr.test.JsrWebSocketServer08Test.testBinaryWithByteArrayUsingStream","io.undertow.websockets.jsr.test.JsrWebSocketServer08Test.testBinaryWithByteBufferAsync","io.undertow.websockets.jsr.test.security.WebsocketBasicAuthTestCase.testWrappedRequest","io.undertow.websockets.jsr.test.security.WebsocketBasicAuthTestCase.testAuthenticatedWebsocket","io.undertow.websockets.jsr.test.dynamicupgrade.DynamicEndpointTest.testDynamicAnnotatedEndpoint","io.undertow.websockets.jsr.test.dynamicupgrade.DynamicEndpointTest.testDynamicProgramaticEndpoint","io.undertow.websockets.jsr.test.TestMessagesReceivedInOrder.testMessagesReceivedInOrder","io.undertow.websockets.jsr.test.extension.JsrWebsocketExtensionTestCase.testExtensionsHeaders","io.undertow.websockets.jsr.test.extension.JsrWebsocketExtensionTestCase.testLongTextMessage","io.undertow.websockets.jsr.test.ClassUtilsTest.testExtractEncoderType","io.undertow.websockets.jsr.test.ClassUtilsTest.testExtractHandlerType","io.undertow.websockets.jsr.test.BinaryEndpointTest.testBytesOnMessage","io.undertow.websockets.jsr.test.JsrWebSocketServer07Test.testTextUsingWriter","io.undertow.websockets.jsr.test.JsrWebSocketServer07Test.testBinaryWithByteBufferByFuture","io.undertow.websockets.jsr.test.JsrWebSocketServer07Test.testTextAsync","io.undertow.websockets.jsr.test.JsrWebSocketServer07Test.testText","io.undertow.websockets.jsr.test.JsrWebSocketServer07Test.testBinaryWithByteBufferAsync","io.undertow.websockets.jsr.test.JsrWebSocketServer07Test.testBinaryWithByteArray","io.undertow.websockets.jsr.test.JsrWebSocketServer07Test.testTextByFuture","io.undertow.websockets.jsr.test.JsrWebSocketServer07Test.testBinaryWithByteBufferByCompletion","io.undertow.websockets.jsr.test.JsrWebSocketServer07Test.testTextByCompletion","io.undertow.websockets.jsr.test.JsrWebSocketServer07Test.testBinaryWithByteBuffer","io.undertow.websockets.jsr.test.JsrWebSocketServer07Test.testBinaryWithByteArrayUsingStream","io.undertow.websockets.jsr.test.JsrWebSocketServer07Test.testPingPong","io.undertow.websockets.jsr.test.JsrWebSocketServer07Test.testErrorHandling","io.undertow.websockets.jsr.test.JsrWebSocketServer07Test.testCloseFrame","io.undertow.websockets.jsr.test.JsrWebSocketServer07Test.testCloseFrameWithoutReasonBody","io.undertow.websockets.jsr.test.suspendresume.SuspendResumeTestCase.testRejectWhenSuspended","io.undertow.websockets.jsr.test.suspendresume.SuspendResumeTestCase.testConnectionWaitsForMessageEnd","io.undertow.websockets.jsr.test.suspendresume.SuspendResumeTestCase.testConnectionClosedOnPause","io.undertow.websockets.jsr.test.annotated.AnnotatedEndpointTest.testErrorHandling"],"result":"FAILURE","testRunId":"1570169209257-da015801-7bbc-4bfd-a3f1-7420aa8db6ff"}}]},"roundTime":57.867459243}