{"testRunIds":["1573116251580-783eb2b2-3cc2-4049-97a2-d460ba13c2f0"],"unfilteredTests":{"dts":[{"name":"com.alibaba.json.bvt.support.jaxrs.mock.testcase.FastJsonProviderTest.test1","intended":{"order":["com.alibaba.json.bvt.support.jaxrs.mock.testcase.FastJsonProviderTest.test0"],"result":"PASS","testRunId":"1573071546558-7ff6a118-5ea1-42fa-b815-ef8ad33cee6e"},"revealed":{"order":["com.alibaba.json.bvt.Bug89.testBug89","com.alibaba.json.bvtVO.ArgCheckTest.testJSON","com.derbysoft.spitfire.fastjson.TestFastJson.testSerializePerformance","com.alibaba.json.bvt.support.spring.mock.testcase.FastJsonJsonViewTest.test2","com.alibaba.json.bvt.support.spring.mock.testcase.FastJsonJsonViewTest.test1","com.alibaba.json.bvt.issue_1300.Issue1392.test","com.alibaba.json.bvt.support.spring.mock.testcase.FastJsonHttpMessageConverter4Test.test5","com.alibaba.json.bvt.support.spring.mock.testcase.FastJsonHttpMessageConverter4Test.test4","com.alibaba.json.bvt.support.spring.mock.testcase.FastJsonHttpMessageConverter4Test.test2","com.alibaba.json.bvt.support.spring.mock.testcase.FastJsonHttpMessageConverter4Test.test3","com.alibaba.json.bvt.support.spring.mock.testcase.FastJsonHttpMessageConverter4Test.test1","com.alibaba.fastjson.deserializer.TestISO8601Date.testBug1884","com.alibaba.fastjson.deserializer.TestISO8601Date.testBug376","com.alibaba.json.bvt.bug.JSONTest.testInnerEntry","com.alibaba.json.bvt.bug.JSONTest.testParseArray","com.alibaba.json.bvt.support.spring.mock.testcase.FastJsonpHttpMessageConverter4Case3Test.checkDefaultJSONPQueryParamNames","com.alibaba.json.bvt.support.spring.mock.testcase.FastJsonpHttpMessageConverter4Case3Test.test5_2","com.alibaba.json.bvt.support.spring.mock.testcase.FastJsonpHttpMessageConverter4Case3Test.test5","com.alibaba.json.bvt.support.spring.mock.testcase.FastJsonpHttpMessageConverter4Case3Test.test1","com.alibaba.json.bvt.support.spring.mock.testcase.FastJsonpHttpMessageConverter4Case3Test.test2","com.alibaba.json.bvt.support.spring.mock.testcase.FastJsonpHttpMessageConverter4Case3Test.test3_2","com.alibaba.json.bvt.support.spring.mock.testcase.FastJsonpHttpMessageConverter4Case3Test.isInjectComponent","com.alibaba.json.bvt.support.spring.mock.testcase.FastJsonpHttpMessageConverter4Case3Test.test4_2","com.alibaba.json.bvt.support.spring.mock.testcase.FastJsonpHttpMessageConverter4Case3Test.test3","com.alibaba.json.bvt.support.spring.mock.testcase.FastJsonpHttpMessageConverter4Case3Test.test2_2","com.alibaba.json.bvt.support.spring.mock.testcase.FastJsonpHttpMessageConverter4Case3Test.test4","com.alibaba.json.bvt.support.spring.mock.testcase.FastJsonpHttpMessageConverter4Case3Test.test1_2","com.alibaba.fastjson.deserializer.issues569.TestIssues569.testFixBug569","com.alibaba.fastjson.deserializer.issues569.TestIssues569.testBug569","com.alibaba.json.bvt.parser.deser.FieldSerializerTest4.testPattern","com.alibaba.json.bvt.issue_1700.issue1763_2.TestIssue1763_2.testFixBug1763_2","com.alibaba.json.bvt.issue_1700.issue1763_2.TestIssue1763_2.testBug1763_2","com.alibaba.json.bvt.issue_1400.Issue1405.test7","com.alibaba.fastjson.deserializer.issue2638.TestIssue2638.testBug2638","com.alibaba.json.bvt.support.spring.FastJsonRedisSerializerTest.test_6","com.alibaba.json.bvt.support.spring.FastJsonRedisSerializerTest.test_3","com.alibaba.json.bvt.support.spring.FastJsonRedisSerializerTest.test_4","com.alibaba.json.bvt.support.spring.FastJsonRedisSerializerTest.test_2","com.alibaba.json.bvt.support.spring.FastJsonRedisSerializerTest.test_1","com.alibaba.json.bvt.support.spring.FastJsonRedisSerializerTest.test_5","com.alibaba.json.bvt.issue_1300.Issue1367_jaxrs.testTypeVariableBean","com.alibaba.json.bvt.issue_1300.Issue1367_jaxrs.testParameterizedTypeBean","com.alibaba.fastjson.JSONPathTest.eq2","com.alibaba.fastjson.JSONPathTest.isEOF2","com.alibaba.fastjson.JSONPathTest.isEOF1","com.alibaba.fastjson.JSONPathTest.isDigitFirst1","com.alibaba.fastjson.JSONPathTest.isDigitFirst2","com.alibaba.fastjson.JSONPathTest.isDigitFirst3","com.alibaba.fastjson.JSONPathTest.eq1","com.alibaba.json.bvt.support.spring.GenericFastJsonRedisSerializerTest.test_4","com.alibaba.json.bvt.support.spring.GenericFastJsonRedisSerializerTest.test_3","com.alibaba.json.bvt.support.spring.GenericFastJsonRedisSerializerTest.test_2","com.alibaba.json.bvt.support.spring.GenericFastJsonRedisSerializerTest.test_5","com.alibaba.json.bvt.support.spring.GenericFastJsonRedisSerializerTest.test_6","com.alibaba.json.bvt.support.spring.GenericFastJsonRedisSerializerTest.test_1","com.alibaba.fastjson.support.jaxrs.TestIssue885.testWriteToWithPretty","com.alibaba.fastjson.support.jaxrs.TestIssue885.testReadFrom","com.alibaba.fastjson.support.jaxrs.TestIssue885.testWriteTo","com.alibaba.json.bvt.support.spring.FastJsonJsonViewTest.test_jsonp","com.alibaba.json.bvt.support.spring.FastJsonJsonViewTest.test_jsonp_invalidParam","com.alibaba.json.test.generic.GenericTypeTest.testEmbeddedGenericType","com.alibaba.json.bvt.serializer.enum_.EnumTest3.testDefault1","com.alibaba.json.bvt.serializer.enum_.EnumTest3.testDefault2","com.alibaba.json.bvt.serializer.enum_.EnumTest3.testDefault","com.alibaba.json.bvt.serializer.enum_.EnumTest3.testWriterSerializerFeature","com.alibaba.json.bvt.serializer.enum_.EnumTest3.testName","com.alibaba.fastjson.deserializer.IgnoreTypeDeserializer.parseObjectWithExistType","com.alibaba.fastjson.deserializer.IgnoreTypeDeserializer.parseObjectWithNotExistType","com.alibaba.fastjson.deserializer.IgnoreTypeDeserializer.parseWithExistType","com.alibaba.fastjson.deserializer.IgnoreTypeDeserializer.parseWithNotExistType","com.alibaba.fastjson.deserializer.IgnoreTypeDeserializer.parseObjectWithNotExistTypeThrowException","com.alibaba.json.bvt.support.jaxrs.mock.testcase.FastJsonProviderTest.test0","com.alibaba.json.bvt.support.jaxrs.mock.testcase.FastJsonProviderTest.test2"],"result":"ERROR","testRunId":"1573116251580-783eb2b2-3cc2-4049-97a2-d460ba13c2f0"}},{"name":"com.alibaba.json.bvt.support.jaxrs.mock.testcase.FastJsonProviderTest.test2","intended":{"order":["com.alibaba.json.bvt.support.jaxrs.mock.testcase.FastJsonProviderTest.test0","com.alibaba.json.bvt.support.jaxrs.mock.testcase.FastJsonProviderTest.test1"],"result":"PASS","testRunId":"1573071546558-7ff6a118-5ea1-42fa-b815-ef8ad33cee6e"},"revealed":{"order":["com.alibaba.json.bvt.Bug89.testBug89","com.alibaba.json.bvtVO.ArgCheckTest.testJSON","com.derbysoft.spitfire.fastjson.TestFastJson.testSerializePerformance","com.alibaba.json.bvt.support.spring.mock.testcase.FastJsonJsonViewTest.test2","com.alibaba.json.bvt.support.spring.mock.testcase.FastJsonJsonViewTest.test1","com.alibaba.json.bvt.issue_1300.Issue1392.test","com.alibaba.json.bvt.support.spring.mock.testcase.FastJsonHttpMessageConverter4Test.test5","com.alibaba.json.bvt.support.spring.mock.testcase.FastJsonHttpMessageConverter4Test.test4","com.alibaba.json.bvt.support.spring.mock.testcase.FastJsonHttpMessageConverter4Test.test2","com.alibaba.json.bvt.support.spring.mock.testcase.FastJsonHttpMessageConverter4Test.test3","com.alibaba.json.bvt.support.spring.mock.testcase.FastJsonHttpMessageConverter4Test.test1","com.alibaba.fastjson.deserializer.TestISO8601Date.testBug1884","com.alibaba.fastjson.deserializer.TestISO8601Date.testBug376","com.alibaba.json.bvt.bug.JSONTest.testInnerEntry","com.alibaba.json.bvt.bug.JSONTest.testParseArray","com.alibaba.json.bvt.support.spring.mock.testcase.FastJsonpHttpMessageConverter4Case3Test.checkDefaultJSONPQueryParamNames","com.alibaba.json.bvt.support.spring.mock.testcase.FastJsonpHttpMessageConverter4Case3Test.test5_2","com.alibaba.json.bvt.support.spring.mock.testcase.FastJsonpHttpMessageConverter4Case3Test.test5","com.alibaba.json.bvt.support.spring.mock.testcase.FastJsonpHttpMessageConverter4Case3Test.test1","com.alibaba.json.bvt.support.spring.mock.testcase.FastJsonpHttpMessageConverter4Case3Test.test2","com.alibaba.json.bvt.support.spring.mock.testcase.FastJsonpHttpMessageConverter4Case3Test.test3_2","com.alibaba.json.bvt.support.spring.mock.testcase.FastJsonpHttpMessageConverter4Case3Test.isInjectComponent","com.alibaba.json.bvt.support.spring.mock.testcase.FastJsonpHttpMessageConverter4Case3Test.test4_2","com.alibaba.json.bvt.support.spring.mock.testcase.FastJsonpHttpMessageConverter4Case3Test.test3","com.alibaba.json.bvt.support.spring.mock.testcase.FastJsonpHttpMessageConverter4Case3Test.test2_2","com.alibaba.json.bvt.support.spring.mock.testcase.FastJsonpHttpMessageConverter4Case3Test.test4","com.alibaba.json.bvt.support.spring.mock.testcase.FastJsonpHttpMessageConverter4Case3Test.test1_2","com.alibaba.fastjson.deserializer.issues569.TestIssues569.testFixBug569","com.alibaba.fastjson.deserializer.issues569.TestIssues569.testBug569","com.alibaba.json.bvt.parser.deser.FieldSerializerTest4.testPattern","com.alibaba.json.bvt.issue_1700.issue1763_2.TestIssue1763_2.testFixBug1763_2","com.alibaba.json.bvt.issue_1700.issue1763_2.TestIssue1763_2.testBug1763_2","com.alibaba.json.bvt.issue_1400.Issue1405.test7","com.alibaba.fastjson.deserializer.issue2638.TestIssue2638.testBug2638","com.alibaba.json.bvt.support.spring.FastJsonRedisSerializerTest.test_6","com.alibaba.json.bvt.support.spring.FastJsonRedisSerializerTest.test_3","com.alibaba.json.bvt.support.spring.FastJsonRedisSerializerTest.test_4","com.alibaba.json.bvt.support.spring.FastJsonRedisSerializerTest.test_2","com.alibaba.json.bvt.support.spring.FastJsonRedisSerializerTest.test_1","com.alibaba.json.bvt.support.spring.FastJsonRedisSerializerTest.test_5","com.alibaba.json.bvt.issue_1300.Issue1367_jaxrs.testTypeVariableBean","com.alibaba.json.bvt.issue_1300.Issue1367_jaxrs.testParameterizedTypeBean","com.alibaba.fastjson.JSONPathTest.eq2","com.alibaba.fastjson.JSONPathTest.isEOF2","com.alibaba.fastjson.JSONPathTest.isEOF1","com.alibaba.fastjson.JSONPathTest.isDigitFirst1","com.alibaba.fastjson.JSONPathTest.isDigitFirst2","com.alibaba.fastjson.JSONPathTest.isDigitFirst3","com.alibaba.fastjson.JSONPathTest.eq1","com.alibaba.json.bvt.support.spring.GenericFastJsonRedisSerializerTest.test_4","com.alibaba.json.bvt.support.spring.GenericFastJsonRedisSerializerTest.test_3","com.alibaba.json.bvt.support.spring.GenericFastJsonRedisSerializerTest.test_2","com.alibaba.json.bvt.support.spring.GenericFastJsonRedisSerializerTest.test_5","com.alibaba.json.bvt.support.spring.GenericFastJsonRedisSerializerTest.test_6","com.alibaba.json.bvt.support.spring.GenericFastJsonRedisSerializerTest.test_1","com.alibaba.fastjson.support.jaxrs.TestIssue885.testWriteToWithPretty","com.alibaba.fastjson.support.jaxrs.TestIssue885.testReadFrom","com.alibaba.fastjson.support.jaxrs.TestIssue885.testWriteTo","com.alibaba.json.bvt.support.spring.FastJsonJsonViewTest.test_jsonp","com.alibaba.json.bvt.support.spring.FastJsonJsonViewTest.test_jsonp_invalidParam","com.alibaba.json.test.generic.GenericTypeTest.testEmbeddedGenericType","com.alibaba.json.bvt.serializer.enum_.EnumTest3.testDefault1","com.alibaba.json.bvt.serializer.enum_.EnumTest3.testDefault2","com.alibaba.json.bvt.serializer.enum_.EnumTest3.testDefault","com.alibaba.json.bvt.serializer.enum_.EnumTest3.testWriterSerializerFeature","com.alibaba.json.bvt.serializer.enum_.EnumTest3.testName","com.alibaba.fastjson.deserializer.IgnoreTypeDeserializer.parseObjectWithExistType","com.alibaba.fastjson.deserializer.IgnoreTypeDeserializer.parseObjectWithNotExistType","com.alibaba.fastjson.deserializer.IgnoreTypeDeserializer.parseWithExistType","com.alibaba.fastjson.deserializer.IgnoreTypeDeserializer.parseWithNotExistType","com.alibaba.fastjson.deserializer.IgnoreTypeDeserializer.parseObjectWithNotExistTypeThrowException","com.alibaba.json.bvt.support.jaxrs.mock.testcase.FastJsonProviderTest.test0"],"result":"ERROR","testRunId":"1573116251580-783eb2b2-3cc2-4049-97a2-d460ba13c2f0"}},{"name":"com.alibaba.json.bvt.support.jaxrs.mock.testcase.FastJsonProviderTest.test0","intended":{"order":[],"result":"PASS","testRunId":"1573071546558-7ff6a118-5ea1-42fa-b815-ef8ad33cee6e"},"revealed":{"order":["com.alibaba.json.bvt.Bug89.testBug89","com.alibaba.json.bvtVO.ArgCheckTest.testJSON","com.derbysoft.spitfire.fastjson.TestFastJson.testSerializePerformance","com.alibaba.json.bvt.support.spring.mock.testcase.FastJsonJsonViewTest.test2","com.alibaba.json.bvt.support.spring.mock.testcase.FastJsonJsonViewTest.test1","com.alibaba.json.bvt.issue_1300.Issue1392.test","com.alibaba.json.bvt.support.spring.mock.testcase.FastJsonHttpMessageConverter4Test.test5","com.alibaba.json.bvt.support.spring.mock.testcase.FastJsonHttpMessageConverter4Test.test4","com.alibaba.json.bvt.support.spring.mock.testcase.FastJsonHttpMessageConverter4Test.test2","com.alibaba.json.bvt.support.spring.mock.testcase.FastJsonHttpMessageConverter4Test.test3","com.alibaba.json.bvt.support.spring.mock.testcase.FastJsonHttpMessageConverter4Test.test1","com.alibaba.fastjson.deserializer.TestISO8601Date.testBug1884","com.alibaba.fastjson.deserializer.TestISO8601Date.testBug376","com.alibaba.json.bvt.bug.JSONTest.testInnerEntry","com.alibaba.json.bvt.bug.JSONTest.testParseArray","com.alibaba.json.bvt.support.spring.mock.testcase.FastJsonpHttpMessageConverter4Case3Test.checkDefaultJSONPQueryParamNames","com.alibaba.json.bvt.support.spring.mock.testcase.FastJsonpHttpMessageConverter4Case3Test.test5_2","com.alibaba.json.bvt.support.spring.mock.testcase.FastJsonpHttpMessageConverter4Case3Test.test5","com.alibaba.json.bvt.support.spring.mock.testcase.FastJsonpHttpMessageConverter4Case3Test.test1","com.alibaba.json.bvt.support.spring.mock.testcase.FastJsonpHttpMessageConverter4Case3Test.test2","com.alibaba.json.bvt.support.spring.mock.testcase.FastJsonpHttpMessageConverter4Case3Test.test3_2","com.alibaba.json.bvt.support.spring.mock.testcase.FastJsonpHttpMessageConverter4Case3Test.isInjectComponent","com.alibaba.json.bvt.support.spring.mock.testcase.FastJsonpHttpMessageConverter4Case3Test.test4_2","com.alibaba.json.bvt.support.spring.mock.testcase.FastJsonpHttpMessageConverter4Case3Test.test3","com.alibaba.json.bvt.support.spring.mock.testcase.FastJsonpHttpMessageConverter4Case3Test.test2_2","com.alibaba.json.bvt.support.spring.mock.testcase.FastJsonpHttpMessageConverter4Case3Test.test4","com.alibaba.json.bvt.support.spring.mock.testcase.FastJsonpHttpMessageConverter4Case3Test.test1_2","com.alibaba.fastjson.deserializer.issues569.TestIssues569.testFixBug569","com.alibaba.fastjson.deserializer.issues569.TestIssues569.testBug569","com.alibaba.json.bvt.parser.deser.FieldSerializerTest4.testPattern","com.alibaba.json.bvt.issue_1700.issue1763_2.TestIssue1763_2.testFixBug1763_2","com.alibaba.json.bvt.issue_1700.issue1763_2.TestIssue1763_2.testBug1763_2","com.alibaba.json.bvt.issue_1400.Issue1405.test7","com.alibaba.fastjson.deserializer.issue2638.TestIssue2638.testBug2638","com.alibaba.json.bvt.support.spring.FastJsonRedisSerializerTest.test_6","com.alibaba.json.bvt.support.spring.FastJsonRedisSerializerTest.test_3","com.alibaba.json.bvt.support.spring.FastJsonRedisSerializerTest.test_4","com.alibaba.json.bvt.support.spring.FastJsonRedisSerializerTest.test_2","com.alibaba.json.bvt.support.spring.FastJsonRedisSerializerTest.test_1","com.alibaba.json.bvt.support.spring.FastJsonRedisSerializerTest.test_5","com.alibaba.json.bvt.issue_1300.Issue1367_jaxrs.testTypeVariableBean","com.alibaba.json.bvt.issue_1300.Issue1367_jaxrs.testParameterizedTypeBean","com.alibaba.fastjson.JSONPathTest.eq2","com.alibaba.fastjson.JSONPathTest.isEOF2","com.alibaba.fastjson.JSONPathTest.isEOF1","com.alibaba.fastjson.JSONPathTest.isDigitFirst1","com.alibaba.fastjson.JSONPathTest.isDigitFirst2","com.alibaba.fastjson.JSONPathTest.isDigitFirst3","com.alibaba.fastjson.JSONPathTest.eq1","com.alibaba.json.bvt.support.spring.GenericFastJsonRedisSerializerTest.test_4","com.alibaba.json.bvt.support.spring.GenericFastJsonRedisSerializerTest.test_3","com.alibaba.json.bvt.support.spring.GenericFastJsonRedisSerializerTest.test_2","com.alibaba.json.bvt.support.spring.GenericFastJsonRedisSerializerTest.test_5","com.alibaba.json.bvt.support.spring.GenericFastJsonRedisSerializerTest.test_6","com.alibaba.json.bvt.support.spring.GenericFastJsonRedisSerializerTest.test_1","com.alibaba.fastjson.support.jaxrs.TestIssue885.testWriteToWithPretty","com.alibaba.fastjson.support.jaxrs.TestIssue885.testReadFrom","com.alibaba.fastjson.support.jaxrs.TestIssue885.testWriteTo","com.alibaba.json.bvt.support.spring.FastJsonJsonViewTest.test_jsonp","com.alibaba.json.bvt.support.spring.FastJsonJsonViewTest.test_jsonp_invalidParam","com.alibaba.json.test.generic.GenericTypeTest.testEmbeddedGenericType","com.alibaba.json.bvt.serializer.enum_.EnumTest3.testDefault1","com.alibaba.json.bvt.serializer.enum_.EnumTest3.testDefault2","com.alibaba.json.bvt.serializer.enum_.EnumTest3.testDefault","com.alibaba.json.bvt.serializer.enum_.EnumTest3.testWriterSerializerFeature","com.alibaba.json.bvt.serializer.enum_.EnumTest3.testName","com.alibaba.fastjson.deserializer.IgnoreTypeDeserializer.parseObjectWithExistType","com.alibaba.fastjson.deserializer.IgnoreTypeDeserializer.parseObjectWithNotExistType","com.alibaba.fastjson.deserializer.IgnoreTypeDeserializer.parseWithExistType","com.alibaba.fastjson.deserializer.IgnoreTypeDeserializer.parseWithNotExistType","com.alibaba.fastjson.deserializer.IgnoreTypeDeserializer.parseObjectWithNotExistTypeThrowException"],"result":"ERROR","testRunId":"1573116251580-783eb2b2-3cc2-4049-97a2-d460ba13c2f0"}}]},"filteredTests":{"dts":[]},"roundTime":2444.864194559}