{"testRunIds":["1573149506593-c9422f1e-1690-46c1-9bb1-3af0710a23b6"],"unfilteredTests":{"dts":[{"name":"com.alibaba.json.bvt.support.jaxrs.mock.testcase.FastJsonProviderTest.test1","intended":{"order":["com.alibaba.json.bvt.support.jaxrs.mock.testcase.FastJsonProviderTest.test0"],"result":"PASS","testRunId":"1573071546558-7ff6a118-5ea1-42fa-b815-ef8ad33cee6e"},"revealed":{"order":["com.alibaba.json.bvt.support.spring.FastJsonJsonViewTest.test_jsonp","com.alibaba.json.bvt.support.spring.FastJsonJsonViewTest.test_jsonp_invalidParam","com.derbysoft.spitfire.fastjson.TestFastJson.testSerializePerformance","com.alibaba.fastjson.deserializer.IgnoreTypeDeserializer.parseObjectWithExistType","com.alibaba.fastjson.deserializer.IgnoreTypeDeserializer.parseObjectWithNotExistTypeThrowException","com.alibaba.fastjson.deserializer.IgnoreTypeDeserializer.parseWithExistType","com.alibaba.fastjson.deserializer.IgnoreTypeDeserializer.parseObjectWithNotExistType","com.alibaba.fastjson.deserializer.IgnoreTypeDeserializer.parseWithNotExistType","com.alibaba.fastjson.serializer.TestParse.testParse","com.alibaba.json.bvt.issue_1700.issue1763_2.TestIssue1763_2.testBug1763_2","com.alibaba.json.bvt.issue_1700.issue1763_2.TestIssue1763_2.testFixBug1763_2","com.alibaba.json.bvt.issue_1700.Issue1701.testBean","com.alibaba.json.bvt.support.spring.mock.testcase.FastJsonHttpMessageConverterCase2Test.isInjectComponent","com.alibaba.json.bvt.support.spring.mock.testcase.FastJsonHttpMessageConverterCase2Test.test8","com.alibaba.json.bvt.support.spring.mock.testcase.FastJsonHttpMessageConverterCase2Test.test8_2","com.alibaba.fastjson.deserializer.issue2711.TestIssue.testDeserializeGenericsUnwrapped","com.alibaba.json.bvt.support.spring.mock.testcase.FastJsonHttpMessageConverterTest.test6","com.alibaba.json.bvt.support.spring.mock.testcase.FastJsonHttpMessageConverterTest.test4","com.alibaba.json.bvt.support.spring.mock.testcase.FastJsonHttpMessageConverterTest.test3","com.alibaba.json.bvt.support.spring.mock.testcase.FastJsonHttpMessageConverterTest.test1","com.alibaba.json.bvt.support.spring.mock.testcase.FastJsonHttpMessageConverterTest.test2","com.alibaba.json.bvt.support.spring.mock.testcase.FastJsonHttpMessageConverterTest.test5","com.alibaba.json.bvt.support.spring.mock.testcase.FastJsonJsonViewTest.test2","com.alibaba.json.bvt.support.spring.mock.testcase.FastJsonJsonViewTest.test1","com.alibaba.fastjson.deserializer.TestISO8601Date.testBug1884","com.alibaba.fastjson.deserializer.TestISO8601Date.testBug376","com.alibaba.json.bvt.issue_1400.Issue1405.test7","com.alibaba.json.bvt.support.jaxrs.mock.testcase.FastJsonProviderTest.test0","com.alibaba.json.bvt.support.jaxrs.mock.testcase.FastJsonProviderTest.test2"],"result":"ERROR","testRunId":"1573149506593-c9422f1e-1690-46c1-9bb1-3af0710a23b6"}},{"name":"com.alibaba.json.bvt.support.jaxrs.mock.testcase.FastJsonProviderTest.test2","intended":{"order":["com.alibaba.json.bvt.support.jaxrs.mock.testcase.FastJsonProviderTest.test0","com.alibaba.json.bvt.support.jaxrs.mock.testcase.FastJsonProviderTest.test1"],"result":"PASS","testRunId":"1573071546558-7ff6a118-5ea1-42fa-b815-ef8ad33cee6e"},"revealed":{"order":["com.alibaba.json.bvt.support.spring.FastJsonJsonViewTest.test_jsonp","com.alibaba.json.bvt.support.spring.FastJsonJsonViewTest.test_jsonp_invalidParam","com.derbysoft.spitfire.fastjson.TestFastJson.testSerializePerformance","com.alibaba.fastjson.deserializer.IgnoreTypeDeserializer.parseObjectWithExistType","com.alibaba.fastjson.deserializer.IgnoreTypeDeserializer.parseObjectWithNotExistTypeThrowException","com.alibaba.fastjson.deserializer.IgnoreTypeDeserializer.parseWithExistType","com.alibaba.fastjson.deserializer.IgnoreTypeDeserializer.parseObjectWithNotExistType","com.alibaba.fastjson.deserializer.IgnoreTypeDeserializer.parseWithNotExistType","com.alibaba.fastjson.serializer.TestParse.testParse","com.alibaba.json.bvt.issue_1700.issue1763_2.TestIssue1763_2.testBug1763_2","com.alibaba.json.bvt.issue_1700.issue1763_2.TestIssue1763_2.testFixBug1763_2","com.alibaba.json.bvt.issue_1700.Issue1701.testBean","com.alibaba.json.bvt.support.spring.mock.testcase.FastJsonHttpMessageConverterCase2Test.isInjectComponent","com.alibaba.json.bvt.support.spring.mock.testcase.FastJsonHttpMessageConverterCase2Test.test8","com.alibaba.json.bvt.support.spring.mock.testcase.FastJsonHttpMessageConverterCase2Test.test8_2","com.alibaba.fastjson.deserializer.issue2711.TestIssue.testDeserializeGenericsUnwrapped","com.alibaba.json.bvt.support.spring.mock.testcase.FastJsonHttpMessageConverterTest.test6","com.alibaba.json.bvt.support.spring.mock.testcase.FastJsonHttpMessageConverterTest.test4","com.alibaba.json.bvt.support.spring.mock.testcase.FastJsonHttpMessageConverterTest.test3","com.alibaba.json.bvt.support.spring.mock.testcase.FastJsonHttpMessageConverterTest.test1","com.alibaba.json.bvt.support.spring.mock.testcase.FastJsonHttpMessageConverterTest.test2","com.alibaba.json.bvt.support.spring.mock.testcase.FastJsonHttpMessageConverterTest.test5","com.alibaba.json.bvt.support.spring.mock.testcase.FastJsonJsonViewTest.test2","com.alibaba.json.bvt.support.spring.mock.testcase.FastJsonJsonViewTest.test1","com.alibaba.fastjson.deserializer.TestISO8601Date.testBug1884","com.alibaba.fastjson.deserializer.TestISO8601Date.testBug376","com.alibaba.json.bvt.issue_1400.Issue1405.test7","com.alibaba.json.bvt.support.jaxrs.mock.testcase.FastJsonProviderTest.test0"],"result":"ERROR","testRunId":"1573149506593-c9422f1e-1690-46c1-9bb1-3af0710a23b6"}},{"name":"com.alibaba.fastjson.serializer.TestParse.testParse","intended":{"order":["com.alibaba.json.bvt.support.jaxrs.mock.testcase.FastJsonProviderTest.test0","com.alibaba.json.bvt.support.jaxrs.mock.testcase.FastJsonProviderTest.test1","com.alibaba.json.bvt.support.jaxrs.mock.testcase.FastJsonProviderTest.test2","com.alibaba.json.bvt.support.spring.mock.testcase.FastJsonHttpMessageConverterJSONPCaseTest.test1_2","com.alibaba.json.bvt.support.spring.mock.testcase.FastJsonHttpMessageConverterJSONPCaseTest.test2_2","com.alibaba.json.bvt.support.spring.mock.testcase.FastJsonHttpMessageConverterJSONPCaseTest.test3_2","com.alibaba.json.bvt.support.spring.mock.testcase.FastJsonHttpMessageConverterJSONPCaseTest.test4_2","com.alibaba.json.bvt.support.spring.mock.testcase.FastJsonHttpMessageConverterJSONPCaseTest.test5_2","com.alibaba.json.bvt.support.spring.mock.testcase.FastJsonHttpMessageConverterJSONPCaseTest.test3_Jsonp_ContentLength","com.alibaba.json.bvt.support.spring.mock.testcase.FastJsonHttpMessageConverterJSONPCaseTest.test1","com.alibaba.json.bvt.support.spring.mock.testcase.FastJsonHttpMessageConverterJSONPCaseTest.test2","com.alibaba.json.bvt.support.spring.mock.testcase.FastJsonHttpMessageConverterJSONPCaseTest.test3","com.alibaba.json.bvt.support.spring.mock.testcase.FastJsonHttpMessageConverterJSONPCaseTest.test4","com.alibaba.json.bvt.support.spring.mock.testcase.FastJsonHttpMessageConverterJSONPCaseTest.test5","com.alibaba.json.bvt.support.spring.mock.testcase.FastJsonHttpMessageConverterJSONPCaseTest.test7","com.alibaba.json.bvt.support.spring.mock.testcase.FastJsonHttpMessageConverterJSONPCaseTest.test8","com.alibaba.json.bvt.support.spring.mock.testcase.FastJsonHttpMessageConverterJSONPCaseTest.test9","com.alibaba.json.bvt.support.spring.mock.testcase.FastJsonHttpMessageConverterJSONPCaseTest.isInjectComponent","com.alibaba.json.bvt.support.spring.mock.testcase.FastJsonJsonViewTest.test1","com.alibaba.json.bvt.support.spring.mock.testcase.FastJsonJsonViewTest.test2","com.alibaba.json.bvt.support.spring.mock.testcase.FastJsonViewTest.test1","com.alibaba.json.bvt.support.spring.mock.testcase.FastJsonViewTest.test2","com.alibaba.json.bvt.support.spring.mock.testcase.FastJsonViewTest.test3","com.alibaba.json.bvt.support.spring.mock.testcase.FastJsonViewTest.test4","com.alibaba.json.bvt.support.spring.mock.testcase.FastJsonViewTest.test5","com.alibaba.json.bvt.support.spring.mock.testcase.FastJsonViewTest.test6","com.alibaba.json.bvt.support.spring.mock.testcase.FastJsonViewTest.isInjectComponent","com.alibaba.json.bvt.support.spring.mock.testcase.FastJsonpHttpMessageConverter4Case2Test.test1_2","com.alibaba.json.bvt.support.spring.mock.testcase.FastJsonpHttpMessageConverter4Case2Test.test2_2","com.alibaba.json.bvt.support.spring.mock.testcase.FastJsonpHttpMessageConverter4Case2Test.test3_2","com.alibaba.json.bvt.support.spring.mock.testcase.FastJsonpHttpMessageConverter4Case2Test.test4_2","com.alibaba.json.bvt.support.spring.mock.testcase.FastJsonpHttpMessageConverter4Case2Test.test5_2","com.alibaba.json.bvt.support.spring.mock.testcase.FastJsonpHttpMessageConverter4Case2Test.test1","com.alibaba.json.bvt.support.spring.mock.testcase.FastJsonpHttpMessageConverter4Case2Test.test2","com.alibaba.json.bvt.support.spring.mock.testcase.FastJsonpHttpMessageConverter4Case2Test.test3","com.alibaba.json.bvt.support.spring.mock.testcase.FastJsonpHttpMessageConverter4Case2Test.test4","com.alibaba.json.bvt.support.spring.mock.testcase.FastJsonpHttpMessageConverter4Case2Test.test5","com.alibaba.json.bvt.support.spring.mock.testcase.FastJsonpHttpMessageConverter4Case2Test.isInjectComponent","com.alibaba.json.bvt.support.spring.mock.testcase.FastJsonHttpMessageConverterTest.test1","com.alibaba.json.bvt.support.spring.mock.testcase.FastJsonHttpMessageConverterTest.test2","com.alibaba.json.bvt.support.spring.mock.testcase.FastJsonHttpMessageConverterTest.test3","com.alibaba.json.bvt.support.spring.mock.testcase.FastJsonHttpMessageConverterTest.test4","com.alibaba.json.bvt.support.spring.mock.testcase.FastJsonHttpMessageConverterTest.test5","com.alibaba.json.bvt.support.spring.mock.testcase.FastJsonHttpMessageConverterTest.test6","com.alibaba.json.bvt.support.spring.mock.testcase.FastJsonpHttpMessageConverter4Case3Test.test1_2","com.alibaba.json.bvt.support.spring.mock.testcase.FastJsonpHttpMessageConverter4Case3Test.test2_2","com.alibaba.json.bvt.support.spring.mock.testcase.FastJsonpHttpMessageConverter4Case3Test.test3_2","com.alibaba.json.bvt.support.spring.mock.testcase.FastJsonpHttpMessageConverter4Case3Test.test4_2","com.alibaba.json.bvt.support.spring.mock.testcase.FastJsonpHttpMessageConverter4Case3Test.test5_2","com.alibaba.json.bvt.support.spring.mock.testcase.FastJsonpHttpMessageConverter4Case3Test.test1","com.alibaba.json.bvt.support.spring.mock.testcase.FastJsonpHttpMessageConverter4Case3Test.test2","com.alibaba.json.bvt.support.spring.mock.testcase.FastJsonpHttpMessageConverter4Case3Test.test3","com.alibaba.json.bvt.support.spring.mock.testcase.FastJsonpHttpMessageConverter4Case3Test.test4","com.alibaba.json.bvt.support.spring.mock.testcase.FastJsonpHttpMessageConverter4Case3Test.test5","com.alibaba.json.bvt.support.spring.mock.testcase.FastJsonpHttpMessageConverter4Case3Test.checkDefaultJSONPQueryParamNames","com.alibaba.json.bvt.support.spring.mock.testcase.FastJsonpHttpMessageConverter4Case3Test.isInjectComponent","com.alibaba.json.bvt.support.spring.mock.testcase.FastJsonHttpMessageConverterCase2Test.test8_2","com.alibaba.json.bvt.support.spring.mock.testcase.FastJsonHttpMessageConverterCase2Test.test8","com.alibaba.json.bvt.support.spring.mock.testcase.FastJsonHttpMessageConverterCase2Test.isInjectComponent","com.alibaba.json.bvt.support.spring.mock.testcase.FastJsonHttpMessageConverter4Test.test1","com.alibaba.json.bvt.support.spring.mock.testcase.FastJsonHttpMessageConverter4Test.test2","com.alibaba.json.bvt.support.spring.mock.testcase.FastJsonHttpMessageConverter4Test.test3","com.alibaba.json.bvt.support.spring.mock.testcase.FastJsonHttpMessageConverter4Test.test4","com.alibaba.json.bvt.support.spring.mock.testcase.FastJsonHttpMessageConverter4Test.test5","com.alibaba.json.bvt.support.spring.mock.testcase.FastJsonpHttpMessageConverter4Case1Test.test1_2","com.alibaba.json.bvt.support.spring.mock.testcase.FastJsonpHttpMessageConverter4Case1Test.test2_2","com.alibaba.json.bvt.support.spring.mock.testcase.FastJsonpHttpMessageConverter4Case1Test.test3_2","com.alibaba.json.bvt.support.spring.mock.testcase.FastJsonpHttpMessageConverter4Case1Test.test4_2","com.alibaba.json.bvt.support.spring.mock.testcase.FastJsonpHttpMessageConverter4Case1Test.test5_2","com.alibaba.json.bvt.support.spring.mock.testcase.FastJsonpHttpMessageConverter4Case1Test.test1","com.alibaba.json.bvt.support.spring.mock.testcase.FastJsonpHttpMessageConverter4Case1Test.test2","com.alibaba.json.bvt.support.spring.mock.testcase.FastJsonpHttpMessageConverter4Case1Test.test3","com.alibaba.json.bvt.support.spring.mock.testcase.FastJsonpHttpMessageConverter4Case1Test.test4","com.alibaba.json.bvt.support.spring.mock.testcase.FastJsonpHttpMessageConverter4Case1Test.test5","com.alibaba.json.bvt.support.spring.mock.testcase.FastJsonpHttpMessageConverter4Case1Test.isInjectComponent","com.alibaba.json.bvt.support.spring.FastJsonJsonViewTest.test_jsonp_invalidParam","com.alibaba.json.bvt.support.spring.FastJsonJsonViewTest.test_jsonp","com.alibaba.json.bvt.support.spring.FastJsonRedisSerializerTest.test_1","com.alibaba.json.bvt.support.spring.FastJsonRedisSerializerTest.test_2","com.alibaba.json.bvt.support.spring.FastJsonRedisSerializerTest.test_3","com.alibaba.json.bvt.support.spring.FastJsonRedisSerializerTest.test_4","com.alibaba.json.bvt.support.spring.FastJsonRedisSerializerTest.test_5","com.alibaba.json.bvt.support.spring.FastJsonRedisSerializerTest.test_6","com.alibaba.json.bvt.support.spring.GenericFastJsonRedisSerializerTest.test_1","com.alibaba.json.bvt.support.spring.GenericFastJsonRedisSerializerTest.test_2","com.alibaba.json.bvt.support.spring.GenericFastJsonRedisSerializerTest.test_3","com.alibaba.json.bvt.support.spring.GenericFastJsonRedisSerializerTest.test_4","com.alibaba.json.bvt.support.spring.GenericFastJsonRedisSerializerTest.test_5","com.alibaba.json.bvt.support.spring.GenericFastJsonRedisSerializerTest.test_6","com.alibaba.json.bvt.parser.deser.FieldSerializerTest4.testPattern","com.alibaba.json.bvt.serializer.enum_.EnumTest3.testName","com.alibaba.json.bvt.serializer.enum_.EnumTest3.testWriterSerializerFeature","com.alibaba.json.bvt.serializer.enum_.EnumTest3.testDefault","com.alibaba.json.bvt.serializer.enum_.EnumTest3.testDefault1","com.alibaba.json.bvt.serializer.enum_.EnumTest3.testDefault2","com.alibaba.json.bvt.bug.FastJsonSerializeIterableTest.testWithIterable","com.alibaba.json.bvt.bug.JSONTest.testParseArray","com.alibaba.json.bvt.bug.JSONTest.testInnerEntry","com.alibaba.json.bvt.issue_1300.Issue1367.testParameterizedTypeBean","com.alibaba.json.bvt.issue_1300.Issue1367.testTypeVariableBean","com.alibaba.json.bvt.issue_1300.Issue1367_jaxrs.testParameterizedTypeBean","com.alibaba.json.bvt.issue_1300.Issue1367_jaxrs.testTypeVariableBean","com.alibaba.json.bvt.issue_1300.Issue1341.test","com.alibaba.json.bvt.issue_1300.Issue1307.test_context_value_filter_not_effected","com.alibaba.json.bvt.issue_1300.Issue1307.test_context_value_filter_effected","com.alibaba.json.bvt.issue_1300.Issue1392.test","com.alibaba.json.bvt.issue_1400.Issue1405.test7","com.alibaba.json.bvt.issue_1600.Issue1612.test","com.alibaba.json.bvt.issue_1700.issue1763_2.TestIssue1763_2.testBug1763_2","com.alibaba.json.bvt.issue_1700.issue1763_2.TestIssue1763_2.testFixBug1763_2","com.alibaba.json.bvt.issue_1700.Issue1701.testBean","com.alibaba.json.bvt.Bug89.testBug89","com.alibaba.json.test.generic.GenericTypeTest.testEmbeddedGenericType","com.alibaba.json.bvtVO.ArgCheckTest.testJSON","com.alibaba.fastjson.deserializer.issues569.TestIssues569.testFixBug569","com.alibaba.fastjson.deserializer.issues569.TestIssues569.testBug569","com.alibaba.fastjson.deserializer.issue2711.TestIssue.testDeserializeGenericsUnwrapped","com.alibaba.fastjson.deserializer.issue1463.TestIssue1463.testIssue1463","com.alibaba.fastjson.deserializer.issue2638.TestIssue2638.testBug2638","com.alibaba.fastjson.deserializer.IgnoreTypeDeserializer.parseWithExistType","com.alibaba.fastjson.deserializer.IgnoreTypeDeserializer.parseObjectWithNotExistType","com.alibaba.fastjson.deserializer.IgnoreTypeDeserializer.parseObjectWithExistType","com.alibaba.fastjson.deserializer.IgnoreTypeDeserializer.parseObjectWithNotExistTypeThrowException","com.alibaba.fastjson.deserializer.IgnoreTypeDeserializer.parseWithNotExistType","com.alibaba.fastjson.deserializer.TestISO8601Date.testBug1884","com.alibaba.fastjson.deserializer.TestISO8601Date.testBug376","com.alibaba.fastjson.JSONPathTest.isEOF1","com.alibaba.fastjson.JSONPathTest.isEOF2","com.alibaba.fastjson.JSONPathTest.isDigitFirst1","com.alibaba.fastjson.JSONPathTest.isDigitFirst2","com.alibaba.fastjson.JSONPathTest.isDigitFirst3","com.alibaba.fastjson.JSONPathTest.eq1","com.alibaba.fastjson.JSONPathTest.eq2","com.alibaba.fastjson.parser.JSONScannerTest.isEOF1","com.alibaba.fastjson.parser.JSONScannerTest.isEOF2","com.alibaba.fastjson.parser.JSONScannerTest.isEOF3","com.alibaba.fastjson.parser.JSONScannerTest.checkDate1","com.alibaba.fastjson.parser.JSONScannerTest.checkDate2","com.alibaba.fastjson.parser.JSONScannerTest.checkDate3","com.alibaba.fastjson.parser.JSONScannerTest.checkDate4","com.alibaba.fastjson.parser.JSONScannerTest.checkDate5","com.alibaba.fastjson.parser.JSONScannerTest.checkDate6","com.alibaba.fastjson.parser.JSONScannerTest.checkDate7","com.alibaba.fastjson.parser.JSONScannerTest.checkDate8","com.alibaba.fastjson.parser.JSONScannerTest.checkDate9","com.alibaba.fastjson.parser.JSONScannerTest.checkTime1","com.alibaba.fastjson.parser.JSONScannerTest.checkTime2","com.alibaba.fastjson.parser.JSONScannerTest.checkTime3","com.alibaba.fastjson.parser.JSONScannerTest.checkTime4","com.alibaba.fastjson.parser.JSONScannerTest.checkTime5","com.alibaba.fastjson.parser.JSONScannerTest.checkTime6","com.alibaba.fastjson.parser.JSONScannerTest.checkTime7","com.alibaba.fastjson.parser.JSONScannerTest.checkTime8","com.alibaba.fastjson.parser.JSONScannerTest.checkTime9","com.alibaba.fastjson.parser.JSONScannerTest.info1","com.alibaba.fastjson.parser.JSONScannerTest.checkDate10","com.alibaba.fastjson.parser.JSONScannerTest.checkDate11","com.alibaba.fastjson.parser.JSONScannerTest.checkDate12","com.alibaba.fastjson.parser.JSONScannerTest.checkDate13","com.alibaba.fastjson.parser.JSONScannerTest.checkDate14","com.alibaba.fastjson.parser.JSONScannerTest.checkDate15","com.alibaba.fastjson.parser.JSONScannerTest.checkDate16","com.alibaba.fastjson.parser.JSONScannerTest.checkDate17","com.alibaba.fastjson.parser.JSONScannerTest.checkTime10","com.alibaba.fastjson.parser.JSONScannerTest.checkTime11","com.alibaba.fastjson.parser.JSONScannerTest.checkTime12","com.alibaba.fastjson.parser.JSONScannerTest.checkTime13","com.alibaba.fastjson.parser.JSONScannerTest.checkTime14","com.alibaba.fastjson.parser.JSONScannerTest.checkTime15","com.alibaba.fastjson.parser.JSONScannerTest.checkTime16","com.alibaba.fastjson.parser.JSONScannerTest.checkTime17","com.alibaba.fastjson.parser.JSONScannerTest.charArrayCompare1","com.alibaba.fastjson.parser.JSONScannerTest.charArrayCompare3","com.alibaba.fastjson.parser.JSONScannerTest.charArrayCompare4","com.alibaba.fastjson.serializer.SerializeWriterTest.testWriteLargeSpecialStr","com.alibaba.fastjson.serializer.SerializeWriterTest.testWriteLargeBasicStr","com.alibaba.fastjson.serializer.SerializeWriterTest.testWriteLiteSpecilaStr","com.alibaba.fastjson.serializer.SerializeWriterTest.testWriteLiteBasicStr","com.alibaba.fastjson.serializer.SerializeWriterTest.test_large"],"result":"PASS","testRunId":"1573071546558-7ff6a118-5ea1-42fa-b815-ef8ad33cee6e"},"revealed":{"order":["com.alibaba.json.bvt.support.spring.FastJsonJsonViewTest.test_jsonp","com.alibaba.json.bvt.support.spring.FastJsonJsonViewTest.test_jsonp_invalidParam","com.derbysoft.spitfire.fastjson.TestFastJson.testSerializePerformance","com.alibaba.fastjson.deserializer.IgnoreTypeDeserializer.parseObjectWithExistType","com.alibaba.fastjson.deserializer.IgnoreTypeDeserializer.parseObjectWithNotExistTypeThrowException","com.alibaba.fastjson.deserializer.IgnoreTypeDeserializer.parseWithExistType","com.alibaba.fastjson.deserializer.IgnoreTypeDeserializer.parseObjectWithNotExistType","com.alibaba.fastjson.deserializer.IgnoreTypeDeserializer.parseWithNotExistType"],"result":"ERROR","testRunId":"1573149506593-c9422f1e-1690-46c1-9bb1-3af0710a23b6"}},{"name":"com.alibaba.fastjson.deserializer.IgnoreTypeDeserializer.parseWithNotExistType","intended":{"order":["com.alibaba.json.bvt.support.jaxrs.mock.testcase.FastJsonProviderTest.test0","com.alibaba.json.bvt.support.jaxrs.mock.testcase.FastJsonProviderTest.test1","com.alibaba.json.bvt.support.jaxrs.mock.testcase.FastJsonProviderTest.test2","com.alibaba.json.bvt.support.spring.mock.testcase.FastJsonHttpMessageConverterJSONPCaseTest.test1_2","com.alibaba.json.bvt.support.spring.mock.testcase.FastJsonHttpMessageConverterJSONPCaseTest.test2_2","com.alibaba.json.bvt.support.spring.mock.testcase.FastJsonHttpMessageConverterJSONPCaseTest.test3_2","com.alibaba.json.bvt.support.spring.mock.testcase.FastJsonHttpMessageConverterJSONPCaseTest.test4_2","com.alibaba.json.bvt.support.spring.mock.testcase.FastJsonHttpMessageConverterJSONPCaseTest.test5_2","com.alibaba.json.bvt.support.spring.mock.testcase.FastJsonHttpMessageConverterJSONPCaseTest.test3_Jsonp_ContentLength","com.alibaba.json.bvt.support.spring.mock.testcase.FastJsonHttpMessageConverterJSONPCaseTest.test1","com.alibaba.json.bvt.support.spring.mock.testcase.FastJsonHttpMessageConverterJSONPCaseTest.test2","com.alibaba.json.bvt.support.spring.mock.testcase.FastJsonHttpMessageConverterJSONPCaseTest.test3","com.alibaba.json.bvt.support.spring.mock.testcase.FastJsonHttpMessageConverterJSONPCaseTest.test4","com.alibaba.json.bvt.support.spring.mock.testcase.FastJsonHttpMessageConverterJSONPCaseTest.test5","com.alibaba.json.bvt.support.spring.mock.testcase.FastJsonHttpMessageConverterJSONPCaseTest.test7","com.alibaba.json.bvt.support.spring.mock.testcase.FastJsonHttpMessageConverterJSONPCaseTest.test8","com.alibaba.json.bvt.support.spring.mock.testcase.FastJsonHttpMessageConverterJSONPCaseTest.test9","com.alibaba.json.bvt.support.spring.mock.testcase.FastJsonHttpMessageConverterJSONPCaseTest.isInjectComponent","com.alibaba.json.bvt.support.spring.mock.testcase.FastJsonJsonViewTest.test1","com.alibaba.json.bvt.support.spring.mock.testcase.FastJsonJsonViewTest.test2","com.alibaba.json.bvt.support.spring.mock.testcase.FastJsonViewTest.test1","com.alibaba.json.bvt.support.spring.mock.testcase.FastJsonViewTest.test2","com.alibaba.json.bvt.support.spring.mock.testcase.FastJsonViewTest.test3","com.alibaba.json.bvt.support.spring.mock.testcase.FastJsonViewTest.test4","com.alibaba.json.bvt.support.spring.mock.testcase.FastJsonViewTest.test5","com.alibaba.json.bvt.support.spring.mock.testcase.FastJsonViewTest.test6","com.alibaba.json.bvt.support.spring.mock.testcase.FastJsonViewTest.isInjectComponent","com.alibaba.json.bvt.support.spring.mock.testcase.FastJsonpHttpMessageConverter4Case2Test.test1_2","com.alibaba.json.bvt.support.spring.mock.testcase.FastJsonpHttpMessageConverter4Case2Test.test2_2","com.alibaba.json.bvt.support.spring.mock.testcase.FastJsonpHttpMessageConverter4Case2Test.test3_2","com.alibaba.json.bvt.support.spring.mock.testcase.FastJsonpHttpMessageConverter4Case2Test.test4_2","com.alibaba.json.bvt.support.spring.mock.testcase.FastJsonpHttpMessageConverter4Case2Test.test5_2","com.alibaba.json.bvt.support.spring.mock.testcase.FastJsonpHttpMessageConverter4Case2Test.test1","com.alibaba.json.bvt.support.spring.mock.testcase.FastJsonpHttpMessageConverter4Case2Test.test2","com.alibaba.json.bvt.support.spring.mock.testcase.FastJsonpHttpMessageConverter4Case2Test.test3","com.alibaba.json.bvt.support.spring.mock.testcase.FastJsonpHttpMessageConverter4Case2Test.test4","com.alibaba.json.bvt.support.spring.mock.testcase.FastJsonpHttpMessageConverter4Case2Test.test5","com.alibaba.json.bvt.support.spring.mock.testcase.FastJsonpHttpMessageConverter4Case2Test.isInjectComponent","com.alibaba.json.bvt.support.spring.mock.testcase.FastJsonHttpMessageConverterTest.test1","com.alibaba.json.bvt.support.spring.mock.testcase.FastJsonHttpMessageConverterTest.test2","com.alibaba.json.bvt.support.spring.mock.testcase.FastJsonHttpMessageConverterTest.test3","com.alibaba.json.bvt.support.spring.mock.testcase.FastJsonHttpMessageConverterTest.test4","com.alibaba.json.bvt.support.spring.mock.testcase.FastJsonHttpMessageConverterTest.test5","com.alibaba.json.bvt.support.spring.mock.testcase.FastJsonHttpMessageConverterTest.test6","com.alibaba.json.bvt.support.spring.mock.testcase.FastJsonpHttpMessageConverter4Case3Test.test1_2","com.alibaba.json.bvt.support.spring.mock.testcase.FastJsonpHttpMessageConverter4Case3Test.test2_2","com.alibaba.json.bvt.support.spring.mock.testcase.FastJsonpHttpMessageConverter4Case3Test.test3_2","com.alibaba.json.bvt.support.spring.mock.testcase.FastJsonpHttpMessageConverter4Case3Test.test4_2","com.alibaba.json.bvt.support.spring.mock.testcase.FastJsonpHttpMessageConverter4Case3Test.test5_2","com.alibaba.json.bvt.support.spring.mock.testcase.FastJsonpHttpMessageConverter4Case3Test.test1","com.alibaba.json.bvt.support.spring.mock.testcase.FastJsonpHttpMessageConverter4Case3Test.test2","com.alibaba.json.bvt.support.spring.mock.testcase.FastJsonpHttpMessageConverter4Case3Test.test3","com.alibaba.json.bvt.support.spring.mock.testcase.FastJsonpHttpMessageConverter4Case3Test.test4","com.alibaba.json.bvt.support.spring.mock.testcase.FastJsonpHttpMessageConverter4Case3Test.test5","com.alibaba.json.bvt.support.spring.mock.testcase.FastJsonpHttpMessageConverter4Case3Test.checkDefaultJSONPQueryParamNames","com.alibaba.json.bvt.support.spring.mock.testcase.FastJsonpHttpMessageConverter4Case3Test.isInjectComponent","com.alibaba.json.bvt.support.spring.mock.testcase.FastJsonHttpMessageConverterCase2Test.test8_2","com.alibaba.json.bvt.support.spring.mock.testcase.FastJsonHttpMessageConverterCase2Test.test8","com.alibaba.json.bvt.support.spring.mock.testcase.FastJsonHttpMessageConverterCase2Test.isInjectComponent","com.alibaba.json.bvt.support.spring.mock.testcase.FastJsonHttpMessageConverter4Test.test1","com.alibaba.json.bvt.support.spring.mock.testcase.FastJsonHttpMessageConverter4Test.test2","com.alibaba.json.bvt.support.spring.mock.testcase.FastJsonHttpMessageConverter4Test.test3","com.alibaba.json.bvt.support.spring.mock.testcase.FastJsonHttpMessageConverter4Test.test4","com.alibaba.json.bvt.support.spring.mock.testcase.FastJsonHttpMessageConverter4Test.test5","com.alibaba.json.bvt.support.spring.mock.testcase.FastJsonpHttpMessageConverter4Case1Test.test1_2","com.alibaba.json.bvt.support.spring.mock.testcase.FastJsonpHttpMessageConverter4Case1Test.test2_2","com.alibaba.json.bvt.support.spring.mock.testcase.FastJsonpHttpMessageConverter4Case1Test.test3_2","com.alibaba.json.bvt.support.spring.mock.testcase.FastJsonpHttpMessageConverter4Case1Test.test4_2","com.alibaba.json.bvt.support.spring.mock.testcase.FastJsonpHttpMessageConverter4Case1Test.test5_2","com.alibaba.json.bvt.support.spring.mock.testcase.FastJsonpHttpMessageConverter4Case1Test.test1","com.alibaba.json.bvt.support.spring.mock.testcase.FastJsonpHttpMessageConverter4Case1Test.test2","com.alibaba.json.bvt.support.spring.mock.testcase.FastJsonpHttpMessageConverter4Case1Test.test3","com.alibaba.json.bvt.support.spring.mock.testcase.FastJsonpHttpMessageConverter4Case1Test.test4","com.alibaba.json.bvt.support.spring.mock.testcase.FastJsonpHttpMessageConverter4Case1Test.test5","com.alibaba.json.bvt.support.spring.mock.testcase.FastJsonpHttpMessageConverter4Case1Test.isInjectComponent","com.alibaba.json.bvt.support.spring.FastJsonJsonViewTest.test_jsonp_invalidParam","com.alibaba.json.bvt.support.spring.FastJsonJsonViewTest.test_jsonp","com.alibaba.json.bvt.support.spring.FastJsonRedisSerializerTest.test_1","com.alibaba.json.bvt.support.spring.FastJsonRedisSerializerTest.test_2","com.alibaba.json.bvt.support.spring.FastJsonRedisSerializerTest.test_3","com.alibaba.json.bvt.support.spring.FastJsonRedisSerializerTest.test_4","com.alibaba.json.bvt.support.spring.FastJsonRedisSerializerTest.test_5","com.alibaba.json.bvt.support.spring.FastJsonRedisSerializerTest.test_6","com.alibaba.json.bvt.support.spring.GenericFastJsonRedisSerializerTest.test_1","com.alibaba.json.bvt.support.spring.GenericFastJsonRedisSerializerTest.test_2","com.alibaba.json.bvt.support.spring.GenericFastJsonRedisSerializerTest.test_3","com.alibaba.json.bvt.support.spring.GenericFastJsonRedisSerializerTest.test_4","com.alibaba.json.bvt.support.spring.GenericFastJsonRedisSerializerTest.test_5","com.alibaba.json.bvt.support.spring.GenericFastJsonRedisSerializerTest.test_6","com.alibaba.json.bvt.parser.deser.FieldSerializerTest4.testPattern","com.alibaba.json.bvt.serializer.enum_.EnumTest3.testName","com.alibaba.json.bvt.serializer.enum_.EnumTest3.testWriterSerializerFeature","com.alibaba.json.bvt.serializer.enum_.EnumTest3.testDefault","com.alibaba.json.bvt.serializer.enum_.EnumTest3.testDefault1","com.alibaba.json.bvt.serializer.enum_.EnumTest3.testDefault2","com.alibaba.json.bvt.bug.FastJsonSerializeIterableTest.testWithIterable","com.alibaba.json.bvt.bug.JSONTest.testParseArray","com.alibaba.json.bvt.bug.JSONTest.testInnerEntry","com.alibaba.json.bvt.issue_1300.Issue1367.testParameterizedTypeBean","com.alibaba.json.bvt.issue_1300.Issue1367.testTypeVariableBean","com.alibaba.json.bvt.issue_1300.Issue1367_jaxrs.testParameterizedTypeBean","com.alibaba.json.bvt.issue_1300.Issue1367_jaxrs.testTypeVariableBean","com.alibaba.json.bvt.issue_1300.Issue1341.test","com.alibaba.json.bvt.issue_1300.Issue1307.test_context_value_filter_not_effected","com.alibaba.json.bvt.issue_1300.Issue1307.test_context_value_filter_effected","com.alibaba.json.bvt.issue_1300.Issue1392.test","com.alibaba.json.bvt.issue_1400.Issue1405.test7","com.alibaba.json.bvt.issue_1600.Issue1612.test","com.alibaba.json.bvt.issue_1700.issue1763_2.TestIssue1763_2.testBug1763_2","com.alibaba.json.bvt.issue_1700.issue1763_2.TestIssue1763_2.testFixBug1763_2","com.alibaba.json.bvt.issue_1700.Issue1701.testBean","com.alibaba.json.bvt.Bug89.testBug89","com.alibaba.json.test.generic.GenericTypeTest.testEmbeddedGenericType","com.alibaba.json.bvtVO.ArgCheckTest.testJSON","com.alibaba.fastjson.deserializer.issues569.TestIssues569.testFixBug569","com.alibaba.fastjson.deserializer.issues569.TestIssues569.testBug569","com.alibaba.fastjson.deserializer.issue2711.TestIssue.testDeserializeGenericsUnwrapped","com.alibaba.fastjson.deserializer.issue1463.TestIssue1463.testIssue1463","com.alibaba.fastjson.deserializer.issue2638.TestIssue2638.testBug2638","com.alibaba.fastjson.deserializer.IgnoreTypeDeserializer.parseWithExistType","com.alibaba.fastjson.deserializer.IgnoreTypeDeserializer.parseObjectWithNotExistType","com.alibaba.fastjson.deserializer.IgnoreTypeDeserializer.parseObjectWithExistType","com.alibaba.fastjson.deserializer.IgnoreTypeDeserializer.parseObjectWithNotExistTypeThrowException"],"result":"PASS","testRunId":"1573071546558-7ff6a118-5ea1-42fa-b815-ef8ad33cee6e"},"revealed":{"order":["com.alibaba.json.bvt.support.spring.FastJsonJsonViewTest.test_jsonp","com.alibaba.json.bvt.support.spring.FastJsonJsonViewTest.test_jsonp_invalidParam","com.derbysoft.spitfire.fastjson.TestFastJson.testSerializePerformance","com.alibaba.fastjson.deserializer.IgnoreTypeDeserializer.parseObjectWithExistType","com.alibaba.fastjson.deserializer.IgnoreTypeDeserializer.parseObjectWithNotExistTypeThrowException","com.alibaba.fastjson.deserializer.IgnoreTypeDeserializer.parseWithExistType","com.alibaba.fastjson.deserializer.IgnoreTypeDeserializer.parseObjectWithNotExistType"],"result":"ERROR","testRunId":"1573149506593-c9422f1e-1690-46c1-9bb1-3af0710a23b6"}},{"name":"com.alibaba.json.bvt.support.jaxrs.mock.testcase.FastJsonProviderTest.test0","intended":{"order":[],"result":"PASS","testRunId":"1573071546558-7ff6a118-5ea1-42fa-b815-ef8ad33cee6e"},"revealed":{"order":["com.alibaba.json.bvt.support.spring.FastJsonJsonViewTest.test_jsonp","com.alibaba.json.bvt.support.spring.FastJsonJsonViewTest.test_jsonp_invalidParam","com.derbysoft.spitfire.fastjson.TestFastJson.testSerializePerformance","com.alibaba.fastjson.deserializer.IgnoreTypeDeserializer.parseObjectWithExistType","com.alibaba.fastjson.deserializer.IgnoreTypeDeserializer.parseObjectWithNotExistTypeThrowException","com.alibaba.fastjson.deserializer.IgnoreTypeDeserializer.parseWithExistType","com.alibaba.fastjson.deserializer.IgnoreTypeDeserializer.parseObjectWithNotExistType","com.alibaba.fastjson.deserializer.IgnoreTypeDeserializer.parseWithNotExistType","com.alibaba.fastjson.serializer.TestParse.testParse","com.alibaba.json.bvt.issue_1700.issue1763_2.TestIssue1763_2.testBug1763_2","com.alibaba.json.bvt.issue_1700.issue1763_2.TestIssue1763_2.testFixBug1763_2","com.alibaba.json.bvt.issue_1700.Issue1701.testBean","com.alibaba.json.bvt.support.spring.mock.testcase.FastJsonHttpMessageConverterCase2Test.isInjectComponent","com.alibaba.json.bvt.support.spring.mock.testcase.FastJsonHttpMessageConverterCase2Test.test8","com.alibaba.json.bvt.support.spring.mock.testcase.FastJsonHttpMessageConverterCase2Test.test8_2","com.alibaba.fastjson.deserializer.issue2711.TestIssue.testDeserializeGenericsUnwrapped","com.alibaba.json.bvt.support.spring.mock.testcase.FastJsonHttpMessageConverterTest.test6","com.alibaba.json.bvt.support.spring.mock.testcase.FastJsonHttpMessageConverterTest.test4","com.alibaba.json.bvt.support.spring.mock.testcase.FastJsonHttpMessageConverterTest.test3","com.alibaba.json.bvt.support.spring.mock.testcase.FastJsonHttpMessageConverterTest.test1","com.alibaba.json.bvt.support.spring.mock.testcase.FastJsonHttpMessageConverterTest.test2","com.alibaba.json.bvt.support.spring.mock.testcase.FastJsonHttpMessageConverterTest.test5","com.alibaba.json.bvt.support.spring.mock.testcase.FastJsonJsonViewTest.test2","com.alibaba.json.bvt.support.spring.mock.testcase.FastJsonJsonViewTest.test1","com.alibaba.fastjson.deserializer.TestISO8601Date.testBug1884","com.alibaba.fastjson.deserializer.TestISO8601Date.testBug376","com.alibaba.json.bvt.issue_1400.Issue1405.test7"],"result":"ERROR","testRunId":"1573149506593-c9422f1e-1690-46c1-9bb1-3af0710a23b6"}}]},"filteredTests":{"dts":[]},"roundTime":1703.707142944}