{"testRunIds":["1573179163119-bc00cf5b-4b85-4d41-969a-251f9c67daaf"],"unfilteredTests":{"dts":[{"name":"com.alibaba.json.bvt.support.jaxrs.mock.testcase.FastJsonProviderTest.test1","intended":{"order":["com.alibaba.json.bvt.support.jaxrs.mock.testcase.FastJsonProviderTest.test0"],"result":"PASS","testRunId":"1573071546558-7ff6a118-5ea1-42fa-b815-ef8ad33cee6e"},"revealed":{"order":["com.alibaba.json.bvt.support.spring.mock.testcase.FastJsonpHttpMessageConverter4Case3Test.test5","com.alibaba.json.bvt.support.spring.mock.testcase.FastJsonpHttpMessageConverter4Case3Test.test1_2","com.alibaba.json.bvt.support.spring.mock.testcase.FastJsonpHttpMessageConverter4Case3Test.test4_2","com.alibaba.json.bvt.support.spring.mock.testcase.FastJsonpHttpMessageConverter4Case3Test.test1","com.alibaba.json.bvt.support.spring.mock.testcase.FastJsonpHttpMessageConverter4Case3Test.test3_2","com.alibaba.json.bvt.support.spring.mock.testcase.FastJsonpHttpMessageConverter4Case3Test.checkDefaultJSONPQueryParamNames","com.alibaba.json.bvt.support.spring.mock.testcase.FastJsonpHttpMessageConverter4Case3Test.test2_2","com.alibaba.json.bvt.support.spring.mock.testcase.FastJsonpHttpMessageConverter4Case3Test.test2","com.alibaba.json.bvt.support.spring.mock.testcase.FastJsonpHttpMessageConverter4Case3Test.test5_2","com.alibaba.json.bvt.support.spring.mock.testcase.FastJsonpHttpMessageConverter4Case3Test.test3","com.alibaba.json.bvt.support.spring.mock.testcase.FastJsonpHttpMessageConverter4Case3Test.isInjectComponent","com.alibaba.json.bvt.support.spring.mock.testcase.FastJsonpHttpMessageConverter4Case3Test.test4","com.alibaba.fastjson.JSONPathTest.eq2","com.alibaba.fastjson.JSONPathTest.isDigitFirst3","com.alibaba.fastjson.JSONPathTest.isDigitFirst2","com.alibaba.fastjson.JSONPathTest.isDigitFirst1","com.alibaba.fastjson.JSONPathTest.eq1","com.alibaba.fastjson.JSONPathTest.isEOF2","com.alibaba.fastjson.JSONPathTest.isEOF1","com.alibaba.fastjson.serializer.SerializeWriterTest.testWriteLiteSpecilaStr","com.alibaba.fastjson.serializer.SerializeWriterTest.testWriteLargeSpecialStr","com.alibaba.fastjson.serializer.SerializeWriterTest.testWriteLiteBasicStr","com.alibaba.fastjson.serializer.SerializeWriterTest.test_large","com.alibaba.fastjson.serializer.SerializeWriterTest.testWriteLargeBasicStr","com.alibaba.json.bvt.support.spring.FastJsonRedisSerializerTest.test_1","com.alibaba.json.bvt.support.spring.FastJsonRedisSerializerTest.test_4","com.alibaba.json.bvt.support.spring.FastJsonRedisSerializerTest.test_5","com.alibaba.json.bvt.support.spring.FastJsonRedisSerializerTest.test_2","com.alibaba.json.bvt.support.spring.FastJsonRedisSerializerTest.test_6","com.alibaba.json.bvt.support.spring.FastJsonRedisSerializerTest.test_3","com.alibaba.fastjson.parser.JSONScannerTest.checkTime10","com.alibaba.fastjson.parser.JSONScannerTest.charArrayCompare3","com.alibaba.fastjson.parser.JSONScannerTest.charArrayCompare1","com.alibaba.fastjson.parser.JSONScannerTest.checkTime13","com.alibaba.fastjson.parser.JSONScannerTest.checkTime1","com.alibaba.fastjson.parser.JSONScannerTest.checkTime16","com.alibaba.fastjson.parser.JSONScannerTest.checkDate7","com.alibaba.fastjson.parser.JSONScannerTest.checkDate1","com.alibaba.fastjson.parser.JSONScannerTest.checkTime12","com.alibaba.fastjson.parser.JSONScannerTest.checkTime15","com.alibaba.fastjson.parser.JSONScannerTest.checkDate8","com.alibaba.fastjson.parser.JSONScannerTest.checkDate3","com.alibaba.fastjson.parser.JSONScannerTest.checkTime17","com.alibaba.fastjson.parser.JSONScannerTest.checkDate15","com.alibaba.fastjson.parser.JSONScannerTest.isEOF2","com.alibaba.fastjson.parser.JSONScannerTest.checkDate14","com.alibaba.fastjson.parser.JSONScannerTest.checkTime9","com.alibaba.fastjson.parser.JSONScannerTest.checkTime2","com.alibaba.fastjson.parser.JSONScannerTest.checkDate13","com.alibaba.fastjson.parser.JSONScannerTest.checkDate12","com.alibaba.fastjson.parser.JSONScannerTest.checkTime11","com.alibaba.fastjson.parser.JSONScannerTest.isEOF1","com.alibaba.fastjson.parser.JSONScannerTest.checkDate5","com.alibaba.fastjson.parser.JSONScannerTest.checkTime6","com.alibaba.fastjson.parser.JSONScannerTest.checkTime8","com.alibaba.fastjson.parser.JSONScannerTest.checkDate2","com.alibaba.fastjson.parser.JSONScannerTest.charArrayCompare4","com.alibaba.fastjson.parser.JSONScannerTest.checkTime3","com.alibaba.fastjson.parser.JSONScannerTest.info1","com.alibaba.fastjson.parser.JSONScannerTest.checkDate17","com.alibaba.fastjson.parser.JSONScannerTest.isEOF3","com.alibaba.fastjson.parser.JSONScannerTest.checkDate6","com.alibaba.fastjson.parser.JSONScannerTest.checkDate16","com.alibaba.fastjson.parser.JSONScannerTest.checkTime5","com.alibaba.fastjson.parser.JSONScannerTest.checkTime7","com.alibaba.fastjson.parser.JSONScannerTest.checkDate11","com.alibaba.fastjson.parser.JSONScannerTest.checkTime4","com.alibaba.fastjson.parser.JSONScannerTest.checkDate4","com.alibaba.fastjson.parser.JSONScannerTest.checkDate10","com.alibaba.fastjson.parser.JSONScannerTest.checkDate9","com.alibaba.fastjson.parser.JSONScannerTest.checkTime14","com.alibaba.fastjson.support.jaxrs.TestIssue885.testWriteTo","com.alibaba.fastjson.support.jaxrs.TestIssue885.testWriteToWithPretty","com.alibaba.fastjson.support.jaxrs.TestIssue885.testReadFrom","com.alibaba.json.bvt.issue_1600.Issue1612.test","com.alibaba.fastjson.deserializer.issue2638.TestIssue2638.testBug2638","com.alibaba.json.bvt.issue_1300.Issue1367.testParameterizedTypeBean","com.alibaba.json.bvt.issue_1300.Issue1367.testTypeVariableBean","com.alibaba.json.bvt.issue_1400.Issue1405.test7","com.alibaba.json.bvt.support.spring.mock.testcase.FastJsonViewTest.test5","com.alibaba.json.bvt.support.spring.mock.testcase.FastJsonViewTest.test2","com.alibaba.json.bvt.support.spring.mock.testcase.FastJsonViewTest.isInjectComponent","com.alibaba.json.bvt.support.spring.mock.testcase.FastJsonViewTest.test4","com.alibaba.json.bvt.support.spring.mock.testcase.FastJsonViewTest.test3","com.alibaba.json.bvt.support.spring.mock.testcase.FastJsonViewTest.test6","com.alibaba.json.bvt.support.spring.mock.testcase.FastJsonViewTest.test1","com.alibaba.fastjson.deserializer.TestISO8601Date.testBug1884","com.alibaba.fastjson.deserializer.TestISO8601Date.testBug376","com.alibaba.fastjson.serializer.TestParse.testParse","com.alibaba.json.bvt.issue_1300.Issue1392.test","com.alibaba.json.bvt.support.spring.mock.testcase.FastJsonHttpMessageConverterCase2Test.test8","com.alibaba.json.bvt.support.spring.mock.testcase.FastJsonHttpMessageConverterCase2Test.test8_2","com.alibaba.json.bvt.support.spring.mock.testcase.FastJsonHttpMessageConverterCase2Test.isInjectComponent","com.derbysoft.spitfire.fastjson.TestFastJson.testSerializePerformance","com.alibaba.json.bvt.support.spring.GenericFastJsonRedisSerializerTest.test_4","com.alibaba.json.bvt.support.spring.GenericFastJsonRedisSerializerTest.test_3","com.alibaba.json.bvt.support.spring.GenericFastJsonRedisSerializerTest.test_6","com.alibaba.json.bvt.support.spring.GenericFastJsonRedisSerializerTest.test_2","com.alibaba.json.bvt.support.spring.GenericFastJsonRedisSerializerTest.test_5","com.alibaba.json.bvt.support.spring.GenericFastJsonRedisSerializerTest.test_1","com.alibaba.json.bvt.support.spring.mock.testcase.FastJsonHttpMessageConverter4Test.test3","com.alibaba.json.bvt.support.spring.mock.testcase.FastJsonHttpMessageConverter4Test.test2","com.alibaba.json.bvt.support.spring.mock.testcase.FastJsonHttpMessageConverter4Test.test1","com.alibaba.json.bvt.support.spring.mock.testcase.FastJsonHttpMessageConverter4Test.test5","com.alibaba.json.bvt.support.spring.mock.testcase.FastJsonHttpMessageConverter4Test.test4","com.alibaba.json.bvt.support.jaxrs.mock.testcase.FastJsonProviderTest.test2"],"result":"ERROR","testRunId":"1573179163119-bc00cf5b-4b85-4d41-969a-251f9c67daaf"}},{"name":"com.alibaba.json.bvt.support.jaxrs.mock.testcase.FastJsonProviderTest.test2","intended":{"order":["com.alibaba.json.bvt.support.jaxrs.mock.testcase.FastJsonProviderTest.test0","com.alibaba.json.bvt.support.jaxrs.mock.testcase.FastJsonProviderTest.test1"],"result":"PASS","testRunId":"1573071546558-7ff6a118-5ea1-42fa-b815-ef8ad33cee6e"},"revealed":{"order":["com.alibaba.json.bvt.support.spring.mock.testcase.FastJsonpHttpMessageConverter4Case3Test.test5","com.alibaba.json.bvt.support.spring.mock.testcase.FastJsonpHttpMessageConverter4Case3Test.test1_2","com.alibaba.json.bvt.support.spring.mock.testcase.FastJsonpHttpMessageConverter4Case3Test.test4_2","com.alibaba.json.bvt.support.spring.mock.testcase.FastJsonpHttpMessageConverter4Case3Test.test1","com.alibaba.json.bvt.support.spring.mock.testcase.FastJsonpHttpMessageConverter4Case3Test.test3_2","com.alibaba.json.bvt.support.spring.mock.testcase.FastJsonpHttpMessageConverter4Case3Test.checkDefaultJSONPQueryParamNames","com.alibaba.json.bvt.support.spring.mock.testcase.FastJsonpHttpMessageConverter4Case3Test.test2_2","com.alibaba.json.bvt.support.spring.mock.testcase.FastJsonpHttpMessageConverter4Case3Test.test2","com.alibaba.json.bvt.support.spring.mock.testcase.FastJsonpHttpMessageConverter4Case3Test.test5_2","com.alibaba.json.bvt.support.spring.mock.testcase.FastJsonpHttpMessageConverter4Case3Test.test3","com.alibaba.json.bvt.support.spring.mock.testcase.FastJsonpHttpMessageConverter4Case3Test.isInjectComponent","com.alibaba.json.bvt.support.spring.mock.testcase.FastJsonpHttpMessageConverter4Case3Test.test4","com.alibaba.fastjson.JSONPathTest.eq2","com.alibaba.fastjson.JSONPathTest.isDigitFirst3","com.alibaba.fastjson.JSONPathTest.isDigitFirst2","com.alibaba.fastjson.JSONPathTest.isDigitFirst1","com.alibaba.fastjson.JSONPathTest.eq1","com.alibaba.fastjson.JSONPathTest.isEOF2","com.alibaba.fastjson.JSONPathTest.isEOF1","com.alibaba.fastjson.serializer.SerializeWriterTest.testWriteLiteSpecilaStr","com.alibaba.fastjson.serializer.SerializeWriterTest.testWriteLargeSpecialStr","com.alibaba.fastjson.serializer.SerializeWriterTest.testWriteLiteBasicStr","com.alibaba.fastjson.serializer.SerializeWriterTest.test_large","com.alibaba.fastjson.serializer.SerializeWriterTest.testWriteLargeBasicStr","com.alibaba.json.bvt.support.spring.FastJsonRedisSerializerTest.test_1","com.alibaba.json.bvt.support.spring.FastJsonRedisSerializerTest.test_4","com.alibaba.json.bvt.support.spring.FastJsonRedisSerializerTest.test_5","com.alibaba.json.bvt.support.spring.FastJsonRedisSerializerTest.test_2","com.alibaba.json.bvt.support.spring.FastJsonRedisSerializerTest.test_6","com.alibaba.json.bvt.support.spring.FastJsonRedisSerializerTest.test_3","com.alibaba.fastjson.parser.JSONScannerTest.checkTime10","com.alibaba.fastjson.parser.JSONScannerTest.charArrayCompare3","com.alibaba.fastjson.parser.JSONScannerTest.charArrayCompare1","com.alibaba.fastjson.parser.JSONScannerTest.checkTime13","com.alibaba.fastjson.parser.JSONScannerTest.checkTime1","com.alibaba.fastjson.parser.JSONScannerTest.checkTime16","com.alibaba.fastjson.parser.JSONScannerTest.checkDate7","com.alibaba.fastjson.parser.JSONScannerTest.checkDate1","com.alibaba.fastjson.parser.JSONScannerTest.checkTime12","com.alibaba.fastjson.parser.JSONScannerTest.checkTime15","com.alibaba.fastjson.parser.JSONScannerTest.checkDate8","com.alibaba.fastjson.parser.JSONScannerTest.checkDate3","com.alibaba.fastjson.parser.JSONScannerTest.checkTime17","com.alibaba.fastjson.parser.JSONScannerTest.checkDate15","com.alibaba.fastjson.parser.JSONScannerTest.isEOF2","com.alibaba.fastjson.parser.JSONScannerTest.checkDate14","com.alibaba.fastjson.parser.JSONScannerTest.checkTime9","com.alibaba.fastjson.parser.JSONScannerTest.checkTime2","com.alibaba.fastjson.parser.JSONScannerTest.checkDate13","com.alibaba.fastjson.parser.JSONScannerTest.checkDate12","com.alibaba.fastjson.parser.JSONScannerTest.checkTime11","com.alibaba.fastjson.parser.JSONScannerTest.isEOF1","com.alibaba.fastjson.parser.JSONScannerTest.checkDate5","com.alibaba.fastjson.parser.JSONScannerTest.checkTime6","com.alibaba.fastjson.parser.JSONScannerTest.checkTime8","com.alibaba.fastjson.parser.JSONScannerTest.checkDate2","com.alibaba.fastjson.parser.JSONScannerTest.charArrayCompare4","com.alibaba.fastjson.parser.JSONScannerTest.checkTime3","com.alibaba.fastjson.parser.JSONScannerTest.info1","com.alibaba.fastjson.parser.JSONScannerTest.checkDate17","com.alibaba.fastjson.parser.JSONScannerTest.isEOF3","com.alibaba.fastjson.parser.JSONScannerTest.checkDate6","com.alibaba.fastjson.parser.JSONScannerTest.checkDate16","com.alibaba.fastjson.parser.JSONScannerTest.checkTime5","com.alibaba.fastjson.parser.JSONScannerTest.checkTime7","com.alibaba.fastjson.parser.JSONScannerTest.checkDate11","com.alibaba.fastjson.parser.JSONScannerTest.checkTime4","com.alibaba.fastjson.parser.JSONScannerTest.checkDate4","com.alibaba.fastjson.parser.JSONScannerTest.checkDate10","com.alibaba.fastjson.parser.JSONScannerTest.checkDate9","com.alibaba.fastjson.parser.JSONScannerTest.checkTime14","com.alibaba.fastjson.support.jaxrs.TestIssue885.testWriteTo","com.alibaba.fastjson.support.jaxrs.TestIssue885.testWriteToWithPretty","com.alibaba.fastjson.support.jaxrs.TestIssue885.testReadFrom","com.alibaba.json.bvt.issue_1600.Issue1612.test","com.alibaba.fastjson.deserializer.issue2638.TestIssue2638.testBug2638","com.alibaba.json.bvt.issue_1300.Issue1367.testParameterizedTypeBean","com.alibaba.json.bvt.issue_1300.Issue1367.testTypeVariableBean","com.alibaba.json.bvt.issue_1400.Issue1405.test7","com.alibaba.json.bvt.support.spring.mock.testcase.FastJsonViewTest.test5","com.alibaba.json.bvt.support.spring.mock.testcase.FastJsonViewTest.test2","com.alibaba.json.bvt.support.spring.mock.testcase.FastJsonViewTest.isInjectComponent","com.alibaba.json.bvt.support.spring.mock.testcase.FastJsonViewTest.test4","com.alibaba.json.bvt.support.spring.mock.testcase.FastJsonViewTest.test3","com.alibaba.json.bvt.support.spring.mock.testcase.FastJsonViewTest.test6","com.alibaba.json.bvt.support.spring.mock.testcase.FastJsonViewTest.test1","com.alibaba.fastjson.deserializer.TestISO8601Date.testBug1884","com.alibaba.fastjson.deserializer.TestISO8601Date.testBug376","com.alibaba.fastjson.serializer.TestParse.testParse","com.alibaba.json.bvt.issue_1300.Issue1392.test","com.alibaba.json.bvt.support.spring.mock.testcase.FastJsonHttpMessageConverterCase2Test.test8","com.alibaba.json.bvt.support.spring.mock.testcase.FastJsonHttpMessageConverterCase2Test.test8_2","com.alibaba.json.bvt.support.spring.mock.testcase.FastJsonHttpMessageConverterCase2Test.isInjectComponent","com.derbysoft.spitfire.fastjson.TestFastJson.testSerializePerformance","com.alibaba.json.bvt.support.spring.GenericFastJsonRedisSerializerTest.test_4","com.alibaba.json.bvt.support.spring.GenericFastJsonRedisSerializerTest.test_3","com.alibaba.json.bvt.support.spring.GenericFastJsonRedisSerializerTest.test_6","com.alibaba.json.bvt.support.spring.GenericFastJsonRedisSerializerTest.test_2","com.alibaba.json.bvt.support.spring.GenericFastJsonRedisSerializerTest.test_5","com.alibaba.json.bvt.support.spring.GenericFastJsonRedisSerializerTest.test_1","com.alibaba.json.bvt.support.spring.mock.testcase.FastJsonHttpMessageConverter4Test.test3","com.alibaba.json.bvt.support.spring.mock.testcase.FastJsonHttpMessageConverter4Test.test2","com.alibaba.json.bvt.support.spring.mock.testcase.FastJsonHttpMessageConverter4Test.test1","com.alibaba.json.bvt.support.spring.mock.testcase.FastJsonHttpMessageConverter4Test.test5","com.alibaba.json.bvt.support.spring.mock.testcase.FastJsonHttpMessageConverter4Test.test4"],"result":"ERROR","testRunId":"1573179163119-bc00cf5b-4b85-4d41-969a-251f9c67daaf"}},{"name":"com.alibaba.json.bvt.support.jaxrs.mock.testcase.FastJsonProviderTest.test0","intended":{"order":[],"result":"PASS","testRunId":"1573071546558-7ff6a118-5ea1-42fa-b815-ef8ad33cee6e"},"revealed":{"order":["com.alibaba.json.bvt.support.spring.mock.testcase.FastJsonpHttpMessageConverter4Case3Test.test5","com.alibaba.json.bvt.support.spring.mock.testcase.FastJsonpHttpMessageConverter4Case3Test.test1_2","com.alibaba.json.bvt.support.spring.mock.testcase.FastJsonpHttpMessageConverter4Case3Test.test4_2","com.alibaba.json.bvt.support.spring.mock.testcase.FastJsonpHttpMessageConverter4Case3Test.test1","com.alibaba.json.bvt.support.spring.mock.testcase.FastJsonpHttpMessageConverter4Case3Test.test3_2","com.alibaba.json.bvt.support.spring.mock.testcase.FastJsonpHttpMessageConverter4Case3Test.checkDefaultJSONPQueryParamNames","com.alibaba.json.bvt.support.spring.mock.testcase.FastJsonpHttpMessageConverter4Case3Test.test2_2","com.alibaba.json.bvt.support.spring.mock.testcase.FastJsonpHttpMessageConverter4Case3Test.test2","com.alibaba.json.bvt.support.spring.mock.testcase.FastJsonpHttpMessageConverter4Case3Test.test5_2","com.alibaba.json.bvt.support.spring.mock.testcase.FastJsonpHttpMessageConverter4Case3Test.test3","com.alibaba.json.bvt.support.spring.mock.testcase.FastJsonpHttpMessageConverter4Case3Test.isInjectComponent","com.alibaba.json.bvt.support.spring.mock.testcase.FastJsonpHttpMessageConverter4Case3Test.test4","com.alibaba.fastjson.JSONPathTest.eq2","com.alibaba.fastjson.JSONPathTest.isDigitFirst3","com.alibaba.fastjson.JSONPathTest.isDigitFirst2","com.alibaba.fastjson.JSONPathTest.isDigitFirst1","com.alibaba.fastjson.JSONPathTest.eq1","com.alibaba.fastjson.JSONPathTest.isEOF2","com.alibaba.fastjson.JSONPathTest.isEOF1","com.alibaba.fastjson.serializer.SerializeWriterTest.testWriteLiteSpecilaStr","com.alibaba.fastjson.serializer.SerializeWriterTest.testWriteLargeSpecialStr","com.alibaba.fastjson.serializer.SerializeWriterTest.testWriteLiteBasicStr","com.alibaba.fastjson.serializer.SerializeWriterTest.test_large","com.alibaba.fastjson.serializer.SerializeWriterTest.testWriteLargeBasicStr","com.alibaba.json.bvt.support.spring.FastJsonRedisSerializerTest.test_1","com.alibaba.json.bvt.support.spring.FastJsonRedisSerializerTest.test_4","com.alibaba.json.bvt.support.spring.FastJsonRedisSerializerTest.test_5","com.alibaba.json.bvt.support.spring.FastJsonRedisSerializerTest.test_2","com.alibaba.json.bvt.support.spring.FastJsonRedisSerializerTest.test_6","com.alibaba.json.bvt.support.spring.FastJsonRedisSerializerTest.test_3","com.alibaba.fastjson.parser.JSONScannerTest.checkTime10","com.alibaba.fastjson.parser.JSONScannerTest.charArrayCompare3","com.alibaba.fastjson.parser.JSONScannerTest.charArrayCompare1","com.alibaba.fastjson.parser.JSONScannerTest.checkTime13","com.alibaba.fastjson.parser.JSONScannerTest.checkTime1","com.alibaba.fastjson.parser.JSONScannerTest.checkTime16","com.alibaba.fastjson.parser.JSONScannerTest.checkDate7","com.alibaba.fastjson.parser.JSONScannerTest.checkDate1","com.alibaba.fastjson.parser.JSONScannerTest.checkTime12","com.alibaba.fastjson.parser.JSONScannerTest.checkTime15","com.alibaba.fastjson.parser.JSONScannerTest.checkDate8","com.alibaba.fastjson.parser.JSONScannerTest.checkDate3","com.alibaba.fastjson.parser.JSONScannerTest.checkTime17","com.alibaba.fastjson.parser.JSONScannerTest.checkDate15","com.alibaba.fastjson.parser.JSONScannerTest.isEOF2","com.alibaba.fastjson.parser.JSONScannerTest.checkDate14","com.alibaba.fastjson.parser.JSONScannerTest.checkTime9","com.alibaba.fastjson.parser.JSONScannerTest.checkTime2","com.alibaba.fastjson.parser.JSONScannerTest.checkDate13","com.alibaba.fastjson.parser.JSONScannerTest.checkDate12","com.alibaba.fastjson.parser.JSONScannerTest.checkTime11","com.alibaba.fastjson.parser.JSONScannerTest.isEOF1","com.alibaba.fastjson.parser.JSONScannerTest.checkDate5","com.alibaba.fastjson.parser.JSONScannerTest.checkTime6","com.alibaba.fastjson.parser.JSONScannerTest.checkTime8","com.alibaba.fastjson.parser.JSONScannerTest.checkDate2","com.alibaba.fastjson.parser.JSONScannerTest.charArrayCompare4","com.alibaba.fastjson.parser.JSONScannerTest.checkTime3","com.alibaba.fastjson.parser.JSONScannerTest.info1","com.alibaba.fastjson.parser.JSONScannerTest.checkDate17","com.alibaba.fastjson.parser.JSONScannerTest.isEOF3","com.alibaba.fastjson.parser.JSONScannerTest.checkDate6","com.alibaba.fastjson.parser.JSONScannerTest.checkDate16","com.alibaba.fastjson.parser.JSONScannerTest.checkTime5","com.alibaba.fastjson.parser.JSONScannerTest.checkTime7","com.alibaba.fastjson.parser.JSONScannerTest.checkDate11","com.alibaba.fastjson.parser.JSONScannerTest.checkTime4","com.alibaba.fastjson.parser.JSONScannerTest.checkDate4","com.alibaba.fastjson.parser.JSONScannerTest.checkDate10","com.alibaba.fastjson.parser.JSONScannerTest.checkDate9","com.alibaba.fastjson.parser.JSONScannerTest.checkTime14","com.alibaba.fastjson.support.jaxrs.TestIssue885.testWriteTo","com.alibaba.fastjson.support.jaxrs.TestIssue885.testWriteToWithPretty","com.alibaba.fastjson.support.jaxrs.TestIssue885.testReadFrom","com.alibaba.json.bvt.issue_1600.Issue1612.test","com.alibaba.fastjson.deserializer.issue2638.TestIssue2638.testBug2638","com.alibaba.json.bvt.issue_1300.Issue1367.testParameterizedTypeBean","com.alibaba.json.bvt.issue_1300.Issue1367.testTypeVariableBean","com.alibaba.json.bvt.issue_1400.Issue1405.test7","com.alibaba.json.bvt.support.spring.mock.testcase.FastJsonViewTest.test5","com.alibaba.json.bvt.support.spring.mock.testcase.FastJsonViewTest.test2","com.alibaba.json.bvt.support.spring.mock.testcase.FastJsonViewTest.isInjectComponent","com.alibaba.json.bvt.support.spring.mock.testcase.FastJsonViewTest.test4","com.alibaba.json.bvt.support.spring.mock.testcase.FastJsonViewTest.test3","com.alibaba.json.bvt.support.spring.mock.testcase.FastJsonViewTest.test6","com.alibaba.json.bvt.support.spring.mock.testcase.FastJsonViewTest.test1","com.alibaba.fastjson.deserializer.TestISO8601Date.testBug1884","com.alibaba.fastjson.deserializer.TestISO8601Date.testBug376","com.alibaba.fastjson.serializer.TestParse.testParse","com.alibaba.json.bvt.issue_1300.Issue1392.test","com.alibaba.json.bvt.support.spring.mock.testcase.FastJsonHttpMessageConverterCase2Test.test8","com.alibaba.json.bvt.support.spring.mock.testcase.FastJsonHttpMessageConverterCase2Test.test8_2","com.alibaba.json.bvt.support.spring.mock.testcase.FastJsonHttpMessageConverterCase2Test.isInjectComponent","com.derbysoft.spitfire.fastjson.TestFastJson.testSerializePerformance","com.alibaba.json.bvt.support.spring.GenericFastJsonRedisSerializerTest.test_4","com.alibaba.json.bvt.support.spring.GenericFastJsonRedisSerializerTest.test_3","com.alibaba.json.bvt.support.spring.GenericFastJsonRedisSerializerTest.test_6","com.alibaba.json.bvt.support.spring.GenericFastJsonRedisSerializerTest.test_2","com.alibaba.json.bvt.support.spring.GenericFastJsonRedisSerializerTest.test_5","com.alibaba.json.bvt.support.spring.GenericFastJsonRedisSerializerTest.test_1","com.alibaba.json.bvt.support.spring.mock.testcase.FastJsonHttpMessageConverter4Test.test3","com.alibaba.json.bvt.support.spring.mock.testcase.FastJsonHttpMessageConverter4Test.test2","com.alibaba.json.bvt.support.spring.mock.testcase.FastJsonHttpMessageConverter4Test.test1","com.alibaba.json.bvt.support.spring.mock.testcase.FastJsonHttpMessageConverter4Test.test5","com.alibaba.json.bvt.support.spring.mock.testcase.FastJsonHttpMessageConverter4Test.test4","com.alibaba.json.bvt.support.jaxrs.mock.testcase.FastJsonProviderTest.test2","com.alibaba.json.bvt.support.jaxrs.mock.testcase.FastJsonProviderTest.test1"],"result":"ERROR","testRunId":"1573179163119-bc00cf5b-4b85-4d41-969a-251f9c67daaf"}}]},"filteredTests":{"dts":[]},"roundTime":1807.794953886}