{"id":"1573211736630-6e20c50c-a943-4bfe-a878-3cab0a6172e1","testOrder":["org.apache.dubbo.common.serialize.fst.FstObjectOutputTest.testWriteDouble","org.apache.dubbo.common.serialize.fst.FstObjectOutputTest.testWriteInt","org.apache.dubbo.common.serialize.fst.FstObjectOutputTest.testWriteEnum","org.apache.dubbo.common.serialize.fst.FstObjectOutputTest.testWriteByte","org.apache.dubbo.common.serialize.fst.FstObjectOutputTest.testWriteUTF","org.apache.dubbo.common.serialize.fst.FstObjectOutputTest.testWriteBytesWithSubLength","org.apache.dubbo.common.serialize.fst.FstObjectOutputTest.testWriteNullBytesWithSubLength","org.apache.dubbo.common.serialize.fst.FstObjectOutputTest.testWriteShort","org.apache.dubbo.common.serialize.fst.FstObjectOutputTest.testWriteLong","org.apache.dubbo.common.serialize.fst.FstObjectOutputTest.testWriteNullBytes","org.apache.dubbo.common.serialize.fst.FstObjectOutputTest.testWriteFloat","org.apache.dubbo.common.serialize.fst.FstObjectOutputTest.testWriteBool","org.apache.dubbo.common.serialize.fst.FstObjectOutputTest.testWriteObject","org.apache.dubbo.common.serialize.fst.FstObjectOutputTest.testWriteBytes","org.apache.dubbo.common.serialize.fst.FstObjectInputTest.testEmptyByteArrayForEmptyInput"],"results":{"org.apache.dubbo.common.serialize.fst.FstObjectOutputTest.testWriteByte":{"name":"org.apache.dubbo.common.serialize.fst.FstObjectOutputTest.testWriteByte","result":"PASS","time":0.001601711,"stackTrace":[]},"org.apache.dubbo.common.serialize.fst.FstObjectOutputTest.testWriteDouble":{"name":"org.apache.dubbo.common.serialize.fst.FstObjectOutputTest.testWriteDouble","result":"PASS","time":0.548852751,"stackTrace":[]},"org.apache.dubbo.common.serialize.fst.FstObjectOutputTest.testWriteUTF":{"name":"org.apache.dubbo.common.serialize.fst.FstObjectOutputTest.testWriteUTF","result":"PASS","time":0.001813625,"stackTrace":[]},"org.apache.dubbo.common.serialize.fst.FstObjectOutputTest.testWriteEnum":{"name":"org.apache.dubbo.common.serialize.fst.FstObjectOutputTest.testWriteEnum","result":"PASS","time":0.011709846,"stackTrace":[]},"org.apache.dubbo.common.serialize.fst.FstObjectOutputTest.testWriteNullBytes":{"name":"org.apache.dubbo.common.serialize.fst.FstObjectOutputTest.testWriteNullBytes","result":"PASS","time":8.4891E-4,"stackTrace":[]},"org.apache.dubbo.common.serialize.fst.FstObjectOutputTest.testWriteInt":{"name":"org.apache.dubbo.common.serialize.fst.FstObjectOutputTest.testWriteInt","result":"PASS","time":0.002252538,"stackTrace":[]},"org.apache.dubbo.common.serialize.fst.FstObjectOutputTest.testWriteLong":{"name":"org.apache.dubbo.common.serialize.fst.FstObjectOutputTest.testWriteLong","result":"PASS","time":0.001327775,"stackTrace":[]},"org.apache.dubbo.common.serialize.fst.FstObjectOutputTest.testWriteShort":{"name":"org.apache.dubbo.common.serialize.fst.FstObjectOutputTest.testWriteShort","result":"PASS","time":0.001169713,"stackTrace":[]},"org.apache.dubbo.common.serialize.fst.FstObjectOutputTest.testWriteNullBytesWithSubLength":{"name":"org.apache.dubbo.common.serialize.fst.FstObjectOutputTest.testWriteNullBytesWithSubLength","result":"PASS","time":0.004367968,"stackTrace":[]},"org.apache.dubbo.common.serialize.fst.FstObjectInputTest.testEmptyByteArrayForEmptyInput":{"name":"org.apache.dubbo.common.serialize.fst.FstObjectInputTest.testEmptyByteArrayForEmptyInput","result":"ERROR","time":0.017886969,"stackTrace":[{"declaringClass":"org.hamcrest.MatcherAssert","methodName":"assertThat","fileName":"MatcherAssert.java","lineNumber":20},{"declaringClass":"org.junit.Assert","methodName":"assertThat","fileName":"Assert.java","lineNumber":956},{"declaringClass":"org.junit.Assert","methodName":"assertThat","fileName":"Assert.java","lineNumber":923},{"declaringClass":"org.apache.dubbo.common.serialize.fst.FstObjectInputTest","methodName":"testEmptyByteArrayForEmptyInput","fileName":"FstObjectInputTest.java","lineNumber":44},{"declaringClass":"sun.reflect.NativeMethodAccessorImpl","methodName":"invoke0","fileName":"NativeMethodAccessorImpl.java","lineNumber":-2},{"declaringClass":"sun.reflect.NativeMethodAccessorImpl","methodName":"invoke","fileName":"NativeMethodAccessorImpl.java","lineNumber":62},{"declaringClass":"sun.reflect.DelegatingMethodAccessorImpl","methodName":"invoke","fileName":"DelegatingMethodAccessorImpl.java","lineNumber":43},{"declaringClass":"java.lang.reflect.Method","methodName":"invoke","fileName":"Method.java","lineNumber":498},{"declaringClass":"org.junit.runners.model.FrameworkMethod$1","methodName":"runReflectiveCall","fileName":"FrameworkMethod.java","lineNumber":50},{"declaringClass":"org.junit.internal.runners.model.ReflectiveCallable","methodName":"run","fileName":"ReflectiveCallable.java","lineNumber":12},{"declaringClass":"org.junit.runners.model.FrameworkMethod","methodName":"invokeExplosively","fileName":"FrameworkMethod.java","lineNumber":47},{"declaringClass":"org.junit.internal.runners.statements.InvokeMethod","methodName":"evaluate","fileName":"InvokeMethod.java","lineNumber":17},{"declaringClass":"com.reedoei.testrunner.execution.JUnitTestRunner","methodName":"runChild","fileName":"JUnitTestRunner.java","lineNumber":332},{"declaringClass":"com.reedoei.testrunner.execution.JUnitTestRunner","methodName":"run","fileName":"JUnitTestRunner.java","lineNumber":108},{"declaringClass":"org.junit.runner.JUnitCore","methodName":"run","fileName":"JUnitCore.java","lineNumber":137},{"declaringClass":"com.reedoei.testrunner.execution.JUnitTestExecutor","methodName":"execute","fileName":"JUnitTestExecutor.java","lineNumber":292},{"declaringClass":"com.reedoei.testrunner.execution.JUnitTestExecutor","methodName":"execute","fileName":"JUnitTestExecutor.java","lineNumber":328},{"declaringClass":"com.reedoei.testrunner.execution.JUnitTestExecutor","methodName":"executeWithJUnit4Runner","fileName":"JUnitTestExecutor.java","lineNumber":366},{"declaringClass":"com.reedoei.testrunner.execution.JUnitTestExecutor","methodName":"runOrder","fileName":"JUnitTestExecutor.java","lineNumber":47},{"declaringClass":"com.reedoei.testrunner.execution.Executor$","methodName":"$anonfun$run$1","fileName":"Executor.scala","lineNumber":30},{"declaringClass":"scala.runtime.java8.JFunction0$mcV$sp","methodName":"apply","fileName":"JFunction0$mcV$sp.java","lineNumber":12},{"declaringClass":"scala.util.Try$","methodName":"apply","fileName":"Try.scala","lineNumber":209},{"declaringClass":"com.reedoei.testrunner.execution.Executor$","methodName":"run","fileName":"Executor.scala","lineNumber":28},{"declaringClass":"com.reedoei.testrunner.execution.Executor$","methodName":"main","fileName":"Executor.scala","lineNumber":18},{"declaringClass":"com.reedoei.testrunner.execution.Executor","methodName":"main","fileName":"Executor.scala","lineNumber":-1}]},"org.apache.dubbo.common.serialize.fst.FstObjectOutputTest.testWriteBytes":{"name":"org.apache.dubbo.common.serialize.fst.FstObjectOutputTest.testWriteBytes","result":"PASS","time":0.005822654,"stackTrace":[]},"org.apache.dubbo.common.serialize.fst.FstObjectOutputTest.testWriteFloat":{"name":"org.apache.dubbo.common.serialize.fst.FstObjectOutputTest.testWriteFloat","result":"PASS","time":0.001244519,"stackTrace":[]},"org.apache.dubbo.common.serialize.fst.FstObjectOutputTest.testWriteBytesWithSubLength":{"name":"org.apache.dubbo.common.serialize.fst.FstObjectOutputTest.testWriteBytesWithSubLength","result":"PASS","time":0.001776397,"stackTrace":[]},"org.apache.dubbo.common.serialize.fst.FstObjectOutputTest.testWriteObject":{"name":"org.apache.dubbo.common.serialize.fst.FstObjectOutputTest.testWriteObject","result":"PASS","time":0.007311704,"stackTrace":[]},"org.apache.dubbo.common.serialize.fst.FstObjectOutputTest.testWriteBool":{"name":"org.apache.dubbo.common.serialize.fst.FstObjectOutputTest.testWriteBool","result":"PASS","time":0.001170622,"stackTrace":[]}},"diffs":{}}