{"id":"1573211262317-acf8a046-054c-4a48-ad86-edd82c9a90b5","testOrder":["org.apache.dubbo.common.serialize.fst.FstFactoryTest.testDefaultFactory","org.apache.dubbo.common.serialize.fst.FstSerializationTest.testContentTypeId","org.apache.dubbo.common.serialize.fst.FstSerializationTest.testSerialize","org.apache.dubbo.common.serialize.fst.FstSerializationTest.testContentType","org.apache.dubbo.common.serialize.fst.FstSerializationTest.testDeserialize","org.apache.dubbo.common.serialize.fst.FstObjectInputTest.testWrongClassInput","org.apache.dubbo.common.serialize.fst.FstObjectInputTest.testEmptyByteArrayForEmptyInput"],"results":{"org.apache.dubbo.common.serialize.fst.FstObjectInputTest.testWrongClassInput":{"name":"org.apache.dubbo.common.serialize.fst.FstObjectInputTest.testWrongClassInput","result":"PASS","time":0.008000742,"stackTrace":[]},"org.apache.dubbo.common.serialize.fst.FstSerializationTest.testContentType":{"name":"org.apache.dubbo.common.serialize.fst.FstSerializationTest.testContentType","result":"PASS","time":0.001503998,"stackTrace":[]},"org.apache.dubbo.common.serialize.fst.FstObjectInputTest.testEmptyByteArrayForEmptyInput":{"name":"org.apache.dubbo.common.serialize.fst.FstObjectInputTest.testEmptyByteArrayForEmptyInput","result":"ERROR","time":0.018657735,"stackTrace":[{"declaringClass":"org.hamcrest.MatcherAssert","methodName":"assertThat","fileName":"MatcherAssert.java","lineNumber":20},{"declaringClass":"org.junit.Assert","methodName":"assertThat","fileName":"Assert.java","lineNumber":956},{"declaringClass":"org.junit.Assert","methodName":"assertThat","fileName":"Assert.java","lineNumber":923},{"declaringClass":"org.apache.dubbo.common.serialize.fst.FstObjectInputTest","methodName":"testEmptyByteArrayForEmptyInput","fileName":"FstObjectInputTest.java","lineNumber":44},{"declaringClass":"sun.reflect.NativeMethodAccessorImpl","methodName":"invoke0","fileName":"NativeMethodAccessorImpl.java","lineNumber":-2},{"declaringClass":"sun.reflect.NativeMethodAccessorImpl","methodName":"invoke","fileName":"NativeMethodAccessorImpl.java","lineNumber":62},{"declaringClass":"sun.reflect.DelegatingMethodAccessorImpl","methodName":"invoke","fileName":"DelegatingMethodAccessorImpl.java","lineNumber":43},{"declaringClass":"java.lang.reflect.Method","methodName":"invoke","fileName":"Method.java","lineNumber":498},{"declaringClass":"org.junit.runners.model.FrameworkMethod$1","methodName":"runReflectiveCall","fileName":"FrameworkMethod.java","lineNumber":50},{"declaringClass":"org.junit.internal.runners.model.ReflectiveCallable","methodName":"run","fileName":"ReflectiveCallable.java","lineNumber":12},{"declaringClass":"org.junit.runners.model.FrameworkMethod","methodName":"invokeExplosively","fileName":"FrameworkMethod.java","lineNumber":47},{"declaringClass":"org.junit.internal.runners.statements.InvokeMethod","methodName":"evaluate","fileName":"InvokeMethod.java","lineNumber":17},{"declaringClass":"com.reedoei.testrunner.execution.JUnitTestRunner","methodName":"runChild","fileName":"JUnitTestRunner.java","lineNumber":332},{"declaringClass":"com.reedoei.testrunner.execution.JUnitTestRunner","methodName":"run","fileName":"JUnitTestRunner.java","lineNumber":108},{"declaringClass":"org.junit.runner.JUnitCore","methodName":"run","fileName":"JUnitCore.java","lineNumber":137},{"declaringClass":"com.reedoei.testrunner.execution.JUnitTestExecutor","methodName":"execute","fileName":"JUnitTestExecutor.java","lineNumber":292},{"declaringClass":"com.reedoei.testrunner.execution.JUnitTestExecutor","methodName":"execute","fileName":"JUnitTestExecutor.java","lineNumber":328},{"declaringClass":"com.reedoei.testrunner.execution.JUnitTestExecutor","methodName":"executeWithJUnit4Runner","fileName":"JUnitTestExecutor.java","lineNumber":366},{"declaringClass":"com.reedoei.testrunner.execution.JUnitTestExecutor","methodName":"runOrder","fileName":"JUnitTestExecutor.java","lineNumber":47},{"declaringClass":"com.reedoei.testrunner.execution.Executor$","methodName":"$anonfun$run$1","fileName":"Executor.scala","lineNumber":30},{"declaringClass":"scala.runtime.java8.JFunction0$mcV$sp","methodName":"apply","fileName":"JFunction0$mcV$sp.java","lineNumber":12},{"declaringClass":"scala.util.Try$","methodName":"apply","fileName":"Try.scala","lineNumber":209},{"declaringClass":"com.reedoei.testrunner.execution.Executor$","methodName":"run","fileName":"Executor.scala","lineNumber":28},{"declaringClass":"com.reedoei.testrunner.execution.Executor$","methodName":"main","fileName":"Executor.scala","lineNumber":18},{"declaringClass":"com.reedoei.testrunner.execution.Executor","methodName":"main","fileName":"Executor.scala","lineNumber":-1}]},"org.apache.dubbo.common.serialize.fst.FstSerializationTest.testContentTypeId":{"name":"org.apache.dubbo.common.serialize.fst.FstSerializationTest.testContentTypeId","result":"PASS","time":0.009801237,"stackTrace":[]},"org.apache.dubbo.common.serialize.fst.FstFactoryTest.testDefaultFactory":{"name":"org.apache.dubbo.common.serialize.fst.FstFactoryTest.testDefaultFactory","result":"PASS","time":0.347666696,"stackTrace":[]},"org.apache.dubbo.common.serialize.fst.FstSerializationTest.testDeserialize":{"name":"org.apache.dubbo.common.serialize.fst.FstSerializationTest.testDeserialize","result":"PASS","time":0.328749412,"stackTrace":[]},"org.apache.dubbo.common.serialize.fst.FstSerializationTest.testSerialize":{"name":"org.apache.dubbo.common.serialize.fst.FstSerializationTest.testSerialize","result":"PASS","time":2.37373241,"stackTrace":[]}},"diffs":{}}